date,asset,open,high,low,close,volume
1999-01-22,NVIDIA,0.0401114949696889,0.0447671781292398,0.0355750015888571,0.0376048721373081,2714688000.0
1999-01-25,NVIDIA,0.0405891842926367,0.0420212793140181,0.0376048890701752,0.0415445268154144,510480000.0
1999-01-26,NVIDIA,0.0420212830500395,0.0428574358147694,0.0377240788410549,0.0383209399878978,343200000.0
1999-01-27,NVIDIA,0.0384401255901765,0.0393954681773824,0.036291067565862,0.0382017493247985,244368000.0
1999-01-28,NVIDIA,0.0382017436850628,0.0384401199152492,0.0378432622848092,0.0380816385149955,227520000.0
1999-01-29,NVIDIA,0.0380816548058196,0.0382017600272662,0.0362910777330398,0.0362910777330398,244032000.0
1999-02-01,NVIDIA,0.0362910656097229,0.0372464047299594,0.0362910656097229,0.0370080284774303,154704000.0
1999-02-02,NVIDIA,0.0362910568949578,0.0372463957857837,0.0330683827379672,0.0341429114341735,264096000.0
1999-02-03,NVIDIA,0.0336652455079675,0.0353366318371646,0.033425950537228,0.0348589606583118,75120000.0
1999-02-04,NVIDIA,0.0353366217724372,0.0377240582240748,0.0348589507296368,0.0367687195539474,181920000.0
1999-02-05,NVIDIA,0.0373655897083048,0.0382017423013563,0.0364111660594181,0.0378432609140872,136848000.0
1999-02-08,NVIDIA,0.0380816455973682,0.0382017507897725,0.0365303605794906,0.0365303605794906,154080000.0
1999-02-09,NVIDIA,0.0372463837832339,0.0374847633171776,0.0346196560841273,0.0350973270833492,86976000.0
1999-02-10,NVIDIA,0.0350973322075693,0.0360526709300195,0.0341429054165867,0.0347397662699222,148224000.0
1999-02-11,NVIDIA,0.0348589618431169,0.0391561650735947,0.0348589618431169,0.037724070250988,132240000.0
1999-02-12,NVIDIA,0.0382017372752371,0.0401115030844251,0.0382017372752371,0.0398731268942356,109728000.0
1999-02-16,NVIDIA,0.0405891718852266,0.0422605614077801,0.0360526744329391,0.0401115007698535,211008000.0
1999-02-17,NVIDIA,0.0391561511321049,0.039633822157119,0.0372463857943792,0.037962432950735,67728000.0
1999-02-18,NVIDIA,0.0391561602089516,0.0396338313446953,0.0374847740305945,0.0385593026876449,70704000.0
1999-02-19,NVIDIA,0.0382017372752371,0.0405891742273614,0.0377240661323008,0.0398731268942356,75360000.0
1999-02-22,NVIDIA,0.0405891718852266,0.0410668430005996,0.037962440131927,0.0401115007698535,205248000.0
1999-02-23,NVIDIA,0.0410668472738058,0.0428574233631577,0.0386794102110204,0.04202127084136,138096000.0
1999-02-24,NVIDIA,0.0482291722819817,0.0501398540743116,0.0442895342022001,0.0453640632331371,612768000.0
1999-02-25,NVIDIA,0.0472747334511883,0.0487068316590336,0.0432149911754564,0.04393195733428,149136000.0
1999-02-26,NVIDIA,0.0444096379338759,0.0458417330298428,0.0415445289791091,0.041902095079422,172608000.0
1999-03-01,NVIDIA,0.0429766227370283,0.0439319652798176,0.0401115138714647,0.0421413853764534,92160000.0
1999-03-02,NVIDIA,0.0420212694337051,0.0422605643895275,0.0410668458981227,0.0417828932404518,55248000.0
1999-03-03,NVIDIA,0.0420212638340618,0.0420212638340618,0.0386794037609974,0.0389177799224853,61392000.0
1999-03-04,NVIDIA,0.0408275572679587,0.0410668522608565,0.0377240724619786,0.0380816385149955,57360000.0
1999-03-05,NVIDIA,0.038440122754308,0.0403498890249822,0.038440122754308,0.0402307026088237,78768000.0
1999-03-08,NVIDIA,0.0391561532467626,0.0420212607892487,0.0384401060517361,0.0408275425434112,75888000.0
1999-03-09,NVIDIA,0.0407083749777445,0.0427382464827331,0.0407083749777445,0.0421413853764534,143184000.0
1999-03-10,NVIDIA,0.0427382320919397,0.0427382320919397,0.0408275476497257,0.0414244085550308,235344000.0
1999-03-11,NVIDIA,0.0407083649858435,0.0414244123357789,0.0396338328719139,0.0396338328719139,54288000.0
1999-03-12,NVIDIA,0.0398731220933304,0.0398731220933304,0.0382017326755748,0.0389177799224853,90768000.0
1999-03-15,NVIDIA,0.039873128751888,0.0410668472835644,0.0396338337879927,0.0405891761183738,108816000.0
1999-03-16,NVIDIA,0.0408275683861776,0.0413052397393419,0.038917801736482,0.0392762832343578,79152000.0
1999-03-17,NVIDIA,0.0396338360591354,0.0403498834666529,0.0385593072742699,0.0395146496593952,51360000.0
1999-03-18,NVIDIA,0.0396338401778397,0.040589182662243,0.0386794164561845,0.0399923250079155,46320000.0
1999-03-19,NVIDIA,0.0398731245934192,0.041305219177034,0.0398731245934192,0.0401115007698535,105312000.0
1999-03-22,NVIDIA,0.0409467352902096,0.0410668404256634,0.0389177799224853,0.0389177799224853,36672000.0
1999-03-23,NVIDIA,0.0391561746507319,0.0391561746507319,0.0358143129930505,0.0365303605794906,163968000.0
1999-03-24,NVIDIA,0.0362910777330398,0.0365303694128287,0.0348589787983911,0.0362910777330398,60864000.0
1999-03-25,NVIDIA,0.0361718587333013,0.0382017292668753,0.0360526689554556,0.0367687195539474,40320000.0
1999-03-26,NVIDIA,0.0372464027295795,0.0401115114200414,0.0372464027295795,0.0399923250079155,88272000.0
1999-03-29,NVIDIA,0.0411860272288322,0.0421413659149571,0.0404699766183499,0.0411860272288322,65952000.0
1999-03-30,NVIDIA,0.0413052260701624,0.0416637074494056,0.0374847786875897,0.037724070250988,69504000.0
1999-03-31,NVIDIA,0.0389177909227349,0.0408275570417804,0.0371272146258596,0.0403498858213424,153600000.0
1999-04-01,NVIDIA,0.0403498874161885,0.0405891824172189,0.0384401212216586,0.0391561686992645,30432000.0
1999-04-05,NVIDIA,0.0386793988694214,0.039633822157119,0.0377240568193933,0.037962432950735,98640000.0
1999-04-06,NVIDIA,0.0383209370996731,0.0384401235182002,0.0362910656097229,0.0370080284774303,69696000.0
1999-04-07,NVIDIA,0.0372463928401196,0.0403498769462879,0.0370080166636852,0.0401115007698535,89280000.0
1999-04-08,NVIDIA,0.0403498714926002,0.0420212607892487,0.0398731192041692,0.0408275425434112,130128000.0
1999-04-09,NVIDIA,0.0410668430005996,0.0410668430005996,0.0398731245934192,0.0401115007698535,48624000.0
1999-04-12,NVIDIA,0.0396338458197642,0.0396338458197642,0.0377240793418482,0.0384401269257068,33312000.0
1999-04-13,NVIDIA,0.0391561650640101,0.0391561650640101,0.0362910600723149,0.0368879176676273,36144000.0
1999-04-14,NVIDIA,0.0367687309390101,0.0376048835056714,0.0358143039047718,0.0358143039047718,48288000.0
1999-04-15,NVIDIA,0.0367687195539474,0.0367687195539474,0.0358142928152377,0.0367687195539474,35856000.0
1999-04-16,NVIDIA,0.0365303386380234,0.0385592937491567,0.0365303386380234,0.037962432950735,38928000.0
1999-04-19,NVIDIA,0.0384401363594268,0.0384401363594268,0.0358143216532424,0.0362910777330398,31296000.0
1999-04-20,NVIDIA,0.036291053437376,0.0377240633448238,0.03521652142807,0.0355750061571598,67680000.0
1999-04-21,NVIDIA,0.035575018205734,0.0362910657284617,0.0353366385369498,0.0361718758940696,37488000.0
1999-04-22,NVIDIA,0.0362910640718398,0.0362910640718398,0.0342621080151918,0.0346196740865707,227184000.0
1999-04-23,NVIDIA,0.0345004905813414,0.0346196804321394,0.0327099138543946,0.0329492054879665,126048000.0
1999-04-26,NVIDIA,0.0329491995945676,0.03342595549701,0.0305608467613917,0.0312778130173683,123504000.0
1999-04-27,NVIDIA,0.0319938603688325,0.034858965676282,0.0315161891212187,0.0346196740865707,226944000.0
1999-04-28,NVIDIA,0.0348589491907409,0.0348589491907409,0.0333067497684913,0.0343812815845012,120096000.0
1999-04-29,NVIDIA,0.0345004679416118,0.0346196577141957,0.0336652344330938,0.0343812815845012,48144000.0
1999-04-30,NVIDIA,0.0347397742619924,0.0362910588477182,0.0345004792912529,0.0348589606583118,99312000.0
1999-05-03,NVIDIA,0.0352165134348478,0.0352165134348478,0.0341429004317132,0.0350973270833492,33840000.0
1999-05-04,NVIDIA,0.0350973337870937,0.0350973337870937,0.0324715209332531,0.0331875681877136,96048000.0
1999-05-05,NVIDIA,0.0334259536392504,0.0339036248624324,0.0315161875092341,0.0339036248624324,144576000.0
1999-05-06,NVIDIA,0.0336652546520295,0.0343813022334863,0.03223224072624,0.0332471765577793,35616000.0
1999-05-07,NVIDIA,0.0322322273923869,0.0336652407253664,0.0322322273923869,0.0334259457886219,25008000.0
1999-05-10,NVIDIA,0.0331875696143732,0.0341429084208855,0.0331875696143732,0.0334259457886219,19680000.0
1999-05-11,NVIDIA,0.0348589591921611,0.0362910573213341,0.0341429118353117,0.0352165251970291,171744000.0
1999-05-12,NVIDIA,0.0355750299734536,0.0364111829544865,0.0350973585460279,0.0362910777330398,168480000.0
1999-05-13,NVIDIA,0.0362910777330398,0.0372464171724149,0.0361718878592214,0.0362910777330398,69936000.0
1999-05-14,NVIDIA,0.0362910469090292,0.0362910469090292,0.0339036105627882,0.0343812815845012,28464000.0
1999-05-17,NVIDIA,0.0339036238616298,0.03605268150568,0.0337844340422932,0.03605268150568,35760000.0
1999-05-18,NVIDIA,0.0364111652442261,0.0382017414460761,0.035336633038205,0.037724070250988,151536000.0
1999-05-19,NVIDIA,0.0393954612065667,0.040827556071127,0.0354558238927365,0.03605268150568,451728000.0
1999-05-20,NVIDIA,0.0362910521320134,0.0362910521320134,0.0318746600530563,0.0331875681877136,178176000.0
1999-05-21,NVIDIA,0.0327098876078412,0.0327098876078412,0.0315161696092292,0.0324715115129947,303504000.0
1999-05-24,NVIDIA,0.0327098969029449,0.0334259441531518,0.0318746598637084,0.0323514156043529,162624000.0
1999-05-25,NVIDIA,0.0324715158205962,0.0329491834203725,0.0322322209318155,0.032590702176094,130080000.0
1999-05-26,NVIDIA,0.0324715115129947,0.0341428970480167,0.0324715115129947,0.0324715115129947,104736000.0
1999-05-27,NVIDIA,0.032709922479407,0.032709922479407,0.0322322510182857,0.0322322510182857,82320000.0
1999-05-28,NVIDIA,0.0327098919470651,0.0327098919470651,0.0322322209318155,0.032590702176094,88656000.0
1999-06-01,NVIDIA,0.0324715204043648,0.0327098965644836,0.0319938493216859,0.0327098965644836,98544000.0
1999-06-02,NVIDIA,0.0327099055462442,0.0327099055462442,0.0315161868929863,0.0315161868929863,130128000.0
1999-06-03,NVIDIA,0.0323514156043529,0.0325907071139153,0.031993849652738,0.0323514156043529,41568000.0
1999-06-04,NVIDIA,0.032590702176094,0.0327098919470651,0.0323514107027866,0.032590702176094,78912000.0
1999-06-07,NVIDIA,0.0327695070720558,0.033425961475683,0.0327099138543946,0.0329492054879665,125136000.0
1999-06-08,NVIDIA,0.0330683794710561,0.0343812876483176,0.0329491896774507,0.0337844267487525,153312000.0
1999-06-09,NVIDIA,0.0339036105627882,0.0350973287359087,0.0339036105627882,0.0343812815845012,95184000.0
1999-06-10,NVIDIA,0.0343812933004559,0.0346196695113808,0.0341429136740566,0.0345004796981811,36096000.0
1999-06-11,NVIDIA,0.034500474026449,0.0346196638200544,0.0325907083650963,0.0337844267487525,61008000.0
1999-06-14,NVIDIA,0.033844009021137,0.0339036056064532,0.0322322166559584,0.0324715115129947,51648000.0
1999-06-15,NVIDIA,0.0324715115129947,0.0327098876078412,0.031993840561112,0.0324715115129947,49296000.0
1999-06-16,NVIDIA,0.0329491900246506,0.0343812880106081,0.0324715223291314,0.0334259457886219,64416000.0
1999-06-17,NVIDIA,0.033187558559724,0.0336652295116067,0.0324715115129947,0.0324715115129947,74928000.0
1999-06-18,NVIDIA,0.0327099080037961,0.0327099080037961,0.0312778130173683,0.0312778130173683,158736000.0
1999-06-21,NVIDIA,0.0322322425192266,0.0329492054879665,0.0313667507645838,0.0329492054879665,83472000.0
1999-06-22,NVIDIA,0.0329491884125074,0.0329491884125074,0.0316353649386722,0.0323514156043529,193056000.0
1999-06-23,NVIDIA,0.0319938662331061,0.0329492054879665,0.0316353813332606,0.0329492054879665,210912000.0
1999-06-24,NVIDIA,0.0331875939405282,0.0331875939405282,0.0319938746693097,0.0322322510182857,115200000.0
1999-06-25,NVIDIA,0.0319938493216859,0.0330683778593663,0.0319938493216859,0.0327098965644836,73536000.0
1999-06-28,NVIDIA,0.0337844256524365,0.0337844256524365,0.0324715209332531,0.0331875681877136,109152000.0
1999-06-29,NVIDIA,0.0336652576290034,0.0340228203621749,0.033187586278167,0.0335460677742958,92688000.0
1999-06-30,NVIDIA,0.0346196787472826,0.0365303605794906,0.0339036311608424,0.0365303605794906,269232000.0
1999-07-01,NVIDIA,0.0365303556615511,0.0365303556615511,0.032709907858874,0.0346196740865707,88992000.0
1999-07-02,NVIDIA,0.0350973370404018,0.0371272079646587,0.0343812897195681,0.0371272079646587,224880000.0
1999-07-06,NVIDIA,0.0374847857549725,0.0374847857549725,0.0367687382086655,0.0372464060783386,198096000.0
1999-07-07,NVIDIA,0.0374847878559254,0.0374847878559254,0.0365303605794906,0.0365303605794906,63120000.0
1999-07-08,NVIDIA,0.036768717025566,0.0379624317538262,0.0355749988818326,0.0373655743896961,186048000.0
1999-07-09,NVIDIA,0.0372463998977761,0.040827555797895,0.0372463998977761,0.0405295863747596,211728000.0
1999-07-12,NVIDIA,0.0429766206390294,0.0441703393778398,0.0413052306521429,0.0423797629773616,401040000.0
1999-07-13,NVIDIA,0.0428574275818885,0.0430958072220667,0.0405891801041815,0.0424989461898803,138864000.0
1999-07-14,NVIDIA,0.0424989318400598,0.0434542739416818,0.0405891663991957,0.0408275425434112,137952000.0
1999-07-15,NVIDIA,0.0411860226069086,0.0424989270697496,0.0410668328404426,0.0410668328404426,137040000.0
1999-07-16,NVIDIA,0.0417829052408259,0.0422605765270926,0.0410668576928425,0.041902095079422,103872000.0
1999-07-19,NVIDIA,0.0420212607892487,0.0421413659159998,0.0405891663991957,0.0408275425434112,43632000.0
1999-07-20,NVIDIA,0.040827548061661,0.040827548061661,0.0386794061862387,0.0401115007698535,178752000.0
1999-07-21,NVIDIA,0.0396338271693958,0.0396338271693958,0.0377240615901523,0.0389177799224853,112080000.0
1999-07-22,NVIDIA,0.0386794077541793,0.0386794077541793,0.0367687266307081,0.0371272079646587,213264000.0
1999-07-23,NVIDIA,0.0370080181638729,0.038201736619443,0.0370080181638729,0.0371272079646587,80256000.0
1999-07-26,NVIDIA,0.0380816434629625,0.0380816434629625,0.0372464060783386,0.0372464060783386,60528000.0
1999-07-27,NVIDIA,0.0372463846200464,0.0374847641593457,0.036768717025566,0.0373655743896961,98592000.0
1999-07-28,NVIDIA,0.0372463857943792,0.0384401039757491,0.037127199436445,0.037962432950735,244224000.0
1999-07-29,NVIDIA,0.0372464075371973,0.0384401264154078,0.0370080312667019,0.0383209399878978,388800000.0
1999-07-30,NVIDIA,0.0383209404966146,0.0393954695461043,0.0382017506520469,0.0384401269257068,452304000.0
1999-08-02,NVIDIA,0.0384401045866094,0.0389177756192143,0.0382017284514796,0.038798589259386,313344000.0
1999-08-03,NVIDIA,0.0387986033256522,0.0387986033256522,0.0374847795268182,0.0378432609140872,255216000.0
1999-08-04,NVIDIA,0.0380816371356394,0.0382017423013563,0.0377240710955739,0.0378432609140872,89952000.0
1999-08-05,NVIDIA,0.0378432691864158,0.0384401269257068,0.0372464080316494,0.0384401269257068,240576000.0
1999-08-06,NVIDIA,0.0383209404966146,0.0385593167702744,0.0382017506520469,0.0384401269257068,183984000.0
1999-08-09,NVIDIA,0.0385593167702744,0.0389177982359056,0.0382017506520469,0.0384401269257068,31056000.0
1999-08-10,NVIDIA,0.038679416222689,0.0408275586555066,0.0384401212216586,0.0391561686992645,212064000.0
1999-08-11,NVIDIA,0.0398731274067179,0.0422605643895275,0.0393954562576422,0.0417828932404518,197712000.0
1999-08-12,NVIDIA,0.0420212743219202,0.0448863827870954,0.0417828981009373,0.0438118539750576,239616000.0
1999-08-13,NVIDIA,0.0434542736511273,0.0442895106204136,0.0429766026035102,0.0433350838720798,84672000.0
1999-08-16,NVIDIA,0.0436926698937489,0.0436926698937489,0.0402307033666158,0.0416637137532234,223440000.0
1999-08-17,NVIDIA,0.0417828932404518,0.0424989405827808,0.0407083645534108,0.0417828932404518,193536000.0
1999-08-18,NVIDIA,0.041305226608269,0.0432149926508435,0.0404699893702396,0.042738240212202,279888000.0
1999-08-19,NVIDIA,0.045722520810386,0.0541986536870813,0.0441703212882563,0.0518103018403053,1966992000.0
1999-08-20,NVIDIA,0.0519304225514676,0.0522879851685831,0.0494228801719401,0.0513335615396499,353088000.0
1999-08-23,NVIDIA,0.0506165949608297,0.0506165949608297,0.0465577682468098,0.0482291579246521,507984000.0
1999-08-24,NVIDIA,0.0475131091779482,0.0484684480540651,0.0451256722115333,0.0479907803237438,398064000.0
1999-08-25,NVIDIA,0.0481099714039249,0.0485876425963072,0.0458417240198357,0.0477514900267124,350352000.0
1999-08-26,NVIDIA,0.0477515033101718,0.0484684662640408,0.0463194080972988,0.0470354557037353,275376000.0
1999-08-27,NVIDIA,0.047990789970146,0.0515719427241248,0.0477514949678672,0.0496621765196323,552384000.0
1999-08-30,NVIDIA,0.0504974116112864,0.0514527540529601,0.0473939268199074,0.0494824759662151,158640000.0
1999-08-31,NVIDIA,0.0496621586565948,0.0539593607617244,0.0487068199320766,0.0537209846079349,786864000.0
1999-09-01,NVIDIA,0.0537209772021422,0.0537209772021422,0.0503781989354117,0.0512134358286857,565344000.0
1999-09-02,NVIDIA,0.0495420710401643,0.050855894930011,0.0484684574983917,0.0506166033446788,341088000.0
1999-09-03,NVIDIA,0.0515719344118668,0.052287981777797,0.0506165954977013,0.0509750768542289,258864000.0
1999-09-07,NVIDIA,0.0518103278155101,0.0518103278155101,0.0504974191270942,0.0507367141544818,124416000.0
1999-09-08,NVIDIA,0.050855894930011,0.0512134609948462,0.0506166033446788,0.0506166033446788,170064000.0
1999-09-09,NVIDIA,0.0510942727945538,0.0514527541941042,0.0489452116762461,0.0499005541205406,209472000.0
1999-09-10,NVIDIA,0.0507367085187158,0.0513335661688832,0.0503782236911388,0.0506166033446788,167424000.0
1999-09-13,NVIDIA,0.0508558923158804,0.0508558923158804,0.0484684550069819,0.0489452108740806,174432000.0
1999-09-14,NVIDIA,0.0489451995233728,0.0489451995233728,0.0472747253892185,0.0475131049752235,250368000.0
1999-09-15,NVIDIA,0.0469162619899953,0.0484684622707415,0.046557780542596,0.0478716045618057,212736000.0
1999-09-16,NVIDIA,0.0472747252177748,0.0477514809725818,0.0460800914974813,0.0466769523918628,158112000.0
1999-09-17,NVIDIA,0.0463789824619731,0.0467970604008713,0.0448863758764694,0.0465577654540538,171648000.0
1999-09-20,NVIDIA,0.0457225329812579,0.0463193939728395,0.0448863804340362,0.0448863804340362,229104000.0
1999-09-21,NVIDIA,0.0439319555121077,0.0441703317134029,0.0399923185602728,0.0405891761183738,737328000.0
1999-09-22,NVIDIA,0.0405891842926367,0.0417829030647163,0.0382017467484775,0.0415445268154144,375984000.0
1999-09-23,NVIDIA,0.0416637098912965,0.0417828997141271,0.0377240724619786,0.0380816385149955,379584000.0
1999-09-24,NVIDIA,0.0382017456468202,0.0391561693792893,0.0319938603688325,0.0346196740865707,684912000.0
1999-09-27,NVIDIA,0.0368879059163196,0.0374847667369657,0.0346196592425277,0.0367687195539474,432000000.0
1999-09-28,NVIDIA,0.0368283183304606,0.0405891718852266,0.0367687251402205,0.0401115007698535,413184000.0
1999-09-29,NVIDIA,0.0409467446808963,0.042498944666151,0.0362910600723149,0.0368879176676273,594048000.0
1999-09-30,NVIDIA,0.0382017292668753,0.0393954474926941,0.0362910485111469,0.0367687195539474,342528000.0
1999-10-01,NVIDIA,0.0361718791125671,0.0374847878559254,0.0346196787472826,0.0365303605794906,347760000.0
1999-10-04,NVIDIA,0.0377240773634868,0.0378432672018038,0.0367687382086655,0.0372464060783386,177600000.0
1999-10-05,NVIDIA,0.0372463878058986,0.0410668374500068,0.0372463878058986,0.0408275425434112,478080000.0
1999-10-06,NVIDIA,0.0409467367233574,0.0477514810055546,0.0405891707608737,0.0457225255668163,1508736000.0
1999-10-07,NVIDIA,0.047632301101896,0.047632301101896,0.0424989452302117,0.042738240212202,487296000.0
1999-10-08,NVIDIA,0.0427382382697729,0.046200204160859,0.0410668485224829,0.0448863804340362,398928000.0
1999-10-11,NVIDIA,0.045244874871522,0.0453640647179328,0.0424989555753113,0.0436926744878292,544464000.0
1999-10-12,NVIDIA,0.0439319649022173,0.0444096361695063,0.0429766223676392,0.0430958122014999,322992000.0
1999-10-13,NVIDIA,0.0426181426274054,0.0426181426274054,0.0410668576928425,0.041902095079422,280368000.0
1999-10-14,NVIDIA,0.0420212560725549,0.0420212560725549,0.040589161843248,0.0410668328404426,192336000.0
1999-10-15,NVIDIA,0.0390369668823917,0.0410668374500068,0.0389177771025472,0.0408275425434112,210720000.0
1999-10-18,NVIDIA,0.0409467337664125,0.0409467337664125,0.0384401074065476,0.038679402321577,215184000.0
1999-10-19,NVIDIA,0.0398731262097493,0.0398731262097493,0.036411160643825,0.0371272079646587,308928000.0
1999-10-20,NVIDIA,0.0377240793418482,0.0389177982359056,0.0371272216025572,0.0384401269257068,348720000.0
1999-10-21,NVIDIA,0.0383209363381494,0.0402307026088237,0.0372464039897891,0.0402307026088237,382128000.0
1999-10-22,NVIDIA,0.0401114953473922,0.0423797454746402,0.0401114953473922,0.0411860272288322,286752000.0
1999-10-25,NVIDIA,0.0409467484823879,0.0415445248958551,0.0391561686992645,0.0391561686992645,213840000.0
1999-10-26,NVIDIA,0.0408275354854238,0.0444096083660721,0.0405891593824172,0.0429765954613685,481248000.0
1999-10-27,NVIDIA,0.0432149741844031,0.0434542690641389,0.0403498669635122,0.0410668328404426,214128000.0
1999-10-28,NVIDIA,0.0413052298948247,0.0420212773724306,0.0389177924609768,0.0391561686992645,222768000.0
1999-10-29,NVIDIA,0.039633836389321,0.0429766160024549,0.0393954601723801,0.042260568588972,330528000.0
1999-11-01,NVIDIA,0.041544519702084,0.0465577701813262,0.041544519702084,0.0448863804340362,782544000.0
1999-11-02,NVIDIA,0.045722534204666,0.0479907850042297,0.0453640528274534,0.0477514900267124,837504000.0
1999-11-03,NVIDIA,0.0496621826274395,0.0537210105378866,0.049303701169044,0.0524071864783763,2011680000.0
1999-11-04,NVIDIA,0.0530049531746733,0.0571829667398289,0.0530049531746733,0.0557499565184116,1260336000.0
1999-11-05,NVIDIA,0.0573021410260467,0.0577798086933794,0.0513335493970701,0.0539593622088432,616368000.0
1999-11-08,NVIDIA,0.0522879856786883,0.0570637789205814,0.0506165992739005,0.0555115789175033,470016000.0
1999-11-09,NVIDIA,0.0553923812385316,0.0556307574235931,0.0525272732051049,0.0546754151582717,272352000.0
1999-11-10,NVIDIA,0.0548551215883052,0.0549147147857806,0.0531241386653478,0.0541986674070358,144048000.0
1999-11-11,NVIDIA,0.0541986647030209,0.0608833010933564,0.0530049462104631,0.0580181963741779,562704000.0
1999-11-12,NVIDIA,0.0605257532054636,0.0611226074397563,0.0570637834716484,0.0611226074397563,501504000.0
1999-11-15,NVIDIA,0.0615397686638529,0.0633908604712268,0.0589735515355319,0.0599288940429687,362208000.0
1999-11-16,NVIDIA,0.061360969709979,0.066852805837943,0.0611225901241299,0.0656590908765792,723792000.0
1999-11-17,NVIDIA,0.0668528112334023,0.0716276851261164,0.0658974689498374,0.0681657195091247,786384000.0
1999-11-18,NVIDIA,0.0695978001314155,0.0701955763022288,0.0678072244906115,0.0684040784835815,235968000.0
1999-11-19,NVIDIA,0.0766418838698219,0.0847595401592429,0.0764025888243016,0.081894427537918,2165184000.0
1999-11-22,NVIDIA,0.0839838384202297,0.0840434315986382,0.0768802072307195,0.0817751884460449,540192000.0
1999-11-23,NVIDIA,0.0734182448190336,0.0767610233063914,0.0725830112861063,0.0759257897734642,553248000.0
1999-11-24,NVIDIA,0.0755673096414689,0.0764025431868594,0.0679273258282821,0.0735374391078949,406848000.0
1999-11-26,NVIDIA,0.0728214261215797,0.0735374805389706,0.0706723680148524,0.0730607211589813,71760000.0
1999-11-29,NVIDIA,0.0728213968206186,0.0737767390600617,0.0687625772777025,0.0704339668154716,298608000.0
1999-11-30,NVIDIA,0.0706723481577906,0.0718660701362227,0.0661358535289764,0.0661358535289764,314688000.0
1999-12-01,NVIDIA,0.0661358658182707,0.0704339884536899,0.0661358658182707,0.0694786459207534,223536000.0
1999-12-02,NVIDIA,0.0697179239672906,0.0755673340379331,0.0697179239672906,0.0746119916439056,309888000.0
1999-12-03,NVIDIA,0.0753280004259829,0.076641823526902,0.0718660361841722,0.0728213712573051,342768000.0
1999-12-06,NVIDIA,0.073060699012941,0.07520884112112,0.073060699012941,0.074851281940937,178608000.0
1999-12-07,NVIDIA,0.0754481522424853,0.0755673454923525,0.0694786463499029,0.0723437517881393,186384000.0
1999-12-08,NVIDIA,0.072105390440064,0.0762834123973508,0.0718661021941056,0.0755673646926879,201696000.0
1999-12-09,NVIDIA,0.0754481529708547,0.0773579227196407,0.0706723624088386,0.0732990950345993,214944000.0
1999-12-10,NVIDIA,0.0746119497869763,0.0749704309665585,0.0711499857118349,0.0724628865718841,98304000.0
1999-12-13,NVIDIA,0.0716276889727891,0.0741343124408309,0.0706723466379188,0.0722245499491691,183840000.0
1999-12-14,NVIDIA,0.0723437412626103,0.0741343174825755,0.0703147854085435,0.0710308328270912,273888000.0
1999-12-15,NVIDIA,0.0705531387209466,0.0709116199700757,0.067091173974169,0.0687625631690025,205968000.0
1999-12-16,NVIDIA,0.0691210472665452,0.0701955757113621,0.0680465188217283,0.0682848915457725,132576000.0
1999-12-17,NVIDIA,0.0701955691512976,0.0729405712564042,0.0698370879208973,0.0718660429120063,262080000.0
1999-12-20,NVIDIA,0.0719861579717865,0.0792383154190263,0.0694786195871405,0.0778355598449707,402432000.0
1999-12-21,NVIDIA,0.0778355728430138,0.0812975386296581,0.0749704680299449,0.0811783522367477,388368000.0
1999-12-22,NVIDIA,0.0814167398968477,0.0840434653526468,0.0783132551604094,0.0830881297588348,251184000.0
1999-12-23,NVIDIA,0.0832072956148792,0.0888183180167491,0.082849729658178,0.0885799452662468,280224000.0
1999-12-27,NVIDIA,0.0904897168702692,0.0906089100888554,0.0842818329380932,0.0852371752262115,202416000.0
1999-12-28,NVIDIA,0.0852371873671545,0.0883406721017514,0.0847595195705319,0.0849978923797607,179184000.0
1999-12-29,NVIDIA,0.084819092539796,0.0888183187113415,0.0847594993517044,0.0878629833459854,132144000.0
1999-12-30,NVIDIA,0.087862982658864,0.0891768061513882,0.0864308813071311,0.0885799452662468,139776000.0
1999-12-31,NVIDIA,0.0884002587564143,0.0897736756731978,0.0881022859359992,0.0896535739302635,127344000.0
2000-01-03,NVIDIA,0.0902513485457808,0.090967395915902,0.0842818370944912,0.0894151926040649,300912000.0
2000-01-04,NVIDIA,0.087862991459581,0.0881022795810416,0.082610443004338,0.0870277509093284,300480000.0
2000-01-05,NVIDIA,0.0845210964472023,0.0859531905840415,0.0829688937893754,0.0841626152396202,188352000.0
2000-01-06,NVIDIA,0.0841626674988351,0.0841626674988351,0.0754481512212632,0.0786708295345306,120480000.0
2000-01-07,NVIDIA,0.0783132600494992,0.0808198839098853,0.0771195379098942,0.079984650015831,71184000.0
2000-01-10,NVIDIA,0.0802230279848179,0.0859532457332228,0.0787909329291202,0.0826104655861854,239856000.0
2000-01-11,NVIDIA,0.0821327773216225,0.0830881196299223,0.0792676657438278,0.0792676657438278,148128000.0
2000-01-12,NVIDIA,0.079267664358709,0.079387772924819,0.0761641800548331,0.0772387087345123,123552000.0
2000-01-13,NVIDIA,0.0771195405191873,0.0811783680711072,0.0761641980024605,0.0804614052176475,132192000.0
2000-01-14,NVIDIA,0.0816560045199317,0.087266110874104,0.0814167096213797,0.0839233323931694,604560000.0
2000-01-18,NVIDIA,0.0849978915768315,0.0878630034751344,0.0811783594415148,0.0875054374337196,261648000.0
2000-01-19,NVIDIA,0.0878629654080763,0.0878629654080763,0.0859531967523599,0.0866692438721656,164688000.0
2000-01-20,NVIDIA,0.0873862497250304,0.0921611245774496,0.0857148597741357,0.0864309072494506,179568000.0
2000-01-21,NVIDIA,0.0861916039016277,0.0865500852497884,0.083326492326705,0.0854755565524101,544272000.0
2000-01-24,NVIDIA,0.0882214818883069,0.0882214818883069,0.0811783567036092,0.0816560313105583,256944000.0
2000-01-25,NVIDIA,0.0820135907249641,0.0828497467106467,0.0783132519391411,0.0809390619397163,237120000.0
2000-01-26,NVIDIA,0.0809390485827733,0.0830881126295693,0.0761641749687255,0.0775962695479393,232464000.0
2000-01-27,NVIDIA,0.0781931188178509,0.0781931188178509,0.0706723281979833,0.0735374391078949,458208000.0
2000-01-28,NVIDIA,0.0725830168761861,0.0730606845331736,0.0685241909038988,0.0713892951607704,194448000.0
2000-01-31,NVIDIA,0.0717468791587142,0.0732990825520121,0.0668528183574069,0.0707924589514732,182400000.0
2000-02-01,NVIDIA,0.0709116062129138,0.0730606625970607,0.0682848754842515,0.0724628865718841,92976000.0
2000-02-02,NVIDIA,0.0728214220400737,0.0759258294275972,0.0724629405932424,0.0744928121566772,149040000.0
2000-02-03,NVIDIA,0.076880237045817,0.0784324404816777,0.0752088472069174,0.0756865218281745,108240000.0
2000-02-04,NVIDIA,0.0780739510233046,0.0780739510233046,0.0759258089633708,0.0774770900607109,123696000.0
2000-02-07,NVIDIA,0.0778355534234216,0.0778355534234216,0.0725830128574833,0.0727021992206573,217488000.0
2000-02-08,NVIDIA,0.0744928253896358,0.0787909489566611,0.072583062088097,0.0761642158031463,468816000.0
2000-02-09,NVIDIA,0.0790292984469161,0.0803422068477266,0.0779547696739051,0.0780739560723304,589056000.0
2000-02-10,NVIDIA,0.0828497696969386,0.0955039219677762,0.0828497696969386,0.0940709114074707,970080000.0
2000-02-11,NVIDIA,0.0987265598152964,0.0988466683850994,0.0885799575190986,0.0955038890242576,423792000.0
2000-02-14,NVIDIA,0.0957422678197495,0.1107838526368141,0.0947869255069402,0.1107838526368141,650112000.0
2000-02-15,NVIDIA,0.1110231341270695,0.1111423205033281,0.1019501395438592,0.1064866334199905,450480000.0
2000-02-16,NVIDIA,0.1076803437340773,0.1150819480657785,0.1064866220808172,0.1113806813955307,1019568000.0
2000-02-17,NVIDIA,0.1112615421224373,0.1160373324417955,0.1095901521296601,0.1153203696012497,535776000.0
2000-02-18,NVIDIA,0.1136489576358413,0.1303628475012378,0.1128137238900537,0.1286914646625518,960864000.0
2000-02-22,NVIDIA,0.1246326586823762,0.1263031264515825,0.1203345294829953,0.1251094043254852,542496000.0
2000-02-23,NVIDIA,0.1236773158157196,0.1271392823015438,0.1221251190292296,0.1258263736963272,511392000.0
2000-02-24,NVIDIA,0.1265424261418693,0.1273776600123447,0.1193791918210858,0.1246326565742492,244320000.0
2000-02-25,NVIDIA,0.1247518141150534,0.1247518141150534,0.1117391860084628,0.1168725341558456,278736000.0
2000-02-28,NVIDIA,0.116275704347644,0.1174694264966692,0.1141266533685761,0.116037331521511,517872000.0
2000-02-29,NVIDIA,0.1153203447965222,0.1236772861319293,0.1153203447965222,0.1222442761063575,306048000.0
2000-03-01,NVIDIA,0.1222442921547154,0.1222442921547154,0.1167533701495979,0.1186631396412849,383568000.0
2000-03-02,NVIDIA,0.1196184525628957,0.1196184525628957,0.1103070916535319,0.1106646507978439,191040000.0
2000-03-03,NVIDIA,0.1107838810890623,0.113648986585268,0.1098294538782396,0.1124552711844444,273696000.0
2000-03-06,NVIDIA,0.11317222104125,0.1217675502023215,0.1107838683362422,0.1117392107844352,432096000.0
2000-03-07,NVIDIA,0.1432554264265019,0.1666539612021666,0.1370475400896371,0.1591331660747528,1952208000.0
2000-03-08,NVIDIA,0.1590432542483524,0.1618790130100595,0.1475534767768636,0.1604460030794143,668736000.0
2000-03-09,NVIDIA,0.1623558017573184,0.2062877538562932,0.1618790424866883,0.1915743947029113,952944000.0
2000-03-10,NVIDIA,0.2015128812288842,0.2769601014005343,0.200079871023998,0.2253881692886352,2161200000.0
2000-03-13,NVIDIA,0.2043779499936412,0.2865107094577886,0.2024672656335557,0.28507861495018,2415168000.0
2000-03-14,NVIDIA,0.2835264899591512,0.2835264899591512,0.2062877671159781,0.2103465944528579,1567776000.0
2000-03-15,NVIDIA,0.2254184572703098,0.2312385360582803,0.1948273587500959,0.2017512917518615,995616000.0
2000-03-16,NVIDIA,0.2081974724327918,0.215360704607438,0.1769205855093162,0.1798746287822723,750384000.0
2000-03-17,NVIDIA,0.1757268823872121,0.2043779538774493,0.17569662128866,0.1907684653997421,557616000.0
2000-03-20,NVIDIA,0.1982892330746671,0.2046163020385311,0.1845605598705175,0.1906492561101913,365280000.0
2000-03-21,NVIDIA,0.1910068239542199,0.1926782064646396,0.1661762077555391,0.1812177896499633,536640000.0
2000-03-22,NVIDIA,0.1826507666751305,0.1881416860158705,0.1795463612841505,0.1825315803289413,230592000.0
2000-03-23,NVIDIA,0.1808602245758902,0.1957826207372817,0.1805017501110367,0.1857542842626571,309408000.0
2000-03-24,NVIDIA,0.1845606021757845,0.1929175435840939,0.1719064476855578,0.1779951453208923,231600000.0
2000-03-27,NVIDIA,0.177636672512922,0.1833668961286957,0.1647441577902909,0.166295439004898,388944000.0
2000-03-28,NVIDIA,0.1605652578935185,0.1623558413906548,0.1508954047872301,0.153880625963211,393312000.0
2000-03-29,NVIDIA,0.1544773944455162,0.1580585596078763,0.1375251415675584,0.1437330245971679,469440000.0
2000-03-30,NVIDIA,0.1394348811954757,0.1561487731173632,0.1346600085105494,0.1428968459367752,361920000.0
2000-03-31,NVIDIA,0.1526565830634125,0.1678476146264424,0.1499409259294704,0.1613710969686508,962976000.0
2000-04-03,NVIDIA,0.1599087430284308,0.1604460107752882,0.1445682774693836,0.1487472057342529,329952000.0
2000-04-04,NVIDIA,0.1566255203501299,0.1592522377234928,0.1088740442442386,0.1432553231716156,513792000.0
2000-04-05,NVIDIA,0.1446883452359186,0.1862319362448334,0.1372867412364606,0.1751299947500229,639600000.0
2000-04-06,NVIDIA,0.1832477748394012,0.1925591404861097,0.1745332567505753,0.1832477748394012,404592000.0
2000-04-07,NVIDIA,0.1924398897679606,0.2005575439256559,0.1843222356102652,0.1959018558263778,318576000.0
2000-04-10,NVIDIA,0.1992446196384366,0.2108242389337286,0.1748907437547926,0.1785920113325119,395280000.0
2000-04-11,NVIDIA,0.1661459382632919,0.1814570685623438,0.1528060006497045,0.1679667681455612,457584000.0
2000-04-12,NVIDIA,0.168206171630878,0.1719065114677579,0.149940987295071,0.1505378484725952,313440000.0
2000-04-13,NVIDIA,0.1517314548018238,0.1571031881136602,0.1415839472680818,0.1440905630588531,313296000.0
2000-04-14,NVIDIA,0.1348983925073229,0.145285201894897,0.1251093455875157,0.131407082080841,421920000.0
2000-04-17,NVIDIA,0.1203345177116112,0.1432553847337744,0.1203345177116112,0.138122022151947,294096000.0
2000-04-18,NVIDIA,0.1520294163175295,0.1714287007415814,0.1475534255412558,0.1625950038433075,477504000.0
2000-04-19,NVIDIA,0.1677284601081195,0.1699967042253054,0.1528060595804104,0.1548350155353546,278352000.0
2000-04-20,NVIDIA,0.159013922939107,0.1619982277668089,0.1518507033293034,0.1539997607469558,153936000.0
2000-04-24,NVIDIA,0.1451651258415386,0.1516122972599685,0.1387188561082082,0.146358847618103,205968000.0
2000-04-25,NVIDIA,0.1529251911649431,0.1671315391455938,0.1525667167237108,0.162355750799179,249696000.0
2000-04-26,NVIDIA,0.1736971328321456,0.1776367617418017,0.1604461095832249,0.1606844961643219,254112000.0
2000-04-27,NVIDIA,0.1499409205586706,0.1754875867641719,0.1491047715385915,0.1738162040710449,280992000.0
2000-04-28,NVIDIA,0.1765620917569109,0.1833668350602339,0.1702350229024887,0.1702350229024887,179040000.0
2000-05-01,NVIDIA,0.1766813106286252,0.1805017642521844,0.1715479487855718,0.1757268905639648,119424000.0
2000-05-02,NVIDIA,0.1757269010573289,0.1859936116946064,0.1640271667240823,0.1689221560955047,234000000.0
2000-05-03,NVIDIA,0.1678476425487073,0.1733394799315745,0.1528060559689894,0.1661762595176696,329184000.0
2000-05-04,NVIDIA,0.1658177514057466,0.1752492284138845,0.1643856567030657,0.1682061105966568,241200000.0
2000-05-05,NVIDIA,0.1674891234562201,0.1800240908527149,0.1652208798106937,0.1759652644395828,170592000.0
2000-05-08,NVIDIA,0.1714288078925666,0.1776366931765617,0.169279750073079,0.1695190519094467,185136000.0
2000-05-09,NVIDIA,0.1723841214919763,0.1738162161766344,0.1623557836490932,0.1671315729618072,176832000.0
2000-05-10,NVIDIA,0.1654602119128552,0.1655793983174196,0.1492239879372852,0.1506569981575012,274080000.0
2000-05-11,NVIDIA,0.1528060409419782,0.1598491589113585,0.1507761698873886,0.1571032404899597,245904000.0
2000-05-12,NVIDIA,0.1614014381783031,0.1699967563029323,0.1523284316062927,0.1523284316062927,187824000.0
2000-05-15,NVIDIA,0.1516123221090664,0.1654601992082916,0.1442107157997084,0.1628334671258926,282096000.0
2000-05-16,NVIDIA,0.1699966683960162,0.184679777666803,0.1680859839040409,0.1795464158058166,366432000.0
2000-05-17,NVIDIA,0.1890971070184993,0.2189419062748145,0.1889779206181821,0.2110626250505447,1290624000.0
2000-05-18,NVIDIA,0.2122563249312942,0.2157182905719598,0.1954241576265925,0.196737065911293,509904000.0
2000-05-19,NVIDIA,0.1910068944740298,0.2015128952182209,0.1895747995169308,0.1950657218694687,521184000.0
2000-05-22,NVIDIA,0.1929175584197469,0.2077207714319229,0.1758461014601648,0.2077207714319229,517152000.0
2000-05-23,NVIDIA,0.2024673002107269,0.2252689662901049,0.1991254361192942,0.2060493677854538,778560000.0
2000-05-24,NVIDIA,0.2058100646447933,0.2091528438396599,0.1762045571373835,0.2034226208925247,739632000.0
2000-05-25,NVIDIA,0.2064069243223727,0.2187035055364319,0.1980508849023579,0.2005575150251388,569184000.0
2000-05-26,NVIDIA,0.2015724629163742,0.2071229773961186,0.1890970881161932,0.2015724629163742,183456000.0
2000-05-30,NVIDIA,0.2070037746973457,0.2151214278069425,0.2060493545933432,0.2098688930273056,303648000.0
2000-05-31,NVIDIA,0.2091528674499654,0.2215686365264964,0.2091528674499654,0.2179865688085556,469536000.0
2000-06-01,NVIDIA,0.2244337161422488,0.2264626717279543,0.2184642050768016,0.2240752279758453,418992000.0
2000-06-02,NVIDIA,0.2287310282307693,0.25403934892686,0.2287310282307693,0.25129434466362,592176000.0
2000-06-05,NVIDIA,0.2509356867490234,0.2693200331225275,0.2409073646582361,0.2566952407360077,491904000.0
2000-06-06,NVIDIA,0.2576212542504649,0.2671710005742866,0.2425787431871523,0.2438925802707672,375888000.0
2000-06-07,NVIDIA,0.2421021330410719,0.2441310894717925,0.2294470583157816,0.2330291271209716,332352000.0
2000-06-08,NVIDIA,0.2389976475555938,0.2392369220205074,0.2253881438819239,0.234819620847702,460704000.0
2000-06-09,NVIDIA,0.2392368939860814,0.2521294334537419,0.2356548269710109,0.2415042221546173,467280000.0
2000-06-12,NVIDIA,0.2425788024903259,0.2446086872919899,0.2296862879582659,0.2350580096244812,380016000.0
2000-06-13,NVIDIA,0.2284925322320779,0.2425787666826105,0.2272988104105062,0.2424595803022384,447840000.0
2000-06-14,NVIDIA,0.2469961696654629,0.2483090509414063,0.2390279484027273,0.2422212809324264,275088000.0
2000-06-15,NVIDIA,0.2415042667067124,0.2485483139753341,0.2284925657865895,0.2485483139753341,338592000.0
2000-06-16,NVIDIA,0.247652587072934,0.2865107685332774,0.2475929665497731,0.2860330939292907,987840000.0
2000-06-19,NVIDIA,0.2853170382307624,0.3270999302902659,0.2781538047212046,0.3039397895336151,1052160000.0
2000-06-20,NVIDIA,0.3091933178401256,0.3127744571714646,0.2960614990763136,0.2998810112476349,610272000.0
2000-06-21,NVIDIA,0.2952252884929905,0.3361729486664525,0.2952252884929905,0.3303226232528686,614880000.0
2000-06-22,NVIDIA,0.3288905139507829,0.3356952592800833,0.3091932543540816,0.3122967183589935,614352000.0
2000-06-23,NVIDIA,0.30393986638465,0.3077603077385756,0.2826903912916682,0.2828104794025421,607392000.0
2000-06-26,NVIDIA,0.2884204645599431,0.3187429303080188,0.2838839778136464,0.3169523477554321,618288000.0
2000-06-27,NVIDIA,0.3142065376340916,0.319460002638206,0.2638283091920237,0.2721852660179138,604608000.0
2000-06-28,NVIDIA,0.2779154020008323,0.2884204984916405,0.2540392164348826,0.2616800963878631,586608000.0
2000-06-29,NVIDIA,0.2571436927670043,0.2571436927670043,0.2196579921797692,0.2239561080932617,1184880000.0
2000-06-30,NVIDIA,0.2344612185831265,0.2468769912278896,0.2230007954252658,0.2428181767463684,1209192000.0
2000-07-03,NVIDIA,0.2444895901144765,0.25212957216631,0.2311184670929675,0.2335068136453628,232680000.0
2000-07-05,NVIDIA,0.2325513284343823,0.2330290029309677,0.2015128282108433,0.2084367722272873,777936000.0
2000-07-06,NVIDIA,0.2086751746284762,0.2287309213020371,0.2036610125387865,0.221090942621231,603936000.0
2000-07-07,NVIDIA,0.2292086062981818,0.2330290466550584,0.2177481732508931,0.2222846746444702,346560000.0
2000-07-10,NVIDIA,0.2184641965888281,0.2392369046115492,0.2163160547007722,0.2337450683116912,351264000.0
2000-07-11,NVIDIA,0.2306416753351403,0.2645452928846691,0.2280149290998161,0.2526071965694427,755304000.0
2000-07-12,NVIDIA,0.2631121751312374,0.2729012237283324,0.2547561500637012,0.2597694098949432,388152000.0
2000-07-13,NVIDIA,0.2652613045307296,0.2855554261454601,0.2647836299153343,0.2841233313083648,458736000.0
2000-07-14,NVIDIA,0.2898534478767562,0.2953443816603133,0.2750502665901994,0.281974196434021,280200000.0
2000-07-17,NVIDIA,0.2862724589512352,0.2865108318013323,0.2779155013825319,0.2788708508014679,105552000.0
2000-07-18,NVIDIA,0.2635898884000068,0.2865107542008324,0.2635898884000068,0.2733789384365082,183672000.0
2000-07-19,NVIDIA,0.2635898935348449,0.2654996628833914,0.2504580775147076,0.2559499144554138,189504000.0
2000-07-20,NVIDIA,0.2557105374151149,0.2693200240201504,0.254994490246232,0.2628737688064575,142992000.0
2000-07-21,NVIDIA,0.2635898604938194,0.2712298386155781,0.2597694205903741,0.2662166059017181,251928000.0
2000-07-24,NVIDIA,0.26645506307875,0.2683648327929488,0.2330290928247741,0.2435341924428939,281112000.0
2000-07-25,NVIDIA,0.2473546497607373,0.2492644196000437,0.23398352850536,0.2344612032175064,335304000.0
2000-07-26,NVIDIA,0.2344611346588834,0.2344611346588834,0.2105858627497369,0.2170321196317672,380064000.0
2000-07-27,NVIDIA,0.2101082172154885,0.2129733223753779,0.1986477829140318,0.2015128880739212,331560000.0
2000-07-28,NVIDIA,0.2024672720268183,0.2213292950604077,0.1910068405542443,0.2062877118587494,512664000.0
2000-07-31,NVIDIA,0.2177481422816685,0.2296862482172734,0.2062877108643395,0.2292085736989975,371232000.0
2000-08-01,NVIDIA,0.2292086103626471,0.2311183797323312,0.2230007259736564,0.2246721088886261,350616000.0
2000-08-02,NVIDIA,0.2215685957570787,0.232908925450058,0.2179865286982512,0.2292085736989975,345432000.0
2000-08-03,NVIDIA,0.2062877702465371,0.2444895289707297,0.2062877702465371,0.2392369657754898,368664000.0
2000-08-04,NVIDIA,0.2449672164854566,0.2483090539091994,0.2397137513290789,0.2435341924428939,194784000.0
2000-08-07,NVIDIA,0.245205487852464,0.2647835566299318,0.2442501388860898,0.2626344859600067,246936000.0
2000-08-08,NVIDIA,0.2569044530391693,0.2712299976312975,0.2559500324294986,0.2569044530391693,128112000.0
2000-08-09,NVIDIA,0.2602471474011574,0.2619185167619868,0.245683235521702,0.2492643743753433,136248000.0
2000-08-10,NVIDIA,0.2435341661673423,0.2578597053536565,0.2387593052162093,0.2521294951438904,156432000.0
2000-08-11,NVIDIA,0.2526071645714134,0.2545169340402353,0.2344611577333543,0.2461608797311782,131928000.0
2000-08-14,NVIDIA,0.2492643613716448,0.2516518053653884,0.2406690329125269,0.2485483139753341,108576000.0
2000-08-15,NVIDIA,0.2497420392093238,0.2769600924082993,0.2490259918037318,0.2720064520835876,443328000.0
2000-08-16,NVIDIA,0.2867492046514295,0.2867492046514295,0.2705138932327646,0.2788708508014679,266232000.0
2000-08-17,NVIDIA,0.2750503552907195,0.2855554261454601,0.2740950060599288,0.2841233313083648,129816000.0
2000-08-18,NVIDIA,0.2829295948819468,0.2974935330368488,0.282451947614646,0.2941507399082184,204720000.0
2000-08-21,NVIDIA,0.3048950733727357,0.3101476351907655,0.2979711425260894,0.2986871898174286,464472000.0
2000-08-22,NVIDIA,0.2831679704703262,0.289375854275003,0.2678879862567692,0.2705138027667999,658872000.0
2000-08-23,NVIDIA,0.2662167406291746,0.2867492417468999,0.2607249015975509,0.2862724959850311,352800000.0
2000-08-24,NVIDIA,0.2846008893924667,0.2967773792346162,0.279348356115773,0.293912261724472,332616000.0
2000-08-25,NVIDIA,0.290808759613202,0.2970157397906917,0.2850785521510943,0.2865106463432312,153048000.0
2000-08-28,NVIDIA,0.2879438505982451,0.3017917172224403,0.2846010567031372,0.297971248626709,189264000.0
2000-08-29,NVIDIA,0.2991648079683923,0.2998808551247877,0.2941506471799105,0.2972550392150879,149376000.0
2000-08-30,NVIDIA,0.2939124274795359,0.3039398525919737,0.2908089355135949,0.2998810112476349,178080000.0
2000-08-31,NVIDIA,0.3044175108923647,0.3151618846409761,0.2984489001217946,0.3032237887382507,388896000.0
2000-09-01,NVIDIA,0.3094314583713304,0.3122965480224933,0.3003584604397005,0.303701251745224,204144000.0
2000-09-05,NVIDIA,0.3108646314835073,0.3111030316043902,0.3020300284938118,0.3041790723800659,246144000.0
2000-09-06,NVIDIA,0.3053728434196521,0.3053728434196521,0.2807806032760427,0.2831680476665497,230136000.0
2000-09-07,NVIDIA,0.2874661729334744,0.298926594945637,0.2755280489018124,0.2984489202499389,239760000.0
2000-09-08,NVIDIA,0.295106060676175,0.3017916189659227,0.2798251749252197,0.2807805240154266,222648000.0
2000-09-11,NVIDIA,0.2771993813449603,0.2788707778864492,0.2588150303689975,0.2693201005458832,285888000.0
2000-09-12,NVIDIA,0.2695585560279302,0.2836456966544639,0.2635899450173262,0.2676487863063812,125976000.0
2000-09-13,NVIDIA,0.2669326862309627,0.2719468485743712,0.2612024491853124,0.267529547214508,239976000.0
2000-09-14,NVIDIA,0.2688425026452427,0.2807805987677099,0.2616801695887232,0.2650229632854461,216336000.0
2000-09-15,NVIDIA,0.2635898933682932,0.2745726655575213,0.2616801240209533,0.2708127200603485,242592000.0
2000-09-18,NVIDIA,0.271469180729102,0.2731405773263546,0.2521294799387542,0.2549945712089538,163488000.0
2000-09-19,NVIDIA,0.2432957014365734,0.2635898159753405,0.2406689564723136,0.2628737688064575,301104000.0
2000-09-20,NVIDIA,0.2557104556773302,0.2607246422742609,0.2502195511164921,0.2542783617973327,227568000.0
2000-09-21,NVIDIA,0.256188249681997,0.2709914600899823,0.2559498769267701,0.2652016580104828,346824000.0
2000-09-22,NVIDIA,0.2389976002158637,0.273140504872254,0.2387592274833713,0.2697977125644684,387264000.0
2000-09-25,NVIDIA,0.2781538085927614,0.293196323201873,0.2760056664209934,0.2891374826431274,467568000.0
2000-09-26,NVIDIA,0.2922410765055808,0.2994043126271911,0.2788708828002973,0.2960615456104278,337344000.0
2000-09-27,NVIDIA,0.2936739943400487,0.3261446091324275,0.2936739943400487,0.3122967183589935,676128000.0
2000-09-28,NVIDIA,0.3094316684688395,0.3237572084227321,0.301791688341566,0.3218474388122558,333816000.0
2000-09-29,NVIDIA,0.3127744197845459,0.3247125422267773,0.3075218841734803,0.3127744197845459,373872000.0
2000-10-02,NVIDIA,0.317071686590057,0.3294874584212257,0.2974936084282837,0.3053728640079498,340584000.0
2000-10-03,NVIDIA,0.3070441779216881,0.3094316218272081,0.2865107558911566,0.2888981997966766,300264000.0
2000-10-04,NVIDIA,0.2812581774595752,0.2903311514614077,0.2774377103943261,0.285555362701416,419568000.0
2000-10-05,NVIDIA,0.2877045540703654,0.2877045540703654,0.2729013377708308,0.2788708508014679,525048000.0
2000-10-06,NVIDIA,0.2795868531440834,0.2814966226638189,0.257621334106586,0.2614408731460571,1027176000.0
2000-10-09,NVIDIA,0.2547561599084676,0.2712298379296632,0.2368485566172063,0.2671710252761841,665256000.0
2000-10-10,NVIDIA,0.2559499131294841,0.2688424546074094,0.2444894937270849,0.246876910328865,415944000.0
2000-10-11,NVIDIA,0.2318352872683265,0.2626345002080184,0.2225230115106466,0.2490259408950805,535776000.0
2000-10-12,NVIDIA,0.2545169533816305,0.2693201406935624,0.2368486198203896,0.2392369657754898,401616000.0
2000-10-13,NVIDIA,0.2409074485069713,0.2559499368787464,0.2383412247515719,0.2487867027521133,578976000.0
2000-10-16,NVIDIA,0.2487866859623668,0.2487866859623668,0.2373262662699939,0.2430564761161804,339216000.0
2000-10-17,NVIDIA,0.2421020677127774,0.2430564879481965,0.2227623660417512,0.2253881692886352,463248000.0
2000-10-18,NVIDIA,0.2108242727401153,0.2347004778722113,0.2007959329610474,0.2218070328235626,416952000.0
2000-10-19,NVIDIA,0.2361326560394833,0.2463993859219428,0.2325514883655288,0.2432958930730819,294888000.0
2000-10-20,NVIDIA,0.2375656302728412,0.2721852985327618,0.2358942332432407,0.2659774124622345,387360000.0
2000-10-23,NVIDIA,0.2681263752007436,0.2697977442269938,0.2516517681172978,0.2600087225437164,182112000.0
2000-10-24,NVIDIA,0.2588150883545856,0.2631122752366357,0.2506974329490374,0.2516518533229828,193968000.0
2000-10-25,NVIDIA,0.2447278917697937,0.2483090307039034,0.2280149082046891,0.2296863049268722,385512000.0
2000-10-26,NVIDIA,0.2311184270819459,0.2483090599867405,0.2148831162384414,0.2394753843545913,265776000.0
2000-10-27,NVIDIA,0.2397137091327641,0.2456236275565486,0.2253881572606265,0.2339834719896316,210960000.0
2000-10-30,NVIDIA,0.2301639772637888,0.2353569196648198,0.2172705192370376,0.2175098210573196,192120000.0
2000-10-31,NVIDIA,0.2261052153194157,0.241146807261489,0.2191812805937018,0.2373859584331512,299256000.0
2000-11-01,NVIDIA,0.2315960691221965,0.240669045326057,0.2234784148449371,0.2373262792825698,304536000.0
2000-11-02,NVIDIA,0.2456832198151274,0.2616801272245418,0.2416243792716906,0.2554722428321838,192888000.0
2000-11-03,NVIDIA,0.2521295150392485,0.2769601273458276,0.2502197453804013,0.2721852660179138,268632000.0
2000-11-06,NVIDIA,0.2786315372976474,0.3056112223717561,0.2769601403889966,0.2931963801383972,635040000.0
2000-11-07,NVIDIA,0.2884205235121758,0.2884205235121758,0.2635898884000068,0.2733789384365082,258240000.0
2000-11-08,NVIDIA,0.2764832771029404,0.2764832771029404,0.2612023932324744,0.2652612328529358,187080000.0
2000-11-09,NVIDIA,0.2492642917837651,0.2616800572483665,0.22586577059429,0.2375655025243759,564528000.0
2000-11-10,NVIDIA,0.2456832196818636,0.257859686657978,0.2187035263015024,0.2246721088886261,805248000.0
2000-11-13,NVIDIA,0.2134510000117706,0.2502197339539573,0.2062877656759226,0.2256274819374084,530040000.0
2000-11-14,NVIDIA,0.2406689551997814,0.2688423754735948,0.2387592137470562,0.2669326066970825,470736000.0
2000-11-15,NVIDIA,0.2621577598961431,0.270513785115901,0.251413389407403,0.2634110748767853,423864000.0
2000-11-16,NVIDIA,0.2559499131294841,0.2626345429954926,0.2444894937270849,0.246876910328865,235536000.0
2000-11-17,NVIDIA,0.2487865489860007,0.2614407110280594,0.2339833442599452,0.2421019226312637,178776000.0
2000-11-20,NVIDIA,0.2331482590928949,0.2332674455005033,0.2208516892176965,0.2234784215688705,298752000.0
2000-11-21,NVIDIA,0.2330290747814766,0.2349388443478031,0.2077207890339731,0.2191812098026275,382512000.0
2000-11-22,NVIDIA,0.2101082017779099,0.2167928455362765,0.1986477683185019,0.2077207714319229,409752000.0
2000-11-24,NVIDIA,0.2101081942855,0.2277765116170053,0.2101081942855,0.2196579426527023,165072000.0
2000-11-27,NVIDIA,0.2354165466198694,0.2368486417103967,0.2034822769949766,0.2122563868761062,363864000.0
2000-11-28,NVIDIA,0.2154798223013282,0.2177480650399539,0.1917237342433546,0.1964390128850937,382344000.0
2000-11-29,NVIDIA,0.1993637760839094,0.1996021624955758,0.1695189968576795,0.1843221932649612,636408000.0
2000-11-30,NVIDIA,0.1685636690396599,0.1685636690396599,0.1389581741869552,0.1547158062458038,981624000.0
2000-12-01,NVIDIA,0.1642664405598217,0.1862319527837221,0.1633110915917369,0.1699966490268707,784080000.0
2000-12-04,NVIDIA,0.1710712207084591,0.1766813286516535,0.1594906859363975,0.1726225018501281,474264000.0
2000-12-05,NVIDIA,0.1847999468122496,0.1914845921006749,0.1676092995192931,0.1838446110486984,997224000.0
2000-12-06,NVIDIA,0.1802633399401504,0.1852765990005529,0.1566255321987881,0.1575808674097061,950928000.0
2000-12-07,NVIDIA,0.1499409322407199,0.1630727476863288,0.1418232789270466,0.1547158062458038,785184000.0
2000-12-08,NVIDIA,0.1707127087480334,0.1910068399300259,0.1547753834081565,0.1900524199008941,853392000.0
2000-12-11,NVIDIA,0.183844536495264,0.1938719443733322,0.1790696629847908,0.1900524199008941,757632000.0
2000-12-12,NVIDIA,0.185276668860998,0.1886194348437319,0.1785920249189277,0.1847999095916748,409512000.0
2000-12-13,NVIDIA,0.1840829248640322,0.1871873176727145,0.1671315712065684,0.1704743504524231,675072000.0
2000-12-14,NVIDIA,0.1692797919132581,0.1707128025962027,0.1547158752733625,0.1587747037410736,569016000.0
2000-12-15,NVIDIA,0.1487472342018366,0.1580586109269771,0.1423000609913624,0.1430170238018036,1094424000.0
2000-12-18,NVIDIA,0.1489855891459541,0.152806043177983,0.1456428097017956,0.1477322876453399,658872000.0
2000-12-19,NVIDIA,0.1499408972012242,0.1633110823021209,0.1337046790209961,0.1365697830915451,946200000.0
2000-12-20,NVIDIA,0.1296459351671837,0.1485079812559534,0.115082019233285,0.1217675805091857,1105392000.0
2000-12-21,NVIDIA,0.120096121879332,0.1365697994044539,0.1050536235401024,0.1064866334199905,845256000.0
2000-12-22,NVIDIA,0.1150819661469558,0.1461204690688953,0.1150819661469558,0.1339439898729324,949080000.0
2000-12-26,NVIDIA,0.1356154633203829,0.1370475587396231,0.11985690796145,0.1284522265195846,343824000.0
2000-12-27,NVIDIA,0.1270200623084955,0.142300032896833,0.1217675275906565,0.1370474845170974,339456000.0
2000-12-28,NVIDIA,0.1315566043149284,0.1413456431376336,0.1294075463334764,0.137763574719429,419232000.0
2000-12-29,NVIDIA,0.1375251680865418,0.1420616557800516,0.1222442811490512,0.1251689791679382,495168000.0
2001-01-02,NVIDIA,0.1260646999227739,0.1277360823271854,0.1138882230043176,0.1143658906221389,290808000.0
2001-01-03,NVIDIA,0.1107838470799449,0.1506569730984186,0.1079187356323386,0.1494632512331009,910368000.0
2001-01-04,NVIDIA,0.1468365402190339,0.170474370494279,0.1427777131611934,0.1666539162397384,815448000.0
2001-01-05,NVIDIA,0.165220850701325,0.1659378132273082,0.1384804669055317,0.1417031437158584,432768000.0
2001-01-08,NVIDIA,0.1377635210810296,0.1614013463026796,0.1377635210810296,0.1551934629678726,573768000.0
2001-01-09,NVIDIA,0.1573425226770773,0.1614013489333243,0.149701615677029,0.1582969427108764,302904000.0
2001-01-10,NVIDIA,0.1501792724331746,0.1699966421958052,0.1465981211219074,0.1692796796560287,392928000.0
2001-01-11,NVIDIA,0.1652208886951553,0.1905300992996909,0.1623557839730278,0.1833668798208236,447648000.0
2001-01-12,NVIDIA,0.1864703467674555,0.1976924059044677,0.1776366466608863,0.1795464158058166,669000000.0
2001-01-16,NVIDIA,0.1805017845189632,0.1805017845189632,0.1625950805841074,0.1654601991176605,414984000.0
2001-01-17,NVIDIA,0.1781142508784486,0.1833667970480702,0.1707126483005528,0.171428695321083,592584000.0
2001-01-18,NVIDIA,0.171428765926673,0.2091528413739268,0.1676092412335559,0.2043183743953704,948168000.0
2001-01-19,NVIDIA,0.2101081874141612,0.2177481661951144,0.1957826499847208,0.1988861411809921,1018704000.0
2001-01-22,NVIDIA,0.1929175688336484,0.2005575485493124,0.1855159619280136,0.1910068839788437,377712000.0
2001-01-23,NVIDIA,0.1886194496447464,0.2139277632529059,0.1876650293459104,0.2100486308336258,433632000.0
2001-01-24,NVIDIA,0.2098689397215021,0.2120179975374678,0.196976409858374,0.2091528922319412,451728000.0
2001-01-25,NVIDIA,0.2019906059494328,0.2024673653427362,0.1838446218288898,0.1881418228149414,440016000.0
2001-01-26,NVIDIA,0.1776366500928474,0.1963795014744622,0.1763237555052975,0.1941112577915191,259248000.0
2001-01-29,NVIDIA,0.1881417892125629,0.1953050100398646,0.1814571447260531,0.1950657218694687,354168000.0
2001-01-30,NVIDIA,0.1981701192915696,0.2035418413084783,0.1943496649057144,0.1993638277053833,243720000.0
2001-01-31,NVIDIA,0.1996021812925961,0.2072430751435046,0.1929175382336819,0.197214737534523,358344000.0
2001-02-01,NVIDIA,0.197214757922125,0.1996022019270066,0.1886194294229078,0.1982297003269195,371856000.0
2001-02-02,NVIDIA,0.1984084837669042,0.2029449717438623,0.1776366740207828,0.179069697856903,320520000.0
2001-02-05,NVIDIA,0.1788303852081298,0.1800241071613412,0.1683253014019514,0.1788303852081298,367584000.0
2001-02-06,NVIDIA,0.1754875709293869,0.1833668501384566,0.1750704186349674,0.1797856986522674,250440000.0
2001-02-07,NVIDIA,0.1785919252283269,0.1800240192693874,0.1618789516815964,0.171428695321083,720384000.0
2001-02-08,NVIDIA,0.1723841196815745,0.1821731556348808,0.1697573877705288,0.1704743504524231,384288000.0
2001-02-09,NVIDIA,0.1690413069280038,0.1702350285857242,0.1630727123012958,0.1692796796560287,259608000.0
2001-02-12,NVIDIA,0.1673699113047339,0.1692796801610242,0.156625541991976,0.1647441089153289,354336000.0
2001-02-13,NVIDIA,0.167847597194157,0.1776366319024728,0.1659378282078942,0.1697573661804199,467736000.0
2001-02-14,NVIDIA,0.1676092796850061,0.1871873555536123,0.1604460451841475,0.1821731925010681,690888000.0
2001-02-15,NVIDIA,0.2072431074330257,0.2191812024447905,0.2058100972114261,0.2155991345643997,1108512000.0
2001-02-16,NVIDIA,0.2046163742594707,0.233029065948683,0.204378001451145,0.2272988557815551,1081176000.0
2001-02-20,NVIDIA,0.2215686386381228,0.2263435130652833,0.2043779950161047,0.204616367816925,701304000.0
2001-02-21,NVIDIA,0.1969763627498423,0.2225230298777087,0.1948273054478415,0.2139277160167694,646512000.0
2001-02-22,NVIDIA,0.2127340517887963,0.2292086503179413,0.2062877798213871,0.2230007648468017,815304000.0
2001-02-23,NVIDIA,0.2218070209073928,0.22538817346516,0.2005575493626639,0.2076006680727005,1034664000.0
2001-02-26,NVIDIA,0.2015128841928722,0.2072431080641885,0.1941112909474059,0.2029449790716171,751824000.0
2001-02-27,NVIDIA,0.1979307687678541,0.205810048412272,0.1895747436177582,0.1907684653997421,533832000.0
2001-02-28,NVIDIA,0.1893355241395229,0.2005575731205128,0.1671316160495376,0.1707127690315246,784056000.0
2001-03-01,NVIDIA,0.1685636599785664,0.1871873111234995,0.1528060287667649,0.1842021048069,915288000.0
2001-03-02,NVIDIA,0.1709510945078507,0.1831284748553484,0.1642664519559064,0.1664751023054123,1413504000.0
2001-03-05,NVIDIA,0.1599683249441887,0.1723841054450684,0.1590139049129257,0.168085977435112,742296000.0
2001-03-06,NVIDIA,0.1766813001336142,0.1902907884361704,0.1736970093789573,0.1843221932649612,834408000.0
2001-03-07,NVIDIA,0.1883810671823437,0.1996022131121028,0.1850382874464619,0.1991254538297653,938280000.0
2001-03-08,NVIDIA,0.1933952033823273,0.2079591123561297,0.1933952033823273,0.2058100551366806,829344000.0
2001-03-09,NVIDIA,0.1950656601381054,0.1960209954847211,0.1733394350793919,0.1912461221218109,1216776000.0
2001-03-12,NVIDIA,0.1847998677733861,0.1933951945745955,0.1762045409721767,0.1843221932649612,762144000.0
2001-03-13,NVIDIA,0.1867096415487452,0.2091528299733146,0.185754292507588,0.2062877118587494,1082352000.0
2001-03-14,NVIDIA,0.1969763865191575,0.2187035315604485,0.1969763865191575,0.2179865688085556,1351128000.0
2001-03-15,NVIDIA,0.231357647455081,0.2434745194481689,0.2230006931255236,0.2287309020757675,1875984000.0
2001-03-16,NVIDIA,0.225149765705532,0.2339834524923032,0.218464207249748,0.2277764976024627,1225200000.0
2001-03-19,NVIDIA,0.2265818647896313,0.2425787849013634,0.2142266052914389,0.2409074157476425,943896000.0
2001-03-20,NVIDIA,0.2380423451053193,0.2530848617725856,0.2158384382051634,0.2184642553329467,1990560000.0
2001-03-21,NVIDIA,0.2189419351957074,0.2411467443086896,0.2177482130166904,0.2347004860639572,1877352000.0
2001-03-22,NVIDIA,0.2368486053410597,0.2592927277550482,0.23493883584386,0.2583373785018921,1697760000.0
2001-03-23,NVIDIA,0.2631122189454482,0.2678880085065795,0.2430564712254548,0.2559499144554138,1509672000.0
2001-03-26,NVIDIA,0.2559498525159183,0.2712298069770535,0.2559498525159183,0.2697977125644684,1542960000.0
2001-03-27,NVIDIA,0.2645452097401924,0.2738565842174034,0.248786649947072,0.2600087225437164,1702152000.0
2001-03-28,NVIDIA,0.2528456970999038,0.2669328720849356,0.2521296492229035,0.2601877152919769,1433280000.0
2001-03-29,NVIDIA,0.2579192694906489,0.273140563017748,0.2526071413063108,0.2640675604343414,1632960000.0
2001-03-30,NVIDIA,0.2621577171957173,0.2671709763017227,0.2463991876660574,0.2480109632015228,1423176000.0
2001-04-02,NVIDIA,0.2473545229237387,0.2533231312418229,0.2344610829919302,0.2375655025243759,1265160000.0
2001-04-03,NVIDIA,0.2339835206205811,0.2518911575239785,0.2337451477771801,0.245443969964981,1991616000.0
2001-04-04,NVIDIA,0.2361325348443803,0.2366102094243073,0.2055716901234705,0.2201356142759323,3362472000.0
2001-04-05,NVIDIA,0.2347004288517567,0.24425017663218,0.2282532568313281,0.2404306381940841,1724760000.0
2001-04-06,NVIDIA,0.2373263127427564,0.2521295285178648,0.2332674713699797,0.2394753843545913,1547664000.0
2001-04-09,NVIDIA,0.2441071966412987,0.2500280995322962,0.2240514339291228,0.2278333753347396,1097160000.0
2001-04-10,NVIDIA,0.2332958440978706,0.2567136187814334,0.2311568556228472,0.2493404299020767,1186416000.0
2001-04-11,NVIDIA,0.2646974834729116,0.2742866618481204,0.2570960022650246,0.2643921673297882,1426872000.0
2001-04-12,NVIDIA,0.2595026979364713,0.2798252378815669,0.2545361876273015,0.268364816904068,1440264000.0
2001-04-16,NVIDIA,0.2635898425145169,0.2691293584057916,0.2570189081979804,0.2618322670459747,764112000.0
2001-04-17,NVIDIA,0.2579742608610251,0.2767693692574297,0.2578596648719596,0.2746679782867431,1112448000.0
2001-04-18,NVIDIA,0.286243099515353,0.3224204676265313,0.286243099515353,0.295144647359848,2301864000.0
2001-04-19,NVIDIA,0.2968251380591092,0.3255908374323837,0.2954884033421201,0.3205097317695617,1632264000.0
2001-04-20,NVIDIA,0.3166517736438524,0.3437745000376612,0.3082856625743299,0.3321994543075561,1773840000.0
2001-04-23,NVIDIA,0.324979243662766,0.3252854613810071,0.3113413387851035,0.3146648406982422,1239000000.0
2001-04-24,NVIDIA,0.3137864888042886,0.3372803832707184,0.2874660304575834,0.2923940122127533,1828320000.0
2001-04-25,NVIDIA,0.2931578150522672,0.316269373719156,0.2920502723503335,0.3058403730392456,1423728000.0
2001-04-26,NVIDIA,0.3124874018666981,0.3124874018666981,0.2788707490596479,0.2817358672618866,1486008000.0
2001-04-27,NVIDIA,0.2926232466135375,0.3030522461159356,0.286930635153395,0.3017916083335876,915672000.0
2001-04-30,NVIDIA,0.3100045927143076,0.3359812668520967,0.3034336579870313,0.3182176053524017,1583280000.0
2001-05-01,NVIDIA,0.3193637058898556,0.3487794125112463,0.3142065031974392,0.3479386866092682,1867368000.0
2001-05-02,NVIDIA,0.3569925111689344,0.3569925111689344,0.3354084007080559,0.3399549722671509,1547784000.0
2001-05-03,NVIDIA,0.3296780554204838,0.3399924599127058,0.327615190916316,0.338465005159378,960504000.0
2001-05-04,NVIDIA,0.3285319700019491,0.3485116176334428,0.327004542774709,0.3431252241134643,953520000.0
2001-05-07,NVIDIA,0.3418261835636635,0.3610036101070941,0.337815022625123,0.3585208058357239,975600000.0
2001-05-08,NVIDIA,0.3638302088301074,0.3639833313994101,0.3295259169939158,0.3325817286968231,1620144000.0
2001-05-09,NVIDIA,0.3219996720997638,0.3289905215956153,0.3147796032254408,0.3169955909252167,1319040000.0
2001-05-10,NVIDIA,0.326163855894922,0.3300218939613721,0.3025553854713114,0.3063373267650604,998904000.0
2001-05-11,NVIDIA,0.305573475106981,0.3075217429626532,0.2923939839376865,0.2985056042671203,921216000.0
2001-05-14,NVIDIA,0.2993848976313771,0.3046181960849715,0.2886121103171431,0.3010654747486114,702432000.0
2001-05-15,NVIDIA,0.3037014438489495,0.3247125426537613,0.3002632903747309,0.3118768334388733,1242600000.0
2001-05-16,NVIDIA,0.3047328506957123,0.3285320415746788,0.3027845820187538,0.3265837728977203,957096000.0
2001-05-17,NVIDIA,0.3276537275510464,0.3419031699175075,0.322611148046637,0.3323525190353393,919056000.0
2001-05-18,NVIDIA,0.3312449416281098,0.3399924632167241,0.3231841216464807,0.3296780586242676,575832000.0
2001-05-21,NVIDIA,0.3289528825417672,0.3514529088482155,0.3223434200629165,0.3445766568183899,1064688000.0
2001-05-22,NVIDIA,0.349619321414563,0.3583292482406282,0.3361730318662468,0.3548911213874817,1049976000.0
2001-05-23,NVIDIA,0.368835193787502,0.3820146907121964,0.347633375379048,0.3518737554550171,2244912000.0
2001-05-24,NVIDIA,0.3495431256906197,0.3661222485447191,0.3390380552807837,0.3570685088634491,1680576000.0
2001-05-25,NVIDIA,0.3498868969102358,0.3550825979653667,0.3438128725553559,0.3503068089485168,947952000.0
2001-05-29,NVIDIA,0.3483209059627116,0.3483970027158398,0.3312063773130256,0.3359436392784118,920568000.0
2001-05-30,NVIDIA,0.3280360078613605,0.3446912268864205,0.3262399328680469,0.3296780586242676,3308904000.0
2001-05-31,NVIDIA,0.3323139910394391,0.3342622597639693,0.3199752472379195,0.3270421922206878,1262928000.0
2001-06-01,NVIDIA,0.3292966712663008,0.3479386579437617,0.3273859729650888,0.3451496362686157,1022472000.0
2001-06-04,NVIDIA,0.3453788125698606,0.3472124848660496,0.3352560310661784,0.3398016989231109,621552000.0
2001-06-05,NVIDIA,0.3394193578044112,0.3611941770428016,0.3388463506264477,0.3576414287090301,987168000.0
2001-06-06,NVIDIA,0.3589791803236316,0.3638686642615364,0.3537449793796991,0.3591699004173279,698976000.0
2001-06-07,NVIDIA,0.3559995054945543,0.3804862996273104,0.3533636061592792,0.3794548809528351,1141152000.0
2001-06-08,NVIDIA,0.3783087559925131,0.3788817632055899,0.3656637701983537,0.3695988059043884,712680000.0
2001-06-11,NVIDIA,0.3701334201673134,0.3705542339563977,0.3530573589300046,0.3587875962257385,581928000.0
2001-06-12,NVIDIA,0.3512620876457495,0.3760926881133475,0.3504983604834263,0.3707447946071625,1102728000.0
2001-06-13,NVIDIA,0.3734568388320618,0.3791109780830457,0.3550825735104153,0.3582915067672729,938712000.0
2001-06-14,NVIDIA,0.3536689490902483,0.3636395406192482,0.3485878424182616,0.3575269877910614,946152000.0
2001-06-15,NVIDIA,0.3533636253842894,0.3694082142748318,0.3467926617987735,0.3631049692630768,1094544000.0
2001-06-18,NVIDIA,0.3621880586215585,0.3680704610670764,0.3447682125537842,0.3487408459186554,856656000.0
2001-06-19,NVIDIA,0.3553118492454489,0.3636009322075314,0.3226111143490079,0.3296780586242676,1513128000.0
2001-06-20,NVIDIA,0.3236040474335259,0.3476333585275467,0.3168809181814119,0.3438514173030853,1759200000.0
2001-06-21,NVIDIA,0.3424760558519145,0.3564192470401117,0.3333076962026064,0.3503452241420746,1484568000.0
2001-06-22,NVIDIA,0.3485877585526309,0.3579092163035304,0.3441952127174602,0.3487793803215027,761184000.0
2001-06-25,NVIDIA,0.3526759186026018,0.3541272491492781,0.3379295411883437,0.3480917513370514,640032000.0
2001-06-26,NVIDIA,0.3403747502690589,0.3598574886383744,0.3390380156954302,0.3581384122371673,757920000.0
2001-06-27,NVIDIA,0.3564193811097582,0.3571831085291913,0.3409863273810337,0.347060352563858,895752000.0
2001-06-28,NVIDIA,0.3517205968800423,0.3562286677348314,0.3476333397816983,0.3511475622653961,909336000.0
2001-06-29,NVIDIA,0.352408164382223,0.3598574490959114,0.3484355039886765,0.3543179333209991,730920000.0
2001-07-02,NVIDIA,0.3402986247358159,0.3431637153972023,0.3334984711154451,0.3386171460151672,1040016000.0
2001-07-03,NVIDIA,0.3362875191627046,0.3464873003928608,0.3345684699538686,0.3429345786571502,406296000.0
2001-07-05,NVIDIA,0.3388463776099242,0.3409477410898592,0.3176445638611254,0.3180654048919678,1020096000.0
2001-07-06,NVIDIA,0.3132896740181038,0.315734880537855,0.3021730421916683,0.3082855939865112,802824000.0
2001-07-09,NVIDIA,0.3042743933237626,0.3116475821320127,0.2952967514153236,0.2982003688812256,1014072000.0
2001-07-10,NVIDIA,0.3021730172323367,0.3061841775033858,0.2970158423967522,0.3006455898284912,1221744000.0
2001-07-11,NVIDIA,0.2994994840090222,0.304885877002011,0.2907895620521809,0.3000724911689758,904632000.0
2001-07-12,NVIDIA,0.3142064681208906,0.3180269356025582,0.3065664894903346,0.3158109486103058,981552000.0
2001-07-13,NVIDIA,0.3134812702009167,0.3169193958691246,0.3027460521219641,0.3092784881591797,690144000.0
2001-07-16,NVIDIA,0.3058027858430212,0.3094316318408834,0.2828819464890116,0.2844093739986419,1191696000.0
2001-07-17,NVIDIA,0.2796345086170375,0.3030898829909262,0.2769600828521851,0.3003017902374267,1169904000.0
2001-07-18,NVIDIA,0.2931578692997706,0.3012562610696027,0.2837603128140605,0.2899104356765747,840984000.0
2001-07-19,NVIDIA,0.2941131101114697,0.3068341934908789,0.2896050395750097,0.2945715487003326,840024000.0
2001-07-20,NVIDIA,0.2872369526322226,0.2937693904255909,0.2769601430814986,0.2860909104347229,742464000.0
2001-07-23,NVIDIA,0.286510726409721,0.2868930409089967,0.2586618803052508,0.2590056955814361,1547976000.0
2001-07-24,NVIDIA,0.2624822870266388,0.2767693223160747,0.2569427987331641,0.2765401303768158,1365312000.0
2001-07-25,NVIDIA,0.27604336732571,0.2765788046270919,0.2646599418815725,0.2738658785820007,1245888000.0
2001-07-26,NVIDIA,0.2712683644548304,0.303701377437765,0.2698931033658749,0.3017916083335876,1714152000.0
2001-07-27,NVIDIA,0.301218599136517,0.3127551421872519,0.2922409567272651,0.3094316124916076,1094688000.0
2001-07-30,NVIDIA,0.3098139935424852,0.3110746317016736,0.298734957721291,0.3020584881305694,582288000.0
2001-07-31,NVIDIA,0.3024792744645837,0.3103869720088302,0.2914772391061402,0.3090493083000183,1187760000.0
2001-08-01,NVIDIA,0.3151233371272582,0.3295258735986848,0.312945849228276,0.3279214203357696,1204944000.0
2001-08-02,NVIDIA,0.3320847124738428,0.3368980713656316,0.3208534870787549,0.3357144594192505,1097928000.0
2001-08-03,NVIDIA,0.3323525226938201,0.3382358281881998,0.3260877769821733,0.3330786526203155,820344000.0
2001-08-06,NVIDIA,0.3307096063228705,0.3465635053013911,0.3271568834785775,0.3431638777256012,1292568000.0
2001-08-07,NVIDIA,0.3430868110666777,0.3447682902485627,0.3340715699553448,0.3380827307701111,1088616000.0
2001-08-08,NVIDIA,0.3351413449229263,0.3438127662824548,0.3279973777219202,0.3294872343540191,1125696000.0
2001-08-09,NVIDIA,0.3279590195281416,0.334415359163727,0.3178362363951547,0.3237186670303345,1643616000.0
2001-08-10,NVIDIA,0.3235664190834548,0.3277682720017296,0.3136334551890952,0.3233372271060943,1036488000.0
2001-08-13,NVIDIA,0.3288758540901468,0.3405654933755113,0.3239863700056185,0.3368981480598449,1514784000.0
2001-08-14,NVIDIA,0.3307864918504173,0.3329254528939243,0.3237956178325792,0.3279589712619781,2321160000.0
2001-08-15,NVIDIA,0.3353707702345108,0.3393049056822561,0.3254377763520574,0.328341394662857,1816392000.0
2001-08-16,NVIDIA,0.3223057859598577,0.3426668485035351,0.3210066488693388,0.3421699106693268,1026096000.0
2001-08-17,NVIDIA,0.333498575313442,0.3378535243159702,0.3173008361985947,0.3200137615203857,1668840000.0
2001-08-20,NVIDIA,0.3179884131909424,0.3212358461135454,0.3080563506734698,0.3177977204322815,1183320000.0
2001-08-21,NVIDIA,0.3185999507353546,0.3270045859396155,0.3106161566119211,0.3111121654510498,1186656000.0
2001-08-22,NVIDIA,0.3166132005566886,0.3242540814845399,0.3065665140490765,0.3239102661609649,1498104000.0
2001-08-23,NVIDIA,0.3228017818808606,0.326966037154249,0.3151618035814927,0.3167277574539184,1013592000.0
2001-08-24,NVIDIA,0.3201283715659142,0.3323140212380742,0.3182561994469537,0.3257815837860107,1110936000.0
2001-08-27,NVIDIA,0.3184854655171381,0.3413678123917822,0.3172633264176456,0.3370513617992401,1279608000.0
2001-08-28,NVIDIA,0.3361344667605017,0.3436222530425637,0.3300604411111239,0.3326578140258789,1178760000.0
2001-08-29,NVIDIA,0.3335746395632434,0.3356760034184073,0.3191730044342181,0.3219619989395141,1435800000.0
2001-08-30,NVIDIA,0.3159255590704186,0.3231841251972633,0.3084762728548655,0.320930540561676,1431312000.0
2001-08-31,NVIDIA,0.3187906307492396,0.3265461342606364,0.3145887778196264,0.323604017496109,887904000.0
2001-09-04,NVIDIA,0.3227257103891782,0.3227257103891782,0.2988495228550906,0.3011040091514587,1856136000.0
2001-09-05,NVIDIA,0.3008363494178934,0.3098139937611779,0.2886122004551526,0.3075219094753265,2395584000.0
2001-09-06,NVIDIA,0.3014477943591168,0.3109599440685649,0.2935776952488437,0.294952929019928,1950768000.0
2001-09-07,NVIDIA,0.2903311985448305,0.3025553726645689,0.2888028420633727,0.29804727435112,1970256000.0
2001-09-10,NVIDIA,0.2955259985778508,0.3000725687964025,0.2834164477746507,0.2894143760204315,1872360000.0
2001-09-17,NVIDIA,0.2713830242018794,0.278030084595237,0.2583942195364919,0.2596933841705322,1138596000.0
2001-09-18,NVIDIA,0.2647360032716664,0.2666457731092456,0.2381478123824367,0.2440311461687088,894372000.0
2001-09-19,NVIDIA,0.245406294112386,0.2482328858175827,0.206746146748783,0.2410513460636139,1561908000.0
2001-09-20,NVIDIA,0.2281386452189861,0.2364671559798037,0.2139277179750119,0.220651775598526,1470696000.0
2001-09-21,NVIDIA,0.2036133245424861,0.2160676049348416,0.1987238411157673,0.2060585170984268,1226304000.0
2001-09-24,NVIDIA,0.2224084198043119,0.232570602267053,0.2125524414079853,0.2292085736989975,1507500000.0
2001-09-25,NVIDIA,0.2298962161152006,0.2398282781217145,0.2195818259401392,0.2202694565057754,941724000.0
2001-09-26,NVIDIA,0.2230960499129805,0.223860692594026,0.2101081768094152,0.212323248386383,430812000.0
2001-09-27,NVIDIA,0.2115595222503685,0.2139277163758848,0.1949034025384151,0.2005575150251388,907296000.0
2001-09-28,NVIDIA,0.2062877621699007,0.2201163773361877,0.1975017402672785,0.2098790109157562,1044876000.0
2001-10-01,NVIDIA,0.2097258853439685,0.2131640112524193,0.1887147880178855,0.1920768171548843,972804000.0
2001-10-02,NVIDIA,0.1917714830416745,0.1994114610143693,0.1731285695057803,0.1824500262737274,1123032000.0
2001-10-03,NVIDIA,0.1815332165983707,0.2298962386912776,0.1815332165983707,0.2183597087860107,1798824000.0
2001-10-04,NVIDIA,0.2299723310242561,0.2582419936271468,0.2220270360014058,0.2467045485973358,1980576000.0
2001-10-05,NVIDIA,0.242961115391528,0.2574012769522275,0.2337166828919587,0.2513657510280609,1078212000.0
2001-10-08,NVIDIA,0.2414327785661611,0.2665696344218308,0.2414327785661611,0.2570189833641052,765900000.0
2001-10-09,NVIDIA,0.2577066290959304,0.2628262353210217,0.2385301287366457,0.2458647936582565,917556000.0
2001-10-10,NVIDIA,0.2415097548130982,0.2635898655335338,0.2399053017236516,0.2616800963878631,968124000.0
2001-10-11,NVIDIA,0.2756618879345193,0.2907896821315038,0.2742096279980439,0.2900250256061554,918000000.0
2001-10-12,NVIDIA,0.2826903101509476,0.3094316159057128,0.2816973634623111,0.3088971078395843,1253100000.0
2001-10-15,NVIDIA,0.2998810000750888,0.3170716595427741,0.2914772921505669,0.3075219094753265,908568000.0
2001-10-16,NVIDIA,0.3071395317993615,0.3409092825092705,0.3007977884193686,0.338465005159378,1383852000.0
2001-10-17,NVIDIA,0.3459518489191112,0.3461049714572654,0.3170715829630773,0.3185999393463135,1695540000.0
2001-10-18,NVIDIA,0.3185999217312747,0.3351790423105527,0.3178361944244732,0.3320471346378326,1020864000.0
2001-10-19,NVIDIA,0.3273098538065292,0.3438128780746416,0.3231840977395012,0.3389233946800232,1059264000.0
2001-10-22,NVIDIA,0.3364022785632377,0.3514530230668127,0.3289144628822192,0.3469458520412445,970824000.0
2001-10-23,NVIDIA,0.3513767529006,0.3576414699814786,0.3331161533462636,0.3408331573009491,953028000.0
2001-10-24,NVIDIA,0.3346446741234489,0.3567247936525667,0.3308242052990216,0.3558849692344665,1212144000.0
2001-10-25,NVIDIA,0.3476332997781733,0.3830836236405855,0.3422845037112138,0.37674281001091,1152396000.0
2001-10-26,NVIDIA,0.3741445183572371,0.3853757452420092,0.3476333341054601,0.3498484194278717,1097124000.0
2001-10-29,NVIDIA,0.351071528904246,0.357183152380564,0.3210452146277083,0.3214266002178192,1004796000.0
2001-10-30,NVIDIA,0.3155441116272549,0.3357144801961954,0.3082855462960848,0.3208920061588287,1153380000.0
2001-10-31,NVIDIA,0.3328870231433255,0.3419031657899987,0.3228018369324591,0.3274630308151245,989292000.0
2001-11-01,NVIDIA,0.3316648957579877,0.3580999873327547,0.3266222888171125,0.3554264903068542,1093776000.0
2001-11-02,NVIDIA,0.353822087933875,0.3647470730030175,0.3407571846595271,0.3603921234607696,1087248000.0
2001-11-05,NVIDIA,0.3666577470398894,0.3766659085782834,0.3593991521921338,0.3616912364959717,933456000.0
2001-11-06,NVIDIA,0.3610035489139538,0.388203265400086,0.3590937796677249,0.3865217864513397,1415376000.0
2001-11-07,NVIDIA,0.3835420731818116,0.4017265771823233,0.3813270151807486,0.3868280053138733,1419144000.0
2001-11-08,NVIDIA,0.3916413596265379,0.3968361315695886,0.3686434980016874,0.3801039159297943,1915188000.0
2001-11-09,NVIDIA,0.3969132769720267,0.4067692448256484,0.3895786127520523,0.4064630270004272,2270484000.0
2001-11-12,NVIDIA,0.4049354328150419,0.4277792965870607,0.3925581655802609,0.4173887968063354,1458636000.0
2001-11-13,NVIDIA,0.4186880014453918,0.4187640982092421,0.407991282913205,0.4139507114887237,1446516000.0
2001-11-14,NVIDIA,0.4170065292918433,0.4209800919712358,0.3911829759350076,0.4024142026901245,1150224000.0
2001-11-15,NVIDIA,0.3978300187625124,0.4100541925104628,0.3927874398455902,0.4045531749725342,874944000.0
2001-11-16,NVIDIA,0.4049355117496135,0.4092134618414718,0.3956140534547376,0.4010389745235443,496128000.0
2001-11-19,NVIDIA,0.405011612306234,0.4087550543393354,0.3705542288523289,0.3922520279884338,1943052000.0
2001-11-20,NVIDIA,0.3941628232940369,0.4010390768559828,0.3768951635891138,0.3812501132488251,937884000.0
2001-11-21,NVIDIA,0.3748321197253967,0.3863695634685353,0.3652053740918339,0.3763604760169983,728412000.0
2001-11-23,NVIDIA,0.3778117990916532,0.3820145804092655,0.3713178633989877,0.3816322386264801,254016000.0
2001-11-26,NVIDIA,0.3880502137772373,0.4094427262980334,0.3869802684627512,0.4089082181453705,1215780000.0
2001-11-27,NVIDIA,0.4086787677079136,0.4225073891226431,0.4011148886983244,0.4132629334926605,1183992000.0
2001-11-28,NVIDIA,0.4079912977792166,0.4147914523931457,0.391488272606856,0.3924051225185394,740844000.0
2001-11-29,NVIDIA,0.4209030510333644,0.4230429411732164,0.407991274820117,0.4095957279205322,5135472000.0
2001-11-30,NVIDIA,0.4094425901435495,0.4204445960542617,0.4034070655513789,0.4174648821353912,1034028000.0
2001-12-03,NVIDIA,0.4086789040317913,0.4137975793744088,0.4037894206605932,0.4111241102218628,851496000.0
2001-12-04,NVIDIA,0.4131870113783081,0.4446647062265393,0.4131870113783081,0.4442062675952911,1384644000.0
2001-12-05,NVIDIA,0.4477203514133506,0.480955584423386,0.4473389660019765,0.4800387620925903,1707036000.0
2001-12-06,NVIDIA,0.4762954896784396,0.477517628360851,0.4604800948626359,0.4724750220775604,1138944000.0
2001-12-07,NVIDIA,0.4689608447430589,0.4732396967334271,0.4498604175642505,0.4580349326133728,807036000.0
2001-12-10,NVIDIA,0.45574281460079,0.4730865389189987,0.4519232759256091,0.4626190662384033,695868000.0
2001-12-11,NVIDIA,0.4707182305527135,0.4901239113557605,0.4660570658748543,0.4791989326477051,792252000.0
2001-12-12,NVIDIA,0.4828665394431236,0.49432696130333,0.473545079374064,0.4940977692604065,1004628000.0
2001-12-13,NVIDIA,0.4843939700958514,0.4905825921229522,0.4779761013898065,0.4798868000507355,881400000.0
2001-12-14,NVIDIA,0.4798097150082266,0.5038766226800498,0.4775946296190374,0.5015084147453308,754680000.0
2001-12-17,NVIDIA,0.4976878415640454,0.5267973493747455,0.4976878415640454,0.5195397138595581,1080960000.0
2001-12-18,NVIDIA,0.5081554909321065,0.5153370587774451,0.501890745724356,0.5061687231063843,886968000.0
2001-12-19,NVIDIA,0.4978411988198968,0.5080024835262632,0.4904304372973235,0.4923402070999145,854652000.0
2001-12-20,NVIDIA,0.4943269486585883,0.5032660938751692,0.4711769134874233,0.4729335606098175,951228000.0
2001-12-21,NVIDIA,0.4832478100586523,0.4966189274943757,0.4776707503604241,0.4934100210666656,723972000.0
2001-12-24,NVIDIA,0.4931809256647304,0.5082316396968117,0.4929516789838624,0.5057103633880615,265308000.0
2001-12-26,NVIDIA,0.5082314867631271,0.5267213326251833,0.508155417327193,0.5180875062942505,642156000.0
2001-12-27,NVIDIA,0.522595722755786,0.5324516909090887,0.5218320225260037,0.5300835371017456,730152000.0
2001-12-28,NVIDIA,0.5332154333098331,0.5367305308934367,0.5122052344280132,0.517323911190033,757680000.0
2001-12-31,NVIDIA,0.5211441273683317,0.5241238409714353,0.5099889727982561,0.5111350417137146,737580000.0
2002-01-02,NVIDIA,0.5133511476985808,0.5229779216819079,0.5004384688166469,0.5141909718513489,1298904000.0
2002-01-03,NVIDIA,0.5152606269527122,0.550100358201965,0.5149553656905724,0.5478843450546265,1414752000.0
2002-01-04,NVIDIA,0.5551432509729329,0.5551432509729329,0.5225956367544615,0.5319170951843262,936288000.0
2002-01-07,NVIDIA,0.5340561101676754,0.5348198649959797,0.5104476374544404,0.5176292061805725,973068000.0
2002-01-08,NVIDIA,0.5165600363064613,0.5361949670438034,0.514802460785173,0.523741602897644,774360000.0
2002-01-09,NVIDIA,0.5310002104483743,0.5405499307553541,0.5092253879649616,0.5165600776672363,1141188000.0
2002-01-10,NVIDIA,0.5138096503390943,0.5208380962683675,0.4996748310084596,0.5041828751564026,992508000.0
2002-01-11,NVIDIA,0.5075441052593879,0.5076971731987968,0.4798868434704759,0.4818727374076843,1380852000.0
2002-01-14,NVIDIA,0.4808034696540847,0.4841646238241145,0.4565834701061249,0.4565834701061249,1369560000.0
2002-01-15,NVIDIA,0.4756079632620049,0.4995217534869184,0.4750734550760133,0.4992164373397827,1838808000.0
2002-01-16,NVIDIA,0.4924163822813286,0.4956252898968211,0.4779001192443102,0.4797337651252746,1115388000.0
2002-01-17,NVIDIA,0.4956250055026978,0.4966188263543578,0.4776706530793388,0.496541827917099,1121544000.0
2002-01-18,NVIDIA,0.477823942446917,0.4908888728369803,0.4775177519260135,0.4874507188796997,803676000.0
2002-01-22,NVIDIA,0.4920347845123358,0.4933330473499646,0.4697245226399693,0.475225567817688,1085028000.0
2002-01-23,NVIDIA,0.4795043637728536,0.4876027533967438,0.4700307130146668,0.4841646552085876,889164000.0
2002-01-24,NVIDIA,0.4889780503789041,0.5065510210582392,0.4786636457630972,0.5015084147453308,1137684000.0
2002-01-25,NVIDIA,0.4943268415077947,0.5126635666879914,0.4882143447589815,0.5002092719078064,817752000.0
2002-01-28,NVIDIA,0.5099891714500187,0.5195398769767168,0.504946619271025,0.5194628238677979,924288000.0
2002-01-29,NVIDIA,0.5206858847748144,0.5222133396817535,0.4859222548721226,0.4940207004547119,1381932000.0
2002-01-30,NVIDIA,0.4966188189631615,0.5003622872886426,0.4847760878854802,0.4999799728393554,1218456000.0
2002-01-31,NVIDIA,0.5064750365422231,0.5103715746838228,0.4855400310978022,0.5022723078727722,973980000.0
2002-02-01,NVIDIA,0.501432563611188,0.5067804336868663,0.4870684931283403,0.4899720847606659,688272000.0
2002-02-04,NVIDIA,0.4889018892215157,0.5008207461588225,0.4661341750664506,0.4668978750705719,1104864000.0
2002-02-05,NVIDIA,0.4637651566643973,0.4678147618794583,0.4441301946086483,0.4623137712478637,1474620000.0
2002-02-06,NVIDIA,0.4745380001919665,0.4820257595628247,0.4652935391028385,0.4738503694534302,1242528000.0
2002-02-07,NVIDIA,0.474461877194275,0.474461877194275,0.4562783257569188,0.4584934115409851,964476000.0
2002-02-08,NVIDIA,0.4615500162974801,0.464147416073493,0.4235013884340682,0.4409973323345184,1871292000.0
2002-02-11,NVIDIA,0.4403098687469002,0.4660573620268033,0.4387054150051423,0.4653697311878204,1249224000.0
2002-02-12,NVIDIA,0.4583411287129716,0.4840125180408156,0.4530693301827191,0.475225567817688,1216500000.0
2002-02-13,NVIDIA,0.4813379434704266,0.4894363866418407,0.4645296600251394,0.469113826751709,1230432000.0
2002-02-14,NVIDIA,0.4730865728038917,0.4847762396784215,0.4671271980091913,0.4749202728271484,1225692000.0
2002-02-15,NVIDIA,0.4530693339371063,0.455742830767523,0.4335865929489551,0.4381707608699798,3988548000.0
2002-02-19,NVIDIA,0.4194518038696246,0.4238067527686521,0.4057753686015721,0.4091373980045318,1972524000.0
2002-02-20,NVIDIA,0.4018787591400773,0.4351140002601411,0.4011150317984391,0.4305298328399658,1838736000.0
2002-02-21,NVIDIA,0.4246474281863186,0.4247996217133618,0.4005805220114951,0.4011150300502777,1531044000.0
2002-02-22,NVIDIA,0.3930926953250513,0.3976768622380775,0.3762843565485233,0.3814030587673187,2585616000.0
2002-02-25,NVIDIA,0.3831606464451573,0.4142559949331004,0.3830836206784059,0.4112762808799743,1599564000.0
2002-02-26,NVIDIA,0.4202924834559502,0.4274740511437654,0.4091373528800524,0.4202154576778412,1902672000.0
2002-02-27,NVIDIA,0.4297661515797384,0.4315998242091815,0.4049355152959373,0.4060815572738647,1723224000.0
2002-02-28,NVIDIA,0.403407096771226,0.4106656894015433,0.3862925391805595,0.38973069190979,1585440000.0
2002-03-01,NVIDIA,0.3934750365304447,0.4278563180379338,0.3923289947243214,0.4273979067802429,1311396000.0
2002-03-04,NVIDIA,0.4286961983771337,0.45612513588753,0.4245704418687954,0.4512356519699096,1484724000.0
2002-03-05,NVIDIA,0.4442823681820418,0.4621606279167106,0.4439009826492042,0.4500896036624908,1379448000.0
2002-03-06,NVIDIA,0.4366422906511135,0.4410733621888658,0.4265571074563423,0.4359546601772308,1446060000.0
2002-03-07,NVIDIA,0.4421435117724586,0.4435948428205644,0.4203686824141782,0.4324406385421753,1346532000.0
2002-03-08,NVIDIA,0.440692110325922,0.4545207396337395,0.438552219685555,0.4453523755073547,1270356000.0
2002-03-11,NVIDIA,0.4404628240910264,0.4453522802524551,0.4328219166091164,0.4401565790176391,810540000.0
2002-03-12,NVIDIA,0.4267103078402151,0.4290023916222468,0.4141038470390406,0.4170835614204407,1255032000.0
2002-03-13,NVIDIA,0.4131870476250537,0.4161667623705868,0.4079913455929283,0.4095197021961212,1031616000.0
2002-03-14,NVIDIA,0.4064629382666149,0.4064629382666149,0.3859872794989953,0.3868280053138733,1139460000.0
2002-03-15,NVIDIA,0.3895785077812561,0.40363632579212,0.3821668197664863,0.4031778872013092,1248288000.0
2002-03-18,NVIDIA,0.4105125767687727,0.4193756226705432,0.3985937198835408,0.4031778872013092,1236996000.0
2002-03-19,NVIDIA,0.4060815534764246,0.4068452808928111,0.3922520240895423,0.3946211338043213,846072000.0
2002-03-20,NVIDIA,0.3881263003404835,0.3888909568305426,0.3541273256782019,0.3554264903068542,2292588000.0
2002-03-21,NVIDIA,0.3614619395599974,0.3785764700884075,0.3519112631801058,0.3742976188659668,1721712000.0
2002-03-22,NVIDIA,0.3810208339539407,0.3810208339539407,0.3682621511062233,0.3710887432098388,1249140000.0
2002-03-25,NVIDIA,0.3693312449818996,0.3697896563787898,0.3514529545889802,0.3519113659858703,884160000.0
2002-03-26,NVIDIA,0.3482439421873767,0.3680328706533395,0.3462580763090637,0.3590937554836273,1123512000.0
2002-03-27,NVIDIA,0.3535928213454714,0.3607743899271538,0.3415208666495376,0.3476333916187286,1068012000.0
2002-03-28,NVIDIA,0.3500014985132874,0.3522174854187614,0.3198990947714661,0.3389233946800232,3124080000.0
2002-04-01,NVIDIA,0.3201283195619296,0.33594371488622,0.3098900387691322,0.3333454132080078,2365344000.0
2002-04-02,NVIDIA,0.3233372701172697,0.3414447502795233,0.3227257362203157,0.3246355056762695,1438008000.0
2002-04-03,NVIDIA,0.3260877275259879,0.3349498447884879,0.3193636697931542,0.3307479918003082,1094640000.0
2002-04-04,NVIDIA,0.3282267907958642,0.3403748429253423,0.3237187190257938,0.329143613576889,1130964000.0
2002-04-05,NVIDIA,0.3312825544988913,0.3366313514906646,0.3182946526185373,0.3216557800769806,1026900000.0
2002-04-08,NVIDIA,0.3067571592254797,0.332428514957428,0.3066810624725352,0.332428514957428,1151316000.0
2002-04-09,NVIDIA,0.3357146074654361,0.3384651033770789,0.3106538444367878,0.3114184737205505,1380768000.0
2002-04-10,NVIDIA,0.3139397122714464,0.3163078930485694,0.2719945422183357,0.2942277789115906,3689724000.0
2002-04-11,NVIDIA,0.291858593478061,0.2956029363016052,0.2781060930214293,0.2813149988651275,1437288000.0
2002-04-12,NVIDIA,0.2875806205979411,0.2898727038179224,0.2714590123017228,0.2802459597587585,1376880000.0
2002-04-15,NVIDIA,0.2856699555539612,0.2963666446788308,0.2849823251101406,0.291553258895874,1157208000.0
2002-04-16,NVIDIA,0.30461827960837,0.3077511171004342,0.2982765351679734,0.304235965013504,854856000.0
2002-04-17,NVIDIA,0.3078272342681885,0.3123353061836265,0.2982004581380026,0.3078272342681885,944484000.0
2002-04-18,NVIDIA,0.3046942829518883,0.3079802146817992,0.2960613859695259,0.3027084171772003,693156000.0
2002-04-19,NVIDIA,0.2924701986120238,0.2960614471194949,0.2816973820986815,0.2820796966552734,1125672000.0
2002-04-22,NVIDIA,0.2789469421684661,0.289185225288706,0.2788708453809126,0.2834550142288208,808176000.0
2002-04-23,NVIDIA,0.285669942258422,0.2889558735027488,0.2694731393455977,0.2719944417476654,773508000.0
2002-04-24,NVIDIA,0.275126506432467,0.2791761671542242,0.2474692718899613,0.2481568753719329,1582956000.0
2002-04-25,NVIDIA,0.2471629689398098,0.2627491724813429,0.247086872168514,0.2577835917472839,1168296000.0
2002-04-26,NVIDIA,0.2606102682692575,0.2609155844624864,0.2320352792739868,0.2320352792739868,1191120000.0
2002-04-29,NVIDIA,0.2594641598633908,0.2745919258117457,0.2507542348423319,0.2706953883171081,3930852000.0
2002-04-30,NVIDIA,0.2771131702552117,0.2807805149540824,0.2601517351776744,0.2659580409526825,1776504000.0
2002-05-01,NVIDIA,0.2616031088655118,0.274515787214876,0.2548038560819498,0.2707714438438415,1718904000.0
2002-05-02,NVIDIA,0.2720706853674676,0.2787938159677588,0.2597695100309515,0.2598465085029602,1125084000.0
2002-05-03,NVIDIA,0.2601517965981628,0.2621385919463792,0.2489205678836064,0.2502197325229645,852756000.0
2002-05-06,NVIDIA,0.2437248231712027,0.2551852692321084,0.2386822443916322,0.2406690120697021,1102044000.0
2002-05-07,NVIDIA,0.2460169179774403,0.2511365227612187,0.2346335245027025,0.2467045485973358,1412448000.0
2002-05-08,NVIDIA,0.2635137127966445,0.2793291030086098,0.2551852040533717,0.2750502526760101,1688688000.0
2002-05-09,NVIDIA,0.2742095757353393,0.2798636884611776,0.2628261552021303,0.2632845938205719,1230840000.0
2002-05-10,NVIDIA,0.2687086212164692,0.2697024697134143,0.2406690492215527,0.2435726672410965,1321548000.0
2002-05-13,NVIDIA,0.2460939210825041,0.2591588196854722,0.244031056736663,0.2583180665969848,800892000.0
2002-05-14,NVIDIA,0.2748210659390873,0.2868930168447064,0.2700837765546839,0.2839893996715545,1526112000.0
2002-05-15,NVIDIA,0.2796345133237259,0.2949153734530081,0.2757379487749696,0.2895665764808655,1504548000.0
2002-05-16,NVIDIA,0.2896435068619233,0.2960613731604354,0.2837602031789547,0.290101945400238,985560000.0
2002-05-17,NVIDIA,0.297971226762027,0.300110215770436,0.2905604658195402,0.2992703914642334,934404000.0
2002-05-20,NVIDIA,0.2967490887393602,0.3044651658422922,0.295373854574797,0.3024793267250061,953412000.0
2002-05-21,NVIDIA,0.3063757897999101,0.310577642698836,0.2790999773065078,0.279405266046524,1382604000.0
2002-05-22,NVIDIA,0.2816212584357634,0.2923940739204686,0.2811628471504936,0.2907125949859619,1547988000.0
2002-05-23,NVIDIA,0.2915532505557846,0.2921647842330838,0.2643535408524376,0.2729873657226562,2556780000.0
2002-05-24,NVIDIA,0.2677917411230374,0.2691670023589379,0.2614509266724779,0.267639547586441,737784000.0
2002-05-28,NVIDIA,0.2700077606003719,0.2701608831643639,0.2516710876481525,0.2570189833641052,1367088000.0
2002-05-29,NVIDIA,0.252893237445075,0.2677917848644319,0.2489966724148192,0.2667227685451507,1311012000.0
2002-05-30,NVIDIA,0.2612977290719182,0.2691669250436537,0.2561790547819262,0.2628260850906372,1066080000.0
2002-05-31,NVIDIA,0.2643535273583807,0.265499568898869,0.2551851950344749,0.2556436061859131,674112000.0
2002-06-03,NVIDIA,0.2494550408207521,0.2506010826069773,0.2375361843849776,0.2405928969383239,901248000.0
2002-06-04,NVIDIA,0.2390645750315188,0.2540392444884009,0.2386822604861061,0.2527410089969635,1095432000.0
2002-06-05,NVIDIA,0.2532755378180898,0.2533516345945437,0.2402867334246251,0.2490736842155456,1114308000.0
2002-06-06,NVIDIA,0.2464752825538747,0.2525117081346928,0.2463991858082243,0.2491496801376342,739356000.0
2002-06-07,NVIDIA,0.2289032858390769,0.2498373688319884,0.2288262737286107,0.2467815577983856,1371300000.0
2002-06-10,NVIDIA,0.2500665656793197,0.2570189409914474,0.2441071643466061,0.2447186708450317,749148000.0
2002-06-11,NVIDIA,0.2487674638019566,0.2498374090590769,0.2331051625920084,0.2337166965007782,859308000.0
2002-06-12,NVIDIA,0.228138614180631,0.2322643697750959,0.20376640873832,0.2135462760925293,2267544000.0
2002-06-13,NVIDIA,0.2151507934467064,0.2191234274623524,0.2046071963642089,0.2113303393125534,1265892000.0
2002-06-14,NVIDIA,0.2035371825215769,0.2169073671375899,0.1966609193397406,0.2153029143810272,1116444000.0
2002-06-17,NVIDIA,0.2201162887412587,0.2229438088704571,0.2134692447329284,0.2172136008739471,1054140000.0
2002-06-18,NVIDIA,0.214539227311962,0.2223323279519003,0.212017938082509,0.2160675972700119,1008300000.0
2002-06-19,NVIDIA,0.2055240439316396,0.2055240439316396,0.1806163942683021,0.1822208613157272,2593620000.0
2002-06-20,NVIDIA,0.182603171806026,0.187568752727087,0.1781711973131881,0.1805402934551239,1425048000.0
2002-06-21,NVIDIA,0.179623442295673,0.1865758042199083,0.1694612585897585,0.1731285899877548,1484364000.0
2002-06-24,NVIDIA,0.1686975457149777,0.181762432875107,0.163501843758878,0.1763375252485275,1379592000.0
2002-06-25,NVIDIA,0.1795464042425177,0.1795464042425177,0.1606752009236494,0.1617451459169387,1172232000.0
2002-06-26,NVIDIA,0.1434084727530644,0.1587654549748269,0.1394349102658975,0.1533405482769012,2067828000.0
2002-06-27,NVIDIA,0.158994685236788,0.1602168240056312,0.1283568264702855,0.1304958015680313,3182808000.0
2002-06-28,NVIDIA,0.1283567636888265,0.1366843696870679,0.1255301593114691,0.1312603801488876,1991184000.0
2002-07-01,NVIDIA,0.1306488589667472,0.134469311670099,0.1282036670456436,0.130954161286354,1164372000.0
2002-07-02,NVIDIA,0.1294267843149456,0.1298851956931538,0.1193416110372696,0.1227027252316474,1368180000.0
2002-07-03,NVIDIA,0.1219389895173728,0.1335525323805686,0.1218628927418819,0.1333233267068863,1073304000.0
2002-07-05,NVIDIA,0.1428730141353428,0.1451650972061137,0.138747259143198,0.1450890004634857,739524000.0
2002-07-08,NVIDIA,0.1434085166440055,0.1546397462931766,0.1432554077273032,0.149444043636322,1587180000.0
2002-07-09,NVIDIA,0.1498263097662159,0.1517360788677958,0.1389003998009752,0.1421093195676803,1075080000.0
2002-07-10,NVIDIA,0.1455474616709954,0.1466935036005389,0.1372198520799644,0.1382127851247787,926988000.0
2002-07-11,NVIDIA,0.1374491214397766,0.1528060970841787,0.1362260532870949,0.1522706598043441,1143948000.0
2002-07-12,NVIDIA,0.1604460244402795,0.1610575583092993,0.1489855911955672,0.1521184146404266,1344900000.0
2002-07-15,NVIDIA,0.15249981356243,0.167322274556301,0.1456235487794289,0.1672461777925491,1495272000.0
2002-07-16,NVIDIA,0.1631204726921512,0.1784004343963862,0.1600637453410401,0.1627381443977356,1773432000.0
2002-07-17,NVIDIA,0.1592238377573457,0.1623557449118066,0.1425677078268667,0.1489094495773315,1922364000.0
2002-07-18,NVIDIA,0.1464642475735697,0.1550980719646284,0.1447066723948239,0.1450890004634857,1243188000.0
2002-07-19,NVIDIA,0.1406579839838923,0.1462350844476571,0.1375251607856737,0.1385180801153183,845772000.0
2002-07-22,NVIDIA,0.1379074433627354,0.1418039930087852,0.1264470136746251,0.1321002095937729,1290744000.0
2002-07-23,NVIDIA,0.1328648844594978,0.1337047085844651,0.1177371206925822,0.1222442761063575,1409652000.0
2002-07-24,NVIDIA,0.1205637307600549,0.1320241500124654,0.1204876339915406,0.1300373822450637,1175100000.0
2002-07-25,NVIDIA,0.1249948063057257,0.1253771208937165,0.1108608816286554,0.115062728524208,1796448000.0
2002-07-26,NVIDIA,0.1184247616206252,0.1211752569117783,0.1092564121056857,0.1123883202672004,1221900000.0
2002-07-29,NVIDIA,0.1170494742416935,0.1176600926399931,0.1117776836666167,0.1155211180448532,1227720000.0
2002-07-30,NVIDIA,0.114986651498152,0.1297321058105119,0.1146043368444865,0.1239257976412773,1818012000.0
2002-07-31,NVIDIA,0.0903081945007671,0.0921418671695264,0.0835850513802433,0.0845779776573181,4837140000.0
2002-08-01,NVIDIA,0.0852656210265378,0.0852656210265378,0.0764025792969284,0.0764795914292335,1725708000.0
2002-08-02,NVIDIA,0.0789238314040453,0.0794592614680926,0.0695262799850916,0.0714369639754295,1795260000.0
2002-08-05,NVIDIA,0.0703670380561835,0.0705201469276542,0.0648660277074089,0.065706767141819,1330716000.0
2002-08-06,NVIDIA,0.0687626048608693,0.0717423134119048,0.0676926593768083,0.069144919514656,1168800000.0
2002-08-07,NVIDIA,0.072200700228054,0.0728883239277557,0.0649421214200475,0.0675404295325279,892980000.0
2002-08-08,NVIDIA,0.0682280636888865,0.0731936370298432,0.0664704880469893,0.0719714984297752,755424000.0
2002-08-09,NVIDIA,0.0700617404183701,0.072583036960654,0.0688386862765009,0.0702909529209137,581304000.0
2002-08-12,NVIDIA,0.0695263101222331,0.0729644361818437,0.0676926442566307,0.0702909529209137,592800000.0
2002-08-13,NVIDIA,0.0707493560665979,0.0741874885587921,0.0687625815344001,0.0688386783003807,654420000.0
2002-08-14,NVIDIA,0.070137822946511,0.0741104699790675,0.0695262959997921,0.073499858379364,632688000.0
2002-08-15,NVIDIA,0.0762503609965202,0.0801469044879467,0.07548571834351,0.0786185413599014,1140120000.0
2002-08-16,NVIDIA,0.074416688666865,0.0844248539787817,0.0721246050632433,0.0816743522882461,1657428000.0
2002-08-19,NVIDIA,0.0851894777675251,0.1027615205449801,0.0850363621028189,0.0966499000787735,2243928000.0
2002-08-20,NVIDIA,0.0974136774023876,0.0993234402404054,0.0911489448748924,0.0923710837960243,1429488000.0
2002-08-21,NVIDIA,0.0965729332303157,0.0984836181573181,0.0920657770170051,0.0972605571150779,1194876000.0
2002-08-22,NVIDIA,0.0943578579331069,0.0981773901299466,0.0933640094406915,0.0939755365252494,1358496000.0
2002-08-23,NVIDIA,0.0913011198809953,0.0919126468909011,0.0872523825017052,0.087786890566349,919932000.0
2002-08-26,NVIDIA,0.0894674600907572,0.0900789871409385,0.0843487704051045,0.0884745270013809,698568000.0
2002-08-27,NVIDIA,0.0900028772201434,0.0904612953117534,0.0828974070466105,0.0834319218993187,686712000.0
2002-08-28,NVIDIA,0.0829734895037026,0.0831266051774875,0.0779309050271923,0.0782362073659896,700356000.0
2002-08-29,NVIDIA,0.0772432884213511,0.082820388163659,0.0766317546795845,0.0792300626635551,815520000.0
2002-08-30,NVIDIA,0.0784654485509415,0.0817513811074571,0.0756388495222654,0.0771672129631042,1065888000.0
2002-09-03,NVIDIA,0.0734998552848563,0.073881254412517,0.0712077649762468,0.0724299103021621,847284000.0
2002-09-04,NVIDIA,0.0726591221660179,0.0745688845023286,0.0688386753153927,0.0719714984297752,930552000.0
2002-09-05,NVIDIA,0.0712838986762637,0.0715892080369661,0.0687626082765205,0.069221019744873,714312000.0
2002-09-06,NVIDIA,0.0721246269214091,0.0727352387140129,0.0696794268781302,0.0707493722438812,746460000.0
2002-09-09,NVIDIA,0.0702139151889768,0.0728883199127773,0.0680749406181103,0.070672333240509,578040000.0
2002-09-10,NVIDIA,0.0702909568496705,0.0844248747611847,0.0702139378924174,0.0807575359940528,2317632000.0
2002-09-11,NVIDIA,0.0832788352198233,0.0909197307980779,0.0832788352198233,0.0847311019897461,1657536000.0
2002-09-12,NVIDIA,0.0826682508616693,0.0871754087035519,0.0811398868034641,0.0820567235350608,1294932000.0
2002-09-13,NVIDIA,0.081215954193813,0.0851124986453502,0.0802230210152417,0.0807575359940528,796872000.0
2002-09-16,NVIDIA,0.079535373979063,0.0798406763536485,0.0737290616395981,0.0756388306617736,925464000.0
2002-09-17,NVIDIA,0.0790008910521377,0.0809106540144248,0.0740344007362242,0.0744928121566772,884052000.0
2002-09-18,NVIDIA,0.0733467395946584,0.0747980905359608,0.0702139167496894,0.0724299103021621,811692000.0
2002-09-19,NVIDIA,0.0708254668701285,0.0733467636199968,0.0696033279748391,0.0699847340583801,618492000.0
2002-09-20,NVIDIA,0.0705201620554458,0.0719715134239268,0.0688386896568689,0.0703670531511306,687312000.0
2002-09-23,NVIDIA,0.0692209819912854,0.0699086124806781,0.0668528018217648,0.0673112198710441,521676000.0
2002-09-24,NVIDIA,0.0665465892474205,0.0710546669658638,0.0653244505658525,0.0678457468748092,624444000.0
2002-09-25,NVIDIA,0.0718183999281828,0.0729644420400673,0.0689918007125627,0.0715891942381858,896616000.0
2002-09-26,NVIDIA,0.0729644337233519,0.0737290764962682,0.0666997088861515,0.0677696540951728,739560000.0
2002-09-27,NVIDIA,0.0676165584802905,0.0693741348654893,0.065324473836164,0.0654005706310272,650688000.0
2002-09-30,NVIDIA,0.065171364898995,0.0682280925434261,0.0637961100139484,0.0654005706310272,584124000.0
2002-10-01,NVIDIA,0.0659359875130445,0.0695263141618022,0.0635668912136576,0.0689157024025917,888360000.0
2002-10-02,NVIDIA,0.0694502053004595,0.0729644277276859,0.0688386783003807,0.0688386783003807,749100000.0
2002-10-03,NVIDIA,0.067998853713506,0.0691448955928705,0.0653244486023098,0.0654775574803352,590568000.0
2002-10-04,NVIDIA,0.0653244591029761,0.0673873375498116,0.0611226054316046,0.0621916353702545,529788000.0
2002-10-07,NVIDIA,0.0613518225126804,0.0625739614449983,0.0586774167723803,0.0591358281672,493068000.0
2002-10-08,NVIDIA,0.0611226017041899,0.0612747952503095,0.0550100669296167,0.0573782511055469,714252000.0
2002-10-09,NVIDIA,0.0565384434861549,0.0602057862344435,0.0553153856717963,0.0563092343509197,573132000.0
2002-10-10,NVIDIA,0.055773781280189,0.0610455790021297,0.055773781280189,0.0592119134962558,538032000.0
2002-10-11,NVIDIA,0.0615039924004501,0.0683802494777454,0.0611225864521941,0.0673112198710441,994140000.0
2002-10-14,NVIDIA,0.0653244480490684,0.0673112293820094,0.0639492005378576,0.0653244480490684,611484000.0
2002-10-15,NVIDIA,0.0725830259657385,0.0751804188893656,0.0711307595413158,0.072124607861042,852768000.0
2002-10-16,NVIDIA,0.0672342033757641,0.0678457302401703,0.0649421132791726,0.0660881549119949,578124000.0
2002-10-17,NVIDIA,0.0718183837601978,0.0744927888119324,0.0700617302710183,0.0711307600140571,585792000.0
2002-10-18,NVIDIA,0.0707493444981417,0.0725830166824018,0.0680749398062366,0.0718183740973472,498372000.0
2002-10-21,NVIDIA,0.0708254474982667,0.0809106249083371,0.0692209876110044,0.0783132389187812,930624000.0
2002-10-22,NVIDIA,0.0747220030042925,0.0855709016418795,0.0746459062387615,0.0809106305241584,1272168000.0
2002-10-23,NVIDIA,0.0821327730706474,0.0853416929534093,0.080986731231225,0.0841956511139869,925428000.0
2002-10-24,NVIDIA,0.0858771125767887,0.0867939486676621,0.0786946310185632,0.0799176916480064,1055172000.0
2002-10-25,NVIDIA,0.0802229844398507,0.0851894787628802,0.0791530396227869,0.0848071575164794,745956000.0
2002-10-28,NVIDIA,0.0887037558344753,0.089391379836478,0.0847311139231009,0.0852656289935112,1070544000.0
2002-10-29,NVIDIA,0.0854187106018519,0.0860293222690347,0.0772433014921624,0.0815221667289733,772728000.0
2002-10-30,NVIDIA,0.0841195663316176,0.0886276375685381,0.0838142570588656,0.0858771353960037,1139496000.0
2002-10-31,NVIDIA,0.0864877580249234,0.0915303448390967,0.0862585523278497,0.0909197330474853,1255476000.0
2002-11-01,NVIDIA,0.0895444726115982,0.1090272068684011,0.0893913568883621,0.1077280491590499,2128836000.0
2002-11-04,NVIDIA,0.1142219988701261,0.1261408518426683,0.1139166963997122,0.1194938048720359,2688132000.0
2002-11-05,NVIDIA,0.1191884854937428,0.1211752671893079,0.1096378274440751,0.1147574260830879,2034540000.0
2002-11-06,NVIDIA,0.1186539812567148,0.1237726715480383,0.1139927938309359,0.1236195489764213,1646016000.0
2002-11-07,NVIDIA,0.1204106116114221,0.1204106116114221,0.11047854854084,0.1111661791801452,1660560000.0
2002-11-08,NVIDIA,0.0939755435888681,0.0995526521658166,0.084119575792839,0.0867939814925193,3798900000.0
2002-11-11,NVIDIA,0.0826681925765373,0.0838903310205027,0.0780840189815729,0.0800698846578598,1378452000.0
2002-11-12,NVIDIA,0.0819805966444721,0.0901550915820395,0.0812929659326345,0.0871753767132759,1381188000.0
2002-11-13,NVIDIA,0.085112496992345,0.0924471743841589,0.083431939962247,0.0899258777499198,1802112000.0
2002-11-14,NVIDIA,0.0958852916955947,0.0977189573277476,0.0929825894707238,0.0958852916955947,1138728000.0
2002-11-15,NVIDIA,0.1008517538080484,0.1062766593322965,0.0997057122378803,0.1029146313667297,2054328000.0
2002-11-18,NVIDIA,0.1111661914457462,0.1115485060355394,0.1064289073733235,0.1067351251840591,1982472000.0
2002-11-19,NVIDIA,0.1061235862376356,0.113687468612992,0.1049775442814845,0.1082625612616539,1971948000.0
2002-11-20,NVIDIA,0.1115484589427359,0.1146042693149395,0.1100961928301327,0.1136874333024025,1292796000.0
2002-11-21,NVIDIA,0.1182716744616574,0.1289683973769183,0.1180424687291176,0.123314268887043,2053920000.0
2002-11-22,NVIDIA,0.1158264601697495,0.1225505329871954,0.114604321268587,0.1201053261756897,1251900000.0
2002-11-25,NVIDIA,0.1256823961829097,0.127516068577022,0.1207929264634887,0.124460257589817,1230084000.0
2002-11-26,NVIDIA,0.1250717979905039,0.1275160753056664,0.120716836071111,0.1210982352495193,1084332000.0
2002-11-27,NVIDIA,0.1262178513725397,0.1326356920129591,0.1246133843814857,0.1304958015680313,1088556000.0
2002-11-29,NVIDIA,0.1339339169441745,0.1358446015709786,0.1298851727361928,0.1308781057596206,519396000.0
2002-12-02,NVIDIA,0.1378304297817083,0.1395880050446053,0.1292736170703996,0.1298851370811462,1167504000.0
2002-12-03,NVIDIA,0.1274400062351455,0.1277453087136414,0.1210982615670485,0.1213274672627449,1046220000.0
2002-12-04,NVIDIA,0.1127706475070078,0.1146043134066005,0.1064289033882176,0.1068112179636955,2206548000.0
2002-12-05,NVIDIA,0.1136874752317773,0.1144512026852574,0.1052067560653805,0.1078041493892669,1594872000.0
2002-12-06,NVIDIA,0.1031438639653087,0.1100201220183925,0.1014633072157508,0.1079572439193725,1159224000.0
2002-12-09,NVIDIA,0.1044430343328396,0.1061235912881874,0.0984836117786683,0.0993234291672706,969792000.0
2002-12-10,NVIDIA,0.1018447131854368,0.109637807464683,0.1005464777857577,0.1076519414782524,1389888000.0
2002-12-11,NVIDIA,0.1068872895788963,0.1100201125127284,0.1032969707482898,0.1070404052734375,1364208000.0
2002-12-12,NVIDIA,0.1110130516727319,0.1123122092117803,0.1050536300275674,0.1052828356623649,1302552000.0
2002-12-13,NVIDIA,0.1033730938073263,0.1033730938073263,0.1003933789789724,0.1011571064591407,707724000.0
2002-12-16,NVIDIA,0.1046722433759122,0.1077280549411416,0.1019978378720592,0.1071165278553962,1056972000.0
2002-12-17,NVIDIA,0.1090271904913209,0.112694521563636,0.106123573071374,0.1069643124938011,1077744000.0
2002-12-18,NVIDIA,0.1036022977466211,0.1037554134775459,0.0985597113883139,0.0987889170646667,1126836000.0
2002-12-19,NVIDIA,0.0970313059738827,0.1021509090726434,0.0956560520176786,0.0966499000787735,1100604000.0
2002-12-20,NVIDIA,0.0997057704275748,0.1007757158772406,0.0931348126673083,0.0979482010006904,804576000.0
2002-12-23,NVIDIA,0.0977189712710282,0.101004903831563,0.0974136688199423,0.0986358076333999,498648000.0
2002-12-24,NVIDIA,0.0991711955830077,0.1011570610115485,0.09611447000308,0.0966499000787735,300336000.0
2002-12-26,NVIDIA,0.0982543891824695,0.0997057403189344,0.0940516207896625,0.0948923602700233,719760000.0
2002-12-27,NVIDIA,0.0974897712791809,0.097718976967661,0.090461318261625,0.0913011357188224,702528000.0
2002-12-30,NVIDIA,0.0916834574219317,0.0926763906211399,0.0860293368328904,0.0880922153592109,784740000.0
2002-12-31,NVIDIA,0.0871753425582651,0.0901550562595868,0.0854947861619751,0.0879399850964546,825396000.0
2003-01-02,NVIDIA,0.0916834630641856,0.0951215895990044,0.088550639017957,0.094051644206047,1302540000.0
2003-01-03,NVIDIA,0.0943578688729151,0.0974136807865004,0.0924471837902749,0.094051644206047,1037496000.0
2003-01-06,NVIDIA,0.0963437451744258,0.1032199989421453,0.096267641550434,0.1016925573348999,1033428000.0
2003-01-07,NVIDIA,0.1036783927174537,0.1060474957180694,0.100240266646339,0.1013863086700439,1498272000.0
2003-01-08,NVIDIA,0.098788922291557,0.1016925404470924,0.0906135118224325,0.0913011357188224,1852524000.0
2003-01-09,NVIDIA,0.0941286652261848,0.0951215985802501,0.0919887742382246,0.0929056107997894,1436076000.0
2003-01-10,NVIDIA,0.0916834424339422,0.0958852955803161,0.0904613037453545,0.0945100411772728,924492000.0
2003-01-13,NVIDIA,0.0981013047769492,0.0989420444670578,0.0932879235271955,0.0937463417649269,849120000.0
2003-01-14,NVIDIA,0.0940516195949168,0.0953507771821394,0.0916073423073506,0.0944339409470558,868524000.0
2003-01-15,NVIDIA,0.0945100296730652,0.0952746723122997,0.0915303155779838,0.0915303155779838,904584000.0
2003-01-16,NVIDIA,0.0901550953519575,0.0913011374783434,0.0841195754143108,0.0853417143225669,2039976000.0
2003-01-17,NVIDIA,0.0830495859003919,0.0841956343424731,0.0810637271934507,0.0821327567100524,1058832000.0
2003-01-21,NVIDIA,0.0836611254146808,0.0854186940011371,0.0798406722210905,0.0800698846578598,967356000.0
2003-01-22,NVIDIA,0.0798406841775434,0.0822097868451814,0.0796114785373971,0.0801469087600708,550992000.0
2003-01-23,NVIDIA,0.0822858845075101,0.0836611388562412,0.0801469096347003,0.0823619812726974,918456000.0
2003-01-24,NVIDIA,0.0816743575017449,0.0820566788527449,0.0763264626469673,0.0777017101645469,897108000.0
2003-01-27,NVIDIA,0.0760211692163687,0.0799938173796547,0.0746459214128146,0.0765556842088699,889116000.0
2003-01-28,NVIDIA,0.0755627354718115,0.0807575214615095,0.0730414460732681,0.0793061703443527,1785480000.0
2003-01-29,NVIDIA,0.0771672024740135,0.0815221643515725,0.0771672024740135,0.0809106305241584,1022040000.0
2003-01-30,NVIDIA,0.082515085365746,0.083202709027843,0.0767848699657446,0.0776256024837493,743064000.0
2003-01-31,NVIDIA,0.0753335292687046,0.0809867333336493,0.07464590551339,0.0788477584719657,949656000.0
2003-02-03,NVIDIA,0.0802991218121895,0.0819035821761571,0.0786946614482219,0.0803761407732963,755556000.0
2003-02-04,NVIDIA,0.0798406909187872,0.0802230122979522,0.07563884446038,0.0767848864197731,627720000.0
2003-02-05,NVIDIA,0.0784654560872979,0.0806053468132549,0.0771672203747692,0.0774725228548049,581508000.0
2003-02-06,NVIDIA,0.0828203890789692,0.0829734979373696,0.0767848712158474,0.0780840218067169,1226184000.0
2003-02-07,NVIDIA,0.0796114667821149,0.0799937880725462,0.0744166816277501,0.0745688751339912,915156000.0
2003-02-10,NVIDIA,0.0744928103163483,0.0760211739554037,0.0712838894667502,0.0754857435822486,982632000.0
2003-02-11,NVIDIA,0.0760972374403587,0.0783132308852694,0.0737290573215091,0.0741104632616043,850716000.0
2003-02-12,NVIDIA,0.0741104975238478,0.0772433216650979,0.0734998856971971,0.0744928121566772,641400000.0
2003-02-13,NVIDIA,0.0757919273471306,0.0761733264173469,0.0737290497955557,0.0754096060991287,889164000.0
2003-02-14,NVIDIA,0.0857240110742582,0.0920657538388813,0.0836611331083642,0.0919887349009513,3548844000.0
2003-02-18,NVIDIA,0.0955039032717657,0.09909422991571,0.0943578611868455,0.0972605571150779,1740516000.0
2003-02-19,NVIDIA,0.0966499475673676,0.0987889228806457,0.0955800022370913,0.098177395761013,1141212000.0
2003-02-20,NVIDIA,0.0985597171907989,0.1011571107147206,0.0977959896785013,0.098177395761013,978132000.0
2003-02-21,NVIDIA,0.0981012811796939,0.0984836025401077,0.0947392454062412,0.0982543900609016,913260000.0
2003-02-24,NVIDIA,0.0974136670667513,0.1030677803764745,0.0968791521192177,0.0994765385985374,1137012000.0
2003-02-25,NVIDIA,0.0962676165783001,0.0993234280094261,0.0947392531891454,0.0988650098443031,1239204000.0
2003-02-26,NVIDIA,0.0975667897044594,0.0991712501202315,0.0938224385027725,0.094051644206047,746892000.0
2003-02-27,NVIDIA,0.0949684633794105,0.0964968267314254,0.0934410153745568,0.0960384085774421,675312000.0
2003-02-28,NVIDIA,0.09305872773604,0.0966499706677251,0.0903082246457299,0.0964207649230957,1653336000.0
2003-03-03,NVIDIA,0.0975667388484286,0.0993233919191878,0.0935931771837104,0.0948162376880645,702036000.0
2003-03-04,NVIDIA,0.0951215895990044,0.0960384260740028,0.0931348077310486,0.094051644206047,538392000.0
2003-03-05,NVIDIA,0.0931348114043218,0.0961145266501126,0.0929056056920073,0.0955800116062164,522156000.0
2003-03-06,NVIDIA,0.0948162761174573,0.0957331124861581,0.0935932151173919,0.0939755365252494,548064000.0
2003-03-07,NVIDIA,0.0925242063042179,0.095733134326757,0.0916834733511543,0.0954269096255302,581148000.0
2003-03-10,NVIDIA,0.0944339372322488,0.0948923553317575,0.0926002716651621,0.092753380537033,344796000.0
2003-03-11,NVIDIA,0.0934409871697425,0.0949684347135419,0.0923710422946698,0.0934409871697425,417144000.0
2003-03-12,NVIDIA,0.0942047427924581,0.0962676142389593,0.0933640032559437,0.0960384085774421,493920000.0
2003-03-13,NVIDIA,0.0988650114959626,0.1061996885985667,0.0984065933231812,0.1055890768766403,1362732000.0
2003-03-14,NVIDIA,0.1059704900902333,0.1069643386247418,0.1017686363075726,0.1025323569774627,1094220000.0
2003-03-17,NVIDIA,0.100851784569438,0.1105546416604488,0.1006225789178717,0.108491763472557,1307808000.0
2003-03-18,NVIDIA,0.1081103595924373,0.1093324982272708,0.1054359545031219,0.1076519414782524,932280000.0
2003-03-19,NVIDIA,0.1078811369217248,0.1089501665787289,0.1043659995321242,0.1081864461302757,712992000.0
2003-03-20,NVIDIA,0.1081864742011833,0.1114714914761939,0.1053598751159674,0.1091794073581695,780060000.0
2003-03-21,NVIDIA,0.1129237288701272,0.1133051280053824,0.1032969698751201,0.1081864461302757,1681800000.0
2003-03-24,NVIDIA,0.1037553956419814,0.106964315545004,0.1031438618325243,0.1041367948055267,839016000.0
2003-03-25,NVIDIA,0.1044430376987667,0.1087209880882634,0.1040607162901668,0.1071165278553962,672828000.0
2003-03-26,NVIDIA,0.1094855971627691,0.1119298810414439,0.1086448646065316,0.1100962087512016,1107840000.0
2003-03-27,NVIDIA,0.1086448691606702,0.1109369527886042,0.1066580879242762,0.1069643124938011,1392732000.0
2003-03-28,NVIDIA,0.1069643666418315,0.1073457659875711,0.1009279231157254,0.1026093959808349,1290684000.0
2003-03-31,NVIDIA,0.0994765206696013,0.1006986660717421,0.0979481643608088,0.0984065756201744,680508000.0
2003-04-01,NVIDIA,0.1004694615034581,0.1023801461227225,0.098254389816751,0.1013102009892463,533808000.0
2003-04-02,NVIDIA,0.1047483390710396,0.1068112174678482,0.1033730913604667,0.1050536483526229,771900000.0
2003-04-03,NVIDIA,0.1069643516184718,0.1069643516184718,0.1042138420617512,0.1064289212226867,702780000.0
2003-04-04,NVIDIA,0.1067351064133912,0.1068872999447413,0.1018447142956357,0.1023031324148178,513840000.0
2003-04-07,NVIDIA,0.1091793936673286,0.1100201263331461,0.1023801474595448,0.1033730804920196,671256000.0
2003-04-08,NVIDIA,0.1042899108039565,0.1048244188426636,0.1016925178721249,0.1023801416158676,475032000.0
2003-04-09,NVIDIA,0.1027615342840716,0.1055120357332721,0.1016925046834056,0.101844698190689,694260000.0
2003-04-10,NVIDIA,0.1032199588866319,0.1033730745916675,0.1013862932930021,0.1023801416158676,364104000.0
2003-04-11,NVIDIA,0.10352619210056,0.1043660162723198,0.1002402598038506,0.1012341082096099,374184000.0
2003-04-14,NVIDIA,0.0997057372507979,0.1032969785298916,0.0994004280166666,0.1029907539486885,445776000.0
2003-04-15,NVIDIA,0.1023031255273701,0.1037553918999106,0.0997818294570866,0.102456234395504,490212000.0
2003-04-16,NVIDIA,0.1048244147667056,0.1050536272263394,0.1016154949794168,0.102456234395504,671988000.0
2003-04-17,NVIDIA,0.1032199671351283,0.104519124793869,0.1010809989694606,0.1042899191379547,520740000.0
2003-04-21,NVIDIA,0.1044430164045049,0.107269614885341,0.1034491681127894,0.1069643124938011,597144000.0
2003-04-22,NVIDIA,0.1064288779944087,0.1084156523195941,0.1046722178064303,0.1083395555615425,787392000.0
2003-04-23,NVIDIA,0.1081864595820052,0.1114714764131133,0.107345720093421,0.1107838526368141,606204000.0
2003-04-24,NVIDIA,0.1108608992927508,0.1108608992927508,0.10604751769702,0.1074988692998886,660912000.0
2003-04-25,NVIDIA,0.1068872958795503,0.1087209682865393,0.1025323341593736,0.1035261824727058,884652000.0
2003-04-28,NVIDIA,0.1047483097665014,0.1085687630406692,0.1035261712967598,0.1066580787301063,674988000.0
2003-04-29,NVIDIA,0.1091032905748479,0.1114714710360232,0.1082625511268188,0.1099440231919288,670344000.0
2003-04-30,NVIDIA,0.1093325024368741,0.1123122168783288,0.1088740843050388,0.1094856113195419,466620000.0
2003-05-01,NVIDIA,0.1087209811674346,0.1112422776102852,0.1081103694677823,0.1101732477545738,733368000.0
2003-05-02,NVIDIA,0.1116246019338144,0.1222442967316379,0.1110130748334714,0.121480569243431,1691088000.0
2003-05-05,NVIDIA,0.122626598857601,0.1301904804059439,0.120410598296259,0.124460257589817,1576164000.0
2003-05-06,NVIDIA,0.1238487083875275,0.1278222563244834,0.12262657008123,0.1246133372187614,1143864000.0
2003-05-07,NVIDIA,0.1227796443870178,0.1256823313432843,0.1204875619078129,0.1226265355944633,897372000.0
2003-05-08,NVIDIA,0.1210982580841197,0.1275931114783138,0.1195708167263737,0.1227027252316474,1957452000.0
2003-05-09,NVIDIA,0.1438669582237975,0.1644957332933586,0.1398172972709314,0.1632726788520813,9230856000.0
2003-05-12,NVIDIA,0.1636549533665624,0.1673222987577798,0.1573902214905484,0.1586884707212448,3007860000.0
2003-05-13,NVIDIA,0.1532644687100854,0.1581539530214743,0.1523476460005286,0.155708760023117,1824108000.0
2003-05-14,NVIDIA,0.156244191531349,0.1581539611491264,0.1535697927181631,0.1555565744638443,965580000.0
2003-05-15,NVIDIA,0.1578485823521682,0.161209694922232,0.1570078431207646,0.1609043926000595,1105656000.0
2003-05-16,NVIDIA,0.1589176813161689,0.1652594255106166,0.1586884756375914,0.1624328196048736,1028916000.0
2003-05-19,NVIDIA,0.1602928754384968,0.1618212315621531,0.1513537476685342,0.1532644182443618,1220484000.0
2003-05-20,NVIDIA,0.1534936469897697,0.1554794990930091,0.1528060164796447,0.1543334573507309,884124000.0
2003-05-21,NVIDIA,0.1544105231754133,0.1598345155745544,0.1535697835874603,0.1597584187984466,905472000.0
2003-05-22,NVIDIA,0.1599875763871017,0.1617451381489527,0.1562441352799032,0.1602928787469864,888816000.0
2003-05-23,NVIDIA,0.1604460420856586,0.1635018537487268,0.1587654918532936,0.1594531089067459,867612000.0
2003-05-27,NVIDIA,0.1577716827107322,0.1741986042435537,0.1547158702848598,0.1735870838165283,1677408000.0
2003-05-28,NVIDIA,0.1730524932198712,0.1749622625177015,0.168850640090556,0.1731285899877548,1235556000.0
2003-05-29,NVIDIA,0.1730525584428199,0.1908547413967591,0.1726702437650723,0.1849714070558548,2297736000.0
2003-05-30,NVIDIA,0.2024673044233621,0.2034611528455718,0.1975017237009416,0.1999460011720657,2142312000.0
2003-06-02,NVIDIA,0.2051416874966293,0.2053709068018228,0.1876457432503285,0.1888678818941116,1566144000.0
2003-06-03,NVIDIA,0.1867289202490883,0.1984946559373483,0.1844368363298832,0.1927644461393356,1596804000.0
2003-06-04,NVIDIA,0.1921529224835363,0.1975017333647333,0.1891732077654233,0.1973486244678497,1175604000.0
2003-06-05,NVIDIA,0.1947512648220845,0.2036903965465722,0.1921529489672614,0.2030027657747268,1204404000.0
2003-06-06,NVIDIA,0.2109479892805046,0.2120179343020055,0.1952857051815454,0.1968140751123428,1378836000.0
2003-06-09,NVIDIA,0.1955909961085693,0.2006335878441168,0.1914652404760208,0.1944449543952942,720588000.0
2003-06-10,NVIDIA,0.1944450324938911,0.1974247476099632,0.1923060570640603,0.1972725540399551,563304000.0
2003-06-11,NVIDIA,0.196049417792309,0.1991822405163039,0.1925351822934865,0.1974246650934219,943836000.0
2003-06-12,NVIDIA,0.1987999156381186,0.2009398055557892,0.1938343496658623,0.1944449543952942,1046688000.0
2003-06-13,NVIDIA,0.1860413252533025,0.1913892215276636,0.1780190299990467,0.1793172657489776,1826808000.0
2003-06-16,NVIDIA,0.1814571361174072,0.1854297840620953,0.169461278473978,0.1831376999616623,1904868000.0
2003-06-17,NVIDIA,0.1873395746118173,0.1887148224940611,0.1818385557590413,0.1874926835298538,999852000.0
2003-06-18,NVIDIA,0.185658967441002,0.1984185510236307,0.1841305973339386,0.1946741938591003,1122072000.0
2003-06-19,NVIDIA,0.1955149794276561,0.1965079126917527,0.1818385563596947,0.1828324049711227,1190532000.0
2003-06-20,NVIDIA,0.1848182548440076,0.1848952669700043,0.1780190144938399,0.1809217035770416,937848000.0
2003-06-23,NVIDIA,0.1807694949873095,0.1816863313069367,0.1709135284596395,0.1745038479566574,734784000.0
2003-06-24,NVIDIA,0.1734348369072695,0.1772543761449805,0.1685444506564735,0.174122467637062,1008816000.0
2003-06-25,NVIDIA,0.1745808988522678,0.1816863574432034,0.1738932680981546,0.1752685159444809,1060620000.0
2003-06-26,NVIDIA,0.1758030119013621,0.1778658901980873,0.1703019940021631,0.1754976958036422,960540000.0
2003-06-27,NVIDIA,0.1775605622271363,0.1791650290892554,0.1715241349468326,0.1723648607730865,709104000.0
2003-06-30,NVIDIA,0.1746569768115986,0.1780951028878127,0.1726701952086556,0.1750392913818359,544128000.0
2003-07-01,NVIDIA,0.1728233056916764,0.1824500669905312,0.1712188386442513,0.1822208613157272,977016000.0
2003-07-02,NVIDIA,0.1839013684900442,0.1862704777930764,0.1791650079017712,0.1816862970590591,846828000.0
2003-07-03,NVIDIA,0.1774835496407545,0.1842837179388314,0.177102150459288,0.1796234399080276,420912000.0
2003-07-07,NVIDIA,0.1820677292681398,0.1923821062800051,0.1819916325019518,0.1913891732692718,832200000.0
2003-07-08,NVIDIA,0.1861173337212758,0.1917714588106715,0.185658922531892,0.1892501562833786,602856000.0
2003-07-09,NVIDIA,0.1891732099709808,0.1967370928593631,0.188867907520856,0.1936051845550537,755352000.0
2003-07-10,NVIDIA,0.1875687909840513,0.1900139843988759,0.1823740033337711,0.1856590211391449,644568000.0
2003-07-11,NVIDIA,0.1878749844352195,0.1890210265304044,0.185047463082576,0.1866519302129745,495000000.0
2003-07-14,NVIDIA,0.1913891780082916,0.1925352199268762,0.1842837208454466,0.1852005571126938,694344000.0
2003-07-15,NVIDIA,0.1879510564987922,0.1887917960169613,0.1774074596800916,0.1791650354862213,1143456000.0
2003-07-16,NVIDIA,0.1825261550160461,0.1833668945609921,0.1726701885148848,0.1769490540027618,880476000.0
2003-07-17,NVIDIA,0.1716011285425245,0.1738161999964155,0.1657938938753488,0.168085977435112,853764000.0
2003-07-18,NVIDIA,0.1648010004915626,0.1653355222877327,0.1563963778661195,0.1624328196048736,1280832000.0
2003-07-21,NVIDIA,0.1633496578863883,0.1638841660268939,0.1561671740090714,0.1599876284599304,985140000.0
2003-07-22,NVIDIA,0.1644956719253932,0.1657178105633051,0.1617451632333559,0.162661999464035,582444000.0
2003-07-23,NVIDIA,0.1625088880366644,0.1657939047265791,0.157619418214662,0.1648009717464447,605328000.0
2003-07-24,NVIDIA,0.1677806693300792,0.1690028078271392,0.1570078687694879,0.1583831161260604,1116828000.0
2003-07-25,NVIDIA,0.158688406236743,0.1618212149134061,0.1528059913192971,0.1609043926000595,1002084000.0
2003-07-28,NVIDIA,0.1622036017296351,0.1625850009337661,0.1552503241375135,0.1559379547834396,703752000.0
2003-07-29,NVIDIA,0.1418040367355102,0.1540281837045907,0.1402756665705077,0.1457005739212036,2794788000.0
2003-07-30,NVIDIA,0.1451651059991921,0.1468465708752684,0.1431792404722724,0.1440960764884948,788724000.0
2003-07-31,NVIDIA,0.1474572112631488,0.1495971012983344,0.1443253036630027,0.1458527445793151,897600000.0
2003-08-01,NVIDIA,0.145929786329645,0.1518892014862651,0.1444775130039902,0.1506661474704742,767556000.0
2003-08-04,NVIDIA,0.1505139814407295,0.1590707980412574,0.1495971450194275,0.1563202887773513,1428852000.0
2003-08-05,NVIDIA,0.1603699715526984,0.1640373177522381,0.1545627480543606,0.1558618992567062,1063488000.0
2003-08-06,NVIDIA,0.1537989794993371,0.1558618577720409,0.1457766720695116,0.1495201140642166,1025868000.0
2003-08-07,NVIDIA,0.1491387211521176,0.1512776962863314,0.1454713757739819,0.1474572420120239,1040340000.0
2003-08-08,NVIDIA,0.1264470360519837,0.1269815577318554,0.1165910710604676,0.1184247434139251,3767580000.0
2003-08-11,NVIDIA,0.120334456879519,0.1264469919327,0.1195707434993063,0.1248425394296646,1675752000.0
2003-08-12,NVIDIA,0.1264470688957599,0.1276692077791986,0.1243841903777754,0.1273639053106308,764160000.0
2003-08-13,NVIDIA,0.1278983876776386,0.1302665679336989,0.1246894680463679,0.1282036900520324,693552000.0
2003-08-14,NVIDIA,0.1239257076227738,0.1257593793963604,0.1223973381419076,0.1237725988030433,1527696000.0
2003-08-15,NVIDIA,0.1230089252187334,0.1241549671600369,0.1222442824724729,0.1233903244137764,217716000.0
2003-08-18,NVIDIA,0.1253770931319841,0.1270576566457748,0.1231611062441133,0.1270576566457748,717684000.0
2003-08-19,NVIDIA,0.1298851906866137,0.1375251842083658,0.1298081785617,0.1367614567279815,1403976000.0
2003-08-20,NVIDIA,0.1348507702350616,0.1373720600118669,0.1318710554412651,0.1348507702350616,870348000.0
2003-08-21,NVIDIA,0.1381366809446519,0.1398172445217854,0.1359967907379747,0.1385180801153183,644748000.0
2003-08-22,NVIDIA,0.1468466210781397,0.1488324872839731,0.1394349319822916,0.1395119577646255,1002396000.0
2003-08-25,NVIDIA,0.142185415142052,0.142185415142052,0.1375251512289561,0.138747289776802,434028000.0
2003-08-26,NVIDIA,0.136990658413669,0.1390535367997369,0.1327878895188652,0.1365322470664978,768984000.0
2003-08-27,NVIDIA,0.1374490273603513,0.1421092903543,0.1359967544647219,0.1406579464673996,567816000.0
2003-08-28,NVIDIA,0.14203324436176,0.1427969717812652,0.1353861981924169,0.1369906514883041,828312000.0
2003-08-29,NVIDIA,0.1367614504289667,0.1394349336679445,0.136226013306277,0.1388243287801742,532884000.0
2003-09-02,NVIDIA,0.1412685875844988,0.1424916415538651,0.1369136257908482,0.1376012563705444,711456000.0
2003-09-03,NVIDIA,0.1396641855959461,0.1400465002504267,0.1342401920688131,0.1349278092384338,849972000.0
2003-09-04,NVIDIA,0.1354623143371347,0.1394349489165594,0.134469381113627,0.1362260282039642,740064000.0
2003-09-05,NVIDIA,0.1364552310233814,0.1459297984479373,0.1348507640305822,0.142720878124237,1198740000.0
2003-09-08,NVIDIA,0.145012983377739,0.1509723999029238,0.1432554072335415,0.1492909342050552,1508712000.0
2003-09-09,NVIDIA,0.145165140057884,0.1640372607575993,0.1431792740650397,0.1584592312574386,2489436000.0
2003-09-10,NVIDIA,0.1539520954416317,0.1580778521760412,0.1463882126491805,0.1476103514432907,1380624000.0
2003-09-11,NVIDIA,0.1495971247687947,0.1539520869340329,0.1398172552528606,0.1457005739212036,2612736000.0
2003-09-12,NVIDIA,0.1444775462930518,0.1510484968025282,0.1428730927257057,0.1478395760059356,1162404000.0
2003-09-15,NVIDIA,0.1490617171121838,0.1498263600192821,0.1448598766672188,0.1453943848609924,596028000.0
2003-09-16,NVIDIA,0.1457005217790748,0.1503607983678098,0.1457005217790748,0.1499023735523224,620736000.0
2003-09-17,NVIDIA,0.1508192410149803,0.1545626824163263,0.1495971024705732,0.1516599804162979,902784000.0
2003-09-18,NVIDIA,0.1508192768672383,0.1528821553033437,0.1491387266740179,0.1528060585260391,603492000.0
2003-09-19,NVIDIA,0.1545627157667695,0.1555565642479769,0.1502077533109781,0.1515830010175705,648096000.0
2003-09-22,NVIDIA,0.1486032641241678,0.1489094818754983,0.1444014111929988,0.1456235498189926,735504000.0
2003-09-23,NVIDIA,0.1458527510596033,0.1478395323188179,0.1439429955713322,0.146998792886734,628932000.0
2003-09-24,NVIDIA,0.1438668944907205,0.1451651298028803,0.1356153826535575,0.1358445882797241,1600668000.0
2003-09-25,NVIDIA,0.1369136006343043,0.1393587927766843,0.133323282191173,0.133933886885643,736776000.0
2003-09-26,NVIDIA,0.1335525240948548,0.1339339232958566,0.1270576715406018,0.1288152337074279,895908000.0
2003-09-29,NVIDIA,0.1223213295814032,0.1266762929365514,0.1199522329043541,0.121862918138504,1944996000.0
2003-09-30,NVIDIA,0.1207929794695494,0.1261408764651968,0.1203345543389083,0.1220151185989379,1020888000.0
2003-10-01,NVIDIA,0.1222442494007213,0.1244602359142382,0.1219389470578553,0.1230088919401168,877224000.0
2003-10-02,NVIDIA,0.1222443526967272,0.1266763294687642,0.1218629532825863,0.1249187663197517,857628000.0
2003-10-03,NVIDIA,0.1283567989127221,0.1314126096833031,0.1261408121703659,0.1282036900520324,862812000.0
2003-10-06,NVIDIA,0.1284329197134552,0.1297320705669626,0.1261408357851467,0.1272107809782028,377028000.0
2003-10-07,NVIDIA,0.1272107577286006,0.1283567994832992,0.1254531822135151,0.1283567994832992,510588000.0
2003-10-08,NVIDIA,0.1283567990831322,0.1295028408342579,0.123085001563196,0.1238487288355827,739440000.0
2003-10-09,NVIDIA,0.1256824250286894,0.1304958127524963,0.1246133950617836,0.1256063282489776,852408000.0
2003-10-10,NVIDIA,0.127593074307783,0.1287391160813371,0.1260647180480079,0.1278222799301147,413976000.0
2003-10-13,NVIDIA,0.1292736524804688,0.1317949419372758,0.1282807194576332,0.1291205435991287,434904000.0
2003-10-14,NVIDIA,0.1277453209498437,0.1318710785151667,0.1269816070068022,0.1314896792173385,623556000.0
2003-10-15,NVIDIA,0.1330171540233634,0.1354623617245105,0.1289684212451182,0.1298082321882248,703488000.0
2003-10-16,NVIDIA,0.1299612820908838,0.1318710515555511,0.1279745141663855,0.1314126402139663,446088000.0
2003-10-17,NVIDIA,0.1306489257158958,0.1331702156683347,0.1271347025454318,0.127286896109581,459696000.0
2003-10-20,NVIDIA,0.1273638681038454,0.1302665700611421,0.1265992254729995,0.1301143765449524,467388000.0
2003-10-21,NVIDIA,0.1324825581908171,0.1366083140636065,0.130648885878045,0.1340870112180709,758724000.0
2003-10-22,NVIDIA,0.132024150058304,0.135079961298265,0.1311073274473108,0.1317949444055557,620952000.0
2003-10-23,NVIDIA,0.1298851813651546,0.1337047201782961,0.1296559757013348,0.1311834305524826,451524000.0
2003-10-24,NVIDIA,0.1298851425790282,0.131871008164799,0.1286620888438712,0.1307249665260315,447084000.0
2003-10-27,NVIDIA,0.1314126402139663,0.1329409967968799,0.1304958038688984,0.1314126402139663,254460000.0
2003-10-28,NVIDIA,0.1331701784060769,0.1404287574186882,0.1325586582787226,0.1396641284227371,956064000.0
2003-10-29,NVIDIA,0.1355383724463349,0.1413455935980994,0.1354622756855528,0.1396641284227371,494004000.0
2003-10-30,NVIDIA,0.1432553555721124,0.1433314523290987,0.1368375162982527,0.1370667219161987,581256000.0
2003-10-31,NVIDIA,0.1382888546970827,0.1394348964012406,0.1329409606393642,0.1350799351930618,598152000.0
2003-11-03,NVIDIA,0.1343923364351231,0.1401995578374065,0.1337817179665639,0.1376012563705444,773724000.0
2003-11-04,NVIDIA,0.1405809955427289,0.1409633238239027,0.1371428690255362,0.1380597054958343,700896000.0
2003-11-05,NVIDIA,0.1352330762964176,0.1399703667592532,0.1330170891134947,0.1385951191186905,882024000.0
2003-11-06,NVIDIA,0.1406580014616694,0.1413456184708064,0.1363030254276437,0.1388243287801742,1175280000.0
2003-11-07,NVIDIA,0.1654886288298417,0.1685444403705958,0.161974405938468,0.1661762595176696,4292820000.0
2003-11-10,NVIDIA,0.1667107283966273,0.169002811933911,0.1647248625858098,0.1657177954912185,1210056000.0
2003-11-11,NVIDIA,0.1619744094338933,0.1648010016984371,0.1586884767997025,0.1615920811891555,799140000.0
2003-11-12,NVIDIA,0.1610575994733272,0.1642665205090493,0.160292956520307,0.1637310832738876,617664000.0
2003-11-13,NVIDIA,0.1637310207621519,0.166100130159469,0.1628141845788606,0.1638080328702926,580332000.0
2003-11-14,NVIDIA,0.1642664750197426,0.1642664750197426,0.1536458661827976,0.1541042774915695,888420000.0
2003-11-17,NVIDIA,0.1512016040602851,0.154333498745835,0.149749330547163,0.1524998396635055,599880000.0
2003-11-18,NVIDIA,0.1562442450236835,0.1581540152952966,0.1497493894040696,0.1502848267555236,991428000.0
2003-11-19,NVIDIA,0.1513537879900079,0.155098131702483,0.1508192662302127,0.1544866114854812,567552000.0
2003-11-20,NVIDIA,0.1520414326629491,0.1554034624335671,0.149749348292008,0.150360882282257,738852000.0
2003-11-21,NVIDIA,0.1521945500759638,0.1524237694553713,0.1480688061751494,0.1509724110364914,543240000.0
2003-11-24,NVIDIA,0.1524237202529596,0.1604460134093856,0.1513537751389466,0.160063698887825,940644000.0
2003-11-25,NVIDIA,0.160751336445468,0.164189476187004,0.1589176774001339,0.1628142148256302,822804000.0
2003-11-26,NVIDIA,0.1654886440432061,0.1660231522189941,0.1599115422375445,0.1629673540592193,430032000.0
2003-11-28,NVIDIA,0.1628912406241366,0.1633496519700353,0.1608283622437951,0.1622036099433899,206136000.0
2003-12-01,NVIDIA,0.164037339756228,0.1657178904890609,0.1621266542612248,0.1644957512617111,526980000.0
2003-12-02,NVIDIA,0.1635018151318031,0.1671691462030723,0.1628141845788606,0.1638080328702926,574740000.0
2003-12-03,NVIDIA,0.1642665063815351,0.1696144025320048,0.1617452027162295,0.1621266156435012,710028000.0
2003-12-04,NVIDIA,0.162662003949285,0.1655647062514361,0.1574663024910734,0.1612867563962936,521952000.0
2003-12-05,NVIDIA,0.1574663419143271,0.1619744275556354,0.1547919429059175,0.1560910940170288,559848000.0
2003-12-08,NVIDIA,0.1560910409182626,0.1588415494390968,0.1547157934887934,0.1572370827198028,340980000.0
2003-12-09,NVIDIA,0.1569318559911282,0.1584592976776046,0.1489856426477444,0.1490617394447326,598128000.0
2003-12-10,NVIDIA,0.1490616639351699,0.153187419784605,0.1489855671767297,0.1523476094007492,568656000.0
2003-12-11,NVIDIA,0.1522705977130206,0.1619743834723325,0.1519652953040257,0.160063698887825,694872000.0
2003-12-12,NVIDIA,0.1622035988748063,0.163272628706048,0.1566255826727114,0.1592238843441009,700692000.0
2003-12-15,NVIDIA,0.1638841487276665,0.1641133680466207,0.1555565526703763,0.1560149639844894,622752000.0
2003-12-16,NVIDIA,0.1550981250221491,0.1591468693098865,0.1523476298610642,0.1581539362668991,601728000.0
2003-12-17,NVIDIA,0.1568547556351383,0.1573901789553507,0.1524997944064337,0.155098095536232,499116000.0
2003-12-18,NVIDIA,0.1554034206987879,0.1602168075146126,0.1552503118209859,0.1586123406887054,436728000.0
2003-12-19,NVIDIA,0.162584990724306,0.1650301970598298,0.1592238771480857,0.16098053753376,916956000.0
2003-12-22,NVIDIA,0.1586123765839563,0.1615920916050481,0.1570079230568453,0.1612097769975662,371184000.0
2003-12-23,NVIDIA,0.1605991296678713,0.1693851642478913,0.1605221175517665,0.1677806973457336,722760000.0
2003-12-24,NVIDIA,0.1677045906725722,0.1682391123799794,0.1661001375270667,0.1665585488080978,210852000.0
2003-12-26,NVIDIA,0.1678567867909268,0.1747330517457446,0.167169156196876,0.1737401187419891,363960000.0
2003-12-29,NVIDIA,0.1770251385624617,0.1816863182841921,0.1761853144226233,0.1810747981071472,756624000.0
2003-12-30,NVIDIA,0.1791650921901681,0.1848953037261041,0.1790119832549865,0.1814571768045425,550884000.0
2003-12-31,NVIDIA,0.1813801054162771,0.1822208449259083,0.1743516466193141,0.1772543489933014,497268000.0
2004-01-02,NVIDIA,0.1800818827454224,0.1825261603228725,0.1763375252485275,0.1763375252485275,436416000.0
2004-01-05,NVIDIA,0.1790119550104453,0.1832908210411413,0.1774074878363951,0.1820677667856216,575292000.0
2004-01-06,NVIDIA,0.1815332008159008,0.1920006999809111,0.1806924613687257,0.1894794106483459,1093344000.0
2004-01-07,NVIDIA,0.187339581905701,0.1920768597235916,0.186041332443693,0.1911600232124328,673032000.0
2004-01-08,NVIDIA,0.1935281424906388,0.1944449787082771,0.1900139201569627,0.1918475925922393,433752000.0
2004-01-09,NVIDIA,0.1905485353268801,0.1969663783364758,0.1890210798923307,0.1945981830358505,766584000.0
2004-01-12,NVIDIA,0.1952857051815454,0.1974246798775371,0.1934520328681509,0.1968140751123428,541980000.0
2004-01-13,NVIDIA,0.1958202669744538,0.1977309519185695,0.1845890517092618,0.1866519302129745,865800000.0
2004-01-14,NVIDIA,0.1875687713939217,0.1902431702458535,0.1835200264105418,0.1852766871452331,544872000.0
2004-01-15,NVIDIA,0.1839013823996467,0.1871103023252216,0.1806163657102405,0.1855828613042831,609204000.0
2004-01-16,NVIDIA,0.1874926708611149,0.1900139607518503,0.1857350948143018,0.1884095072746276,451728000.0
2004-01-20,NVIDIA,0.1907016142051917,0.1939866319932556,0.1885626386551285,0.1936813294887542,487764000.0
2004-01-21,NVIDIA,0.1920768454753317,0.1928405730058395,0.1844368651140646,0.1847421675920486,494460000.0
2004-01-22,NVIDIA,0.1857350370420905,0.1887147510437027,0.1782481681642271,0.1804632395505905,605724000.0
2004-01-23,NVIDIA,0.1795464426485158,0.1831376911899049,0.1760322198893746,0.1764145344495773,482472000.0
2004-01-26,NVIDIA,0.1775605599485735,0.1841305935230941,0.1761853124143317,0.1833668798208236,393684000.0
2004-01-27,NVIDIA,0.1796995503823257,0.182603168243022,0.1715241475742978,0.1728993952274322,934104000.0
2004-01-28,NVIDIA,0.1751154184524125,0.1778659279863681,0.1715241828573695,0.1724410057067871,615204000.0
2004-01-29,NVIDIA,0.1729764250194736,0.1738162493081443,0.1615920870878842,0.1673984080553054,929700000.0
2004-01-30,NVIDIA,0.1670169351592474,0.1738161868815394,0.1660230869720792,0.1699966490268707,466464000.0
2004-02-02,NVIDIA,0.1713719619514475,0.1761083236674759,0.1696143859974271,0.1727472096681594,560844000.0
2004-02-03,NVIDIA,0.1722887152460449,0.1752684288167558,0.1698435232496934,0.1721356064081192,418032000.0
2004-02-04,NVIDIA,0.1696905043982018,0.171065752290169,0.1672462264525053,0.1674754321575164,436800000.0
2004-02-05,NVIDIA,0.1683921961208548,0.171906417954205,0.1673222511805659,0.1699966490268707,331980000.0
2004-02-06,NVIDIA,0.172211763980085,0.1763375205872556,0.1712949276605029,0.1738932430744171,471132000.0
2004-02-09,NVIDIA,0.1751914600299141,0.1780189808084829,0.1725940739004387,0.1726701706647873,373992000.0
2004-02-10,NVIDIA,0.1732056203363823,0.1791650498551191,0.1731286082132733,0.1790119409561157,509700000.0
2004-02-11,NVIDIA,0.1813040389435879,0.1858882074409651,0.1806925049859561,0.1852766871452331,737808000.0
2004-02-12,NVIDIA,0.1842837367718207,0.1852766698929526,0.1768729628872065,0.1796995550394058,974892000.0
2004-02-13,NVIDIA,0.174962231360136,0.1825261121218063,0.1734347768679716,0.1780189573764801,1747500000.0
2004-02-17,NVIDIA,0.1787066157471128,0.1805402883767577,0.1762614228997956,0.1800048649311065,575976000.0
2004-02-18,NVIDIA,0.1805402883767577,0.1814571246915802,0.1787827125191339,0.1800048649311065,320244000.0
2004-02-19,NVIDIA,0.1822208184309739,0.1854297381087223,0.1795464067529028,0.1799287348985672,631032000.0
2004-02-20,NVIDIA,0.1796234264459548,0.1848952242579528,0.1786295781536754,0.1844368129968643,618120000.0
2004-02-23,NVIDIA,0.1841305650533631,0.184436796426497,0.1755737514356589,0.1780189573764801,853332000.0
2004-02-24,NVIDIA,0.1749622464485457,0.1771782333086228,0.1690028181045025,0.1709135025739669,708384000.0
2004-02-25,NVIDIA,0.171982478582611,0.1751913973825078,0.1700727100564212,0.1719063818454742,652512000.0
2004-02-26,NVIDIA,0.1744276922377921,0.1747330082333632,0.1709134707007971,0.1730524450540542,344976000.0
2004-02-27,NVIDIA,0.1734347741071001,0.1735869812752364,0.1673983479336867,0.1699966490268707,595548000.0
2004-03-01,NVIDIA,0.1695382413730219,0.1728232576690245,0.1693090357619077,0.1725179553031921,506628000.0
2004-03-02,NVIDIA,0.1727471600793617,0.173969298545639,0.1686214044516664,0.1693090349435806,813348000.0
2004-03-03,NVIDIA,0.1688506893394637,0.1688506893394637,0.1643426171295022,0.1670931130647659,552492000.0
2004-03-04,NVIDIA,0.1687736413744602,0.1710657253879131,0.1673983936987681,0.1707604229450225,413352000.0
2004-03-05,NVIDIA,0.166939988437065,0.1734348420285263,0.1663293834790891,0.1695383042097091,354888000.0
2004-03-08,NVIDIA,0.1696143826665676,0.1719064667033755,0.1623558023263435,0.1636549532413482,465168000.0
2004-03-09,NVIDIA,0.1650302082063637,0.1651833170970393,0.1597584096609621,0.1625089049339294,371232000.0
2004-03-10,NVIDIA,0.1635788336648345,0.1653354939922729,0.1589946662302215,0.1601407080888748,481692000.0
2004-03-11,NVIDIA,0.1580008143815196,0.1636549267847918,0.1580008143815196,0.1589176505804062,526872000.0
2004-03-12,NVIDIA,0.1610575121899359,0.1642664314866186,0.1592999368659223,0.1622796505689621,377952000.0
2004-03-15,NVIDIA,0.1612867526269477,0.1619743832183217,0.157619421350712,0.1586123406887054,421224000.0
2004-03-16,NVIDIA,0.1605991717980462,0.1661762876986998,0.159529226354183,0.1654125601053238,597504000.0
2004-03-17,NVIDIA,0.1680859743637695,0.1710656884017732,0.1673983575055424,0.1694612354040146,524592000.0
2004-03-18,NVIDIA,0.1685444453049777,0.1734348314004979,0.1680860202790384,0.1713719666004181,528048000.0
2004-03-19,NVIDIA,0.1704550951486165,0.1722117417798402,0.168392217110962,0.1693851500749588,452964000.0
2004-03-22,NVIDIA,0.1667877421375054,0.1693851417416239,0.164266452954145,0.168085977435112,576708000.0
2004-03-23,NVIDIA,0.1703780881366373,0.1722117469323846,0.1668638520981972,0.1687736213207245,576036000.0
2004-03-24,NVIDIA,0.1684683400444979,0.1791650464016048,0.1680860118160675,0.1763375252485275,787344000.0
2004-03-25,NVIDIA,0.1783243303626466,0.1874926813487157,0.1780190278774536,0.1865758448839187,997128000.0
2004-03-26,NVIDIA,0.1860412955284118,0.1889439980625526,0.1835200058694382,0.1860412955284118,551604000.0
2004-03-29,NVIDIA,0.1887148075816819,0.1965849086410453,0.1883334083377216,0.1940636187791824,985764000.0
2004-03-30,NVIDIA,0.1927644436176442,0.2007867372299165,0.1926113210690045,0.1998699009418487,724956000.0
2004-03-31,NVIDIA,0.2008628832129462,0.2038425984637494,0.1997938531233554,0.2017036229372024,604752000.0
2004-04-01,NVIDIA,0.2019327639696445,0.2060585201243446,0.1930697315064624,0.1981123238801956,1319508000.0
2004-04-02,NVIDIA,0.2024673038437646,0.2037664546938821,0.1963556811743951,0.2009398490190506,649740000.0
2004-04-05,NVIDIA,0.1998699487519026,0.2089622033758026,0.1998699487519026,0.2081214636564254,576744000.0
2004-04-06,NVIDIA,0.203995656851014,0.2054470148799078,0.198647761685828,0.1997167915105819,624096000.0
2004-04-07,NVIDIA,0.2012451824452314,0.2013212792226853,0.1951326439022259,0.1986477822065353,447864000.0
2004-04-08,NVIDIA,0.2030787718167448,0.2062876912149887,0.2015504156998961,0.2043009102344513,447096000.0
2004-04-12,NVIDIA,0.2059054368117778,0.2068222731446337,0.1992583904759451,0.2004814445972442,443784000.0
2004-04-13,NVIDIA,0.2023150621442709,0.202467255649843,0.1948272782890708,0.1958201974630355,442704000.0
2004-04-14,NVIDIA,0.1948272939341446,0.2004814060772362,0.1926112934703504,0.1968140751123428,512016000.0
2004-04-15,NVIDIA,0.1941396474962709,0.1949803868251939,0.1856589308189728,0.1864996701478958,828084000.0
2004-04-16,NVIDIA,0.185735125523027,0.1858121376632386,0.1800049140685359,0.1803872287273407,654864000.0
2004-04-19,NVIDIA,0.1802341009495331,0.1814571552527636,0.1769490833533167,0.1801580041646957,522804000.0
2004-04-20,NVIDIA,0.1806163440801738,0.1826031251492738,0.1724409295396192,0.1725179553031921,513804000.0
2004-04-21,NVIDIA,0.1732056210197639,0.178782722324705,0.1714480587276422,0.1727472096681594,688812000.0
2004-04-22,NVIDIA,0.1711427189060806,0.1766437363346936,0.1675514843812222,0.1737401187419891,695520000.0
2004-04-23,NVIDIA,0.1758790729680273,0.1805402520618542,0.1753445513151628,0.1775605380535125,443928000.0
2004-04-26,NVIDIA,0.1779419594473198,0.1787065884393608,0.170148858793124,0.1706072837114334,429912000.0
2004-04-27,NVIDIA,0.1725940949840344,0.1771782629940343,0.1685444350839195,0.1691559553146362,494568000.0
2004-04-28,NVIDIA,0.1692320250851688,0.1718303401264251,0.1671691470774475,0.1684683114290237,468768000.0
2004-04-29,NVIDIA,0.1674753776034579,0.1686214194170981,0.1615920460041164,0.1638080328702926,645048000.0
2004-04-30,NVIDIA,0.162891246693864,0.1638841661979077,0.1561671741720325,0.1567787081003189,512928000.0
2004-05-03,NVIDIA,0.1584592531472187,0.1600637201891651,0.1520414123032304,0.154791921377182,610668000.0
2004-05-04,NVIDIA,0.1570079122895616,0.1666346737777437,0.156625597708298,0.1646478921175003,772380000.0
2004-05-05,NVIDIA,0.1648009372179219,0.1674753485426197,0.1634256900125701,0.1660230755805969,464280000.0
2004-05-06,NVIDIA,0.1643425963370578,0.1686975590684913,0.1608283732415643,0.1673984080553054,711348000.0
2004-05-07,NVIDIA,0.1722887707236231,0.1754976909110813,0.1677806997006952,0.1686975359916687,956772000.0
2004-05-10,NVIDIA,0.1641894942506148,0.1659470567140695,0.1585362819564862,0.1621266156435012,669072000.0
2004-05-11,NVIDIA,0.1641894892074141,0.1677046276882535,0.1635018584721973,0.1661001741886139,399936000.0
2004-05-12,NVIDIA,0.1651832939761776,0.1654124996065265,0.1580778238020919,0.1638080328702926,482328000.0
2004-05-13,NVIDIA,0.1624328127765481,0.1673222969077431,0.1619744014386637,0.1643425822257995,347952000.0
2004-05-14,NVIDIA,0.1650302128945245,0.1679338171406525,0.1635018426620495,0.1643425822257995,459000000.0
2004-05-17,NVIDIA,0.1619743651964909,0.1641133398360836,0.159299953555813,0.1617451459169387,308340000.0
2004-05-18,NVIDIA,0.1631965402191902,0.1662523516750509,0.1625850063243824,0.1643425822257995,204420000.0
2004-05-19,NVIDIA,0.1680099080040584,0.1703781023697806,0.1631204377067711,0.1639602482318878,498276000.0
2004-05-20,NVIDIA,0.1636549596352579,0.1664054687840274,0.1607513415839058,0.1615920811891555,421488000.0
2004-05-21,NVIDIA,0.163501871577746,0.1637310772872237,0.1597584424530242,0.1619744300842285,282096000.0
2004-05-24,NVIDIA,0.1616681774373942,0.1632726445177301,0.1595292022206232,0.1614389717578888,301620000.0
2004-05-25,NVIDIA,0.1621265685358142,0.1692320250851688,0.1588415519469563,0.1684683114290237,681264000.0
2004-05-26,NVIDIA,0.1684682574874187,0.1741984647508445,0.1674753248557555,0.1719063818454742,524568000.0
2004-05-27,NVIDIA,0.1747331038160338,0.1773314061114283,0.1722117999944327,0.1724410057067871,556548000.0
2004-05-28,NVIDIA,0.1745808677083158,0.1801579685439734,0.1732056064454261,0.1791650354862213,637980000.0
2004-06-01,NVIDIA,0.1761083229726417,0.1808456000171973,0.1758791172977439,0.1790119409561157,318420000.0
2004-06-02,NVIDIA,0.1833668915590232,0.1842076310902052,0.1774835591969579,0.1776366680860519,643800000.0
2004-06-03,NVIDIA,0.1777127831328478,0.1780951113832213,0.1685444464922665,0.1690798699855804,700824000.0
2004-06-04,NVIDIA,0.1725180136422278,0.1728994128917531,0.1672462144944031,0.1673984080553054,649608000.0
2004-06-07,NVIDIA,0.1701489169550639,0.17335783783255,0.1680099414858536,0.1714480817317962,571956000.0
2004-06-08,NVIDIA,0.1704551344151555,0.1707604368829657,0.1658709523521776,0.1683922559022903,615000000.0
2004-06-09,NVIDIA,0.1693852121150404,0.1696144178338642,0.1599876546861504,0.1605221629142761,498336000.0
2004-06-10,NVIDIA,0.1631204187538982,0.1634257211505442,0.1574662926887297,0.1589176505804062,564516000.0
2004-06-14,NVIDIA,0.1580778791736534,0.1580778791736534,0.1527290673844265,0.1539521217346191,424752000.0
2004-06-15,NVIDIA,0.1565494598821645,0.1586123241169659,0.154791884362086,0.1562441438436508,394584000.0
2004-06-16,NVIDIA,0.1557857791348878,0.1567787123276034,0.1531874634574157,0.1537989974021911,252576000.0
2004-06-17,NVIDIA,0.152806004576996,0.1565494455465773,0.1499784843152923,0.1507431268692016,482376000.0
2004-06-18,NVIDIA,0.1515830297134859,0.1551742653892476,0.148985629045174,0.1509724110364914,534336000.0
2004-06-21,NVIDIA,0.1512015375632332,0.1535697173978416,0.1473049881108895,0.1482979208230972,266568000.0
2004-06-22,NVIDIA,0.1491387256385029,0.153187456696167,0.1481448771423874,0.1524998396635055,430308000.0
2004-06-23,NVIDIA,0.152041369525473,0.1557087139255789,0.1516599704075538,0.155098095536232,264660000.0
2004-06-24,NVIDIA,0.1592238864276945,0.1597584081812589,0.1525768403073751,0.153722882270813,590652000.0
2004-06-25,NVIDIA,0.154791903012379,0.1565494787442211,0.1529582305139616,0.1547158062458038,329124000.0
2004-06-28,NVIDIA,0.1569317861493805,0.1574662941853543,0.1528060300461263,0.1534166485071182,299376000.0
2004-06-29,NVIDIA,0.1543334946536995,0.1589176763927212,0.1537228897612295,0.1586884707212448,363852000.0
2004-06-30,NVIDIA,0.1544866182846819,0.1588415807205585,0.1544866182846819,0.1563963741064071,329268000.0
2004-07-01,NVIDIA,0.1581539337994222,0.1583831394489537,0.1489855848610871,0.1492148041725158,505620000.0
2004-07-02,NVIDIA,0.1508192483784477,0.1508953451413781,0.1460058753780166,0.147151917219162,294948000.0
2004-07-06,NVIDIA,0.1453943449855503,0.1469227013713526,0.1369136269647987,0.1385180801153183,575388000.0
2004-07-07,NVIDIA,0.1402756541908017,0.1431792717143911,0.1385180785220864,0.1392057090997696,344136000.0
2004-07-08,NVIDIA,0.1379075246258283,0.1401996091817005,0.1346986035152269,0.1349278092384338,430056000.0
2004-07-09,NVIDIA,0.1347746563528914,0.1349277652342315,0.1265992404804245,0.1291205435991287,1114500000.0
2004-07-12,NVIDIA,0.1255301550738532,0.1291204863917983,0.1244602104108362,0.1261407732963562,676044000.0
2004-07-13,NVIDIA,0.127669155099495,0.1298851416110222,0.1245363325514081,0.1259115934371948,567108000.0
2004-07-14,NVIDIA,0.1214805479085622,0.1248425904264999,0.1178893134101585,0.120334506034851,901608000.0
2004-07-15,NVIDIA,0.1215566834024942,0.1228558344213813,0.1187300773604649,0.1194938048720359,611352000.0
2004-07-16,NVIDIA,0.1231611200813326,0.1233142289692781,0.1159795522689819,0.1159795522689819,464700000.0
2004-07-19,NVIDIA,0.1162848542647301,0.1185769378941433,0.1146803875270032,0.1172787025570869,461088000.0
2004-07-20,NVIDIA,0.1172016564135967,0.1201052733306763,0.1160556147981086,0.1196468621492385,341544000.0
2004-07-21,NVIDIA,0.1214805593479833,0.1216336819015693,0.1120069142277879,0.1123883202672004,613416000.0
2004-07-22,NVIDIA,0.1136874807829684,0.1153680446691857,0.1100201420321356,0.1147574260830879,521460000.0
2004-07-23,NVIDIA,0.1155211532076758,0.1156742621118643,0.1109369780759285,0.1117006987333297,371496000.0
2004-07-26,NVIDIA,0.1131529399410467,0.1141458728882317,0.1074988276180647,0.1085687726736068,503208000.0
2004-07-27,NVIDIA,0.1091032914750373,0.112465320285932,0.1057412558331942,0.1121590957045555,789888000.0
2004-07-28,NVIDIA,0.1119298873250544,0.1123122086611421,0.1061996713427811,0.1093324944376945,505116000.0
2004-07-29,NVIDIA,0.1108608887144582,0.119341615666415,0.1103254583566493,0.1165140941739082,747360000.0
2004-07-30,NVIDIA,0.1150626914587236,0.119952174322096,0.1148334858492135,0.1178131997585296,403956000.0
2004-08-02,NVIDIA,0.1178893382658383,0.1198000232435594,0.1159034718542579,0.1193416118621826,420984000.0
2004-08-03,NVIDIA,0.1198760768419604,0.1199521735956851,0.1122360993869434,0.1131529286503791,741540000.0
2004-08-04,NVIDIA,0.1119298853194653,0.115445029687481,0.1117776917977764,0.1143750846385955,507816000.0
2004-08-05,NVIDIA,0.1155972494592296,0.1161326729478261,0.109256420527973,0.1112422868609428,859920000.0
2004-08-06,NVIDIA,0.0772432761004775,0.0779308996564889,0.0710546436035356,0.0720475763082504,5088948000.0
2004-08-09,NVIDIA,0.0738812500151314,0.0769379759220284,0.0726591115929049,0.0752565041184425,1579212000.0
2004-08-10,NVIDIA,0.0794592795826517,0.0819805756068319,0.0781601221020009,0.0812159329652786,2051916000.0
2004-08-11,NVIDIA,0.0801469092178034,0.0801469092178034,0.0783132435933151,0.0788477584719657,963816000.0
2004-08-12,NVIDIA,0.0790769820978898,0.0793061877914734,0.076860994620352,0.0770141035318374,654384000.0
2004-08-13,NVIDIA,0.0788477541052415,0.0807575163887554,0.0781601235570608,0.0802230015397071,815700000.0
2004-08-16,NVIDIA,0.0793061863876362,0.0814451616979237,0.0788477750085835,0.0794593021273613,531732000.0
2004-08-17,NVIDIA,0.0812159545237459,0.0842726815454335,0.080452233857427,0.083814263343811,744912000.0
2004-08-18,NVIDIA,0.0841956280356537,0.0893913209438324,0.0835079976557237,0.0893913209438324,872424000.0
2004-08-19,NVIDIA,0.0888568575188264,0.0904613178232611,0.0877108085891305,0.0890860632061958,724404000.0
2004-08-20,NVIDIA,0.0886276526968723,0.0956561062907153,0.0883214280246615,0.0943578705191612,1199040000.0
2004-08-23,NVIDIA,0.0958853344563469,0.0974136983625616,0.0953508193370912,0.0964207649230957,800028000.0
2004-08-24,NVIDIA,0.0977960010198547,0.0982544192836607,0.090995844345299,0.0928295105695724,939420000.0
2004-08-25,NVIDIA,0.0948923750654624,0.0974897684998464,0.0931347990643334,0.0968021377921104,721308000.0
2004-08-26,NVIDIA,0.0966499413954385,0.0976428745341757,0.0958853054156451,0.0970313474535942,612720000.0
2004-08-27,NVIDIA,0.0971083561352448,0.100240264339672,0.0970313440147603,0.0988650098443031,565128000.0
2004-08-30,NVIDIA,0.0984836300636904,0.0990181451075866,0.0955039148178995,0.0955800116062164,628056000.0
2004-08-31,NVIDIA,0.0959623204462137,0.0964207386414719,0.0922179695895511,0.0951976776123046,587064000.0
2004-09-01,NVIDIA,0.0939755359141689,0.0984065951667533,0.0927533971002217,0.0970313474535942,591744000.0
2004-09-02,NVIDIA,0.0974897533050574,0.1017686184644811,0.0965729170582742,0.1010048910975456,770088000.0
2004-09-03,NVIDIA,0.0979482010006904,0.0999349761429975,0.0971083766138237,0.0979482010006904,715056000.0
2004-09-07,NVIDIA,0.0985596856352521,0.1006225635072076,0.0948162511987204,0.0961144864559173,727332000.0
2004-09-08,NVIDIA,0.0961915091545289,0.0970313332713037,0.0938994254136461,0.094128631055355,834984000.0
2004-09-09,NVIDIA,0.0964207189729938,0.105206739176128,0.0959623008712465,0.1035261824727058,1299324000.0
2004-09-10,NVIDIA,0.1017686511627946,0.108033384361394,0.1014633418211547,0.1074988692998886,1039344000.0
2004-09-13,NVIDIA,0.1073457536188185,0.1117007169470695,0.107193560037059,0.1095617413520813,967752000.0
2004-09-14,NVIDIA,0.1085688011835963,0.1107838732906335,0.1077280615382701,0.1100201457738876,683556000.0
2004-09-15,NVIDIA,0.1066581250746922,0.1069643497508792,0.1025323676425975,0.1039076223969459,1163904000.0
2004-09-16,NVIDIA,0.1056651742407194,0.1088740946371426,0.1052828528403775,0.1078041493892669,810024000.0
2004-09-17,NVIDIA,0.1086448711483461,0.1128467239813851,0.1077280349480196,0.1122361123561859,1003800000.0
2004-09-20,NVIDIA,0.1100201540280404,0.1152919604611824,0.1086449061158732,0.1120830327272415,794628000.0
2004-09-21,NVIDIA,0.1146043171575184,0.1159795649194865,0.1132290625646008,0.115062728524208,503904000.0
2004-09-22,NVIDIA,0.1120068819316433,0.114757383260664,0.109179368505399,0.1097147986292839,625920000.0
2004-09-23,NVIDIA,0.1110130622837381,0.1113192868883891,0.1078041421041647,0.1107077598571777,578664000.0
2004-09-24,NVIDIA,0.1111661920411124,0.1113193009473002,0.1057412772244603,0.10734573751688,476316000.0
2004-09-27,NVIDIA,0.1065059277342271,0.1077280666918017,0.1035262126206199,0.1054359823465347,406020000.0
2004-09-28,NVIDIA,0.1052067368878212,0.1078811418464058,0.1037553926823143,0.1069643124938011,474840000.0
2004-09-29,NVIDIA,0.1068873353477999,0.1126175534891068,0.1055120873656947,0.1095617413520813,537228000.0
2004-09-30,NVIDIA,0.1107838457456877,0.1134582507483623,0.1087209677141595,0.1109369546175003,619680000.0
2004-10-01,NVIDIA,0.1114714591204999,0.1161326381282247,0.1109369443084567,0.1155211180448532,590412000.0
2004-10-04,NVIDIA,0.1165140624064492,0.1203345024328579,0.1162848567709471,0.1188061460852623,673932000.0
2004-10-05,NVIDIA,0.1159034411690808,0.1189592521058468,0.1150627017481483,0.1161326467990875,633180000.0
2004-10-06,NVIDIA,0.1159034726363531,0.1171256115410785,0.1132290669564337,0.116591103374958,498504000.0
2004-10-07,NVIDIA,0.1187300467635305,0.121404444892893,0.1166671687646794,0.1172787025570869,798072000.0
2004-10-08,NVIDIA,0.11605564877973,0.1165140737572903,0.1098670208778468,0.1108608692884445,693420000.0
2004-10-11,NVIDIA,0.1110130622982978,0.1132290494195866,0.1090272030118357,0.1110130622982978,373848000.0
2004-10-12,NVIDIA,0.107269605201208,0.1102493191132767,0.1055120365848468,0.1094085797667503,827232000.0
2004-10-13,NVIDIA,0.1126945444852472,0.1141458958169011,0.1078041516651684,0.108720988035202,672816000.0
2004-10-14,NVIDIA,0.109714848549981,0.109714848549981,0.1046722547932534,0.1054359823465347,513264000.0
2004-10-15,NVIDIA,0.1056651807931595,0.1058182965308015,0.0999349634925084,0.1025323569774627,1280484000.0
2004-10-18,NVIDIA,0.1019217059297084,0.1054359344676756,0.1010809734568926,0.1043659895658493,573972000.0
2004-10-19,NVIDIA,0.1067351248338086,0.1078041547880167,0.1029146771735236,0.103678397834301,618480000.0
2004-10-20,NVIDIA,0.1033730845523995,0.1053598660425054,0.1027615575132427,0.104901447892189,540204000.0
2004-10-21,NVIDIA,0.1059704716114114,0.1086448767569871,0.1051306474773017,0.1072696223855018,1013964000.0
2004-10-22,NVIDIA,0.1082625565764021,0.1084917622253335,0.1011570926571974,0.1014633104205131,686460000.0
2004-10-25,NVIDIA,0.1006225862956586,0.1041368090806618,0.1003933737963374,0.1019217371940612,529164000.0
2004-10-26,NVIDIA,0.1119298985724587,0.1160556482098038,0.108262560248525,0.1107077598571777,2455776000.0
2004-10-27,NVIDIA,0.1087209988134901,0.1158264643082924,0.1087209988134901,0.1137635856866836,1074036000.0
2004-10-28,NVIDIA,0.1122361272607985,0.1146043080076716,0.1114714844839657,0.1125414296984672,561552000.0
2004-10-29,NVIDIA,0.1114714867667661,0.1129998501736064,0.1095617173108739,0.1105546504259109,742860000.0
2004-11-01,NVIDIA,0.1120829944686342,0.1129998306510914,0.1106316502648616,0.1129237338900566,653892000.0
2004-11-02,NVIDIA,0.112617516918555,0.1168963820664403,0.1117006806742441,0.1145282015204429,1095756000.0
2004-11-03,NVIDIA,0.1191884601017419,0.1195707882702501,0.1149866072696395,0.1155972257256507,910356000.0
2004-11-04,NVIDIA,0.1164379932121087,0.1191884888131478,0.1139927932507219,0.1177371442317962,995544000.0
2004-11-05,NVIDIA,0.1359968388725023,0.1434085297602787,0.1332463428804202,0.134774699807167,3849012000.0
2004-11-08,NVIDIA,0.1333233389778358,0.13805970108599,0.1327118050140959,0.1362260282039642,718620000.0
2004-11-09,NVIDIA,0.1341631162348514,0.1373720361487678,0.1340870194712966,0.1353861838579177,615936000.0
2004-11-10,NVIDIA,0.1352330613218455,0.1366844192355763,0.1346215411722089,0.1353861838579177,645912000.0
2004-11-11,NVIDIA,0.1362260325552381,0.1380597054958343,0.13530919608494,0.1380597054958343,507000000.0
2004-11-12,NVIDIA,0.1401996002848682,0.1405809995677384,0.136913667243446,0.1382889151573181,647076000.0
2004-11-15,NVIDIA,0.1369136316845012,0.1413456057800698,0.136073807540524,0.1403517574071884,536472000.0
2004-11-16,NVIDIA,0.1408102042876992,0.1423385609641111,0.1372959675887027,0.1398933678865432,472728000.0
2004-11-17,NVIDIA,0.14210936478656,0.1460059163366816,0.1407341169237702,0.1422624737024307,602772000.0
2004-11-18,NVIDIA,0.1434845428080921,0.1453182148405369,0.1405048291708427,0.1440960764884948,532524000.0
2004-11-19,NVIDIA,0.1550980994976663,0.1568547596414403,0.1437137652035982,0.1448598206043243,2126052000.0
2004-11-22,NVIDIA,0.1453943887516513,0.1489856243133545,0.1440191408283913,0.1489856243133545,733788000.0
2004-11-23,NVIDIA,0.1477634654078236,0.1512016052456808,0.1465404112245657,0.1495971381664276,676896000.0
2004-11-24,NVIDIA,0.1494440008155694,0.1526529207013115,0.1490616726451236,0.1502077281475067,428580000.0
2004-11-26,NVIDIA,0.1508953708631588,0.1531113581602585,0.1495971352748541,0.1517361104488372,350760000.0
2004-11-29,NVIDIA,0.1528821566595186,0.1539521019493305,0.1474572487797191,0.1487563997507095,704388000.0
2004-11-30,NVIDIA,0.1493679285575199,0.1495201221082616,0.1453182685655212,0.1461590081453323,576540000.0
2004-12-01,NVIDIA,0.1474572221919544,0.149826318025589,0.1463881924421371,0.149826318025589,514572000.0
2004-12-02,NVIDIA,0.148374084491321,0.1529582527416319,0.1472280424287433,0.1518122106790542,758652000.0
2004-12-03,NVIDIA,0.1554794988915076,0.1604459939918669,0.1549449909036815,0.1583831161260604,1347312000.0
2004-12-06,NVIDIA,0.1591468225523246,0.1672461394424636,0.1563202177911426,0.1659469753503799,970500000.0
2004-12-07,NVIDIA,0.1756498859121235,0.1907015675754885,0.1722117600387999,0.1742746382951736,2927052000.0
2004-12-08,NVIDIA,0.1767198534769579,0.1795464456209399,0.1749622775637503,0.1763375252485275,872724000.0
2004-12-09,NVIDIA,0.1732056028473984,0.1765667164940738,0.1698435738536008,0.1747330576181411,869964000.0
2004-12-10,NVIDIA,0.1787826744499724,0.1800048266017056,0.1770251126284937,0.178095057606697,652848000.0
2004-12-13,NVIDIA,0.1754207161432043,0.177712800527703,0.1723649041923521,0.1732056438922882,738024000.0
2004-12-14,NVIDIA,0.1733577723493766,0.1768729234012722,0.1730524699717388,0.1767198145389557,512988000.0
2004-12-15,NVIDIA,0.1784773761302634,0.1788587889268745,0.1757268813709494,0.1783242672681808,432768000.0
2004-12-16,NVIDIA,0.1835199697638963,0.1899378091440061,0.1803871468320876,0.1806924492120742,1524036000.0
2004-12-17,NVIDIA,0.1840545096834226,0.1848182371012278,0.1741224465109032,0.1761853247880935,1214244000.0
2004-12-20,NVIDIA,0.1782482012665719,0.1809987101623694,0.1733578019965744,0.1742746382951736,898728000.0
2004-12-21,NVIDIA,0.1742746303456831,0.1767959334672967,0.1699966804867242,0.175573781132698,899400000.0
2004-12-22,NVIDIA,0.1790880226284588,0.17992876214315,0.175420677491787,0.175803005695343,421824000.0
2004-12-23,NVIDIA,0.1748100658090965,0.178248191493921,0.1739693263272663,0.1762614101171493,366972000.0
2004-12-27,NVIDIA,0.1787066067989912,0.1794703341843626,0.1738162213492261,0.1747330576181411,308208000.0
2004-12-28,NVIDIA,0.1751153547461161,0.1764906021818336,0.1731285735222381,0.1738162040710449,291612000.0
2004-12-29,NVIDIA,0.1732817228078539,0.177483576517615,0.1728233114429907,0.1753446012735366,294732000.0
2004-12-30,NVIDIA,0.1754206261973038,0.1768728991464616,0.1738931855096838,0.1746569126844406,259812000.0
2004-12-31,NVIDIA,0.1771782592146181,0.180921687584031,0.1764906285630267,0.1800048649311065,575964000.0
2005-01-03,NVIDIA,0.1862705433007823,0.188867930129596,0.1793942766124556,0.1801580041646957,1066716000.0
2005-01-04,NVIDIA,0.1814571631711878,0.1817624656711821,0.1689267818655426,0.17167729139328,790224000.0
2005-01-05,NVIDIA,0.1698436174774243,0.1753446228419338,0.1689267809730226,0.1732817441225052,724812000.0
2005-01-06,NVIDIA,0.1763375075913592,0.1784003857429124,0.1703780924461253,0.1716011464595794,563568000.0
2005-01-07,NVIDIA,0.1719825787534841,0.1732817297838788,0.1657939431072921,0.1683152467012405,763092000.0
2005-01-10,NVIDIA,0.168850644878896,0.1703780996863882,0.1677046029306536,0.1686975359916687,579552000.0
2005-01-11,NVIDIA,0.167092972150947,0.1680098079101441,0.1609804514105785,0.1635017395019531,1093380000.0
2005-01-12,NVIDIA,0.1649541234759728,0.1655647421013905,0.1581539673438072,0.1621266156435012,1057800000.0
2005-01-13,NVIDIA,0.1625088821874077,0.1680859823863637,0.1589176478772426,0.1638080328702926,898764000.0
2005-01-14,NVIDIA,0.1668638719079604,0.167246200133826,0.1627381152194074,0.1643425822257995,573912000.0
2005-01-18,NVIDIA,0.1625089145630875,0.1673223020688353,0.1621265999873277,0.1669399738311767,464556000.0
2005-01-19,NVIDIA,0.1677045861204694,0.1680859852795913,0.162432788222224,0.1631204187870025,336492000.0
2005-01-20,NVIDIA,0.1598344101270546,0.1674753001355859,0.1598344101270546,0.1635017395019531,640080000.0
2005-01-21,NVIDIA,0.1637310207621519,0.1670169526808642,0.1631965127403502,0.1638080328702926,596352000.0
2005-01-24,NVIDIA,0.1628912086290995,0.1652593889924807,0.1563202465461914,0.1572370827198028,463704000.0
2005-01-25,NVIDIA,0.1579247500048736,0.1622036158182345,0.1570079136179707,0.1599876284599304,439704000.0
2005-01-26,NVIDIA,0.1605221302579601,0.1642664877828701,0.1578486469900275,0.1620505005121231,429120000.0
2005-01-27,NVIDIA,0.1623558033181147,0.1758030188370033,0.1613628701902461,0.1750392913818359,1002912000.0
2005-01-28,NVIDIA,0.1757269030728213,0.1764145200166212,0.1709896129236785,0.1748100668191909,671052000.0
2005-01-31,NVIDIA,0.1762614336600692,0.1784004088555448,0.1726701986154634,0.1751153916120529,562968000.0
2005-02-01,NVIDIA,0.174962256765369,0.1791650251036255,0.1738932269997754,0.178400382399559,507180000.0
2005-02-02,NVIDIA,0.1854297449351012,0.1897847065393758,0.1801579471517325,0.1883333623409271,2035404000.0
2005-02-03,NVIDIA,0.186346560716629,0.1876457112513608,0.1837491613322031,0.186346560716629,690120000.0
2005-02-04,NVIDIA,0.1864226771411085,0.1975777927910772,0.1863465803806524,0.1970432847738266,806448000.0
2005-02-07,NVIDIA,0.1972725091110607,0.2009398404989052,0.1929175471109153,0.1946741938591003,521628000.0
2005-02-08,NVIDIA,0.1934520863299693,0.1997168186314529,0.192840566048767,0.1965849101543426,455772000.0
2005-02-09,NVIDIA,0.1971194242193521,0.1977309444765089,0.18871480161397,0.1897086501121521,783756000.0
2005-02-10,NVIDIA,0.1907015487716043,0.1951326072772826,0.1900139181999834,0.1941396743059158,602376000.0
2005-02-11,NVIDIA,0.1929175779396896,0.20124518873816,0.1922299472175034,0.1997938305139541,556512000.0
2005-02-14,NVIDIA,0.1997166976124242,0.2004813399993045,0.1948272297197874,0.1955909430980682,432900000.0
2005-02-15,NVIDIA,0.1968902131244009,0.203613356350641,0.1965848970159371,0.1973486244678497,748500000.0
2005-02-16,NVIDIA,0.1967370773519671,0.1995645983304907,0.1931467579818638,0.1966609805822372,466464000.0
2005-02-17,NVIDIA,0.1993353926560747,0.1994114894257977,0.1933759636206486,0.1949034184217453,1017408000.0
2005-02-18,NVIDIA,0.2098789516928521,0.2162197787828594,0.204071717242014,0.2159905731678009,3132120000.0
2005-02-22,NVIDIA,0.2145392362230676,0.2237836814358572,0.2126294670373989,0.218741089105606,1420800000.0
2005-02-23,NVIDIA,0.215226867494669,0.2179012657114102,0.2081213970818194,0.2116356194019317,1107840000.0
2005-02-24,NVIDIA,0.2087328848419762,0.2175189032083009,0.2087328848419762,0.2172136008739471,695496000.0
2005-02-25,NVIDIA,0.2175189660383594,0.2214916135674882,0.2151507854088375,0.2203455716371536,525132000.0
2005-02-28,NVIDIA,0.219276533383971,0.2215686171564298,0.2173658487882267,0.2214916050434112,758064000.0
2005-03-01,NVIDIA,0.2224854555771331,0.2261527869166108,0.2187410984619854,0.2209570854902267,737148000.0
2005-03-02,NVIDIA,0.2185118886453561,0.2197349426332467,0.2131639937876787,0.2144631445407867,947460000.0
2005-03-03,NVIDIA,0.213927698194804,0.2153029455656054,0.2084266813878078,0.2115595042705536,761292000.0
2005-03-04,NVIDIA,0.2121710667670058,0.2140047392843633,0.2088851345781057,0.2106427103281021,593124000.0
2005-03-07,NVIDIA,0.2115595438720369,0.2172136705985164,0.2101081994725063,0.2127816826105117,511176000.0
2005-03-08,NVIDIA,0.2122471831363767,0.2127055944771039,0.2006336404413396,0.2020088881254196,1332384000.0
2005-03-09,NVIDIA,0.2007106286022935,0.2044540703032055,0.1961264610946811,0.196737065911293,910140000.0
2005-03-10,NVIDIA,0.197348611213125,0.1991061870178307,0.1935281571776536,0.1966609805822372,689280000.0
2005-03-11,NVIDIA,0.1984185306741487,0.1987238330606449,0.1904723212068849,0.1922298967838287,732180000.0
2005-03-14,NVIDIA,0.1962025750460519,0.1984946590006297,0.1948273274056848,0.1976539194583892,572148000.0
2005-03-15,NVIDIA,0.1986478130819159,0.2005575829167591,0.1935282069009146,0.1936813294887542,378108000.0
2005-03-16,NVIDIA,0.1929175223049328,0.1959733331171202,0.1903192073870725,0.1903962194919586,535356000.0
2005-03-17,NVIDIA,0.1910068521402666,0.1916944827153756,0.1880271378639895,0.188485562801361,442584000.0
2005-03-18,NVIDIA,0.1886386850947934,0.1892502052879507,0.1812279117631781,0.1846660375595092,639012000.0
2005-03-21,NVIDIA,0.1845890430810368,0.1914652953307304,0.1834430010394212,0.1910068839788437,654456000.0
2005-03-22,NVIDIA,0.1911599737212362,0.1929175495002017,0.18688110843577,0.1875687390565872,622992000.0
2005-03-23,NVIDIA,0.1873395179971749,0.1929175336350375,0.18695810517644,0.1916183829307556,728784000.0
2005-03-24,NVIDIA,0.1921529253778026,0.1973486274403753,0.1918476229266388,0.1920007318258285,865356000.0
2005-03-28,NVIDIA,0.1920767927551179,0.1948273013296166,0.1880271334861033,0.1898608058691024,511188000.0
2005-03-29,NVIDIA,0.189631669755703,0.1917715606644175,0.1848182814012153,0.1856590211391449,587400000.0
2005-03-30,NVIDIA,0.1857351179288273,0.1883334339322984,0.1793172758974446,0.1856590211391449,858708000.0
2005-03-31,NVIDIA,0.184588998437942,0.1858881490650581,0.1806924482416956,0.1815331876277923,518316000.0
2005-04-01,NVIDIA,0.183749142372327,0.1848181718456098,0.1787065512905339,0.1797755807638168,510756000.0
2005-04-04,NVIDIA,0.178782712935452,0.179317234697078,0.1747330667741889,0.1787066161632537,421428000.0
2005-04-05,NVIDIA,0.1787827012004722,0.1825261429947873,0.1745038359944033,0.175573781132698,430128000.0
2005-04-06,NVIDIA,0.1788588153467208,0.1818385161658035,0.1776366629867226,0.1782481968402862,567468000.0
2005-04-07,NVIDIA,0.1791650073410671,0.1833668599156607,0.1761082811839201,0.1815331876277923,506352000.0
2005-04-08,NVIDIA,0.182296943546202,0.1863466032412843,0.1787827072810837,0.1791650354862213,621540000.0
2005-04-11,NVIDIA,0.1804632836999251,0.1810748176047152,0.1751153881435497,0.1756498962640762,328380000.0
2005-04-12,NVIDIA,0.1751153509021785,0.1780950649990725,0.1712188006476329,0.1777897626161575,512232000.0
2005-04-13,NVIDIA,0.1780189984794425,0.1784774098051889,0.16923204821411,0.170378103852272,498408000.0
2005-04-14,NVIDIA,0.1707603916606449,0.1723648447113567,0.1683922113071325,0.169002816081047,352080000.0
2005-04-15,NVIDIA,0.1668638466838106,0.1680859852795913,0.1615920487855653,0.1631204187870025,630156000.0
2005-04-18,NVIDIA,0.1621266236589786,0.1656417624215752,0.1612097871591667,0.1619744300842285,473100000.0
2005-04-19,NVIDIA,0.1646478734358097,0.168850641958743,0.1638841460452717,0.1676275879144668,365460000.0
2005-04-20,NVIDIA,0.1704551156424409,0.1715241454975734,0.1623557960432539,0.1625089049339294,564672000.0
2005-04-21,NVIDIA,0.1657939140016155,0.1721356574446931,0.1643425696630908,0.1715241372585296,538152000.0
2005-04-22,NVIDIA,0.1704551067057512,0.1716011486197187,0.1679338035655048,0.1699196696281433,336276000.0
2005-04-25,NVIDIA,0.171371976219199,0.1738932661867333,0.1705312365602895,0.1725941151380539,318168000.0
2005-04-26,NVIDIA,0.1726701802787806,0.1762614149420158,0.1683152182264135,0.1718303561210632,353148000.0
2005-04-27,NVIDIA,0.1673222690704895,0.1679337892016609,0.1618212519596859,0.1652593910694122,609348000.0
2005-04-28,NVIDIA,0.1647248660355226,0.1680098825470108,0.1631204129905814,0.1657938957214355,372948000.0
2005-04-29,NVIDIA,0.1673983490277446,0.1686974995828274,0.1598344683370471,0.1675514578819275,478356000.0
2005-05-02,NVIDIA,0.1695382893764895,0.1714480588846481,0.1644186840712461,0.1669399738311767,334908000.0
2005-05-03,NVIDIA,0.1670930204474728,0.1701488308585461,0.1653354588088678,0.1660230755805969,439512000.0
2005-05-04,NVIDIA,0.1667877572732138,0.1725179803545254,0.1662523338715585,0.1712949126958847,468816000.0
2005-05-05,NVIDIA,0.1722887190660751,0.1767958870523666,0.1713718967118914,0.1746569126844406,619272000.0
2005-05-06,NVIDIA,0.1767198517909841,0.1771021663538686,0.172670191887817,0.1770251542329788,355728000.0
2005-05-09,NVIDIA,0.1777897500808038,0.1815331775445543,0.1767198051336273,0.1803110390901565,745332000.0
2005-05-10,NVIDIA,0.178019035567383,0.178095132355139,0.1712949621908325,0.1732817441225052,735120000.0
2005-05-11,NVIDIA,0.1741985443349082,0.1749622717573281,0.1700727877555986,0.170378103852272,555420000.0
2005-05-12,NVIDIA,0.1703781234946538,0.1764145518538376,0.1702259162714038,0.174122467637062,835584000.0
2005-05-13,NVIDIA,0.1898608289038047,0.1945981056447679,0.1818385215013061,0.1935281604528427,2650320000.0
2005-05-16,NVIDIA,0.1912360748943218,0.195514940278337,0.1911599781239537,0.194215789437294,664104000.0
2005-05-17,NVIDIA,0.1930697824796762,0.1972725518551111,0.1929175889113537,0.19635571539402,639804000.0
2005-05-18,NVIDIA,0.1958972436313556,0.1982654240075719,0.1938343656450235,0.1978069990873336,550056000.0
2005-05-19,NVIDIA,0.1982654044282638,0.1991061437631056,0.1952095938044087,0.1974246650934219,452880000.0
2005-05-20,NVIDIA,0.1971955053576518,0.2010159457899502,0.1949034214353241,0.2009398490190506,517008000.0
2005-05-23,NVIDIA,0.2023150959156746,0.2076629907924071,0.2017035620886019,0.2056001126766204,703668000.0
2005-05-24,NVIDIA,0.2046071726895444,0.2092674368146101,0.2036133243747815,0.2085037231445312,522192000.0
2005-05-25,NVIDIA,0.2080452491288581,0.2091142786072465,0.2038424819197158,0.2058292627334594,535272000.0
2005-05-26,NVIDIA,0.2076629858057179,0.2132400861920802,0.2072806576313809,0.2116356194019317,788784000.0
2005-05-27,NVIDIA,0.2122471275946387,0.2122471275946387,0.2080452752056699,0.2102603465318679,322740000.0
2005-05-31,NVIDIA,0.2093435547890713,0.2111011306138945,0.2036133450057431,0.20705147087574,763176000.0
2005-06-01,NVIDIA,0.2056762103450381,0.2127816672978105,0.2032319330439893,0.2089621424674987,796632000.0
2005-06-02,NVIDIA,0.2081974675204241,0.2167551964521408,0.2081974675204241,0.2167551964521408,684348000.0
2005-06-03,NVIDIA,0.215990636751397,0.2179774047776588,0.2139277582848069,0.2162198424339294,559620000.0
2005-06-06,NVIDIA,0.2123232679956107,0.2165260365954837,0.2121710744553734,0.2141569405794143,512892000.0
2005-06-07,NVIDIA,0.212705570531988,0.2162198066138131,0.2081974997590029,0.2089621424674987,974136000.0
2005-06-08,NVIDIA,0.2094966429225963,0.2124002604164238,0.205294803721414,0.2075098752975464,618720000.0
2005-06-09,NVIDIA,0.2059054501009789,0.2162968545596036,0.2056762444184465,0.2162198424339294,619908000.0
2005-06-10,NVIDIA,0.2159906008737407,0.2162198065182003,0.2123232559147988,0.2137755155563354,465096000.0
2005-06-13,NVIDIA,0.213927697546257,0.2245483046720015,0.2133170791358021,0.2185118645429611,1409916000.0
2005-06-14,NVIDIA,0.2185889015365162,0.2221792207065053,0.1987238477366993,0.2056001126766204,2408412000.0
2005-06-15,NVIDIA,0.2043009681639837,0.2059054351489994,0.1968902081112602,0.2049885988235473,1669788000.0
2005-06-16,NVIDIA,0.204912475256939,0.2074337645758328,0.2019327610043123,0.2060585170984268,489240000.0
2005-06-17,NVIDIA,0.2085798270285231,0.2089621415501441,0.2050655909621256,0.2056001126766204,456348000.0
2005-06-20,NVIDIA,0.2056001096225819,0.2101081803088122,0.2022380807989987,0.208732932806015,606060000.0
2005-06-21,NVIDIA,0.2101082217692357,0.2117126888906874,0.2081214400564003,0.2107188403606414,428172000.0
2005-06-22,NVIDIA,0.2129348074086393,0.2143861518234816,0.2078922145027261,0.2104896008968353,700668000.0
2005-06-23,NVIDIA,0.2101081842592904,0.2163729153968711,0.2093435415511327,0.2137755155563354,836976000.0
2005-06-24,NVIDIA,0.213393195597122,0.2134692923609724,0.2058293138893615,0.2069753557443618,475632000.0
2005-06-27,NVIDIA,0.2056761870167053,0.2073576521127289,0.2034611156114566,0.2052947878837585,354588000.0
2005-06-28,NVIDIA,0.2061346117226347,0.2079682841147485,0.2038425280634407,0.2065930366516113,262308000.0
2005-06-29,NVIDIA,0.2066700403117914,0.2070514394540665,0.2030026956774914,0.2046832591295242,283572000.0
2005-06-30,NVIDIA,0.2060585237128965,0.2079682929482921,0.2025443013126737,0.2041487544775009,593232000.0
2005-07-01,NVIDIA,0.2034612138626106,0.2053709838143294,0.2009399098551873,0.2050656676292419,315168000.0
2005-07-05,NVIDIA,0.2058293355422082,0.209114352578016,0.2038425540256731,0.2082745283842086,388440000.0
2005-07-06,NVIDIA,0.2089621615317053,0.2147684682507631,0.2065930654332463,0.2138516455888748,703632000.0
2005-07-07,NVIDIA,0.2104895759719292,0.2139277151645042,0.2098019590629313,0.212323248386383,465900000.0
2005-07-08,NVIDIA,0.2136224769567817,0.2156853557593735,0.2108719809945935,0.2149977385997772,408132000.0
2005-07-11,NVIDIA,0.2169074348616407,0.2204225864739137,0.2159906122355742,0.2182065993547439,399492000.0
2005-07-12,NVIDIA,0.2180534669343616,0.2186650007683318,0.2125524631175168,0.2169844508171081,564252000.0
2005-07-13,NVIDIA,0.2179012659588332,0.2185118844248469,0.213622400947085,0.2172897458076477,594780000.0
2005-07-14,NVIDIA,0.2195818596393364,0.223860725238109,0.2073576984252936,0.2076630145311355,1871496000.0
2005-07-15,NVIDIA,0.2070514714253465,0.2076630052951274,0.2018566850638881,0.2054470181465149,1223352000.0
2005-07-18,NVIDIA,0.2048364063827557,0.2049125031560695,0.1982654568380564,0.2003283351659774,1044900000.0
2005-07-19,NVIDIA,0.2015504943902254,0.2035372761464519,0.2000230530239445,0.2030788511037826,517896000.0
2005-07-20,NVIDIA,0.2007106257759016,0.2069753567854017,0.1979601307748252,0.2061346173286438,526500000.0
2005-07-21,NVIDIA,0.2034611414642809,0.2043779777169298,0.1984185489056605,0.2026204019784927,594528000.0
2005-07-22,NVIDIA,0.203613356350641,0.2065169742939132,0.1958972800007638,0.1973486244678497,699264000.0
2005-07-25,NVIDIA,0.1950565173186949,0.2046071805819107,0.194215777844341,0.1984946429729461,974952000.0
2005-07-26,NVIDIA,0.197653906186733,0.2029257043930413,0.1968901924768085,0.2026204019784927,759492000.0
2005-07-27,NVIDIA,0.2029257070427311,0.2076629972486597,0.1994875812968274,0.2067461609840393,807828000.0
2005-07-28,NVIDIA,0.2063638470649125,0.2093435617155916,0.2035372549695502,0.2083506286144256,411240000.0
2005-07-29,NVIDIA,0.2075098883658332,0.2097258754285813,0.2050655973376249,0.2067461609840393,351660000.0
2005-08-01,NVIDIA,0.207968326029344,0.2107958472965952,0.2065930782890351,0.2098790109157562,389040000.0
2005-08-02,NVIDIA,0.2101081960558256,0.2133932130141776,0.2098019782812915,0.2127055823802948,422652000.0
2005-08-03,NVIDIA,0.2127055823802948,0.2146923638499844,0.2107958266897085,0.2127055823802948,518256000.0
2005-08-04,NVIDIA,0.211101134777053,0.2120179710928462,0.2100311895698877,0.2104896008968353,356424000.0
2005-08-05,NVIDIA,0.2101842460907776,0.216296782680828,0.2087329020375589,0.2158383578062057,684096000.0
2005-08-08,NVIDIA,0.2172898071989484,0.2213394677165439,0.2150738196297054,0.2166021764278412,725544000.0
2005-08-09,NVIDIA,0.2169074076738813,0.2174428446986321,0.2136984878991703,0.2160675972700119,291900000.0
2005-08-10,NVIDIA,0.2169844328468199,0.2180534488755393,0.2106426900750776,0.2128586769104004,440556000.0
2005-08-11,NVIDIA,0.2128586575996865,0.2162197705807462,0.2107957798186227,0.2158383578062057,701556000.0
2005-08-12,NVIDIA,0.2285209832130298,0.2308130671657622,0.2207278950413601,0.2288262993097305,2295420000.0
2005-08-15,NVIDIA,0.2295909285879218,0.2370017158731127,0.226687324416262,0.2346335351467132,882804000.0
2005-08-16,NVIDIA,0.2324175074480686,0.2344803717179319,0.2289793684538732,0.230659931898117,637488000.0
2005-08-17,NVIDIA,0.2296669853231957,0.2334874524668019,0.2295138901206838,0.230659931898117,607572000.0
2005-08-18,NVIDIA,0.228903339317305,0.2300493677713998,0.2237076369001505,0.2247005701065063,822732000.0
2005-08-19,NVIDIA,0.2250828090625994,0.2257704395658616,0.2224084111289469,0.223096027970314,422232000.0
2005-08-22,NVIDIA,0.2227146837502125,0.226305003339052,0.2186650238116902,0.2212624102830886,547224000.0
2005-08-23,NVIDIA,0.2210332131518247,0.2238607344118457,0.2202694993370723,0.2227146923542022,254460000.0
2005-08-24,NVIDIA,0.2212624552748485,0.2276042005296468,0.2201934388275649,0.2228669226169586,514620000.0
2005-08-25,NVIDIA,0.2238607520371185,0.2256174128078778,0.2219500670051577,0.2243952602148056,296484000.0
2005-08-26,NVIDIA,0.2246244304916015,0.2246244304916015,0.2188181105757583,0.2209570854902267,323436000.0
2005-08-29,NVIDIA,0.2188942278193081,0.2215686400538528,0.2171366655827726,0.2213394343852996,343392000.0
2005-08-30,NVIDIA,0.2209571514908319,0.2298202005660117,0.220651848985856,0.2292847633361816,948852000.0
2005-08-31,NVIDIA,0.2287501830545608,0.2373069842580151,0.2280625524625492,0.2344042956829071,906804000.0
2005-09-01,NVIDIA,0.2337167131022792,0.2366194022736738,0.2324936725216612,0.2344804406166076,556884000.0
2005-09-02,NVIDIA,0.234938782964147,0.234938782964147,0.2298962046081989,0.230659931898117,469800000.0
2005-09-06,NVIDIA,0.2315007622955383,0.233792846886678,0.2279865386157247,0.2325707077980041,423096000.0
2005-09-07,NVIDIA,0.2322643939638665,0.2405929044589451,0.2316537891764806,0.239981397986412,588012000.0
2005-09-08,NVIDIA,0.2385300788139724,0.2457877437411858,0.2385300788139724,0.2428080290555954,646116000.0
2005-09-09,NVIDIA,0.2454063261815673,0.2464753697098863,0.2414327631117707,0.2459408342838287,454236000.0
2005-09-12,NVIDIA,0.2461700709594328,0.2469337984422673,0.242197436618737,0.245100125670433,556584000.0
2005-09-13,NVIDIA,0.2439541258409457,0.2537339979965652,0.2439541258409457,0.2525118589401245,854724000.0
2005-09-14,NVIDIA,0.2506011663087936,0.253963196031117,0.2483090546469772,0.2494551241397857,503448000.0
2005-09-15,NVIDIA,0.253275404501791,0.2567135288265115,0.2517470486847437,0.2538869380950928,759756000.0
2005-09-16,NVIDIA,0.2560259956452883,0.2574012568265295,0.2519763361906321,0.2540392279624939,519828000.0
2005-09-19,NVIDIA,0.253733885325631,0.2545746110439623,0.2490736215425567,0.2504488825798034,428316000.0
2005-09-20,NVIDIA,0.2523586858440176,0.2581650201236128,0.2520533970552311,0.2553384006023407,522192000.0
2005-09-21,NVIDIA,0.2543454270752843,0.2593880054972457,0.2509073016979755,0.2531223595142364,625656000.0
2005-09-22,NVIDIA,0.253733974108053,0.253733974108053,0.2418151138115712,0.246323212981224,739152000.0
2005-09-23,NVIDIA,0.2457876981278425,0.2520533441266681,0.2437248065019749,0.2499134540557861,314640000.0
2005-09-26,NVIDIA,0.2518241176913603,0.2537338867343348,0.2473160473978699,0.2519763112068176,406776000.0
2005-09-27,NVIDIA,0.2530462564822281,0.2552622432524764,0.2509072954786822,0.2528170645236969,404160000.0
2005-09-28,NVIDIA,0.2535807904568207,0.2550330774186415,0.2506781018749479,0.2543454468250274,353556000.0
2005-09-29,NVIDIA,0.2544217132326879,0.2597696116834549,0.2523588200763598,0.259617418050766,513372000.0
2005-09-30,NVIDIA,0.2597693864440011,0.2642774563011366,0.259234878497646,0.2619092762470245,458832000.0
2005-10-03,NVIDIA,0.2649651934167457,0.2710007201159273,0.2628262044377018,0.2690909504890442,549888000.0
2005-10-04,NVIDIA,0.2702369246958499,0.2746679694640512,0.2649651268350683,0.2655766606330871,514476000.0
2005-10-05,NVIDIA,0.2658819211714128,0.2658819211714128,0.2551852313752388,0.2567896842956543,599184000.0
2005-10-06,NVIDIA,0.2564844416409945,0.260457103182805,0.2481568313088901,0.2558729350566864,685512000.0
2005-10-07,NVIDIA,0.2563312963370168,0.2589295976892755,0.2506010872986128,0.2525878548622131,551952000.0
2005-10-10,NVIDIA,0.253887110243038,0.2543455216657362,0.2460940067619609,0.2461701035499572,459216000.0
2005-10-11,NVIDIA,0.2470867760595531,0.2492257639339629,0.2402866236731091,0.2431141436100006,540048000.0
2005-10-12,NVIDIA,0.2424265121741274,0.2497611997378194,0.2421202945150716,0.2460168302059173,657660000.0
2005-10-13,NVIDIA,0.2454823981970199,0.2458647127156067,0.2353211165767997,0.2447186708450317,509304000.0
2005-10-14,NVIDIA,0.2464753448526405,0.2495320576309639,0.2406690114110877,0.2447186708450317,311256000.0
2005-10-17,NVIDIA,0.2448709691724101,0.2495321644234285,0.2448709691724101,0.2470869570970535,243912000.0
2005-10-18,NVIDIA,0.2480037489981248,0.2484621603698691,0.2414327852540747,0.2430372387170791,299832000.0
2005-10-19,NVIDIA,0.2399054245696217,0.2413567558696542,0.2331052395789541,0.2409744411706924,635952000.0
2005-10-20,NVIDIA,0.2413567233525724,0.2476984686652855,0.2402867778862343,0.2426558881998062,359520000.0
2005-10-21,NVIDIA,0.2467816420790906,0.2475453696770271,0.2423496666993011,0.2440311461687088,298368000.0
2005-10-24,NVIDIA,0.2461700801871811,0.250678151845932,0.2439540927481928,0.250678151845932,291012000.0
2005-10-25,NVIDIA,0.2489965394532711,0.2530461975678806,0.2479275237048332,0.2522824704647064,334680000.0
2005-10-26,NVIDIA,0.2523587090656555,0.2528932445641427,0.2450240448251806,0.2454063594341278,415344000.0
2005-10-27,NVIDIA,0.2458648306857759,0.2466285584042138,0.2395230844678032,0.2402868121862411,227784000.0
2005-10-28,NVIDIA,0.2408982561684018,0.2481568226773896,0.2349388268822121,0.2476984113454818,464640000.0
2005-10-31,NVIDIA,0.2486912877513436,0.2580888403539716,0.2486912877513436,0.2563312649726867,432420000.0
2005-11-01,NVIDIA,0.2563312761548415,0.2582419468072972,0.2512125739843238,0.2531993687152862,400488000.0
2005-11-02,NVIDIA,0.2532755015463869,0.2681740459953424,0.252129459665698,0.2678687572479248,523668000.0
2005-11-03,NVIDIA,0.2697025075244026,0.271229935358691,0.2625970348848579,0.264735996723175,465072000.0
2005-11-04,NVIDIA,0.2648890221501963,0.2654996269210095,0.2574773343844045,0.2602278292179107,570276000.0
2005-11-07,NVIDIA,0.2616030536243189,0.2625198759990343,0.2580127352355949,0.2590817511081695,370824000.0
2005-11-08,NVIDIA,0.2600756731842215,0.2603048925049649,0.2531223956678515,0.2542684376239776,538968000.0
2005-11-09,NVIDIA,0.2548038522684597,0.2674103399987831,0.251900234744199,0.2657288610935211,818880000.0
2005-11-10,NVIDIA,0.2749742640295193,0.2809336661991952,0.2509073540435992,0.2558729350566864,2503620000.0
2005-11-11,NVIDIA,0.2580889499998877,0.2631315300142002,0.256942907845553,0.2600757181644439,545928000.0
2005-11-14,NVIDIA,0.2601517402396173,0.2674103330182015,0.2561791067367465,0.2655766606330871,493668000.0
2005-11-15,NVIDIA,0.2671810988603546,0.2697024016651008,0.2653474265772475,0.2661872506141662,496200000.0
2005-11-16,NVIDIA,0.2664935394271335,0.2679448976152081,0.2600756983861644,0.265270471572876,455280000.0
2005-11-17,NVIDIA,0.2674863772677122,0.2772662437475474,0.264353541139719,0.2770370244979858,703260000.0
2005-11-18,NVIDIA,0.2779540350529388,0.280246147129196,0.2710777807955837,0.2765017747879028,465768000.0
2005-11-21,NVIDIA,0.2768077555597011,0.2818503595545811,0.2749741111875071,0.2813919484615326,454704000.0
2005-11-22,NVIDIA,0.2828433048108764,0.2916293224253097,0.2806273185487845,0.2888788282871246,731700000.0
2005-11-23,NVIDIA,0.2891851300838864,0.292240941081314,0.2865107319079142,0.2880390882492065,411948000.0
2005-11-25,NVIDIA,0.2894144503255021,0.2913242201543603,0.2874276546983273,0.290865808725357,116676000.0
2005-11-28,NVIDIA,0.2916294341222328,0.2941507373201273,0.284218674400391,0.2894143760204315,424524000.0
2005-11-29,NVIDIA,0.2722997714119773,0.2800167749559795,0.2698545927110369,0.2710776329040527,1043136000.0
2005-11-30,NVIDIA,0.2691671611769008,0.27757177412555,0.2690910643637029,0.276196539402008,575448000.0
2005-12-01,NVIDIA,0.2784883727068003,0.2807804558300015,0.2755086591818816,0.279481291770935,562032000.0
2005-12-02,NVIDIA,0.280780439205594,0.2814680695665984,0.2758139315139475,0.2795583009719848,334476000.0
2005-12-05,NVIDIA,0.2801690501045182,0.2801690501045182,0.2734458928386407,0.2743627429008484,387708000.0
2005-12-06,NVIDIA,0.2748211307490905,0.2792522034659069,0.2744388161917232,0.2755087614059448,375252000.0
2005-12-07,NVIDIA,0.2765786548941487,0.2782592046692499,0.27122983150866,0.2759671211242676,352668000.0
2005-12-08,NVIDIA,0.2745157686273535,0.2781061148549145,0.2706192319901574,0.2737511396408081,386664000.0
2005-12-09,NVIDIA,0.2745918926913714,0.2780300457411148,0.270771452434134,0.2776477038860321,262896000.0
2005-12-12,NVIDIA,0.2784124773076319,0.2823090159702556,0.2779540384924243,0.2816974818706512,281136000.0
2005-12-13,NVIDIA,0.2822318212276375,0.2878098635658621,0.280168957089183,0.2853646576404571,443412000.0
2005-12-14,NVIDIA,0.2832256664843927,0.2846009274449464,0.2793291301945428,0.2826902568340301,287472000.0
2005-12-15,NVIDIA,0.2824610707667494,0.2846009608972125,0.2761963536024128,0.2790999710559845,332724000.0
2005-12-16,NVIDIA,0.280092821198403,0.2827672186967305,0.2774184237000756,0.2815441787242889,1065600000.0
2005-12-19,NVIDIA,0.2821558791750571,0.2842187717683501,0.2761964754388657,0.2768840789794922,292296000.0
2005-12-20,NVIDIA,0.2765787015000299,0.2807805548121764,0.2730635498229521,0.2767308950424194,304356000.0
2005-12-21,NVIDIA,0.2780302130238749,0.2803222982202558,0.2736752347564647,0.276196539402008,289380000.0
2005-12-22,NVIDIA,0.2759672039648712,0.2849063488679543,0.2758911071836564,0.2846010327339172,318336000.0
2005-12-23,NVIDIA,0.2853646432827567,0.2871983153823408,0.2834548744331488,0.2868160009384155,214536000.0
2005-12-27,NVIDIA,0.2865108173203246,0.2917065200110129,0.2855939945087815,0.288573682308197,367968000.0
2005-12-28,NVIDIA,0.2885735389370171,0.2921647862613753,0.2867398942249354,0.2912479639053345,264420000.0
2005-12-29,NVIDIA,0.2910948255537439,0.2920116751836559,0.2835309458949519,0.2847530841827392,310464000.0
2005-12-30,NVIDIA,0.2831487192600593,0.283225717712094,0.2781831388176493,0.2793291807174682,229608000.0
2006-01-03,NVIDIA,0.2809336644310418,0.2941507589174751,0.2800168417411073,0.2920117974281311,472812000.0
2006-01-04,NVIDIA,0.294227797908188,0.3006456389971876,0.291171057258806,0.300187200307846,510072000.0
2006-01-05,NVIDIA,0.3002632357065113,0.3075218285880848,0.2997287276717237,0.306986391544342,646092000.0
2006-01-06,NVIDIA,0.3105015197430844,0.3131750160508937,0.2983534716622746,0.3120289742946625,623388000.0
2006-01-09,NVIDIA,0.311876854513602,0.3224204530168835,0.3111892510960921,0.3207390010356903,560484000.0
2006-01-10,NVIDIA,0.319211556669203,0.3208160102367401,0.3151618961916032,0.3208160102367401,339660000.0
2006-01-11,NVIDIA,0.3211211932408088,0.3342621598036049,0.32058668527632,0.332428514957428,626304000.0
2006-01-12,NVIDIA,0.3323524724726741,0.3374711480359869,0.3253230986656289,0.3276921808719635,495504000.0
2006-01-13,NVIDIA,0.3269275614855972,0.3296019598413839,0.320204405235642,0.3247886002063751,421296000.0
2006-01-17,NVIDIA,0.3203574490558582,0.3247124236445434,0.3160785712160907,0.3245593011379242,329232000.0
2006-01-18,NVIDIA,0.3147033696758259,0.3273098288897483,0.3117236556695952,0.3262398838996887,459948000.0
2006-01-19,NVIDIA,0.3305948568748514,0.3488554279521142,0.3299842521313988,0.3443473577499389,914760000.0
2006-01-20,NVIDIA,0.3448829165134463,0.3488555511220966,0.3346446339985006,0.3347207307815552,461604000.0
2006-01-23,NVIDIA,0.3373190779198711,0.3394580399184998,0.3327349087311184,0.3366314470767975,334884000.0
2006-01-24,NVIDIA,0.3373950879567911,0.3453412852006466,0.3364782652843098,0.3383119106292724,388896000.0
2006-01-25,NVIDIA,0.3399925097150223,0.3422084970874845,0.3312825844766447,0.3353322446346283,400236000.0
2006-01-26,NVIDIA,0.3402216751615489,0.3470979544011059,0.3380827137437931,0.3467926383018493,448836000.0
2006-01-27,NVIDIA,0.3513006521166557,0.3572600804001773,0.3483970347350167,0.3533635437488556,385044000.0
2006-01-30,NVIDIA,0.3548910506485731,0.355273365228999,0.3477855789721855,0.3493900597095489,315780000.0
2006-01-31,NVIDIA,0.3476333744479969,0.3495431439192,0.3408332191040943,0.3435076177120209,384456000.0
2006-02-01,NVIDIA,0.3373189867785475,0.3451120886880656,0.3360198222366373,0.3437368273735046,450852000.0
2006-02-02,NVIDIA,0.346868705519029,0.3470979248262086,0.3327347900200022,0.3332692980766296,473736000.0
2006-02-03,NVIDIA,0.3311302486063044,0.340450774761311,0.3300603037691598,0.3363250195980072,504252000.0
2006-02-06,NVIDIA,0.3354082794973231,0.3461810675533999,0.3339569215666608,0.3457996547222137,363468000.0
2006-02-07,NVIDIA,0.3464873445844265,0.3464873445844265,0.3333454447787025,0.3334985673427582,399408000.0
2006-02-08,NVIDIA,0.3344913980617334,0.3431252241134643,0.3344913980617334,0.3431252241134643,393072000.0
2006-02-09,NVIDIA,0.3441951473474311,0.3495430413080647,0.335179007385515,0.3373188972473144,437100000.0
2006-02-10,NVIDIA,0.3385411098793821,0.340069466353827,0.3275391018431858,0.3354083001613617,414996000.0
2006-02-13,NVIDIA,0.3343392334059796,0.3389234008249489,0.3320471496964949,0.3365543186664581,280740000.0
2006-02-14,NVIDIA,0.3365543260161993,0.3383879711647961,0.3327347875404283,0.3371658325195312,342348000.0
2006-02-15,NVIDIA,0.3364782771248726,0.3445766682009964,0.335637523872653,0.3436598181724548,493296000.0
2006-02-16,NVIDIA,0.3500775595813741,0.3613858105668932,0.3477093793924558,0.3606211543083191,1305888000.0
2006-02-17,NVIDIA,0.3871333224294186,0.3875156369548645,0.3606212090679961,0.3626841008663177,2356956000.0
2006-02-21,NVIDIA,0.3619205111480744,0.3625320452138469,0.3518353222761489,0.3549681603908539,684060000.0
2006-02-22,NVIDIA,0.3499254839639651,0.3571831494941145,0.341520874645227,0.3543565571308136,939756000.0
2006-02-23,NVIDIA,0.3532864357893767,0.3556555446049513,0.3479385425339623,0.3489314615726471,385128000.0
2006-02-24,NVIDIA,0.350459946118403,0.3546617990559402,0.3470218205280961,0.3488554656505584,416412000.0
2006-02-27,NVIDIA,0.3515298719212579,0.3652053750822195,0.3478625272300545,0.3629902899265289,666468000.0
2006-02-28,NVIDIA,0.361385933543034,0.3644417452668406,0.356572545763699,0.3600867688655853,563316000.0
2006-03-01,NVIDIA,0.3613857596130362,0.375901985421372,0.3590936765019865,0.3737630248069763,703932000.0
2006-03-02,NVIDIA,0.3733807690162306,0.3795694166996254,0.3694842322952802,0.3742976188659668,545460000.0
2006-03-03,NVIDIA,0.3708595579976715,0.3820907861773971,0.3701719273215582,0.375596821308136,595800000.0
2006-03-06,NVIDIA,0.3829315332896808,0.3854528368004252,0.3729985401283975,0.3748322129249573,529020000.0
2006-03-07,NVIDIA,0.3749092087993499,0.377811897658583,0.3610035823533222,0.3684143424034118,606204000.0
2006-03-08,NVIDIA,0.3684913335618952,0.3704011028055818,0.3534396665391897,0.3665806353092193,670800000.0
2006-03-09,NVIDIA,0.3710125674643186,0.3772012147948928,0.3682620727195028,0.3684912919998169,536700000.0
2006-03-10,NVIDIA,0.3681091002358596,0.3727693932322637,0.358787667205194,0.3620736002922058,521580000.0
2006-03-13,NVIDIA,0.3657407447742866,0.3681850216284256,0.3629902502186593,0.3664283752441406,372132000.0
2006-03-14,NVIDIA,0.3667337500302335,0.3781180718542836,0.3653584888701378,0.3765897154808044,627792000.0
2006-03-15,NVIDIA,0.3773533656641331,0.3831605995438258,0.3759020080367057,0.3826251626014709,510600000.0
2006-03-16,NVIDIA,0.3833129976799336,0.3837714091096974,0.3683383244949232,0.3696374893188476,568416000.0
2006-03-17,NVIDIA,0.3678799821009321,0.373610194357808,0.3623789619400467,0.3726172745227813,618588000.0
2006-03-20,NVIDIA,0.3759020945354012,0.3759781913014553,0.3694081577307284,0.369789570569992,293772000.0
2006-03-21,NVIDIA,0.3880501091480255,0.3950024839423268,0.3778888556084288,0.3880501091480255,1235472000.0
2006-03-22,NVIDIA,0.378194296996146,0.3800279700574481,0.3684144249899088,0.3768951594829559,1158576000.0
2006-03-23,NVIDIA,0.3781941559416351,0.3854527486896824,0.3739153047151811,0.3839243650436401,661992000.0
2006-03-24,NVIDIA,0.3849173154581124,0.3976008013783058,0.3843067106655727,0.3969131708145141,687936000.0
2006-03-27,NVIDIA,0.3972185119959014,0.4079152036635674,0.3959193475484534,0.4076089859008789,651444000.0
2006-03-28,NVIDIA,0.4057753071780762,0.4192986178349862,0.4049354830494135,0.4138746261596679,795204000.0
2006-03-29,NVIDIA,0.4156313139434832,0.4368716311571347,0.412193187943714,0.4361079037189483,987096000.0
2006-03-30,NVIDIA,0.4365662370325195,0.4414557202613562,0.4286961379865219,0.4390875399112701,1063308000.0
2006-03-31,NVIDIA,0.438781427115509,0.4448939520463064,0.4348087654431497,0.4374831914901733,835560000.0
2006-04-03,NVIDIA,0.4397752177094859,0.4484851417529842,0.4342742001075842,0.442372590303421,968916000.0
2006-04-04,NVIDIA,0.44298417094683,0.4637651758543673,0.4425257595958614,0.4630775451660156,1200612000.0
2006-04-05,NVIDIA,0.4622377701080866,0.4691140230756487,0.4523817747326871,0.466821938753128,1112976000.0
2006-04-06,NVIDIA,0.4655988865724172,0.4712530007860879,0.4591810174633688,0.4677387773990631,789312000.0
2006-04-07,NVIDIA,0.4657518708579753,0.4698775996941812,0.4573472360006705,0.4665155708789825,682674000.0
2006-04-10,NVIDIA,0.4654465205773057,0.4681970426976427,0.4549029253127905,0.458417147397995,634230000.0
2006-04-11,NVIDIA,0.459945654146873,0.459945654146873,0.4445116425952167,0.4472621381282806,702072000.0
2006-04-12,NVIDIA,0.4501655871014809,0.4677385536487849,0.4477203812882368,0.4652933478355407,598308000.0
2006-04-13,NVIDIA,0.455361464061674,0.4605562373810171,0.4504710778618586,0.4523047506809234,738360000.0
2006-04-17,NVIDIA,0.4515410400509616,0.4648351616549881,0.4498604624142261,0.4535278081893921,443868000.0
2006-04-18,NVIDIA,0.4454284120842264,0.4455815346329752,0.4307590587884918,0.4428310394287109,1165488000.0
2006-04-19,NVIDIA,0.4400804785094388,0.4504709792054919,0.4339679547719871,0.4455814957618713,517476000.0
2006-04-20,NVIDIA,0.4416089411483068,0.4529162390891476,0.4342742501669583,0.444970041513443,552684000.0
2006-04-21,NVIDIA,0.4463452117469554,0.4481788841178042,0.4237305658362348,0.4289253652095794,770016000.0
2006-04-24,NVIDIA,0.4316759215198124,0.446345275249865,0.4240359422191866,0.4420673251152038,676848000.0
2006-04-25,NVIDIA,0.4370247469615997,0.4428310813318085,0.4293838654789058,0.4417611360549927,719766000.0
2006-04-26,NVIDIA,0.4434424982162209,0.4501656539398616,0.4339679458993483,0.4387052357196808,330528000.0
2006-04-27,NVIDIA,0.4370248153450435,0.4498604992863825,0.4275502596288655,0.4457347691059112,462966000.0
2006-04-28,NVIDIA,0.4460398933461317,0.4521524442197794,0.4422194534168297,0.446498304605484,284736000.0
2006-05-01,NVIDIA,0.449554119791513,0.4808796181114436,0.449554119791513,0.4721696674823761,902472000.0
2006-05-02,NVIDIA,0.4756839724509269,0.4813380857784428,0.4634598521181377,0.4715582430362701,539700000.0
2006-05-03,NVIDIA,0.4662103706926056,0.4798098085005717,0.4657519866233079,0.4746150076389313,378114000.0
2006-05-04,NVIDIA,0.4652934974918532,0.4767539176965601,0.4628482908921364,0.4715582430362701,511128000.0
2006-05-05,NVIDIA,0.4740035062276414,0.4796576202302064,0.4674325147811577,0.4779761135578155,338184000.0
2006-05-08,NVIDIA,0.4767538744721737,0.4871444031367953,0.4714060067470674,0.4758370518684387,503622000.0
2006-05-09,NVIDIA,0.4752255693553189,0.4776707758568829,0.4607093109166897,0.4613208174705505,561648000.0
2006-05-10,NVIDIA,0.4558197000385314,0.461167621192748,0.4464982442849259,0.4510824382305145,753264000.0
2006-05-11,NVIDIA,0.4556667232212303,0.4599456022671412,0.4315237181107423,0.4350379407405853,1201110000.0
2006-05-12,NVIDIA,0.4246474543881446,0.4267864156842167,0.3933219533446313,0.4023371934890747,1568172000.0
2006-05-15,NVIDIA,0.4015735105360085,0.4116586969488798,0.3980592876166697,0.408144474029541,553380000.0
2006-05-16,NVIDIA,0.4104364465582171,0.4105886400701207,0.3948502734832368,0.3974476456642151,497532000.0
2006-05-17,NVIDIA,0.3960724092832764,0.3983644927397894,0.3743736858780468,0.3814030587673187,841074000.0
2006-05-18,NVIDIA,0.3844589320609925,0.3881262497940843,0.363677956735108,0.3641363680362701,686730000.0
2006-05-19,NVIDIA,0.3674975792429797,0.3804863578050408,0.3638302333486822,0.3717764317989349,932808000.0
2006-05-22,NVIDIA,0.3697895707835168,0.370554199832884,0.356648574625482,0.3667337596416473,734886000.0
2006-05-23,NVIDIA,0.3743737501791376,0.3830836742746305,0.361232753605496,0.3627611100673675,532314000.0
2006-05-24,NVIDIA,0.3659700489595158,0.3783473183175771,0.3577185360541417,0.3674975037574768,579522000.0
2006-05-25,NVIDIA,0.3743738961035881,0.3798748885587252,0.3635249791514201,0.3655117750167846,423666000.0
2006-05-26,NVIDIA,0.3668869065176036,0.3693312114954597,0.3624549318703629,0.3662753999233246,294642000.0
2006-05-30,NVIDIA,0.3668868609090773,0.3670390544437831,0.3508422742005848,0.3509944677352905,448788000.0
2006-05-31,NVIDIA,0.3557317572111829,0.3590937861604739,0.3490086009978138,0.3511475622653961,598422000.0
2006-06-01,NVIDIA,0.355120295557415,0.3694843351840973,0.3496192768985278,0.3694843351840973,537126000.0
2006-06-02,NVIDIA,0.3754436919634339,0.3772773644918771,0.3604690229793838,0.3641363680362701,673710000.0
2006-06-05,NVIDIA,0.3621495840549634,0.368872712697783,0.3477855205515333,0.3488554656505584,581052000.0
2006-06-06,NVIDIA,0.3532865133924864,0.3535927311230471,0.3300603616677218,0.3395339846611023,824130000.0
2006-06-07,NVIDIA,0.3432013010379782,0.3438128347636249,0.3308240343960911,0.3334223628044128,565380000.0
2006-06-08,NVIDIA,0.3296019905195044,0.3338808698090174,0.3141689361629505,0.3273099064826965,730572000.0
2006-06-09,NVIDIA,0.3315887071648989,0.3372418901329609,0.3234893891723183,0.3262398838996887,433824000.0
2006-06-12,NVIDIA,0.3205867169293045,0.3248646664090516,0.3063757767017976,0.3082094490528106,463230000.0
2006-06-13,NVIDIA,0.3080563890436779,0.3143211346757223,0.3005686029139148,0.3034722208976745,532548000.0
2006-06-14,NVIDIA,0.305305820070695,0.3132520156360093,0.302096886747267,0.312335193157196,480492000.0
2006-06-15,NVIDIA,0.3237958464016429,0.3407572931935977,0.3211975432656535,0.3396873474121094,837336000.0
2006-06-16,NVIDIA,0.337395102012561,0.3383119247232369,0.3277683269314757,0.3309772610664367,503448000.0
2006-06-19,NVIDIA,0.3346445991592485,0.3363251493044952,0.3202805336319598,0.3210451900959015,388044000.0
2006-06-20,NVIDIA,0.3121820780843544,0.3231840847116645,0.3109599395372026,0.3160025179386139,535818000.0
2006-06-21,NVIDIA,0.314627353324941,0.3245594171063795,0.314627353324941,0.3195168375968933,441174000.0
2006-06-22,NVIDIA,0.3230310374655389,0.3239478601023481,0.3080563679182396,0.3101953566074371,532338000.0
2006-06-23,NVIDIA,0.309584783187034,0.3167663523894271,0.3066811921750511,0.3103485107421875,335202000.0
2006-06-26,NVIDIA,0.3098900171491699,0.3132520459987089,0.3059173834859007,0.3074448108673095,281736000.0
2006-06-27,NVIDIA,0.3092785071716912,0.3095847249492485,0.2935401375112906,0.2976658940315246,608514000.0
2006-06-28,NVIDIA,0.2999580443513276,0.3190584473486312,0.2921649409049248,0.3141689896583557,833376000.0
2006-06-29,NVIDIA,0.3056111108811161,0.3283797800540924,0.304542094879835,0.3283797800540924,687666000.0
2006-06-30,NVIDIA,0.3315887210515459,0.3367834930032305,0.3228787979469502,0.325323075056076,468240000.0
2006-07-03,NVIDIA,0.3328109177435336,0.3331162065213788,0.3277683111068792,0.3300604224205017,174696000.0
2006-07-05,NVIDIA,0.3248646830607481,0.3277682732802507,0.3152379095554352,0.3152379095554352,459708000.0
2006-07-06,NVIDIA,0.3152380228735562,0.3182947367295403,0.3022501448848853,0.305459052324295,470634000.0
2006-07-07,NVIDIA,0.307597928465029,0.3082094622779155,0.2926232602874054,0.2959843873977661,541230000.0
2006-07-10,NVIDIA,0.2967491395198255,0.2988881289006668,0.280551424321136,0.2831488251686096,449922000.0
2006-07-11,NVIDIA,0.2822319070198988,0.2936923548716907,0.2781061774888592,0.2926233112812042,600582000.0
2006-07-12,NVIDIA,0.2915532863407335,0.2949153148034996,0.2782591966960068,0.2785645127296448,461034000.0
2006-07-13,NVIDIA,0.2742866051721531,0.2811628566550283,0.2700077262731442,0.271382987499237,540582000.0
2006-07-14,NVIDIA,0.2764255697898641,0.2779539262551243,0.2623677505744938,0.2700077295303345,572148000.0
2006-07-17,NVIDIA,0.268785574685668,0.2752034145596205,0.2674103408494024,0.2721467018127441,502806000.0
2006-07-18,NVIDIA,0.2814682234302459,0.2898728328736967,0.2713830363779779,0.2869692146778106,979332000.0
2006-07-19,NVIDIA,0.2857470118320823,0.3031668590908489,0.2836071216334143,0.2994995415210724,1055550000.0
2006-07-20,NVIDIA,0.3048474128764171,0.3101953072676033,0.293081679077005,0.2935400903224945,505602000.0
2006-07-21,NVIDIA,0.2836071955511887,0.2848302635071343,0.2693962508775904,0.2715361416339874,633918000.0
2006-07-24,NVIDIA,0.2816213306311564,0.3057643402858425,0.2800929738441945,0.298888087272644,983178000.0
2006-07-25,NVIDIA,0.3025553611153883,0.3126405188709924,0.2981242887495977,0.3094316124916076,574104000.0
2006-07-26,NVIDIA,0.3094316124916076,0.3130989574884423,0.300263249999521,0.3094316124916076,495318000.0
2006-07-27,NVIDIA,0.3134042700603574,0.3262399512010653,0.3082094972545744,0.313862681388855,694338000.0
2006-07-28,NVIDIA,0.3219620114779416,0.3470218680123479,0.3201283387807779,0.34641033411026,815298000.0
2006-07-31,NVIDIA,0.3427429834066946,0.3462581351969245,0.3373950879567911,0.3383119106292724,594762000.0
2006-08-01,NVIDIA,0.3341861085887915,0.334797642398389,0.3185999340059004,0.3247124850749969,600966000.0
2006-08-02,NVIDIA,0.3318941021786716,0.3513007486557813,0.3311304019884065,0.3496192693710327,756774000.0
2006-08-03,NVIDIA,0.3483971502197984,0.3810978925347167,0.3435076653542624,0.3716233372688293,890568000.0
2006-08-04,NVIDIA,0.3814031103495508,0.382014644178534,0.3571069841713168,0.3665806353092193,818232000.0
2006-08-07,NVIDIA,0.3601627115996743,0.366886767805118,0.3552732291310479,0.3623026013374328,436146000.0
2006-08-08,NVIDIA,0.3652054088205199,0.3797225407584008,0.364288558901123,0.3719294667243957,619806000.0
2006-08-09,NVIDIA,0.3792642188433506,0.3896547225407845,0.3690259360401122,0.3717764317989349,584706000.0
2006-08-10,NVIDIA,0.3676506240017014,0.3713179693922862,0.3613859057886667,0.3691789805889129,1072140000.0
2006-08-11,NVIDIA,0.3422844295431829,0.366886738470249,0.3410622912759371,0.3575652837753296,1603272000.0
2006-08-14,NVIDIA,0.3619965337113134,0.3656638793352152,0.3537450197194335,0.3557318150997162,809412000.0
2006-08-15,NVIDIA,0.36490002022571,0.3919466366303265,0.3613857984376284,0.389959841966629,902172000.0
2006-08-16,NVIDIA,0.3920997791767531,0.419604810110079,0.3820146221161076,0.4179233312606811,1029246000.0
2006-08-17,NVIDIA,0.4127285511642158,0.4235774626535523,0.4072275341552406,0.4113532900810241,814224000.0
2006-08-18,NVIDIA,0.411811826524644,0.4202155065692428,0.3974477604687473,0.4180765450000763,665898000.0
2006-08-21,NVIDIA,0.4118118360283164,0.412575536205086,0.4017266492109461,0.402643471956253,500220000.0
2006-08-22,NVIDIA,0.4014203919412494,0.4131870295332892,0.4011150758433445,0.4020318984985351,473928000.0
2006-08-23,NVIDIA,0.4050877036173664,0.4092134601494732,0.3928635565721634,0.4017266035079956,485412000.0
2006-08-24,NVIDIA,0.4027955777790806,0.4079912789626809,0.3963777379884635,0.4058523178100586,260802000.0
2006-08-25,NVIDIA,0.4027957065098462,0.4118118779401455,0.3988230716725929,0.4046293795108795,238314000.0
2006-08-28,NVIDIA,0.4113533370811659,0.4304537626044333,0.4105887080072315,0.418534904718399,764562000.0
2006-08-29,NVIDIA,0.4225076188034824,0.4394690578217831,0.4194518071807545,0.4374831914901733,727962000.0
2006-08-30,NVIDIA,0.4399273697962761,0.4510824991703833,0.4388583264320179,0.446498304605484,681564000.0
2006-08-31,NVIDIA,0.4454283265796283,0.4474151213244324,0.4351909768148509,0.4448177218437195,511278000.0
2006-09-01,NVIDIA,0.4382468933455349,0.4417611436685681,0.4244943884620625,0.4261749386787414,605742000.0
2006-09-05,NVIDIA,0.4275501922742646,0.4371769400518072,0.4212854738777125,0.4354963898658752,549354000.0
2006-09-06,NVIDIA,0.4278563580832214,0.4284669629192719,0.4125754713525242,0.4136454164981842,493572000.0
2006-09-07,NVIDIA,0.4069212486923307,0.4312173689499626,0.4024902047795473,0.4218968152999878,742836000.0
2006-09-08,NVIDIA,0.4286201177169937,0.4304537903811543,0.4139507637275056,0.4232722222805023,447978000.0
2006-09-11,NVIDIA,0.4137976765713295,0.4347326794675347,0.4090613146207302,0.4298422932624817,598266000.0
2006-09-12,NVIDIA,0.4278563937024782,0.4439010091494161,0.4267864484677448,0.4411504864692688,498432000.0
2006-09-13,NVIDIA,0.442219510255055,0.4504710232791272,0.4408442489764444,0.444664716720581,476286000.0
2006-09-14,NVIDIA,0.4425257524176063,0.4507772658963822,0.4371769278735328,0.4429841637611389,428814000.0
2006-09-15,NVIDIA,0.4445116016496137,0.4538330600174453,0.4423726129250455,0.4516940712928772,649764000.0
2006-09-18,NVIDIA,0.4529160898568898,0.469572206992039,0.4515408562438638,0.468807578086853,793896000.0
2006-09-19,NVIDIA,0.4657518315341373,0.4691138600654769,0.4527630303343324,0.4565834701061249,708054000.0
2006-09-20,NVIDIA,0.4625429992258351,0.4738503521168749,0.4616261764905298,0.4732397198677063,511884000.0
2006-09-21,NVIDIA,0.4727813299788522,0.4775176918021379,0.4649882002061106,0.4694193005561828,539106000.0
2006-09-22,NVIDIA,0.4680440190812366,0.4709476096936446,0.4503188533744819,0.4555136263370514,653334000.0
2006-09-25,NVIDIA,0.4623900223067614,0.4738504453725279,0.4498605280899776,0.4718645513057709,684486000.0
2006-09-26,NVIDIA,0.4714060483140238,0.4726281871062921,0.4559720376351314,0.4619314670562744,516120000.0
2006-09-27,NVIDIA,0.4605561792850494,0.4752255599871279,0.456125134027158,0.4605561792850494,578142000.0
2006-09-28,NVIDIA,0.4425257422518723,0.4536799444091156,0.4405389743645718,0.4518462717533111,647346000.0
2006-09-29,NVIDIA,0.4549029258107566,0.4584171478998079,0.4497072249313859,0.4521524310111999,373890000.0
2006-10-02,NVIDIA,0.4500126239197245,0.4529162144568882,0.4370247218550789,0.4406920671463012,647442000.0
2006-10-03,NVIDIA,0.4324406385421753,0.4358017667061664,0.4228138894232713,0.4324406385421753,907692000.0
2006-10-04,NVIDIA,0.4330511988197427,0.4750733953860864,0.4318290326993396,0.4749202728271484,1460382000.0
2006-10-05,NVIDIA,0.473086407640686,0.4778236966324994,0.4602507305494376,0.4614728689193725,662682000.0
2006-10-06,NVIDIA,0.4622376140771771,0.4775175699458706,0.4608623530183716,0.4726280868053436,593610000.0
2006-10-09,NVIDIA,0.4715583684826241,0.5093016684239838,0.4701831067626863,0.5030369758605957,932304000.0
2006-10-10,NVIDIA,0.5004384637533364,0.5024252314907852,0.4859222061570805,0.4915763735771179,624648000.0
2006-10-11,NVIDIA,0.4889780628201308,0.5030368113249082,0.4814911789375519,0.4943268597126007,481944000.0
2006-10-12,NVIDIA,0.4970774262276886,0.5065510787595512,0.4891312286414481,0.4963127970695495,414720000.0
2006-10-13,NVIDIA,0.4946321408183266,0.5189282393799118,0.4865337509674575,0.516024649143219,584190000.0
2006-10-16,NVIDIA,0.5177061444899526,0.5261098511191181,0.5059394797241489,0.5151078701019287,478968000.0
2006-10-17,NVIDIA,0.5067041494720378,0.510218372044996,0.4905064398402325,0.4953958690166473,526506000.0
2006-10-18,NVIDIA,0.5027306476736813,0.5080794454327123,0.4787407886059378,0.4822550117969513,822750000.0
2006-10-19,NVIDIA,0.4804210685042114,0.4950904441427002,0.4766006567454058,0.491423100233078,473040000.0
2006-10-20,NVIDIA,0.4952437090089686,0.4955490251152158,0.4787407368218399,0.4857691824436188,359478000.0
2006-10-23,NVIDIA,0.4847002275778094,0.4964659666221315,0.4813381975108116,0.4825603365898132,280248000.0
2006-10-24,NVIDIA,0.4834770847646861,0.5021200015487125,0.4821018234593675,0.4966189563274383,519288000.0
2006-10-25,NVIDIA,0.5013553729204498,0.5088431868271319,0.4929516652677745,0.501203179359436,389436000.0
2006-10-26,NVIDIA,0.5024253477951185,0.5187752543698511,0.5024253477951185,0.5170947313308716,366690000.0
2006-10-27,NVIDIA,0.5170945794873493,0.5285549978545825,0.488978014278041,0.4947852492332458,566988000.0
2006-10-30,NVIDIA,0.4981461343906026,0.5096065478211529,0.4927982693417168,0.5007444620132446,479592000.0
2006-10-31,NVIDIA,0.5117466815781744,0.5328338742256165,0.5091484073615471,0.5328338742256165,996174000.0
2006-11-01,NVIDIA,0.5258045794130514,0.5306940637849233,0.4843939425798214,0.4917286336421966,1176540000.0
2006-11-02,NVIDIA,0.4940207976152553,0.5047174651703041,0.4816434976160438,0.4883675575256347,862944000.0
2006-11-03,NVIDIA,0.4938684919133914,0.4987579759654858,0.4859222401220017,0.4981464147567749,548070000.0
2006-11-06,NVIDIA,0.4995218046233283,0.5201505657173581,0.4932570576438072,0.5132743120193481,739602000.0
2006-11-07,NVIDIA,0.5170946006666185,0.5265682518079274,0.5141909557462954,0.5210672616958618,553254000.0
2006-11-08,NVIDIA,0.5173999342360085,0.535125972830069,0.5161777955452616,0.5287081599235535,648324000.0
2006-11-09,NVIDIA,0.5395570011844222,0.553156379907231,0.5346675180597803,0.5392516851425171,1207758000.0
2006-11-10,NVIDIA,0.5346675740604265,0.5372649739157496,0.5129688202553867,0.5262629389762878,1317192000.0
2006-11-13,NVIDIA,0.5273327415846585,0.5516288340312092,0.5271796190846018,0.5501005053520203,852282000.0
2006-11-14,NVIDIA,0.5481138437704821,0.5566716015850459,0.5363481085295725,0.5556016564369202,628530000.0
2006-11-15,NVIDIA,0.5539211481385808,0.561561155292665,0.5433775502680134,0.5464333891868591,491892000.0
2006-11-16,NVIDIA,0.5487253940396879,0.5554485228574745,0.5439881039248653,0.5534626841545105,457182000.0
2006-11-17,NVIDIA,0.5496421858598582,0.5565184368345419,0.5462801571346481,0.5549900531768799,361608000.0
2006-11-20,NVIDIA,0.5481139854254418,0.5632417535561648,0.5439882553205188,0.560185968875885,608634000.0
2006-11-21,NVIDIA,0.56186628991887,0.5627831123402491,0.5476553511209697,0.5514757633209229,387384000.0
2006-11-22,NVIDIA,0.5534627932479147,0.5615611848634111,0.550559147730935,0.5609496235847473,240258000.0
2006-11-24,NVIDIA,0.5581989682664155,0.5662982861774687,0.5531563627725726,0.5650752186775208,144336000.0
2006-11-27,NVIDIA,0.5617141147206278,0.5692009424888547,0.5357365131610087,0.5395569801330566,585294000.0
2006-11-28,NVIDIA,0.5377234645605709,0.554531809054402,0.5293188278090655,0.5496423244476318,480966000.0
2006-11-29,NVIDIA,0.5546849040466273,0.564464747135483,0.5525458878410419,0.5577406883239746,579792000.0
2006-11-30,NVIDIA,0.5577404726860403,0.5698124498773237,0.5510173454830126,0.565228283405304,583632000.0
2006-12-01,NVIDIA,0.5589637853275373,0.5597274855225267,0.5381819045796062,0.5430713891983032,785010000.0
2006-12-04,NVIDIA,0.5501005793642313,0.5721045916092844,0.5481137572787298,0.5650752186775208,621570000.0
2006-12-05,NVIDIA,0.5591158884732322,0.5624779175106616,0.5530042659404963,0.5592690110206604,663354000.0
2006-12-06,NVIDIA,0.5611028764975059,0.5611028764975059,0.5508645918281827,0.5585054755210876,478242000.0
2006-12-07,NVIDIA,0.5585052588145012,0.5615610974184135,0.5401685877633172,0.5450580716133118,486894000.0
2006-12-08,NVIDIA,0.5410853735292158,0.550712147034376,0.5332922997928219,0.5432243347167969,564858000.0
2006-12-11,NVIDIA,0.543377333875329,0.5591157259508616,0.5421542665170748,0.5525456666946411,515484000.0
2006-12-12,NVIDIA,0.5484201925724337,0.5502538381258061,0.539557171648738,0.5468918085098267,568116000.0
2006-12-13,NVIDIA,0.5513226139446836,0.557740424593085,0.5513226139446836,0.5533093810081482,491952000.0
2006-12-14,NVIDIA,0.5577403972959238,0.570117688815391,0.5572820134992268,0.5630891919136047,715380000.0
2006-12-15,NVIDIA,0.5667565500285832,0.5730212926864624,0.563241399802871,0.5730212926864624,746094000.0
2006-12-18,NVIDIA,0.5736329891173962,0.5898298235069607,0.5733267986870308,0.5829535722732544,688356000.0
2006-12-19,NVIDIA,0.5754668362808717,0.5944141432278445,0.5747022070467332,0.5913583040237427,545622000.0
2006-12-20,NVIDIA,0.5883024241730189,0.5953308695982539,0.5841766402559151,0.5846350789070129,306594000.0
2006-12-21,NVIDIA,0.5878439190026152,0.5895244962158549,0.5730214717100751,0.5795924067497253,367920000.0
2006-12-22,NVIDIA,0.5786755659145407,0.5806614591281928,0.5630893644520935,0.5658398866653442,370170000.0
2006-12-26,NVIDIA,0.5688957231206859,0.5739382742988107,0.5633946787117002,0.5656867623329163,228192000.0
2006-12-27,NVIDIA,0.5681318716572455,0.5751603148448302,0.5681318716572455,0.5731744766235352,264954000.0
2006-12-28,NVIDIA,0.5737852430484814,0.5743968042597839,0.566450607082313,0.5690488815307617,213912000.0
2006-12-29,NVIDIA,0.5690487891909466,0.5809676458423321,0.5649230605449354,0.5655336380004883,386094000.0
2007-01-03,NVIDIA,0.5664507048591063,0.5733269580035913,0.5316109457537389,0.5513229370117188,1154820000.0
2007-01-04,NVIDIA,0.549336992414488,0.5513228860971361,0.535278242260789,0.5487254858016968,797298000.0
2007-01-05,NVIDIA,0.5357369159371392,0.5378768074873209,0.5106770469972061,0.5143443942070007,1243344000.0
2007-01-08,NVIDIA,0.5161776885400077,0.5280964892738161,0.5073146164327306,0.5181644558906555,657270000.0
2007-01-09,NVIDIA,0.5189282018009271,0.5224424239195598,0.5074677839364793,0.5080792903900146,764166000.0
2007-01-10,NVIDIA,0.5027305763093916,0.5378765192672182,0.4950906243717421,0.5331392288208008,1108746000.0
2007-01-11,NVIDIA,0.5331390752660127,0.5372648579707877,0.5224423587088498,0.5311523079872131,924504000.0
2007-01-12,NVIDIA,0.5232071425778091,0.5404738672898163,0.5207619363137015,0.5383349061012268,698190000.0
2007-01-16,NVIDIA,0.5424605911709164,0.5427659072128215,0.5331391344800414,0.5392516851425171,711864000.0
2007-01-17,NVIDIA,0.5317639046334646,0.5349728654977711,0.5259575986810356,0.52794349193573,707934000.0
2007-01-18,NVIDIA,0.5233593359199877,0.5233593359199877,0.47767072929948,0.4842416644096374,1501638000.0
2007-01-19,NVIDIA,0.4790460242682272,0.4972296295397971,0.475683994823528,0.4871444702148437,942606000.0
2007-01-22,NVIDIA,0.4917286385123313,0.499674836254518,0.4853107701072907,0.4871444702148437,730644000.0
2007-01-23,NVIDIA,0.4848522096328059,0.4950905435996575,0.4758369978682584,0.4872974157333374,630354000.0
2007-01-24,NVIDIA,0.4935622923728939,0.5089963040787691,0.491270208185138,0.5024253129959106,685722000.0
2007-01-25,NVIDIA,0.5070094233583317,0.5088431232872791,0.4824080067255389,0.4848522841930389,616284000.0
2007-01-26,NVIDIA,0.4889778425808994,0.4937151307985908,0.4721695081155422,0.4808794558048248,829584000.0
2007-01-29,NVIDIA,0.4787406315440384,0.4790458929355631,0.457041880210606,0.4611676633358001,1258284000.0
2007-01-30,NVIDIA,0.4642235781983151,0.4730865987491111,0.4600978485530123,0.470030814409256,636174000.0
2007-01-31,NVIDIA,0.4677386458323314,0.4727812519533577,0.4619314106693609,0.468349277973175,467976000.0
2007-02-01,NVIDIA,0.4639181955178083,0.4767538759527265,0.4630013729112261,0.4743086695671081,650898000.0
2007-02-02,NVIDIA,0.4769070524586584,0.4889781051891461,0.472933516492,0.4866860210895538,586590000.0
2007-02-05,NVIDIA,0.4889780125003932,0.498757908286574,0.4882143124975329,0.4946321249008178,579906000.0
2007-02-06,NVIDIA,0.5057873741941907,0.5186230573795216,0.498299614544109,0.5122052431106567,775386000.0
2007-02-07,NVIDIA,0.5163306974539246,0.5334443496587866,0.5132739855199892,0.5322222113609314,761058000.0
2007-02-08,NVIDIA,0.5241239617107788,0.5328338579549012,0.5195397942880646,0.5253461003303528,726276000.0
2007-02-09,NVIDIA,0.5279436337650386,0.5323756087819992,0.4969243443971246,0.4989111125469208,937956000.0
2007-02-12,NVIDIA,0.5025783962057231,0.5207620003627593,0.4972295990629361,0.5099130868911743,789360000.0
2007-02-13,NVIDIA,0.518164452916127,0.5236654420422738,0.5129687251596856,0.5195397138595581,849732000.0
2007-02-14,NVIDIA,0.5241239617826925,0.5271797455127369,0.5114404755956262,0.5126635432243347,1081848000.0
2007-02-15,NVIDIA,0.5123575028199967,0.518316933780448,0.5074680173788819,0.5157195329666138,488682000.0
2007-02-16,NVIDIA,0.5135802792912466,0.5141908566700181,0.4984525184122508,0.4999799728393554,915060000.0
2007-02-20,NVIDIA,0.500744828314852,0.5071626426716533,0.4972296759758969,0.5044121742248535,625578000.0
2007-02-21,NVIDIA,0.5002862503385799,0.5056341724586187,0.4918816154619617,0.4969242215156555,655332000.0
2007-02-22,NVIDIA,0.5047172643407302,0.512815708293653,0.4989109586198639,0.5001330971717834,655452000.0
2007-02-23,NVIDIA,0.5048705426347073,0.5051758587765522,0.4987580446189975,0.4989111125469208,403050000.0
2007-02-26,NVIDIA,0.5002863879726824,0.5041059274414341,0.4905065438886874,0.4912702441215515,494070000.0
2007-02-27,NVIDIA,0.485922191941275,0.4973826653332154,0.4756839118364979,0.4764485955238342,714630000.0
2007-02-28,NVIDIA,0.4750732511169699,0.483935339481377,0.4692660169880391,0.4736979901790619,780048000.0
2007-03-01,NVIDIA,0.4634597544561815,0.4766007493543034,0.457347203749499,0.4678907990455627,837228000.0
2007-03-02,NVIDIA,0.4637650607874233,0.4694191728050668,0.453986067348432,0.4549029171466827,682728000.0
2007-03-05,NVIDIA,0.4469568860905136,0.4558199073539767,0.4379416439328286,0.4394690990447998,663558000.0
2007-03-06,NVIDIA,0.4490958164911672,0.4704892580661184,0.4472621436717979,0.4654466509819031,805974000.0
2007-03-07,NVIDIA,0.4631545667117501,0.4652935283357057,0.4503188843020947,0.4523047506809234,811656000.0
2007-03-08,NVIDIA,0.4617793452913203,0.4761424839509159,0.4614731001269249,0.4709476828575134,770622000.0
2007-03-09,NVIDIA,0.4775175050072003,0.4828663003504472,0.4608622903446812,0.4662101566791534,555306000.0
2007-03-12,NVIDIA,0.4608623010471883,0.4701828277083758,0.4602507400214587,0.463459700345993,428010000.0
2007-03-13,NVIDIA,0.4587224266473353,0.4614728938994765,0.4435946381702467,0.4439008831977844,617070000.0
2007-03-14,NVIDIA,0.4451231654395507,0.4477205383408438,0.4284670154415302,0.4417611360549927,971610000.0
2007-03-15,NVIDIA,0.4406920064793653,0.4446646673235083,0.4306068219787576,0.4373299777507782,655752000.0
2007-03-16,NVIDIA,0.4376354263087418,0.4384000555505229,0.4301485409448375,0.4332043528556824,525648000.0
2007-03-19,NVIDIA,0.4354963607624939,0.4423726126188974,0.4339680042326481,0.4353432655334472,461508000.0
2007-03-20,NVIDIA,0.4339680804120369,0.4439010743955802,0.431523802487052,0.4332043528556824,656490000.0
2007-03-21,NVIDIA,0.4507772495101517,0.4651403581300415,0.4422195185486351,0.4579588174819946,1268376000.0
2007-03-22,NVIDIA,0.4584172381064801,0.4707944808019563,0.456278276658201,0.4680440127849579,810954000.0
2007-03-23,NVIDIA,0.4645298421382411,0.4727813564104847,0.4594872349030925,0.4628483355045318,524640000.0
2007-03-26,NVIDIA,0.4631546014519303,0.4675856476011301,0.4553614982173111,0.4637652337551117,447336000.0
2007-03-27,NVIDIA,0.4626961790300318,0.4636130018787518,0.454596884996691,0.455055296421051,469020000.0
2007-03-28,NVIDIA,0.4512355348037882,0.4550550725436852,0.445581423259758,0.4463451504707336,459504000.0
2007-03-29,NVIDIA,0.4530693310981546,0.4536799359660065,0.4313706030576235,0.4385521709918976,719016000.0
2007-03-30,NVIDIA,0.4445115898257052,0.4477204963460396,0.4374831446076143,0.4397752285003662,581244000.0
2007-04-02,NVIDIA,0.4387053646083922,0.4423726831220084,0.4321344004775669,0.4393168985843658,400830000.0
2007-04-03,NVIDIA,0.43931675152914,0.4442062073488129,0.4335095168862141,0.4376352727413177,473724000.0
2007-04-04,NVIDIA,0.4370247711242809,0.4405390215810471,0.4354964144061749,0.4367185533046722,361692000.0
2007-04-05,NVIDIA,0.4385521128439965,0.4726281060698581,0.4385521128439965,0.4721696674823761,1332900000.0
2007-04-09,NVIDIA,0.4721696828562821,0.4775176049577176,0.4626960319235119,0.4636128544807434,640950000.0
2007-04-10,NVIDIA,0.4630014153619378,0.4683493382415704,0.457958835915813,0.4588756859302521,794220000.0
2007-04-11,NVIDIA,0.4597924710915761,0.4643766388182096,0.4490957518438919,0.4506241083145141,810150000.0
2007-04-12,NVIDIA,0.4481788171916153,0.4648349612497111,0.4452761018843438,0.463459700345993,743640000.0
2007-04-13,NVIDIA,0.4619314419517357,0.4681971161491478,0.4562782579546148,0.467280238866806,638694000.0
2007-04-16,NVIDIA,0.4660572162249792,0.4695723131508949,0.4588756485490914,0.4648350775241852,671838000.0
2007-04-17,NVIDIA,0.4766008067468144,0.4874505937548501,0.4669740327851511,0.4692661166191101,1059108000.0
2007-04-18,NVIDIA,0.4685022007353258,0.4791989161660513,0.4660570498452043,0.4750731885433197,683802000.0
2007-04-19,NVIDIA,0.4712529917531727,0.4843939912280838,0.4698777302099086,0.4816434681415558,568056000.0
2007-04-20,NVIDIA,0.4886726768066635,0.4889779928527841,0.4808796035879264,0.4872974157333374,590052000.0
2007-04-23,NVIDIA,0.4850053950258641,0.4859222176443907,0.477976020868166,0.479351282119751,595272000.0
2007-04-24,NVIDIA,0.4874504932394944,0.5018136254432389,0.4842415874631663,0.4973825812339782,1028088000.0
2007-04-25,NVIDIA,0.4966190128043207,0.508690066170657,0.4943269285839917,0.5059395432472229,509640000.0
2007-04-26,NVIDIA,0.5059395677631519,0.5160247825393696,0.5013553991003623,0.5122052431106567,500070000.0
2007-04-27,NVIDIA,0.5105236936270082,0.5161778065917823,0.4972295742538815,0.505328893661499,554058000.0
2007-04-30,NVIDIA,0.512205395048813,0.5186232112214281,0.5024254935186723,0.502578616142273,563388000.0
2007-05-01,NVIDIA,0.5117467583179376,0.5151079133663613,0.5038005606578525,0.507926344871521,544554000.0
2007-05-02,NVIDIA,0.5105236019636865,0.5126634919334551,0.499369374947256,0.5019667744636536,659658000.0
2007-05-03,NVIDIA,0.5067041541973177,0.5148025445842268,0.5057872769230095,0.5114405155181885,500250000.0
2007-05-04,NVIDIA,0.5141909928108367,0.5177061444899526,0.5093015088517306,0.5151078701019287,405246000.0
2007-05-07,NVIDIA,0.5225956396286023,0.5284019463554194,0.5042589677759614,0.5048704743385315,557100000.0
2007-05-08,NVIDIA,0.5018136890206,0.5099130075724527,0.4920347223005417,0.5086899399757385,737100000.0
2007-05-09,NVIDIA,0.5050226080154209,0.5138856814381012,0.4992163019769232,0.5109820365905762,417870000.0
2007-05-10,NVIDIA,0.5131219565042077,0.519845085486686,0.4970773696055219,0.5015084147453308,802584000.0
2007-05-11,NVIDIA,0.5285550718718589,0.5421544532827306,0.5204566811180843,0.536959707736969,1530630000.0
2007-05-14,NVIDIA,0.5348195679148929,0.5398621175628416,0.5265680584529424,0.5316106081008911,731568000.0
2007-05-15,NVIDIA,0.5331392882218776,0.5363481951756321,0.5256515289933951,0.5268745422363281,621360000.0
2007-05-16,NVIDIA,0.5273329030831135,0.5335976481437683,0.5172477450112639,0.5335976481437683,523104000.0
2007-05-17,NVIDIA,0.5320693070924983,0.534819829809233,0.5216788321010601,0.524734616279602,443664000.0
2007-05-18,NVIDIA,0.5287080990679991,0.5366533658330714,0.5242761254251042,0.5351259112358093,604266000.0
2007-05-21,NVIDIA,0.53359773600083,0.5501007643975153,0.5310003356243459,0.5368066430091858,645768000.0
2007-05-22,NVIDIA,0.5372650715551159,0.5445997082001225,0.5285551188141985,0.5397102236747742,401736000.0
2007-05-23,NVIDIA,0.5400154251535207,0.5432243314199035,0.5238177166372637,0.5253461003303528,448248000.0
2007-05-24,NVIDIA,0.5277913414563155,0.5293187415937861,0.504258941649598,0.5063979029655457,607800000.0
2007-05-25,NVIDIA,0.5100655401161974,0.5169417956417046,0.5085380844565844,0.5143443942070007,308976000.0
2007-05-29,NVIDIA,0.5122051758436854,0.5215257055141773,0.510676791937869,0.5198451280593872,316242000.0
2007-05-30,NVIDIA,0.5137325717813827,0.5210672616958618,0.5073147044443165,0.5210672616958618,331650000.0
2007-05-31,NVIDIA,0.5248879410790128,0.5325279509450186,0.5224427335295373,0.5293189883232117,481572000.0
2007-06-01,NVIDIA,0.5352783081496225,0.5432245069429998,0.5320694008463991,0.5329862236976624,429084000.0
2007-06-04,NVIDIA,0.5280966157176848,0.5389455287643716,0.5259576543497948,0.535889744758606,322002000.0
2007-06-05,NVIDIA,0.5374180426615783,0.5526980001052636,0.5365012200770668,0.551781177520752,698586000.0
2007-06-06,NVIDIA,0.5479614531877921,0.5647697886739864,0.5456693701799682,0.5559067726135254,950736000.0
2007-06-07,NVIDIA,0.5533094689747404,0.5615609801542251,0.5497952471169364,0.5499474406242371,791862000.0
2007-06-08,NVIDIA,0.5453635993078968,0.5592692305399478,0.5386404129555555,0.5585054755210876,533268000.0
2007-06-11,NVIDIA,0.5585050136774429,0.5638529338154629,0.5554483020537263,0.5604909062385559,434634000.0
2007-06-12,NVIDIA,0.5575884080617427,0.5653814819358259,0.5543795017191894,0.5546848177909851,526770000.0
2007-06-13,NVIDIA,0.5607972330162732,0.5681319218612788,0.5536147923281629,0.5679787993431091,587232000.0
2007-06-14,NVIDIA,0.565381472147612,0.5802030452413812,0.5646168431154647,0.5780640840530396,508548000.0
2007-06-15,NVIDIA,0.5846351159527742,0.60893121840106,0.584481993389683,0.6043470501899719,1081998000.0
2007-06-18,NVIDIA,0.6104584714874475,0.6125983613314291,0.5997626836552394,0.6046521663665771,685662000.0
2007-06-19,NVIDIA,0.6008318292465515,0.6098479710793573,0.5967061001894057,0.6084727644920349,491952000.0
2007-06-20,NVIDIA,0.6112234840789567,0.6142793238894829,0.604957862135147,0.6090835928916931,822792000.0
2007-06-21,NVIDIA,0.620849956512515,0.6621075170126406,0.6161126666623412,0.6567586660385132,1297326000.0
2007-06-22,NVIDIA,0.6570649449735356,0.6703590636664871,0.6471319808180472,0.6665385961532593,882618000.0
2007-06-25,NVIDIA,0.6478967596063226,0.6637882271743202,0.6419373294802725,0.6489657759666443,819702000.0
2007-06-26,NVIDIA,0.6472850530754045,0.6491187528976159,0.617334841236304,0.6188632249832153,868482000.0
2007-06-27,NVIDIA,0.6188633485600037,0.6362831997877336,0.61580750946498,0.6355194449424744,613140000.0
2007-06-28,NVIDIA,0.6373531434563259,0.6485073741779903,0.6310874683484285,0.6416310667991638,597534000.0
2007-06-29,NVIDIA,0.645909867564007,0.646062935463556,0.6309351710134455,0.6312404870986938,516570000.0
2007-07-02,NVIDIA,0.6402557392675242,0.657828655061298,0.6382698458952181,0.6575233936309814,563850000.0
2007-07-03,NVIDIA,0.6570648292671029,0.6637879568719316,0.6517160336067566,0.6585922837257385,238770000.0
2007-07-05,NVIDIA,0.6587454473545263,0.6677606588950202,0.6555364867139896,0.6656216979026794,373290000.0
2007-07-06,NVIDIA,0.6647049045130523,0.6714280328316973,0.6634827659441351,0.6688306331634521,282720000.0
2007-07-09,NVIDIA,0.6712760163600809,0.6914463902924886,0.6711228937892839,0.6882374286651611,536784000.0
2007-07-10,NVIDIA,0.6847221947942285,0.699086203884674,0.6773875048894112,0.6949604749679565,552654000.0
2007-07-11,NVIDIA,0.6948072603531701,0.6995445497943026,0.6822777724369189,0.6919045448303223,582612000.0
2007-07-12,NVIDIA,0.6967941296645869,0.7059624648473964,0.6919046459973985,0.7051987648010254,438732000.0
2007-07-13,NVIDIA,0.7032119502048011,0.7116165301333996,0.7001561119188424,0.7009198665618896,372630000.0
2007-07-16,NVIDIA,0.7015313147408785,0.7165059539371194,0.7013781922214171,0.7136023640632629,541710000.0
2007-07-17,NVIDIA,0.7165061014772425,0.7308701662187331,0.7099351657968849,0.7105466723442078,643812000.0
2007-07-18,NVIDIA,0.7003083941091622,0.7024482844997624,0.6838053679316936,0.6975579261779785,550656000.0
2007-07-19,NVIDIA,0.7074910530978012,0.7110052765738407,0.6919048459932616,0.696794331073761,407376000.0
2007-07-20,NVIDIA,0.7013783879160674,0.7038235945702291,0.6857922379496628,0.6891542673110962,505650000.0
2007-07-23,NVIDIA,0.6867089801095851,0.7102413795087457,0.6851805963419665,0.6960304379463196,360474000.0
2007-07-24,NVIDIA,0.6932797447657407,0.6990860496612488,0.6734146953052617,0.6776935458183289,457560000.0
2007-07-25,NVIDIA,0.677845949146918,0.6874727236723268,0.65889864520393,0.6744848489761353,437196000.0
2007-07-26,NVIDIA,0.6673022989449259,0.6873204755181607,0.6582870863423868,0.6778458952903748,710268000.0
2007-07-27,NVIDIA,0.6761654615402222,0.7073378160577395,0.6758601454255895,0.6761654615402222,615480000.0
2007-07-30,NVIDIA,0.6786106324853338,0.6961826751069634,0.6784575099315142,0.6951136589050293,538158000.0
2007-07-31,NVIDIA,0.7226186510262327,0.7323976188809186,0.6983225505695476,0.6992393732070923,711492000.0
2007-08-01,NVIDIA,0.6891543303892201,0.7061157432928038,0.6616492641203704,0.6940438151359558,705828000.0
2007-08-02,NVIDIA,0.7019899209868883,0.7026004985452895,0.6816664264422719,0.6909878849983215,468606000.0
2007-08-03,NVIDIA,0.688695785405017,0.6937383919498856,0.6497303036396335,0.6500356197357178,623412000.0
2007-08-06,NVIDIA,0.6555365324020386,0.6604260158134491,0.6371998629956442,0.6555365324020386,524724000.0
2007-08-07,NVIDIA,0.655536407319783,0.6767767174777103,0.6468265128727063,0.6659269332885742,565764000.0
2007-08-08,NVIDIA,0.6779991569485232,0.7174230826648498,0.6728034817998854,0.6966411471366882,660744000.0
2007-08-09,NVIDIA,0.701378353001256,0.7242992474276115,0.685333765156122,0.7048925757408142,1251834000.0
2007-08-10,NVIDIA,0.647132252257457,0.676777160255946,0.6324628662159464,0.6721929907798767,1141014000.0
2007-08-13,NVIDIA,0.6775405343593092,0.6821247012582188,0.6509523007685377,0.6648579239845276,700410000.0
2007-08-14,NVIDIA,0.6694421904649814,0.7013782956362592,0.6674554227496508,0.6906815767288208,1092174000.0
2007-08-15,NVIDIA,0.687014275617958,0.6967941171379296,0.6605791610283354,0.6614959836006165,695142000.0
2007-08-16,NVIDIA,0.6549251442813401,0.6596624350234601,0.6188633054323244,0.6504940986633301,780030000.0
2007-08-17,NVIDIA,0.668525452399675,0.6894595252351202,0.6477435731165113,0.6888480186462402,728712000.0
2007-08-20,NVIDIA,0.6893062845204031,0.6967940414727798,0.677693618830703,0.6860973238945007,519684000.0
2007-08-21,NVIDIA,0.6902234073091975,0.7287304597462044,0.6799859981980778,0.7232294678688049,715338000.0
2007-08-22,NVIDIA,0.74156567162935,0.7440108771646518,0.7265910351069581,0.739732027053833,566154000.0
2007-08-23,NVIDIA,0.7432473609022803,0.7519573120461007,0.7302586129240294,0.7334675192832947,667986000.0
2007-08-24,NVIDIA,0.7313284461930357,0.7386630803713268,0.7259795957587618,0.7372878193855286,361644000.0
2007-08-27,NVIDIA,0.7372879850931149,0.7617363340016186,0.7339259559512429,0.7539432048797607,635946000.0
2007-08-28,NVIDIA,0.7563883560812606,0.7594441945429686,0.7062677744624888,0.7079492807388306,560022000.0
2007-08-29,NVIDIA,0.72277077519874,0.7490536409585173,0.7212433205237381,0.7481368184089661,538560000.0
2007-08-30,NVIDIA,0.7409554420179607,0.7623479554659638,0.7406492515150289,0.7438581585884094,465660000.0
2007-08-31,NVIDIA,0.7594444012488939,0.7846573296334476,0.7553186165428599,0.7817546129226685,720834000.0
2007-09-04,NVIDIA,0.7852686611342471,0.8092594435115297,0.7730444878240035,0.8058974146842957,683268000.0
2007-09-05,NVIDIA,0.8023831678776053,0.8251508819237944,0.7991742616860095,0.7997848391532898,656274000.0
2007-09-06,NVIDIA,0.8097179504515383,0.8170525862108924,0.7999380535725937,0.8033000826835632,425496000.0
2007-09-07,NVIDIA,0.7809897502872245,0.789089069057991,0.7589857357065253,0.7739613056182861,602304000.0
2007-09-10,NVIDIA,0.7907695968648761,0.8045220982874625,0.7696824061578772,0.776100218296051,872112000.0
2007-09-11,NVIDIA,0.7854979296731264,0.79856280273013,0.7772464165193368,0.7926033735275269,405424000.0
2007-09-12,NVIDIA,0.8010840344035517,0.8049806260880237,0.7536379047012582,0.7614309787750244,554452000.0
2007-09-13,NVIDIA,0.7758710999787909,0.7767879225644713,0.7561591684725151,0.7616601586341858,452864000.0
2007-09-14,NVIDIA,0.7540961818818421,0.7550130043522812,0.7369055283088884,0.7391976118087769,487308000.0
2007-09-17,NVIDIA,0.7403439354037871,0.7481370110530564,0.7295711447155148,0.737593412399292,374828000.0
2007-09-18,NVIDIA,0.7453863515495698,0.8136904786010462,0.7442402823757277,0.8022300601005554,844740000.0
2007-09-19,NVIDIA,0.8095648374112699,0.825150986399641,0.7797676914377514,0.7875608205795288,521360000.0
2007-09-20,NVIDIA,0.7880192340836087,0.7964999395445108,0.7742667298798334,0.7829766273498535,324172000.0
2007-09-21,NVIDIA,0.7907696437911611,0.8022300623234068,0.7829765154711651,0.7905403971672058,457532000.0
2007-09-24,NVIDIA,0.7953540074298239,0.8228590186931124,0.7896237694261722,0.8107109665870667,456360000.0
2007-09-25,NVIDIA,0.8058974289371481,0.8244632910662659,0.8036053451688279,0.8210251927375793,360748000.0
2007-09-26,NVIDIA,0.8251510312950409,0.8423416891652697,0.8230881938827855,0.8405080437660217,518032000.0
2007-09-27,NVIDIA,0.8485300711135687,0.8526558540683487,0.834089940066998,0.8430290818214417,378280000.0
2007-09-28,NVIDIA,0.8480719076163821,0.851051622308907,0.8288183581188996,0.8306520581245422,404292000.0
2007-10-01,NVIDIA,0.8377575391663267,0.8698467715290159,0.8368407164468432,0.8657209873199463,398200000.0
2007-10-02,NVIDIA,0.8636578207875217,0.8652623283462795,0.8448627697436657,0.8574692010879517,284960000.0
2007-10-03,NVIDIA,0.8423415772477165,0.8423415772477165,0.8075018821102136,0.8210251927375793,467196000.0
2007-10-04,NVIDIA,0.820108498277826,0.8295060268017527,0.7964999716636364,0.8246926665306091,378976000.0
2007-10-05,NVIDIA,0.837757365502125,0.8510514834453966,0.8288182228831235,0.8464673161506653,344840000.0
2007-10-08,NVIDIA,0.8524268807279626,0.8615952167819532,0.842341667350498,0.8602199554443359,252484000.0
2007-10-09,NVIDIA,0.8602199425834856,0.8641164798834164,0.8324856881814935,0.8450921773910522,403008000.0
2007-10-10,NVIDIA,0.850822376090031,0.850822376090031,0.8256094518421552,0.8460090160369873,389136000.0
2007-10-11,NVIDIA,0.8382160197001166,0.8487596181195848,0.7992505330244478,0.808418869972229,529104000.0
2007-10-12,NVIDIA,0.8173577561927229,0.8281305432319641,0.8047512695557413,0.8281305432319641,409952000.0
2007-10-15,NVIDIA,0.8308811477302865,0.8448628967907027,0.8269846108389667,0.8340900540351868,355900000.0
2007-10-16,NVIDIA,0.833173120611874,0.8565523934966667,0.8301934066830484,0.8416538238525391,276360000.0
2007-10-17,NVIDIA,0.8744309618881104,0.9088122245952016,0.8735141391454407,0.9062909483909608,717944000.0
2007-10-18,NVIDIA,0.903311205494754,0.9092706351087988,0.8806195564170898,0.905603289604187,340620000.0
2007-10-19,NVIDIA,0.9035402038896462,0.9039986424723312,0.8567816543591391,0.8570109009742737,505768000.0
2007-10-22,NVIDIA,0.8515101082613273,0.8994147410843826,0.8446338553740773,0.8975810408592224,537656000.0
2007-10-23,NVIDIA,0.909270565866478,0.909270565866478,0.8774105827772677,0.901935875415802,294292000.0
2007-10-24,NVIDIA,0.8824529995853443,0.8824529995853443,0.8285890080356241,0.8714510202407837,565500000.0
2007-10-25,NVIDIA,0.8446337846245475,0.8526561063114945,0.7699117772649584,0.7953539490699768,806192000.0
2007-10-26,NVIDIA,0.8205668971809589,0.8260679429020396,0.7770172979905193,0.7884777188301086,616580000.0
2007-10-29,NVIDIA,0.7614310015085253,0.7735790516058049,0.7463032368856798,0.7699117064476013,813896000.0
2007-10-30,NVIDIA,0.7761003342620212,0.8143781847905731,0.7632646534201657,0.7981044054031372,525212000.0
2007-10-31,NVIDIA,0.8029175887716788,0.8113982919209404,0.7779338632171857,0.8109399080276489,455188000.0
2007-11-01,NVIDIA,0.7983334219532899,0.8272136838386558,0.7873313888006092,0.8109399080276489,587236000.0
2007-11-02,NVIDIA,0.8221714177322264,0.8480720310558381,0.810710995957337,0.8421126008033752,491844000.0
2007-11-05,NVIDIA,0.8350071010496227,0.8622829759157415,0.8297353015684135,0.8421126008033752,436636000.0
2007-11-06,NVIDIA,0.8501346435332094,0.8755767551044763,0.8462380522295354,0.8687005043029785,554620000.0
2007-11-07,NVIDIA,0.8682422446227853,0.8716803431917577,0.8205668114735887,0.8274430632591248,546768000.0
2007-11-08,NVIDIA,0.8194208203302841,0.8343193936166294,0.7520334525340112,0.7756419777870178,996824000.0
2007-11-09,NVIDIA,0.7919159141626763,0.7976461526038445,0.7483663096706923,0.7646400928497314,871056000.0
2007-11-12,NVIDIA,0.7644108154447418,0.7699118065736485,0.6883135437965393,0.6883135437965393,715732000.0
2007-11-13,NVIDIA,0.6995446928568401,0.7497413473030994,0.6883134652089229,0.7490537166595459,726696000.0
2007-11-14,NVIDIA,0.7680780820481391,0.7754127179161151,0.733467576071818,0.7373641133308411,666720000.0
2007-11-15,NVIDIA,0.732550854152463,0.7394271069635157,0.7105467795799748,0.7275082468986511,496436000.0
2007-11-16,NVIDIA,0.7334673974709224,0.7458446368854158,0.7275079697091059,0.7437817454338074,423592000.0
2007-11-19,NVIDIA,0.7332383347826784,0.7369056800672693,0.6896887393161936,0.6935852766036987,568412000.0
2007-11-20,NVIDIA,0.7066502173246274,0.7077962867439318,0.6672263473801989,0.6883135437965393,622628000.0
2007-11-21,NVIDIA,0.6738732132697859,0.697252487123675,0.6718103216994945,0.6809786558151245,648452000.0
2007-11-23,NVIDIA,0.6857920091618915,0.6956479729340935,0.6770820597295573,0.6926682591438293,141976000.0
2007-11-26,NVIDIA,0.6922100252811004,0.7064209679711374,0.6752486145736195,0.6766238212585449,385896000.0
2007-11-27,NVIDIA,0.6862507907761897,0.7077964302584164,0.6809789906031819,0.7057335376739502,458856000.0
2007-11-28,NVIDIA,0.7279663489032082,0.7630352274838188,0.7245281967641413,0.7529500722885132,574548000.0
2007-11-29,NVIDIA,0.7518041921863448,0.7816013360503355,0.7485952858156343,0.7591388821601868,489084000.0
2007-11-30,NVIDIA,0.7838933648605974,0.7838933648605974,0.7206317912299116,0.7229238748550415,652656000.0
2007-12-03,NVIDIA,0.7334675192832947,0.7469908299660131,0.7222362923782784,0.7334675192832947,490688000.0
2007-12-04,NVIDIA,0.7366764572255539,0.7391977330948426,0.7185689782111226,0.7327799201011658,371712000.0
2007-12-05,NVIDIA,0.7607435043342051,0.7850396087910645,0.751345975118854,0.7708286643028259,666704000.0
2007-12-06,NVIDIA,0.7689948354451902,0.7889359585944823,0.7621185841989657,0.7864146828651428,371152000.0
2007-12-07,NVIDIA,0.7896235687892885,0.7905403913355878,0.7685363769864769,0.7765586972236633,320292000.0
2007-12-10,NVIDIA,0.7790800553477992,0.7942078202294502,0.7767879714156579,0.785039484500885,336360000.0
2007-12-11,NVIDIA,0.801771901407,0.8164412859269058,0.7841228562195687,0.7859565019607544,582436000.0
2007-12-12,NVIDIA,0.8191915051902636,0.8272138258232,0.7971874897556703,0.81300288438797,617504000.0
2007-12-13,NVIDIA,0.8031469381418337,0.8084187364810553,0.7673904190203081,0.7907696962356567,500364000.0
2007-12-14,NVIDIA,0.7871023984994528,0.8125445691127727,0.7818305998429809,0.8038346171379089,354016000.0
2007-12-17,NVIDIA,0.795353724476155,0.8029176053474062,0.7609724179808789,0.7628061175346375,507408000.0
2007-12-18,NVIDIA,0.7744957219322458,0.7907695526251729,0.7667026491582812,0.7822888493537903,396896000.0
2007-12-19,NVIDIA,0.779538636721423,0.7969584887246702,0.7763297295584146,0.7896237969398499,253536000.0
2007-12-20,NVIDIA,0.8022305322618575,0.8079607722084895,0.7854983059384529,0.8061270713806152,279940000.0
2007-12-21,NVIDIA,0.8157533801785221,0.8228588233403739,0.7985627248963548,0.8058974146842957,433408000.0
2007-12-24,NVIDIA,0.8118569007627763,0.8240049508445275,0.8058974717192621,0.8201084136962891,104008000.0
2007-12-26,NVIDIA,0.8217129489549938,0.8311104774475098,0.8136906272156395,0.8311104774475098,215340000.0
2007-12-27,NVIDIA,0.829735094386978,0.834319316599874,0.8033761582102511,0.8054389953613281,241368000.0
2007-12-28,NVIDIA,0.8040636913743868,0.8136904646082851,0.7905403813820878,0.7974166870117188,262064000.0
2007-12-31,NVIDIA,0.7909990407649626,0.8054391773226953,0.7795386192626033,0.7797678112983704,276236000.0
2008-01-02,NVIDIA,0.7820595960736457,0.7850393099878026,0.746303083751343,0.7566174864768982,483964000.0
2008-01-03,NVIDIA,0.7609723830351791,0.7761001440829778,0.7479075133977832,0.7506580352783203,475308000.0
2008-01-04,NVIDIA,0.7281954439897618,0.7318627875678676,0.6830413615711564,0.687625527381897,736092000.0
2008-01-07,NVIDIA,0.6922100134980637,0.697940250736818,0.6039646988363182,0.6165711879730225,1006800000.0
2008-01-08,NVIDIA,0.6200090401622514,0.6713517443110872,0.6055689114513376,0.6296358108520508,1106956000.0
2008-01-09,NVIDIA,0.6381167346166203,0.6624128890259122,0.6287192072173164,0.6621836423873901,741036000.0
2008-01-10,NVIDIA,0.6440762651124008,0.6587456477967728,0.6355955589872723,0.6484312415122986,554432000.0
2008-01-11,NVIDIA,0.6330741703688316,0.6463682345881477,0.6154250758750871,0.6200092434883118,572612000.0
2008-01-14,NVIDIA,0.6291775192304594,0.6621835666432584,0.6190923623643635,0.6612667441368103,539188000.0
2008-01-15,NVIDIA,0.6360539319503505,0.6436178145378486,0.6019018096573262,0.6126746535301208,725692000.0
2008-01-16,NVIDIA,0.5741676653590455,0.5812731099780745,0.5308472029779661,0.5434536933898926,1464472000.0
2008-01-17,NVIDIA,0.5519344171770876,0.5666037455847139,0.5326808655790033,0.5340561270713806,1133900000.0
2008-01-18,NVIDIA,0.5356604939957513,0.572333891057185,0.5161778081621927,0.5693541765213013,920428000.0
2008-01-22,NVIDIA,0.5150318006602329,0.5542264783193015,0.5118228937436675,0.5409323573112488,709092000.0
2008-01-23,NVIDIA,0.5189282478178152,0.5670620617644309,0.5138856962988507,0.5507882833480835,929880000.0
2008-01-24,NVIDIA,0.5615611363592621,0.5931919289045118,0.5562893376017205,0.5929626822471619,597092000.0
2008-01-25,NVIDIA,0.6156542201117836,0.6294067206641044,0.5691248664640942,0.5718753337860107,688012000.0
2008-01-28,NVIDIA,0.5698126975007655,0.5755428807571678,0.5528512304652894,0.5649992823600769,577608000.0
2008-01-29,NVIDIA,0.5750844611231929,0.5847112361614356,0.5601858872125309,0.5824190974235535,414484000.0
2008-01-30,NVIDIA,0.5730215683152978,0.5860864421484754,0.5608735171875442,0.5773765444755554,530476000.0
2008-01-31,NVIDIA,0.5647700988052554,0.5741676825511116,0.54620417799351,0.5636240839958191,588708000.0
2008-02-01,NVIDIA,0.5624780351034088,0.6188633756972384,0.5576646743621166,0.615654468536377,593104000.0
2008-02-04,NVIDIA,0.628948347653274,0.6323865004733823,0.5931918315620736,0.5964007377624512,565128000.0
2008-02-05,NVIDIA,0.584481941105823,0.5847111877491874,0.5588105795610806,0.5590397715568542,494928000.0
2008-02-06,NVIDIA,0.5649992890257687,0.5805854947763579,0.546891806984425,0.5572062134742737,557380000.0
2008-02-07,NVIDIA,0.5411615480448922,0.5785225217129595,0.5294718817034265,0.5627071261405945,664128000.0
2008-02-08,NVIDIA,0.5574355713758832,0.5771475127993181,0.5501009323527645,0.5727925896644592,393932000.0
2008-02-11,NVIDIA,0.5776055636102995,0.5870031438090471,0.5707293134063172,0.5746258497238159,503732000.0
2008-02-12,NVIDIA,0.5833360602338519,0.6041940121167794,0.5801270983192757,0.595942497253418,609688000.0
2008-02-13,NVIDIA,0.6005265920750246,0.6211554040141919,0.5941087783322412,0.6193217039108276,742312000.0
2008-02-14,NVIDIA,0.6012139345330336,0.6016723730009772,0.5168652457040541,0.5182404518127441,2184296000.0
2008-02-15,NVIDIA,0.5161777384381625,0.5301594319505497,0.5021959902781917,0.5104475021362305,817364000.0
2008-02-19,NVIDIA,0.5198450821103051,0.5207619593594892,0.4985286970471702,0.5028836727142334,558608000.0
2008-02-20,NVIDIA,0.4882144544082906,0.5065511290591781,0.4861515621157854,0.4992164373397827,759016000.0
2008-02-21,NVIDIA,0.5042589070839453,0.5067801827659477,0.4850053602379325,0.4879850745201111,644272000.0
2008-02-22,NVIDIA,0.4918817100537563,0.5125105221919924,0.4882144191068315,0.5115936994552612,723052000.0
2008-02-25,NVIDIA,0.5111350892321513,0.5170945169923857,0.4978409727443087,0.5113642811775208,671784000.0
2008-02-26,NVIDIA,0.5083848403002725,0.5235126097698463,0.50059176349704,0.5157195329666138,565420000.0
2008-02-27,NVIDIA,0.5131980077876908,0.5278673313700867,0.5099890471451446,0.523741602897644,537816000.0
2008-02-28,NVIDIA,0.5191573259964938,0.5200741482799504,0.5040295124053955,0.5040295124053955,503608000.0
2008-02-29,NVIDIA,0.4957781254814219,0.502425128937533,0.4882142449680191,0.4902770817279815,540576000.0
2008-03-03,NVIDIA,0.489589570813397,0.4930277239988719,0.4781291512744656,0.4845470190048218,449028000.0
2008-03-04,NVIDIA,0.4813382189330209,0.4822550965211123,0.4609386489311471,0.4797337651252746,778888000.0
2008-03-05,NVIDIA,0.4843177707112085,0.4966950674891718,0.4792752189198075,0.485234647989273,644656000.0
2008-03-06,NVIDIA,0.479275072636662,0.4824839781877013,0.4540621027847338,0.45474973320961,1075284000.0
2008-03-07,NVIDIA,0.4464984106705964,0.4657519613749699,0.4354964012136677,0.4481028914451599,767500000.0
2008-03-10,NVIDIA,0.4426018747631928,0.4481028931747898,0.4217438978513434,0.4224315285682678,776100000.0
2008-03-11,NVIDIA,0.4354963487596262,0.4407681471689968,0.4180765002740002,0.4364131987094879,857940000.0
2008-03-12,NVIDIA,0.4405389710413863,0.4444355083282045,0.4208270106330325,0.4244943559169769,743320000.0
2008-03-13,NVIDIA,0.4178473209865744,0.4579588475337932,0.4153260448614483,0.451541006565094,1220528000.0
2008-03-14,NVIDIA,0.4538329717916217,0.4542913830284907,0.4167011697769917,0.4199101030826568,1154972000.0
2008-03-17,NVIDIA,0.4015734177421088,0.4235774582241174,0.396760031325064,0.4093665182590484,800952000.0
2008-03-18,NVIDIA,0.4189933928165544,0.4354964214299373,0.4070745600698444,0.4348087906837463,1075256000.0
2008-03-19,NVIDIA,0.4247235977044448,0.4306829999512621,0.4047824442386627,0.4047824442386627,880476000.0
2008-03-20,NVIDIA,0.4095957827783256,0.4254111785760649,0.4022611195342332,0.4244943559169769,633460000.0
2008-03-24,NVIDIA,0.4338919709098314,0.4616262017158209,0.4322875173734734,0.4591049253940582,887440000.0
2008-03-25,NVIDIA,0.4611676892669935,0.4744617525735572,0.4568127139391603,0.4657518565654754,735388000.0
2008-03-26,NVIDIA,0.4595633300147804,0.4627722368494223,0.4458107979874348,0.4508533775806427,721652000.0
2008-03-27,NVIDIA,0.4439770064161136,0.4565834656874157,0.4371007285807036,0.4444354176521301,601308000.0
2008-03-28,NVIDIA,0.4524576718227815,0.4627720740456205,0.4478735052009813,0.4510824382305145,561788000.0
2008-03-31,NVIDIA,0.4558959477861856,0.4643766807044457,0.4478736535409753,0.4536038637161255,569992000.0
2008-04-01,NVIDIA,0.4671271376939376,0.4824840933369091,0.4604800784321365,0.4813380241394043,676872000.0
2008-04-02,NVIDIA,0.4827133429640932,0.4827133429640932,0.4630014094526993,0.4666687548160553,616536000.0
2008-04-03,NVIDIA,0.4627722047236084,0.4634598353758098,0.4444355057346872,0.4579588174819946,841984000.0
2008-04-04,NVIDIA,0.4487903866068602,0.4510824975429363,0.4293076759024456,0.4304537177085876,1535528000.0
2008-04-07,NVIDIA,0.4409973717965308,0.447415212227646,0.4373300266005235,0.440768152475357,729496000.0
2008-04-08,NVIDIA,0.4354964694441148,0.4524579113170509,0.4354964694441148,0.4382469654083252,639476000.0
2008-04-09,NVIDIA,0.4432894975952415,0.4515410114039664,0.4391637406908791,0.4469568431377411,675232000.0
2008-04-10,NVIDIA,0.4517701859349852,0.4701069129376686,0.4421434384133228,0.4556667506694793,1092184000.0
2008-04-11,NVIDIA,0.4469567700928548,0.4497072651383247,0.4219730134068747,0.4247235357761383,1106280000.0
2008-04-14,NVIDIA,0.4231190570945511,0.4240359069961555,0.4079912932941198,0.4105125963687897,780004000.0
2008-04-15,NVIDIA,0.412575506377604,0.4169304824124624,0.4036363896238263,0.4153260290622711,439916000.0
2008-04-16,NVIDIA,0.4311413724143115,0.4373299930494747,0.4235774906052038,0.4318289756774902,646836000.0
2008-04-17,NVIDIA,0.4118877178965887,0.4274738877009735,0.4116584986679627,0.4258694350719452,596968000.0
2008-04-18,NVIDIA,0.4389343740148629,0.4428309375922682,0.4299952598257555,0.4359546601772308,573540000.0
2008-04-21,NVIDIA,0.4325166444510923,0.4584172257964344,0.4325166444510923,0.4554375112056732,679892000.0
2008-04-22,NVIDIA,0.4471860351567734,0.4519994227658293,0.4373300679196293,0.4469568431377411,587668000.0
2008-04-23,NVIDIA,0.4531453871079208,0.4735449487879261,0.4471859584544825,0.4685023427009582,1020496000.0
2008-04-24,NVIDIA,0.4712528194819999,0.4735449030003453,0.4503948485355397,0.4572710990905761,655764000.0
2008-04-25,NVIDIA,0.4616261648657898,0.4630014262579143,0.4471860295436736,0.461855411529541,552208000.0
2008-04-28,NVIDIA,0.4597925125643256,0.4666687647745058,0.4517701909953179,0.4536038637161255,535700000.0
2008-04-29,NVIDIA,0.448561381213266,0.4687317581795261,0.448561381213266,0.4630015194416046,573408000.0
2008-04-30,NVIDIA,0.4685025262385183,0.4760664110083558,0.4652936186749771,0.4710238575935364,1068320000.0
2008-05-01,NVIDIA,0.4767538083545522,0.4939444620427864,0.474461724839293,0.4927984476089477,1014624000.0
2008-05-02,NVIDIA,0.5063217494329311,0.5161777138710022,0.4987578684770258,0.5161777138710022,1131016000.0
2008-05-05,NVIDIA,0.5127397404114233,0.5150318246941582,0.5021961417813231,0.5033422112464905,943392000.0
2008-05-06,NVIDIA,0.5019668206039015,0.5175529678575351,0.4941736923294988,0.5164069533348083,729036000.0
2008-05-07,NVIDIA,0.51778241265251,0.5246586663633966,0.5001333122783881,0.5044882893562317,715632000.0
2008-05-08,NVIDIA,0.5083848916317726,0.5099893455681095,0.4815675042496049,0.5031130909919739,1360000000.0
2008-05-09,NVIDIA,0.5044880962719691,0.5370357065721629,0.5035712737242706,0.5164069533348083,2030352000.0
2008-05-12,NVIDIA,0.5230541582122089,0.5230541582122089,0.4966951610723052,0.5017377138137817,1006652000.0
2008-05-13,NVIDIA,0.5042587765929697,0.5042587765929697,0.4877557563234558,0.491423100233078,854108000.0
2008-05-14,NVIDIA,0.4976118561057803,0.5189282403832866,0.4914232354636123,0.5058633685112,751148000.0
2008-05-15,NVIDIA,0.5047173297235986,0.5473501554947098,0.5024252458422006,0.5450580716133118,1165464000.0
2008-05-16,NVIDIA,0.5542264516689228,0.5606443198410431,0.5416199619845544,0.5594982504844666,1091556000.0
2008-05-19,NVIDIA,0.5597272689997387,0.5801268272542959,0.5439118774553576,0.5478084683418274,1158532000.0
2008-05-20,NVIDIA,0.5329100175198251,0.5390986384877235,0.5274090271758699,0.5335976481437683,771404000.0
2008-05-21,NVIDIA,0.53497275084944,0.5556014995115178,0.5280964466478404,0.5292425155639648,1066660000.0
2008-05-22,NVIDIA,0.5368064001674376,0.5464331714851223,0.5283256977757608,0.5420781970024109,693108000.0
2008-05-23,NVIDIA,0.5411615330781762,0.5455165088358308,0.5219079848062241,0.5297011137008667,802672000.0
2008-05-27,NVIDIA,0.5306178472897839,0.5361188367383698,0.5205326362118652,0.5354312062263489,832856000.0
2008-05-28,NVIDIA,0.550100773423548,0.5514759802728371,0.534285375504526,0.540473997592926,751736000.0
2008-05-29,NVIDIA,0.5407032529470659,0.5416200758364922,0.5292428302102212,0.5390987992286682,693460000.0
2008-05-30,NVIDIA,0.554455458958118,0.5679787668337485,0.5528510061115282,0.566145122051239,830244000.0
2008-06-02,NVIDIA,0.5661451946747743,0.572792253497296,0.5599565744304754,0.5684372782707214,734660000.0
2008-06-03,NVIDIA,0.5702710408073203,0.5711879181527119,0.5425368399752966,0.5491838455200195,840696000.0
2008-06-04,NVIDIA,0.5370357391439484,0.5567476710291539,0.5340560246975158,0.5556016564369202,831724000.0
2008-06-05,NVIDIA,0.5748551547048805,0.5810438302881803,0.5631655434538269,0.5695833563804626,827860000.0
2008-06-06,NVIDIA,0.5627069882636573,0.5633946187415861,0.5482668575223069,0.5514757633209229,784876000.0
2008-06-09,NVIDIA,0.5482668326415102,0.5558307129078949,0.5319930577959189,0.542995035648346,637916000.0
2008-06-10,NVIDIA,0.5283261368473127,0.5290137678448663,0.5074681240992985,0.5109062790870667,1225208000.0
2008-06-11,NVIDIA,0.5109061056484065,0.5232833501073962,0.4863807541216662,0.4870683848857879,999428000.0
2008-06-12,NVIDIA,0.498070402849851,0.5076971238732482,0.4859222962604995,0.4900480806827545,825992000.0
2008-06-13,NVIDIA,0.4907357271691934,0.4964659106316503,0.4740035062085623,0.4884436428546905,705748000.0
2008-06-16,NVIDIA,0.4831717045852932,0.487755871896641,0.4778999067124846,0.4817964434623718,630496000.0
2008-06-17,NVIDIA,0.4886727945615822,0.488901986579837,0.4689608601541677,0.4701069295406341,687912000.0
2008-06-18,NVIDIA,0.4652934660782495,0.4813380532816125,0.4487904402386115,0.4563543498516083,1065272000.0
2008-06-19,NVIDIA,0.4588756741842736,0.4652934875020825,0.4442062929191226,0.4552083015441894,784928000.0
2008-06-20,NVIDIA,0.445123101214654,0.4579587812955247,0.4448938819074337,0.4529161751270294,741008000.0
2008-06-23,NVIDIA,0.4563543771983371,0.456812788538287,0.4396221310378929,0.4435186684131622,776616000.0
2008-06-24,NVIDIA,0.4409973394264904,0.4687315910343818,0.4409973394264904,0.4581879675388336,1078928000.0
2008-06-25,NVIDIA,0.4652934112449934,0.468731563992906,0.4533745819061338,0.4607092440128326,900976000.0
2008-06-26,NVIDIA,0.4469567608353594,0.4503948864019337,0.4371007680892944,0.4371007680892944,845532000.0
2008-06-27,NVIDIA,0.4389344565823107,0.4444354740843729,0.4288492988142213,0.4419141709804535,584140000.0
2008-06-30,NVIDIA,0.4368715908161423,0.4407681277913128,0.4260987751525968,0.4290784895420074,653940000.0
2008-07-01,NVIDIA,0.4240359384824899,0.4302245596517252,0.4162428366972562,0.4297661483287811,881464000.0
2008-07-02,NVIDIA,0.4277030885031535,0.4304535825092449,0.4125753031601918,0.4132629334926605,763196000.0
2008-07-03,NVIDIA,0.2975126910485665,0.300950815998635,0.284218602443544,0.2862814664840698,2987520000.0
2008-07-07,NVIDIA,0.2906365002016878,0.2924701726790585,0.2695493076976156,0.2773424088954925,2202692000.0
2008-07-08,NVIDIA,0.279176034050106,0.2860522841818167,0.2704660844280587,0.2757378816604614,1805288000.0
2008-07-09,NVIDIA,0.2764255886776089,0.2805513453637701,0.2709245979785919,0.2709245979785919,1413168000.0
2008-07-10,NVIDIA,0.2722998637179963,0.2755087981028036,0.2651943915237372,0.270236998796463,1056992000.0
2008-07-11,NVIDIA,0.2647359010815518,0.2741334547486135,0.2594641033493902,0.267486423254013,807760000.0
2008-07-14,NVIDIA,0.2695493437076052,0.271612208442861,0.2535047278800036,0.2553384006023407,882316000.0
2008-07-15,NVIDIA,0.2530462514157039,0.2633606544092405,0.2452531785058563,0.2580888569355011,1122484000.0
2008-07-16,NVIDIA,0.25900576312918,0.2663404271784729,0.2519002911079217,0.2594641745090484,1034392000.0
2008-07-17,NVIDIA,0.2635898294880974,0.2635898294880974,0.2502957406778684,0.2603809237480163,862080000.0
2008-07-18,NVIDIA,0.2585472484499807,0.2665695400257692,0.2512125600073719,0.2649650871753692,899720000.0
2008-07-21,NVIDIA,0.269090917681575,0.2729874549266483,0.2642775304634401,0.2665696144104004,571636000.0
2008-07-22,NVIDIA,0.2640483092488818,0.2651943512141573,0.2557968234931755,0.2608394026756286,555924000.0
2008-07-23,NVIDIA,0.2626730140005534,0.2713829363692933,0.261526972302661,0.2686324417591095,594876000.0
2008-07-24,NVIDIA,0.2658819351688705,0.2684032379792508,0.2521294340005212,0.2528170645236969,705628000.0
2008-07-25,NVIDIA,0.2553383154253923,0.2658819095688012,0.2500665183536879,0.2649650871753692,1039600000.0
2008-07-28,NVIDIA,0.2615269636715084,0.2729873802722051,0.2603809220114388,0.2642774581909179,734808000.0
2008-07-29,NVIDIA,0.2647359792642612,0.2736751243171146,0.2617562642466434,0.2670280635356903,764636000.0
2008-07-30,NVIDIA,0.2722998046139013,0.2727582432292244,0.257172040726884,0.2631314694881439,588492000.0
2008-07-31,NVIDIA,0.2624438228120364,0.2679448399447832,0.2594641086139393,0.2622146308422088,487236000.0
2008-08-01,NVIDIA,0.255338361932363,0.2562552118165769,0.2452532044725619,0.2484621107578277,881060000.0
2008-08-04,NVIDIA,0.248462133420416,0.2498373947102799,0.2418150736178015,0.2425027042627334,522052000.0
2008-08-05,NVIDIA,0.2470869217657401,0.2564844787120819,0.2443364259572843,0.2564844787120819,685844000.0
2008-08-06,NVIDIA,0.257172205919409,0.2656529432173041,0.2489206880764127,0.263360857963562,814864000.0
2008-08-07,NVIDIA,0.2610686975923615,0.272758339952503,0.2562553090149377,0.2592350244522095,819232000.0
2008-08-08,NVIDIA,0.2612978314795163,0.2635899155634227,0.2512126451160492,0.2521294951438904,853764000.0
2008-08-11,NVIDIA,0.2539631909201845,0.2635899394813554,0.2530463408091492,0.2574013173580169,1196436000.0
2008-08-12,NVIDIA,0.2594641733055514,0.2601518040340642,0.2500666171047412,0.2537339627742767,1410868000.0
2008-08-13,NVIDIA,0.2739042611677542,0.2851354597851514,0.267257202388571,0.281009703874588,2095260000.0
2008-08-14,NVIDIA,0.2789469424255937,0.3092024787087176,0.2789469424255937,0.297971248626709,1635304000.0
2008-08-15,NVIDIA,0.3032428800211085,0.3066810320763971,0.2949913697359888,0.297054260969162,777652000.0
2008-08-18,NVIDIA,0.2991171780559286,0.3057642367794926,0.2959082719988917,0.3030137419700622,893968000.0
2008-08-19,NVIDIA,0.2968251772029842,0.3094316676295436,0.2968251772029842,0.3075979948043823,1014140000.0
2008-08-20,NVIDIA,0.3121820877473791,0.3236425059797734,0.3098900041009003,0.3227256834506988,1143692000.0
2008-08-21,NVIDIA,0.3169955761674526,0.3195168799180501,0.3057643462974647,0.3121821880340576,1021560000.0
2008-08-22,NVIDIA,0.3144741319856495,0.3181414762899607,0.3053057985486603,0.3119528293609619,459264000.0
2008-08-25,NVIDIA,0.3101193081292349,0.3174539723372655,0.3064519623633197,0.3073687851428985,471600000.0
2008-08-26,NVIDIA,0.3089731890036547,0.30920238097954,0.2968251125965644,0.3000340461730957,613112000.0
2008-08-27,NVIDIA,0.293157749792807,0.3059934274689967,0.2904072279166316,0.3023260831832886,454620000.0
2008-08-28,NVIDIA,0.3027846375245374,0.3059935721224505,0.2982004686622058,0.3011801838874817,365192000.0
2008-08-29,NVIDIA,0.2970543028724088,0.2979711253339575,0.2888027914233096,0.2897196412086487,516004000.0
2008-09-02,NVIDIA,0.2945330723226115,0.2970543756956564,0.2784884840456271,0.2823850214481354,693928000.0
2008-09-03,NVIDIA,0.2784884710592898,0.2796345130256328,0.2647359401393789,0.2672572433948517,714856000.0
2008-09-04,NVIDIA,0.2642775194312537,0.2670280145880283,0.2619854355799759,0.2635898888111114,716128000.0
2008-09-05,NVIDIA,0.2612977756897671,0.2681740264733366,0.2610685837245898,0.267486423254013,791100000.0
2008-09-08,NVIDIA,0.2700077930330079,0.2700077930330079,0.2521295292923438,0.2564844787120819,1314840000.0
2008-09-09,NVIDIA,0.2555674906633486,0.2711536599334435,0.2468575701309028,0.2477743923664093,1098296000.0
2008-09-10,NVIDIA,0.2507541562178709,0.2557967615020688,0.2463992087347426,0.2480036616325378,644284000.0
2008-09-11,NVIDIA,0.2337927500989468,0.2411274396131526,0.2282917466251885,0.236084833741188,1066976000.0
2008-09-12,NVIDIA,0.2340219983900022,0.2356264516736181,0.2202694811706048,0.2335635870695114,1209200000.0
2008-09-15,NVIDIA,0.2253120672507154,0.2287502069073871,0.2104135076114658,0.2131640166044235,863984000.0
2008-09-16,NVIDIA,0.2056000959338403,0.2214154889796661,0.2017035456631323,0.2198110222816467,1240840000.0
2008-09-17,NVIDIA,0.2147684282004975,0.2342511520466299,0.2127055502721404,0.2292085736989975,1392580000.0
2008-09-18,NVIDIA,0.2319591474593716,0.2617562710908644,0.2315007360578595,0.2496082186698913,1611060000.0
2008-09-19,NVIDIA,0.2615270614624023,0.2635899262923642,0.249837421229155,0.2615270614624023,1107344000.0
2008-09-22,NVIDIA,0.2594641556718955,0.2670280385238827,0.2546507682232317,0.256026029586792,700072000.0
2008-09-23,NVIDIA,0.2539630878127759,0.2633606405236909,0.2477744408781889,0.2486912906169891,821468000.0
2008-09-24,NVIDIA,0.245482493101709,0.2629023471985634,0.2441072587196231,0.2578597664833069,866036000.0
2008-09-25,NVIDIA,0.2578596515565335,0.269090877618789,0.2535046763114089,0.2629022300243377,588328000.0
2008-09-26,NVIDIA,0.2564844254630837,0.2697785449788499,0.2516710656285431,0.267944872379303,646852000.0
2008-09-29,NVIDIA,0.2608394749496515,0.2640483824120364,0.229208675155155,0.2315007597208023,975240000.0
2008-09-30,NVIDIA,0.2351680374213242,0.247774498858536,0.2326467342043637,0.2454824149608612,659044000.0
2008-10-01,NVIDIA,0.2418150764351733,0.2461700523546181,0.234251193900387,0.2386061698198318,557208000.0
2008-10-02,NVIDIA,0.2402106250037193,0.2402106250037193,0.2127055899377181,0.2138516455888748,787728000.0
2008-10-03,NVIDIA,0.2172897461012609,0.2234783803154004,0.2056001082507408,0.2069753557443618,915828000.0
2008-10-06,NVIDIA,0.1971193750535129,0.197577786295236,0.1675514674292964,0.1799287348985672,1677440000.0
2008-10-07,NVIDIA,0.1863465457214742,0.1868049568930074,0.164571728173887,0.1659469753503799,1059984000.0
2008-10-08,NVIDIA,0.1599875960880767,0.1792411153315879,0.1583831293201692,0.1693851500749588,1219456000.0
2008-10-09,NVIDIA,0.175573776872826,0.1780950799332663,0.156778681881536,0.1586123406887054,909636000.0
2008-10-10,NVIDIA,0.1448598778089414,0.1680099410047156,0.1439430413234423,0.1560910940170288,1200252000.0
2008-10-13,NVIDIA,0.1693851637396487,0.1847421337816065,0.1673222855355771,0.1845129281282425,916536000.0
2008-10-14,NVIDIA,0.1913892401847242,0.1925352824756224,0.1753446344502475,0.1803872287273407,1209012000.0
2008-10-15,NVIDIA,0.1792410711191719,0.1801579070944115,0.1609043926000595,0.1609043926000595,854064000.0
2008-10-16,NVIDIA,0.1657178315155908,0.1774074710263922,0.1581539487335309,0.1764906346797943,1019820000.0
2008-10-17,NVIDIA,0.1714480636865019,0.1854297879195187,0.168239143146762,0.1753446012735366,839416000.0
2008-10-20,NVIDIA,0.1813039441728128,0.1826791912707801,0.1744276813591912,0.1787826418876648,595764000.0
2008-10-21,NVIDIA,0.1753445891644678,0.1771782618210879,0.1641133748819408,0.1650302112102508,659116000.0
2008-10-22,NVIDIA,0.1627381175664199,0.1696143833671439,0.1544866177322091,0.1588415801525116,600996000.0
2008-10-23,NVIDIA,0.158383089188965,0.1622796386420905,0.143484535430641,0.1499023735523224,832192000.0
2008-10-24,NVIDIA,0.1375251503283889,0.1592999578276114,0.1368375197950835,0.1515068709850311,798336000.0
2008-10-27,NVIDIA,0.1505900688197375,0.1691559607907975,0.145776681323893,0.1597584187984466,698936000.0
2008-10-28,NVIDIA,0.1682391233096257,0.184054504799197,0.1652594088036566,0.1838252991437912,849920000.0
2008-10-29,NVIDIA,0.1826792498743099,0.2017035644237459,0.1817624136275797,0.1897847205400467,977284000.0
2008-10-30,NVIDIA,0.2005575076230751,0.2017035494308267,0.1856589504604082,0.1978069990873336,657176000.0
2008-10-31,NVIDIA,0.1916184039232361,0.2046832904423552,0.19115997894287,0.2007867395877838,608672000.0
2008-11-03,NVIDIA,0.2051416357587876,0.2088089797741978,0.1902430814354437,0.1934520006179809,723924000.0
2008-11-04,NVIDIA,0.2000990548826187,0.2058292627334594,0.194827258195088,0.2058292627334594,619560000.0
2008-11-05,NVIDIA,0.198265448035995,0.2039956577692155,0.195056527853012,0.195056527853012,787620000.0
2008-11-06,NVIDIA,0.1835960399328806,0.19047228956062,0.1741984878454552,0.1746569126844406,797936000.0
2008-11-07,NVIDIA,0.198953064653781,0.2078922082160186,0.1856589726315421,0.1998699009418487,1132068000.0
2008-11-10,NVIDIA,0.2074337659057906,0.2085798214165226,0.182679242844287,0.1870342046022415,576396000.0
2008-11-11,NVIDIA,0.1842836576033191,0.1856589047012864,0.1769489836443393,0.1787826418876648,576484000.0
2008-11-12,NVIDIA,0.1732816801883852,0.177407436105001,0.166176223809232,0.1682391017675399,646092000.0
2008-11-13,NVIDIA,0.1604460449318162,0.1822208722439546,0.1572371243064179,0.1819916665554046,797228000.0
2008-11-14,NVIDIA,0.1746569739471819,0.1755737966229507,0.1636549515570746,0.1643425822257995,741024000.0
2008-11-17,NVIDIA,0.1627380508886456,0.1670930115246139,0.159299926227917,0.1609043926000595,388224000.0
2008-11-18,NVIDIA,0.1641133475369961,0.1650301837125408,0.1503608322276177,0.1556326299905777,564488000.0
2008-11-19,NVIDIA,0.1542573986008993,0.1581539496818299,0.1421093476749078,0.142796978354454,500220000.0
2008-11-20,NVIDIA,0.1416509304847416,0.1487564023591632,0.1336286358695295,0.1352330893278122,847036000.0
2008-11-21,NVIDIA,0.1395880332731428,0.1462350785732269,0.1317949324891445,0.1462350785732269,599064000.0
2008-11-24,NVIDIA,0.1551742684288171,0.1576955723564761,0.1466935474197582,0.1558618992567062,600308000.0
2008-11-25,NVIDIA,0.1627380674589815,0.1631964923242255,0.1556326118356949,0.1602167785167694,528256000.0
2008-11-26,NVIDIA,0.1574662968521563,0.1748861577677914,0.1565494742909251,0.1744277328252792,600792000.0
2008-11-28,NVIDIA,0.1716772523481411,0.174198541928716,0.1689267434459612,0.1712188273668289,175248000.0
2008-12-01,NVIDIA,0.1643426026876141,0.1659470562318736,0.1563202939806163,0.1565495133399963,547112000.0
2008-12-02,NVIDIA,0.1595291683277991,0.1673222690704895,0.1574662903267218,0.1652593910694122,479988000.0
2008-12-03,NVIDIA,0.1588415606120969,0.1739693243860404,0.1574662994239953,0.1737401187419891,584632000.0
2008-12-04,NVIDIA,0.170301941979722,0.1787826582396616,0.1583831008294566,0.1622796505689621,466292000.0
2008-12-05,NVIDIA,0.1572371028473473,0.1693851666253732,0.1544866076363247,0.1686975359916687,438484000.0
2008-12-08,NVIDIA,0.1719064739935396,0.1753446001945546,0.1592999975945854,0.1631965488195419,707992000.0
2008-12-09,NVIDIA,0.161133666061804,0.1854297818246482,0.1592999933388237,0.1790119409561157,829760000.0
2008-12-10,NVIDIA,0.1824500827174626,0.2005575648400922,0.1794703677024679,0.1959733963012695,961124000.0
2008-12-11,NVIDIA,0.1948273193840081,0.2017035709646238,0.1854297646276488,0.187721848487854,582700000.0
2008-12-12,NVIDIA,0.1822208689541617,0.1982654717914861,0.1785535233559737,0.1971194297075271,679268000.0
2008-12-15,NVIDIA,0.1982654102549104,0.199411451983167,0.184512895853937,0.1907015293836593,476996000.0
2008-12-16,NVIDIA,0.1925351486467092,0.2039955772515842,0.1907014904529673,0.2035371661186218,521940000.0
2008-12-17,NVIDIA,0.199869917772123,0.2166021506990472,0.1971194223382087,0.213622435927391,674180000.0
2008-12-18,NVIDIA,0.2122471800625589,0.2129348107255897,0.1913891911235737,0.1939104944467544,550808000.0
2008-12-19,NVIDIA,0.1964317644960314,0.2039956463865892,0.1945980920189578,0.1952857226133346,593120000.0
2008-12-22,NVIDIA,0.1982654467009272,0.198723858011739,0.1767198418548236,0.1838252991437912,522464000.0
2008-12-23,NVIDIA,0.1849713240009858,0.1888678744306373,0.1785534842709105,0.1813039928674698,377452000.0
2008-12-24,NVIDIA,0.1776366709942092,0.1819916469161994,0.173281708734117,0.1769490540027618,146616000.0
2008-12-26,NVIDIA,0.176948991970328,0.1792410751287538,0.1673222345078036,0.1721356064081192,226156000.0
2008-12-29,NVIDIA,0.1744277478594712,0.1776366680860519,0.1631965338973876,0.1776366680860519,460168000.0
2008-12-30,NVIDIA,0.1799287620161986,0.1865758079943544,0.1758030055713025,0.1838252991437912,409860000.0
2008-12-31,NVIDIA,0.1815332800128086,0.1895555901084854,0.1783243587069183,0.1849714070558548,441580000.0
2009-01-02,NVIDIA,0.1849713935143224,0.2010159988691675,0.1842837763531943,0.1996407508850097,497124000.0
2009-01-05,NVIDIA,0.1973486166635493,0.2078922137649033,0.1959733690256895,0.2033080458641052,705736000.0
2009-01-06,NVIDIA,0.2092674250495426,0.2161436893681166,0.2046832579450903,0.2101842612028122,657904000.0
2009-01-07,NVIDIA,0.2053709364205208,0.2053709364205208,0.1904723625291035,0.1975778341293335,870096000.0
2009-01-08,NVIDIA,0.1950565398449955,0.1950565398449955,0.1806163913028497,0.1925352364778518,1014496000.0
2009-01-09,NVIDIA,0.1925352456646846,0.1925352456646846,0.1813040306288051,0.1817624419927597,761352000.0
2009-01-12,NVIDIA,0.1817624089484051,0.1826792451715329,0.1719064434581002,0.1744277328252792,645532000.0
2009-01-13,NVIDIA,0.1684683488291936,0.1819916616973472,0.1652594282894537,0.1753446012735366,1824424000.0
2009-01-14,NVIDIA,0.1691559107984295,0.1712187885924283,0.1650301688723265,0.1675514578819275,974908000.0
2009-01-15,NVIDIA,0.1684683601229532,0.1762614494813538,0.165030233670297,0.1735109537839889,998204000.0
2009-01-16,NVIDIA,0.1783243124212338,0.1847421533672058,0.1725941021701513,0.1831376999616623,831324000.0
2009-01-20,NVIDIA,0.1826792376012688,0.1833668681555932,0.1638841299607633,0.1652593910694122,705788000.0
2009-01-21,NVIDIA,0.1684683695517721,0.1744277863375321,0.1622797333934861,0.1732817441225052,648472000.0
2009-01-22,NVIDIA,0.1677806952240812,0.1746569603919651,0.1638841445068838,0.1700727790594101,547656000.0
2009-01-23,NVIDIA,0.1652593832592461,0.1819916121079083,0.1650301776392689,0.1767198145389557,633616000.0
2009-01-26,NVIDIA,0.1776366293040751,0.1879510183740476,0.1746569290499896,0.18267922103405,581748000.0
2009-01-27,NVIDIA,0.1856589150780743,0.1948272614547065,0.1849712846597115,0.1934520006179809,725300000.0
2009-01-28,NVIDIA,0.2003283118071823,0.2046832736223497,0.1939104719046308,0.2014743536710739,723752000.0
2009-01-29,NVIDIA,0.1948273130661146,0.1971193968519917,0.1888678842933164,0.1897847205400467,413128000.0
2009-01-30,NVIDIA,0.1884094965068264,0.1934520760001084,0.1799287772438902,0.1822208613157272,506760000.0
2009-02-02,NVIDIA,0.1794703418286667,0.1941396954323344,0.1785535055207003,0.1920768171548843,577992000.0
2009-02-03,NVIDIA,0.1925352262736212,0.1959733658046073,0.1872634278095932,0.1943688988685608,396948000.0
2009-02-04,NVIDIA,0.1948273218503223,0.2097258807921542,0.1948273218503223,0.1998699009418487,779232000.0
2009-02-05,NVIDIA,0.1945980939546835,0.2168313285591974,0.1925352158129298,0.2145392447710037,919192000.0
2009-02-06,NVIDIA,0.2152269413852805,0.2276042003701811,0.2115595952698276,0.2262289524078369,1157880000.0
2009-02-09,NVIDIA,0.2253120302936194,0.2285209500947737,0.2170605319920056,0.223249152302742,716128000.0
2009-02-10,NVIDIA,0.2230199915940457,0.2259997063657019,0.2094966791146207,0.213622435927391,1129664000.0
2009-02-11,NVIDIA,0.1966609757805452,0.2037664465865721,0.1801579639992568,0.1868050098419189,1983400000.0
2009-02-12,NVIDIA,0.1826792236239686,0.1918475711119159,0.1801579345541832,0.1907015293836593,1024020000.0
2009-02-13,NVIDIA,0.1863465774893511,0.1927644169562724,0.1849713164165138,0.1904723197221756,764304000.0
2009-02-17,NVIDIA,0.183366865898992,0.1877218274783619,0.1787826850297375,0.1794703155755996,779576000.0
2009-02-18,NVIDIA,0.1794703315413156,0.1902431336340965,0.1792411258929366,0.1842837184667587,646252000.0
2009-02-19,NVIDIA,0.1879510521016314,0.1895555189835,0.1700727790594101,0.1700727790594101,743988000.0
2009-02-20,NVIDIA,0.1677806872849734,0.1771782414946626,0.1661762341409222,0.1744277328252792,770056000.0
2009-02-23,NVIDIA,0.1774074308174729,0.1783242669562724,0.1652593827176443,0.1664054244756698,679548000.0
2009-02-24,NVIDIA,0.167322271574227,0.181533198501709,0.1670930522780915,0.1813039928674698,659524000.0
2009-02-25,NVIDIA,0.1808455767358338,0.1888678836196879,0.1746569560007971,0.1833668798208236,702360000.0
2009-02-26,NVIDIA,0.1897847261850282,0.195744141473187,0.187034217363026,0.1893263012170791,1117556000.0
2009-02-27,NVIDIA,0.1845129223677704,0.1941396824655926,0.1831376748286236,0.1897847205400467,755444000.0
2009-03-02,NVIDIA,0.1852005512254208,0.1890970881599839,0.1730524881479382,0.1737401187419891,700064000.0
2009-03-03,NVIDIA,0.176949032717418,0.1874926286036269,0.1712188098399282,0.1806163638830185,1041372000.0
2009-03-04,NVIDIA,0.1854297754709338,0.1994114987653059,0.1838253084778281,0.1939104944467544,1108668000.0
2009-03-05,NVIDIA,0.1911599737650806,0.1989530616012409,0.1884094786049758,0.1893263012170791,955252000.0
2009-03-06,NVIDIA,0.1893262828284276,0.1991822615702332,0.1868049935662333,0.1923059970140457,974756000.0
2009-03-09,NVIDIA,0.1909308004026048,0.2053709502519395,0.1897847582817576,0.1902431696653366,682768000.0
2009-03-10,NVIDIA,0.1971194262927038,0.2111011504043081,0.1952857535253756,0.2074338048696518,1254800000.0
2009-03-11,NVIDIA,0.2074337929512363,0.2716121995012657,0.2039956669564629,0.2131640166044235,864916000.0
2009-03-12,NVIDIA,0.2124763963262991,0.2280625873910969,0.2097259008607988,0.225770503282547,1604604000.0
2009-03-13,NVIDIA,0.2225615470738528,0.2278333451420774,0.2188942021593157,0.2246244251728058,1195156000.0
2009-03-16,NVIDIA,0.2269165089208172,0.2271457145625091,0.2140808290433137,0.2159144878387451,699344000.0
2009-03-17,NVIDIA,0.2166021268791522,0.2271457234274339,0.2138516317477118,0.2266873121261596,1005384000.0
2009-03-18,NVIDIA,0.2232491989441543,0.2404398570135854,0.2230199932665923,0.2337927967309951,1359560000.0
2009-03-19,NVIDIA,0.2353971837203669,0.2353971837203669,0.2294377831375573,0.2310422360897064,822648000.0
2009-03-20,NVIDIA,0.2344803941993451,0.2347096135063253,0.2124763653715214,0.2184357941150665,1093672000.0
2009-03-23,NVIDIA,0.2253120420322184,0.2347096099575078,0.2202694632690441,0.2342511713504791,816048000.0
2009-03-24,NVIDIA,0.228521028561263,0.2305839209223648,0.2230200232506936,0.224166065454483,1114868000.0
2009-03-25,NVIDIA,0.23104229572926,0.2383769592065362,0.2191234368394143,0.2278333753347396,1243852000.0
2009-03-26,NVIDIA,0.2315006882627907,0.2425026962466355,0.228979398751213,0.2420442849397659,1333664000.0
2009-03-27,NVIDIA,0.239522983908707,0.2454824129227006,0.2360848580907403,0.2397522032260894,731892000.0
2009-03-30,NVIDIA,0.2305839096723707,0.2335636247216057,0.2211863394683756,0.2243952602148056,780052000.0
2009-03-31,NVIDIA,0.2278333556838201,0.2315006871061461,0.2243952162518862,0.2259996831417083,805272000.0
2009-04-01,NVIDIA,0.2232491201397152,0.2337927142047855,0.214768403768328,0.2317298501729965,887920000.0
2009-04-02,NVIDIA,0.2404398396517333,0.2468576801314386,0.2370017137508693,0.2425027042627334,1002860000.0
2009-04-03,NVIDIA,0.2427319542153558,0.2601518052407507,0.2386061971489413,0.2594641745090484,1003208000.0
2009-04-06,NVIDIA,0.2551092529258731,0.2624439177661446,0.2516711262203894,0.2601518332958221,887288000.0
2009-04-07,NVIDIA,0.2551092214761793,0.2578597170367266,0.2496082030312859,0.2512126564979553,607804000.0
2009-04-08,NVIDIA,0.2539631782128775,0.2622146921803225,0.2519002860591169,0.2615270614624023,731652000.0
2009-04-09,NVIDIA,0.268174020677053,0.276883943612744,0.2661111564160853,0.2759671211242676,904412000.0
2009-04-13,NVIDIA,0.2725290821814001,0.2727583015380629,0.2610686608242545,0.2670280635356903,767628000.0
2009-04-14,NVIDIA,0.2633606444840466,0.2750502807320647,0.2622146027861543,0.2686324417591095,711960000.0
2009-04-15,NVIDIA,0.2592349397957692,0.2622146542599776,0.2500665770890532,0.2610686123371124,1045368000.0
2009-04-16,NVIDIA,0.2658819308557156,0.2709245363946749,0.255796774425378,0.2677156031131744,1038772000.0
2009-04-17,NVIDIA,0.2677157265116783,0.2720707035459612,0.2612978843142847,0.2695493996143341,695764000.0
2009-04-20,NVIDIA,0.2592348816357456,0.261526964967241,0.2519001931159293,0.253275454044342,590660000.0
2009-04-21,NVIDIA,0.2498373599885376,0.263131450422393,0.2461700152744423,0.2525878548622131,932184000.0
2009-04-22,NVIDIA,0.250295864608675,0.2706954327888264,0.246170107097334,0.2601518332958221,916404000.0
2009-04-23,NVIDIA,0.2626730897456038,0.2649651738023395,0.2480037353882171,0.256026029586792,753952000.0
2009-04-24,NVIDIA,0.2585472955927746,0.263819093625724,0.2523586476754291,0.2619854211807251,759508000.0
2009-04-27,NVIDIA,0.25854728319167,0.2658819452960685,0.2509834017962184,0.2525878548622131,787024000.0
2009-04-28,NVIDIA,0.2493789178455575,0.2585472511715392,0.2470868071902735,0.253275454044342,634392000.0
2009-04-29,NVIDIA,0.254421619121244,0.2555676613428973,0.2463993235696711,0.2493790388107299,859668000.0
2009-04-30,NVIDIA,0.254192326346254,0.270466132123991,0.2521294618724761,0.2631314694881439,1110276000.0
2009-05-01,NVIDIA,0.2624438174870287,0.2736750434944673,0.2622146255218514,0.267486423254013,840548000.0
2009-05-04,NVIDIA,0.2720706643296828,0.2839894967932596,0.2684033186529827,0.2819266319274902,927704000.0
2009-05-05,NVIDIA,0.2757379777246663,0.277571650530046,0.2647359682161872,0.2704661786556244,837076000.0
2009-05-06,NVIDIA,0.2734457899478738,0.275967092515494,0.2596932901036648,0.2649650871753692,935088000.0
2009-05-07,NVIDIA,0.2709245933000651,0.2709245933000651,0.242502708325366,0.2459408342838287,1289196000.0
2009-05-08,NVIDIA,0.2406690479775895,0.2406690479775895,0.2088090627406233,0.2120179831981659,2930564000.0
2009-05-11,NVIDIA,0.2085798304082433,0.2214155105980556,0.2067461579062995,0.21614371240139,1038596000.0
2009-05-12,NVIDIA,0.2209570223891934,0.2209570223891934,0.2017035076160969,0.2058292627334594,1201384000.0
2009-05-13,NVIDIA,0.2044540953147524,0.2056001373318546,0.1909307831186681,0.1925352364778518,1305608000.0
2009-05-14,NVIDIA,0.1923060082535642,0.1994114788558019,0.1909307607267074,0.1952857226133346,1017864000.0
2009-05-15,NVIDIA,0.1966609898443852,0.2072045871511155,0.1943689058493392,0.2003283351659774,780308000.0
2009-05-18,NVIDIA,0.2053709731155441,0.2138516939510978,0.2049125480190297,0.2124764323234558,938320000.0
2009-05-19,NVIDIA,0.2138516806672129,0.2191234664854004,0.2104135404735771,0.2166021764278412,859768000.0
2009-05-20,NVIDIA,0.2204986976347098,0.2349388325423724,0.2195818612869077,0.2230199873447418,1309436000.0
2009-05-21,NVIDIA,0.2202694965575619,0.2246244590540329,0.2154561090466789,0.2216447442770004,965600000.0
2009-05-22,NVIDIA,0.2216447334355599,0.2282917796932637,0.2175189768171511,0.2250828593969345,718260000.0
2009-05-26,NVIDIA,0.2230200109151485,0.239064614542652,0.220727926634348,0.2372309416532516,865540000.0
2009-05-27,NVIDIA,0.2360848925903038,0.2447948180667108,0.2337928083767124,0.2376893460750579,814152000.0
2009-05-28,NVIDIA,0.2413566329975622,0.2429610860917754,0.2305838452806533,0.2408982217311859,995288000.0
2009-05-29,NVIDIA,0.2411274360813934,0.2415858473383689,0.230813032518589,0.2390645444393158,834232000.0
2009-06-01,NVIDIA,0.241815063991978,0.2521294686077849,0.2408982413844281,0.2507542073726654,1022764000.0
2009-06-02,NVIDIA,0.2507541547126587,0.2562551711740928,0.2441071238943552,0.2486912906169891,907984000.0
2009-06-03,NVIDIA,0.2454823890425337,0.2463992388990788,0.2349387932969167,0.2408982217311859,735688000.0
2009-06-04,NVIDIA,0.241585923510128,0.2500666300714034,0.2413567041474717,0.2496082186698913,673180000.0
2009-06-05,NVIDIA,0.2541925283075955,0.2541925283075955,0.2452534053871772,0.2482330948114395,559992000.0
2009-06-08,NVIDIA,0.2463992467476245,0.2502957836216279,0.2406690101021222,0.2468576580286026,473948000.0
2009-06-09,NVIDIA,0.2502957406778684,0.2631314182857699,0.2484620685447698,0.2603809237480163,725032000.0
2009-06-10,NVIDIA,0.2617561642479658,0.2702368946714009,0.2560259557585039,0.2686324417591095,833320000.0
2009-06-11,NVIDIA,0.2693200827966016,0.2796344868520636,0.26358987350123,0.2651943266391754,835156000.0
2009-06-12,NVIDIA,0.261297706846416,0.2647358313323681,0.255338280141252,0.263819009065628,595000000.0
2009-06-15,NVIDIA,0.25900576312918,0.2624438894638922,0.2548800060627655,0.2594641745090484,445164000.0
2009-06-16,NVIDIA,0.2594641462504432,0.2626730802076312,0.2486913570397177,0.2523586750030517,594912000.0
2009-06-17,NVIDIA,0.2562552813189245,0.2610686693761184,0.246399313164166,0.2585473656654358,799016000.0
2009-06-18,NVIDIA,0.2576304800304111,0.262443867424308,0.2507542279384425,0.2535047233104706,566376000.0
2009-06-19,NVIDIA,0.2560259305947434,0.2626729881834802,0.2528170250855509,0.2562551498413086,747564000.0
2009-06-22,NVIDIA,0.2571720437524724,0.2571720437524724,0.2408982377832765,0.2418150603771209,574864000.0
2009-06-23,NVIDIA,0.2441071650146293,0.2445655762993551,0.2312714577757528,0.2406690120697021,589764000.0
2009-06-24,NVIDIA,0.2436486853630606,0.2544214990202815,0.2436486853630606,0.2486912906169891,515096000.0
2009-06-25,NVIDIA,0.2463992554588863,0.2622146501402205,0.2438779523386782,0.2617562115192413,870444000.0
2009-06-26,NVIDIA,0.2606101592028781,0.2661111765207108,0.2583180754847295,0.2651943266391754,513956000.0
2009-06-29,NVIDIA,0.2658819572193787,0.2700077133768048,0.2624438316421557,0.2651943266391754,510056000.0
2009-06-30,NVIDIA,0.264277624963267,0.2679449715192837,0.2539632435137514,0.2587766051292419,589844000.0
2009-07-01,NVIDIA,0.2603810026948071,0.2633607173990598,0.2555676153014912,0.2599225640296936,696420000.0
2009-07-02,NVIDIA,0.251441986814261,0.254650895163776,0.2463994048405327,0.2498375326395034,552312000.0
2009-07-06,NVIDIA,0.2496081617199758,0.2498373810303341,0.2376893040572324,0.2418150603771209,752456000.0
2009-07-07,NVIDIA,0.2427319381349535,0.2441071995072503,0.2305838870923227,0.2312714904546737,1072996000.0
2009-07-08,NVIDIA,0.2326466725596165,0.2333343030114755,0.2225615033497502,0.2317298501729965,1205860000.0
2009-07-09,NVIDIA,0.2356264357411679,0.2406690145731925,0.2349388051450296,0.2367724776268005,714564000.0
2009-07-10,NVIDIA,0.2367725233191411,0.2392938268836112,0.2317299435139999,0.2376893460750579,520008000.0
2009-07-13,NVIDIA,0.2425025915546541,0.2425025915546541,0.2280624640176131,0.2404397279024124,556012000.0
2009-07-14,NVIDIA,0.2422735084336345,0.2463992649142083,0.2395229858973883,0.2454824149608612,452568000.0
2009-07-15,NVIDIA,0.2544214792651856,0.2606100983954551,0.2521293960818423,0.2555675208568573,1022808000.0
2009-07-16,NVIDIA,0.2583181420765267,0.2697785909454505,0.256942907885392,0.2688617408275604,952076000.0
2009-07-17,NVIDIA,0.2688615917793529,0.2775715127899071,0.2661110975980687,0.2766546905040741,850356000.0
2009-07-20,NVIDIA,0.2789469422257302,0.2830726996544548,0.2752795962171301,0.2800929844379425,782756000.0
2009-07-21,NVIDIA,0.2794053226096957,0.2805513646946064,0.2679449017605887,0.2743627429008484,941296000.0
2009-07-22,NVIDIA,0.2688617317002104,0.2837603065268927,0.2670280588504803,0.2812390029430389,600908000.0
2009-07-23,NVIDIA,0.2816974382721136,0.2988880987914167,0.2787177230534663,0.297971248626709,1046120000.0
2009-07-24,NVIDIA,0.2888027506840423,0.2979710833013813,0.2869690786958172,0.297054260969162,650592000.0
2009-07-27,NVIDIA,0.2943038520058758,0.3027845566718219,0.2915533295639089,0.2984296083450317,677484000.0
2009-07-28,NVIDIA,0.2963667835716177,0.3020969944159497,0.2938454798705914,0.298888087272644,563180000.0
2009-07-29,NVIDIA,0.2954499395944185,0.2972836123979659,0.2899489211837766,0.2929286360740661,373972000.0
2009-07-30,NVIDIA,0.2979711982682554,0.3018677629930736,0.2926993995144986,0.2952207028865814,468444000.0
2009-07-31,NVIDIA,0.2952207091503372,0.3004925080159467,0.2883444568883589,0.2963667511940002,541560000.0
2009-08-03,NVIDIA,0.3034722367958977,0.3078272131570266,0.2977420263132007,0.3043890595436096,471900000.0
2009-08-04,NVIDIA,0.2991171971668285,0.3117236848860923,0.2986587858899336,0.3064518868923187,695380000.0
2009-08-05,NVIDIA,0.3046182424389094,0.3094316295978785,0.3009508972393334,0.3071395456790924,610768000.0
2009-08-06,NVIDIA,0.3082856484533798,0.3137866400141179,0.2988880916030011,0.3007217645645141,957588000.0
2009-08-07,NVIDIA,0.3169954504821771,0.3261637843782212,0.3098899807832268,0.3142449557781219,1401872000.0
2009-08-10,NVIDIA,0.316537037161254,0.3211212040789954,0.3020968785818203,0.3039305508136749,693312000.0
2009-08-11,NVIDIA,0.3018676865776707,0.3064518534946143,0.2952206281538284,0.2968250811100006,481884000.0
2009-08-12,NVIDIA,0.2970544159628663,0.3110361414290499,0.2968251965983187,0.3078272342681885,634940000.0
2009-08-13,NVIDIA,0.3101193374566998,0.3181416331699695,0.3046183182876048,0.3169955909252167,564028000.0
2009-08-14,NVIDIA,0.3165371395806191,0.3169955509559596,0.3034722377787191,0.3075979948043823,427148000.0
2009-08-17,NVIDIA,0.2982004396785151,0.2991172624323499,0.2915533790799166,0.2947623133659363,465032000.0
2009-08-18,NVIDIA,0.2947623748923887,0.3089733218097052,0.2945331554941849,0.3055351674556732,636200000.0
2009-08-19,NVIDIA,0.3009508911900924,0.30393060568938,0.2979711766908049,0.3020969331264496,552996000.0
2009-08-20,NVIDIA,0.3007216275549207,0.3153909772398282,0.3000339970921645,0.3140157163143158,819840000.0
2009-08-21,NVIDIA,0.3165371619673636,0.3197460691454932,0.3101193202873037,0.3192876577377319,607324000.0
2009-08-24,NVIDIA,0.3174539831594529,0.3208921096857812,0.3085148377967189,0.3103485107421875,461456000.0
2009-08-25,NVIDIA,0.3119529572068928,0.3163079337685117,0.3066811851791545,0.3130990266799927,444088000.0
2009-08-26,NVIDIA,0.3124112845666237,0.3174538627613548,0.3112652428258307,0.3167662322521209,434308000.0
2009-08-27,NVIDIA,0.3181415608016414,0.3224965094115519,0.3147034348494607,0.3211212754249573,551072000.0
2009-08-28,NVIDIA,0.3298311802254162,0.3445005331375814,0.3293727689239911,0.3376242816448211,883992000.0
2009-08-31,NVIDIA,0.3337276714282438,0.3353321517485121,0.3284558738765682,0.3328108489513397,431796000.0
2009-09-01,NVIDIA,0.3325816727112288,0.3419792272727375,0.3197459924306989,0.3215796649456024,736856000.0
2009-09-02,NVIDIA,0.3220382192251869,0.3293729125413325,0.3202045458961505,0.3261639773845672,404656000.0
2009-09-03,NVIDIA,0.3261638258639421,0.3344153383494317,0.3252470032872405,0.3339569270610809,534020000.0
2009-09-04,NVIDIA,0.3325816022842504,0.3486262128992273,0.3325816022842504,0.3463341295719147,513048000.0
2009-09-08,NVIDIA,0.3488553772646865,0.3559608459472656,0.346104882954064,0.3559608459472656,549712000.0
2009-09-09,NVIDIA,0.3552732954208875,0.366504521756604,0.3502307168303051,0.3658168911933899,571684000.0
2009-09-10,NVIDIA,0.3669630445566474,0.3779650822643794,0.3628372872471981,0.3775066435337066,607952000.0
2009-09-11,NVIDIA,0.3765897122014385,0.3779649733495583,0.3713179142320362,0.374068409204483,712732000.0
2009-09-14,NVIDIA,0.3685674982751891,0.3715472131857284,0.3646709332947459,0.3678798675537109,490516000.0
2009-09-15,NVIDIA,0.3713179405625796,0.3800278646961184,0.3678798147722718,0.375443696975708,546136000.0
2009-09-16,NVIDIA,0.374526775764169,0.3752144062561321,0.3598574527799745,0.3653584420681,707064000.0
2009-09-17,NVIDIA,0.3644415854794228,0.3644415854794228,0.343125178844886,0.3493138253688812,923096000.0
2009-09-18,NVIDIA,0.3527520298452741,0.3552733055505565,0.3461049706430716,0.3488554656505584,604740000.0
2009-09-21,NVIDIA,0.3447298134400187,0.3532105476460713,0.3417501255555155,0.3472511172294616,588776000.0
2009-09-22,NVIDIA,0.3497723592848784,0.3518352239675669,0.3451881912577512,0.3479386866092682,361388000.0
2009-09-23,NVIDIA,0.3500015371372802,0.3529812516991673,0.3419792434142434,0.3424376547336578,478936000.0
2009-09-24,NVIDIA,0.3481678349844443,0.3481678349844443,0.3367073899284387,0.3378534317016601,552876000.0
2009-09-25,NVIDIA,0.3360198371640928,0.3376243178769573,0.3298312156212359,0.3323525190353393,377556000.0
2009-09-28,NVIDIA,0.333498537826955,0.3483970832882551,0.333498537826955,0.3399163782596588,467708000.0
2009-09-29,NVIDIA,0.3419791995843586,0.3461049555779006,0.3330400570443858,0.3337276875972748,470928000.0
2009-09-30,NVIDIA,0.340603947753476,0.3486262679905786,0.3330400661133111,0.3445005118846893,875956000.0
2009-10-01,NVIDIA,0.3433545369692384,0.3433545369692384,0.3197460375767108,0.3199752569198608,999960000.0
2009-10-02,NVIDIA,0.3167662902061775,0.3243301725440213,0.3149326176206706,0.317453920841217,612476000.0
2009-10-05,NVIDIA,0.3208920320987971,0.3220380739971437,0.3103484357044903,0.3158494532108307,754276000.0
2009-10-06,NVIDIA,0.3197460141145665,0.3266222660189279,0.317453930146446,0.3211212754249573,761272000.0
2009-10-07,NVIDIA,0.3188291586490571,0.3222672842474519,0.3151618137479186,0.3185999393463135,459608000.0
2009-10-08,NVIDIA,0.3204336665623924,0.3213504892824751,0.3092024379604907,0.3206628859043121,1241524000.0
2009-10-09,NVIDIA,0.3188291713358371,0.3252470115063101,0.3183707600359021,0.3247886002063751,618540000.0
2009-10-12,NVIDIA,0.3192876027857017,0.3273098966741233,0.3190583834593711,0.3211212754249573,499008000.0
2009-10-13,NVIDIA,0.3229549717618206,0.326622289985634,0.3169955420779011,0.3199752569198608,602124000.0
2009-10-14,NVIDIA,0.3323525193699468,0.3323525193699468,0.3179123568824135,0.3195168375968933,1101948000.0
2009-10-15,NVIDIA,0.3190583879503575,0.3220381026156151,0.3080563792837584,0.3101192712783813,1092196000.0
2009-10-16,NVIDIA,0.3062226480270991,0.3071394978461034,0.2975127250274101,0.3030137419700622,1018832000.0
2009-10-19,NVIDIA,0.305534986146637,0.316537018903159,0.3030137108815823,0.3140157163143158,695588000.0
2009-10-20,NVIDIA,0.3192875339561882,0.3215796174301992,0.3117236530271937,0.3142449557781219,660180000.0
2009-10-21,NVIDIA,0.3130989361999998,0.3179122954418036,0.3050766161494089,0.3066810965538025,503956000.0
2009-10-22,NVIDIA,0.3050766679394258,0.3103484666624531,0.2998048692163985,0.3087440133094787,379328000.0
2009-10-23,NVIDIA,0.3128697225290811,0.3128697225290811,0.2995756317353065,0.3014093041419983,429528000.0
2009-10-26,NVIDIA,0.3037014485265318,0.3082856167976978,0.2959083460712706,0.297512799501419,481652000.0
2009-10-27,NVIDIA,0.2961376178490761,0.3004925675482608,0.2844479757582916,0.2874276638031006,591836000.0
2009-10-28,NVIDIA,0.2810097520131865,0.287427592604166,0.2741335000922362,0.2755087614059448,773632000.0
2009-10-29,NVIDIA,0.2798637119029946,0.28903207518287,0.2773424359093508,0.2876568138599396,637100000.0
2009-10-30,NVIDIA,0.2862814918643834,0.2874275336160087,0.2727582101247215,0.2741334438323974,604144000.0
2009-11-02,NVIDIA,0.2736749770894391,0.2826141173333441,0.2688615917793529,0.2766546905040741,593136000.0
2009-11-03,NVIDIA,0.2677156978845204,0.2766548430576677,0.2649652021865522,0.2752795815467834,876472000.0
2009-11-04,NVIDIA,0.277342445500995,0.2803221602545307,0.273445880725865,0.2745919227600097,916840000.0
2009-11-05,NVIDIA,0.2778008765962198,0.2839894985557343,0.2768840265094551,0.2812390029430389,955156000.0
2009-11-06,NVIDIA,0.2988879301023438,0.3078270707131326,0.2952205861609249,0.3016384243965149,1641112000.0
2009-11-09,NVIDIA,0.3057642195862587,0.3128696891578861,0.3055350003134489,0.3085147142410278,818124000.0
2009-11-10,NVIDIA,0.3096608088157168,0.3096608088157168,0.2970543477826643,0.3009508848190307,781472000.0
2009-11-11,NVIDIA,0.3059934868034979,0.3167662751614828,0.305535048186048,0.3094316124916076,871512000.0
2009-11-12,NVIDIA,0.3121820586632464,0.3174538560237645,0.3075978917973681,0.3085147142410278,505864000.0
2009-11-13,NVIDIA,0.3082855649275391,0.3124113211421749,0.3069103037480627,0.3108068406581878,388524000.0
2009-11-16,NVIDIA,0.3135572820734028,0.318829078802108,0.3119528020036067,0.3151617348194122,402820000.0
2009-11-17,NVIDIA,0.3153910354931747,0.3153910354931747,0.308743976223858,0.3147034049034118,350124000.0
2009-11-18,NVIDIA,0.311723764317839,0.3128698064640009,0.3046182920821152,0.3098900914192199,455516000.0
2009-11-19,NVIDIA,0.3032430098403766,0.3032430098403766,0.292011808505539,0.297512799501419,833840000.0
2009-11-20,NVIDIA,0.2906365719471546,0.2970544135403398,0.2899489411829204,0.2956791520118713,426748000.0
2009-11-23,NVIDIA,0.3000341410044501,0.30553513269749,0.2965960143653499,0.297971248626709,390924000.0
2009-11-24,NVIDIA,0.2965959827063605,0.2986588475401075,0.2913241836243642,0.2961375713348388,418504000.0
2009-11-25,NVIDIA,0.2995756864547729,0.3037014432924779,0.2975127943740216,0.2995756864547729,441760000.0
2009-11-27,NVIDIA,0.2888029282747245,0.2965960321858696,0.2871984745448369,0.2931579053401947,279932000.0
2009-11-30,NVIDIA,0.2943038677833548,0.2995756663146838,0.2910949338702956,0.2993464469909668,509836000.0
2009-12-01,NVIDIA,0.3009508632369675,0.3087439640746289,0.2993464101398525,0.3053058385848999,461936000.0
2009-12-02,NVIDIA,0.305993461572966,0.3151617959852882,0.3041597892257431,0.3144741654396057,602292000.0
2009-12-03,NVIDIA,0.3181416331699695,0.3238718443937335,0.316537179492076,0.3169955909252167,660036000.0
2009-12-04,NVIDIA,0.3229549204100162,0.3282267185500356,0.3179123142529058,0.3268514573574066,824564000.0
2009-12-07,NVIDIA,0.3632957148382559,0.3770482205655311,0.3461050553553617,0.368796706199646,2732184000.0
2009-12-08,NVIDIA,0.3628371823560197,0.3644416628019398,0.3488554608836405,0.3509183526039123,1075512000.0
2009-12-09,NVIDIA,0.3545856229253182,0.3623786949228548,0.351147470780773,0.3596282005310058,671588000.0
2009-12-10,NVIDIA,0.3621496534657747,0.3644417376319545,0.3520644667403049,0.3532105088233948,417012000.0
2009-12-11,NVIDIA,0.3561901678177729,0.3566485791143242,0.3477094358745002,0.3486262857913971,416744000.0
2009-12-14,NVIDIA,0.3536688826087902,0.360315942378632,0.349772345405115,0.3591699004173279,405488000.0
2009-12-15,NVIDIA,0.3566485595848264,0.3646708524684658,0.3557317370419276,0.3587114512920379,446152000.0
2009-12-16,NVIDIA,0.3715472194408049,0.3917175661088755,0.3694843272416412,0.3875918090343475,1683400000.0
2009-12-17,NVIDIA,0.3887376965062227,0.400656551607652,0.3800277744412508,0.3857579827308655,1016132000.0
2009-12-18,NVIDIA,0.3889670181574788,0.3903422521147245,0.3809446971164655,0.3855288922786712,812828000.0
2009-12-21,NVIDIA,0.3878210791322026,0.4008859554745533,0.3873626676914505,0.3992815017700195,427792000.0
2009-12-22,NVIDIA,0.3992813420435105,0.4139506935459439,0.3988229307861389,0.409824937582016,793044000.0
2009-12-23,NVIDIA,0.4137215659640109,0.4167012807831201,0.4084497670261714,0.4155552387237549,442196000.0
2009-12-24,NVIDIA,0.4167012348253232,0.4173888654498634,0.4130339170341002,0.4146383702754974,136812000.0
2009-12-28,NVIDIA,0.4139508094857655,0.4176181552194762,0.4038656223799607,0.4079913794994354,465760000.0
2009-12-29,NVIDIA,0.4066160625793074,0.4141799445381548,0.405699212670596,0.4130339026451111,475848000.0
2009-12-30,NVIDIA,0.4169304627874988,0.4304537742712456,0.4139507482352295,0.427932471036911,704008000.0
2009-12-31,NVIDIA,0.4288492516213114,0.4343502411942205,0.4277032098499728,0.42816162109375,700340000.0
2010-01-04,NVIDIA,0.4242651084293198,0.4267864115601522,0.4150967731518118,0.4238066971302032,800204000.0
2010-01-05,NVIDIA,0.4222023734289178,0.434579646244469,0.4222023734289178,0.4299954771995544,728648000.0
2010-01-06,NVIDIA,0.4297660704760517,0.4336626070009075,0.4256403146693493,0.4327457845211029,649168000.0
2010-01-07,NVIDIA,0.4304537345045247,0.4322874069306587,0.4210561803979586,0.4242650866508484,547792000.0
2010-01-08,NVIDIA,0.4208270679725303,0.4281617595398022,0.4183057916546054,0.425182044506073,478168000.0
2010-01-11,NVIDIA,0.4274740160760995,0.4293076884844257,0.413263075404416,0.4192225039005279,556612000.0
2010-01-12,NVIDIA,0.4130339758980315,0.414638429368089,0.3963017285035217,0.4050116539001465,627432000.0
2010-01-13,NVIDIA,0.4077621013115641,0.4118878575592993,0.391946706915878,0.4105125963687897,508868000.0
2010-01-14,NVIDIA,0.4054701364526794,0.4084498243662932,0.3972186215373439,0.4040948748588562,608524000.0
2010-01-15,NVIDIA,0.4011151172292054,0.4045532435265998,0.3869041733409358,0.3921759724617004,818192000.0
2010-01-19,NVIDIA,0.3891963039846328,0.4020319879561942,0.3880502617487363,0.3995107114315033,545328000.0
2010-01-20,NVIDIA,0.394468028343557,0.3995106350767973,0.389196229601222,0.3979061543941498,719728000.0
2010-01-21,NVIDIA,0.3976769060146349,0.4047823764415166,0.3871333100245122,0.3908006548881531,608632000.0
2010-01-22,NVIDIA,0.3862164599966927,0.3933219304208146,0.3749852607573187,0.3772773444652557,1067916000.0
2010-01-25,NVIDIA,0.3834659658836468,0.3910298476017921,0.3807154708926284,0.3836951851844787,643676000.0
2010-01-26,NVIDIA,0.3818615399774256,0.384382843171184,0.3713179432156301,0.3715471625328064,714636000.0
2010-01-27,NVIDIA,0.3713178633989877,0.3830074995863281,0.3671921078432328,0.3816322386264801,812504000.0
2010-01-28,NVIDIA,0.3846121041802926,0.3859873656825401,0.3635249068727638,0.368796706199646,687764000.0
2010-01-29,NVIDIA,0.3729223406534782,0.3770480964786304,0.34725098321866,0.3527520000934601,774700000.0
2010-02-01,NVIDIA,0.3541272059221132,0.3804861918052641,0.351147492098471,0.37979856133461,949832000.0
2010-02-02,NVIDIA,0.3784233871794809,0.3885085719116058,0.3772773453229071,0.3836951851844787,849812000.0
2010-02-03,NVIDIA,0.380256970947291,0.3885084813200706,0.3784232989395859,0.3869040012359619,562296000.0
2010-02-04,NVIDIA,0.3834660258924613,0.3834660258924613,0.3603159658373883,0.3644417226314544,783480000.0
2010-02-05,NVIDIA,0.3639833559283038,0.3726932819344097,0.3575654869513828,0.3717764317989349,604856000.0
2010-02-08,NVIDIA,0.3706303318754259,0.3800278871879772,0.3637540798878408,0.3710887432098388,445160000.0
2010-02-09,NVIDIA,0.3770481918490647,0.3788818646044732,0.3644417292258531,0.3681090474128723,930144000.0
2010-02-10,NVIDIA,0.3704011568982348,0.378652643268397,0.3678798534573587,0.3752145171165466,535828000.0
2010-02-11,NVIDIA,0.3811738955360276,0.3965308788116296,0.3784234004485656,0.3924051225185394,695980000.0
2010-02-12,NVIDIA,0.3896546801718393,0.4056992688981374,0.3852997039804225,0.3976769745349884,780212000.0
2010-02-16,NVIDIA,0.4029487890563296,0.4066161346940028,0.3981354013223583,0.4050116539001465,457024000.0
2010-02-17,NVIDIA,0.4100542602395911,0.4102834522641559,0.3972185778548009,0.4089082181453705,876560000.0
2010-02-18,NVIDIA,0.3864457559403345,0.3885086480808846,0.3715472088839328,0.3820908069610595,1515508000.0
2010-02-19,NVIDIA,0.3804863015434361,0.3846120582335047,0.3781942175293754,0.3800278902053833,510548000.0
2010-02-22,NVIDIA,0.3816323119877925,0.3873625488728252,0.3781941862510496,0.3807154893875122,458084000.0
2010-02-23,NVIDIA,0.3818615399774256,0.383465993226274,0.3676505980835808,0.3715471625328064,489764000.0
2010-02-24,NVIDIA,0.3747561226146276,0.3830076366796754,0.3736100805124709,0.3793402910232544,445868000.0
2010-02-25,NVIDIA,0.3706303472273923,0.3768189961315975,0.3612327915255826,0.3759021461009979,576972000.0
2010-02-26,NVIDIA,0.3740685381992246,0.3768190614439617,0.3690259577902104,0.3713180422782898,393396000.0
2010-03-01,NVIDIA,0.3715471654644467,0.3880501640412931,0.3685674509366201,0.3862164914608001,555868000.0
2010-03-02,NVIDIA,0.3896546869634121,0.3944680472709184,0.3832368458962721,0.3859873414039612,538648000.0
2010-03-03,NVIDIA,0.3882794403612228,0.390342305239742,0.3779650613210281,0.3811739683151245,399300000.0
2010-03-04,NVIDIA,0.3827783603105657,0.3857580747970708,0.3770481506533616,0.381861537694931,557396000.0
2010-03-05,NVIDIA,0.3791110372268205,0.3963016659582238,0.3791110372268205,0.3935511708259582,632832000.0
2010-03-08,NVIDIA,0.393780418208047,0.3949264602051662,0.3862165082385049,0.3878209888935089,439312000.0
2010-03-09,NVIDIA,0.391717453217296,0.4061575851546494,0.3914882339310715,0.4022610485553741,830832000.0
2010-03-10,NVIDIA,0.4011150228378304,0.4075328625474647,0.400885803542425,0.4031778872013092,418520000.0
2010-03-11,NVIDIA,0.3999688981476498,0.4013441589875873,0.392405018175567,0.3940094709396362,540660000.0
2010-03-12,NVIDIA,0.398364562598588,0.399510604527819,0.3933219562509356,0.3953848481178283,520352000.0
2010-03-15,NVIDIA,0.3949264417444776,0.3988229788877812,0.3896546433393985,0.3933219611644745,358904000.0
2010-03-16,NVIDIA,0.3930926150772909,0.4093664152258402,0.3928633958489174,0.4070743322372436,664988000.0
2010-03-17,NVIDIA,0.4093666187611172,0.420368628041288,0.4093666187611172,0.4148676097393036,651168000.0
2010-03-18,NVIDIA,0.4155552080044824,0.4155552080044824,0.3965309057606024,0.4001982510089874,740964000.0
2010-03-19,NVIDIA,0.4061576367878409,0.4073036787170719,0.390342241770176,0.3953848481178283,584612000.0
2010-03-22,NVIDIA,0.3903421553512388,0.4034070523110343,0.3903421553512388,0.4018025994300842,435336000.0
2010-03-23,NVIDIA,0.4047824084363889,0.4121170714196251,0.4020318859093544,0.4100542068481445,493612000.0
2010-03-24,NVIDIA,0.4066160918678984,0.4077621338434917,0.3956140561136483,0.3963016867637634,436252000.0
2010-03-25,NVIDIA,0.4020318126083981,0.4045531153572149,0.3965308232048946,0.3974476456642151,495184000.0
2010-03-26,NVIDIA,0.4008857708723524,0.4050115265868751,0.3942387397328031,0.3974476456642151,344676000.0
2010-03-29,NVIDIA,0.3999690442707456,0.4034071703028739,0.3944680262250622,0.4024903476238251,394456000.0
2010-03-30,NVIDIA,0.4070745900962719,0.4091374551632048,0.3972186215373439,0.4040948748588562,324104000.0
2010-03-31,NVIDIA,0.4024903383190923,0.4043240109585961,0.3967601010742195,0.3988229930400848,389840000.0
2010-04-01,NVIDIA,0.4006566783719255,0.405240846454008,0.3905714921970658,0.3946972489356994,339664000.0
2010-04-05,NVIDIA,0.3972185443393859,0.401344300995228,0.3967601056813395,0.4006566703319549,413636000.0
2010-04-06,NVIDIA,0.3956140142824145,0.3965308641602212,0.3839243764378781,0.3908006548881531,809260000.0
2010-04-07,NVIDIA,0.388279382077623,0.399969020831329,0.3850704482414119,0.3933219611644745,817468000.0
2010-04-08,NVIDIA,0.3908005644987553,0.3937802780958028,0.3848411373046604,0.3869040012359619,1037600000.0
2010-04-09,NVIDIA,0.3859872713278821,0.3908006580853152,0.383924379578785,0.3894253969192505,817572000.0
2010-04-12,NVIDIA,0.3898838660372577,0.3981353796101285,0.3891962353522189,0.3965309262275696,546460000.0
2010-04-13,NVIDIA,0.3981353839754694,0.4061576783000216,0.3965309305753185,0.4047824442386627,648696000.0
2010-04-14,NVIDIA,0.4134922822885723,0.4155551466086403,0.4034070980074384,0.409824937582016,900720000.0
2010-04-15,NVIDIA,0.4112002694471205,0.4153260261211074,0.4070745127731335,0.4128047227859497,957596000.0
2010-04-16,NVIDIA,0.3960724707961503,0.3976769240001344,0.382319940597416,0.3910298645496368,1917736000.0
2010-04-19,NVIDIA,0.3880503236529806,0.3903424084904214,0.3761314879630495,0.389196366071701,1094492000.0
2010-04-20,NVIDIA,0.391946706415423,0.3960724626578903,0.3855288664075621,0.3905714452266693,678188000.0
2010-04-21,NVIDIA,0.3926344186002132,0.3930928299837922,0.3759021708472843,0.3804863393306732,895908000.0
2010-04-22,NVIDIA,0.3742977044142011,0.3832368490423212,0.3690259053756377,0.3820908069610595,656932000.0
2010-04-23,NVIDIA,0.3809447442553138,0.3818615943307261,0.370171953966763,0.3768190145492553,752916000.0
2010-04-26,NVIDIA,0.3772774323218207,0.3850705078140621,0.3765898015845525,0.3804863393306732,491092000.0
2010-04-27,NVIDIA,0.3777358396044156,0.3816323773082326,0.3685675027371761,0.369713544845581,606704000.0
2010-04-28,NVIDIA,0.3694842642962431,0.3756729125156356,0.3628372047741757,0.3704011142253876,672164000.0
2010-04-29,NVIDIA,0.3715470826668921,0.3820906771622889,0.3660460661512892,0.3816322386264801,987128000.0
2010-04-30,NVIDIA,0.3770482084449286,0.3777358391739478,0.359857576838445,0.3600867688655853,1068048000.0
2010-05-03,NVIDIA,0.3619203238834977,0.3639832153990091,0.3506890984958206,0.3561901152133941,1078972000.0
2010-05-04,NVIDIA,0.3506891932505515,0.3513768239415169,0.3330401239188968,0.3380827307701111,1311376000.0
2010-05-05,NVIDIA,0.3312064769968919,0.3408332246550912,0.3282267622321689,0.3323525190353393,1330840000.0
2010-05-06,NVIDIA,0.3300604849676341,0.3369367382401761,0.2988880985454549,0.3254762887954712,1002888000.0
2010-05-07,NVIDIA,0.3284559627594399,0.3284559627594399,0.3085148089145239,0.3199752569198608,1153712000.0
2010-05-10,NVIDIA,0.3392287046965947,0.3433544606901367,0.3300603701881869,0.3337276875972748,979156000.0
2010-05-11,NVIDIA,0.3305188337537076,0.3367074550614785,0.3275391191021745,0.3300604224205017,829124000.0
2010-05-12,NVIDIA,0.3323524476184641,0.3383118485435389,0.3302895559982604,0.3364782035350799,901236000.0
2010-05-13,NVIDIA,0.3351030332312551,0.3504600192656011,0.3325817296759388,0.3357906639575958,1252000000.0
2010-05-14,NVIDIA,0.3130988703732916,0.3140156927055109,0.2888027506840423,0.297054260969162,2493068000.0
2010-05-17,NVIDIA,0.2975127600478999,0.3014093244207016,0.2883444247213915,0.2977419793605804,856060000.0
2010-05-18,NVIDIA,0.3002632346333653,0.3020969070379433,0.2862815132877248,0.2878859937191009,674112000.0
2010-05-19,NVIDIA,0.2865107287424429,0.2929285684105026,0.2844478643923273,0.2924701571464538,826520000.0
2010-05-20,NVIDIA,0.283989476015368,0.2924702088567752,0.2752795511633101,0.2855939567089081,1129136000.0
2010-05-21,NVIDIA,0.2773424806442169,0.2998049128245212,0.2773424806442169,0.2917826175689697,1069600000.0
2010-05-24,NVIDIA,0.2908657094432768,0.2943038349729585,0.282384977944361,0.2833018004894256,664564000.0
2010-05-25,NVIDIA,0.2743627786908229,0.2922410430123668,0.2716122554691991,0.290865808725357,966652000.0
2010-05-26,NVIDIA,0.3025553206927232,0.308285529407326,0.2913240952178274,0.2922409176826477,995028000.0
2010-05-27,NVIDIA,0.2995756467209344,0.3094316124916076,0.2988880161185536,0.3094316124916076,713560000.0
2010-05-28,NVIDIA,0.3089732873477263,0.3089732873477263,0.2965960150251501,0.3011801838874817,545116000.0
2010-06-01,NVIDIA,0.2970544288218705,0.3004925554961105,0.2881152830745655,0.2883445024490356,527492000.0
2010-06-02,NVIDIA,0.2888027644443792,0.2920116974076129,0.2869690923687867,0.291553258895874,649088000.0
2010-06-03,NVIDIA,0.2855938800627795,0.2917824998702325,0.2846770302948447,0.2910948693752289,586360000.0
2010-06-04,NVIDIA,0.2826142070215106,0.2876567858414346,0.2757379284004221,0.2773424088954925,671456000.0
2010-06-07,NVIDIA,0.2784884611682126,0.2803221337139939,0.2624438468854725,0.2635898888111114,577248000.0
2010-06-08,NVIDIA,0.262443768936915,0.262443768936915,0.2496080922525717,0.2562551498413086,967636000.0
2010-06-09,NVIDIA,0.2576304298794121,0.2645067079566237,0.249149726081619,0.2500665485858917,697152000.0
2010-06-10,NVIDIA,0.2551092529258731,0.2612978755309834,0.2544216221200159,0.2601518332958221,611768000.0
2010-06-11,NVIDIA,0.2574011844053714,0.2672571472344574,0.2567135540082192,0.2661111056804657,442104000.0
2010-06-14,NVIDIA,0.2700076682920482,0.2704660794943757,0.2596932932826308,0.2603809237480163,375080000.0
2010-06-15,NVIDIA,0.2633607274229074,0.2745919286697222,0.2629022887403451,0.2732166945934295,528632000.0
2010-06-16,NVIDIA,0.2713829430181286,0.273904245744779,0.2661111456139076,0.2697784900665283,366480000.0
2010-06-17,NVIDIA,0.2791761615976933,0.2807806152300302,0.2695493851560687,0.2800929844379425,859068000.0
2010-06-18,NVIDIA,0.2816974125762718,0.2853647582529719,0.2796345477105024,0.2819266319274902,932832000.0
2010-06-21,NVIDIA,0.2878860725330885,0.2885736759647305,0.2727583052085626,0.2752795815467834,579836000.0
2010-06-22,NVIDIA,0.2787175870195782,0.2821557119806304,0.263589826261433,0.2649650871753692,818164000.0
2010-06-23,NVIDIA,0.2674864610603651,0.2706953676167255,0.2599225513408107,0.267944872379303,614060000.0
2010-06-24,NVIDIA,0.2663402867110473,0.2677155474491416,0.2537338301323935,0.2546506524085998,725028000.0
2010-06-25,NVIDIA,0.2564844485790493,0.2567136679210747,0.2498374155458901,0.2539631724357605,507220000.0
2010-06-28,NVIDIA,0.255796823242909,0.2580889071712175,0.2498373940997886,0.2544215619564056,372008000.0
2010-06-29,NVIDIA,0.2489205779261168,0.2491497972795834,0.2386061988485118,0.2402106523513794,660808000.0
2010-06-30,NVIDIA,0.2406690390763834,0.2431903424109936,0.2340220063924789,0.2340220063924789,623072000.0
2010-07-01,NVIDIA,0.2347096194973523,0.2395229791526528,0.227604135023228,0.2379185259342193,737008000.0
2010-07-02,NVIDIA,0.2388354251185528,0.2392938365149619,0.2269165648691156,0.2349388599395752,737096000.0
2010-07-06,NVIDIA,0.2340219920019116,0.2415858742168245,0.2303546468905009,0.2324175387620926,712020000.0
2010-07-07,NVIDIA,0.2333343317880976,0.2450239689399947,0.2328759205382528,0.2436487078666687,608412000.0
2010-07-08,NVIDIA,0.245253185637325,0.2454823775979318,0.233334329324454,0.2363140434026718,783272000.0
2010-07-09,NVIDIA,0.2374601610108516,0.2388354225088519,0.234251226623451,0.2372309416532516,571516000.0
2010-07-12,NVIDIA,0.2372308607714657,0.2445655498283692,0.2370016688158066,0.241585835814476,565396000.0
2010-07-13,NVIDIA,0.2454823135171895,0.2519001512433164,0.2441070801411664,0.2502956986427307,723316000.0
2010-07-14,NVIDIA,0.261297768112754,0.2631314403999588,0.2491497199492874,0.2528170645236969,1355664000.0
2010-07-15,NVIDIA,0.2530462106119974,0.2532754298527685,0.2427318366054442,0.245711550116539,953088000.0
2010-07-16,NVIDIA,0.2457116040931886,0.2463992346427711,0.2294377994895009,0.2303546220064163,1288604000.0
2010-07-19,NVIDIA,0.2335635822185084,0.2406690258480292,0.2319591016444212,0.2397522032260894,798440000.0
2010-07-20,NVIDIA,0.2335635041551747,0.2470867835898078,0.2315006129595925,0.245711550116539,1160988000.0
2010-07-21,NVIDIA,0.2480037523600182,0.2482329443870979,0.2353972618614666,0.2376893460750579,624940000.0
2010-07-22,NVIDIA,0.2402105747853589,0.2441071385932604,0.2388353410800325,0.241585835814476,462612000.0
2010-07-23,NVIDIA,0.2413566738225527,0.2415858931564091,0.2351680523701989,0.2374601364135742,817604000.0
2010-07-26,NVIDIA,0.236772481463388,0.2427319102947597,0.2331051364404217,0.2418150603771209,683548000.0
2010-07-27,NVIDIA,0.2425026984157038,0.2429611097266736,0.2367724887190926,0.2397522032260894,683472000.0
2010-07-28,NVIDIA,0.2358556440914668,0.2399814001528466,0.231500668734091,0.2321882992982864,1320808000.0
2010-07-29,NVIDIA,0.2154560869549718,0.2200402546576635,0.2078922047807714,0.2092674523591995,2664476000.0
2010-07-30,NVIDIA,0.2076629959028705,0.2143100417009198,0.2044540758284435,0.2106427103281021,984288000.0
2010-08-02,NVIDIA,0.2143100059978985,0.2152268421038367,0.2094966198571965,0.2104134559631347,917020000.0
2010-08-03,NVIDIA,0.2088090191262501,0.2090382247549359,0.2033080157283116,0.204912468791008,955444000.0
2010-08-04,NVIDIA,0.2067461836807064,0.214310066616819,0.2058293473154354,0.213622435927391,855496000.0
2010-08-05,NVIDIA,0.2143100143572002,0.2168313035004537,0.210413464170449,0.2163728922605514,800504000.0
2010-08-06,NVIDIA,0.2154560436485903,0.2211862521251905,0.2136223714713203,0.2188941687345504,739904000.0
2010-08-09,NVIDIA,0.2211862911373384,0.2214155104463471,0.2156852872971733,0.2209570854902267,466456000.0
2010-08-10,NVIDIA,0.2172898544211429,0.2177482659269044,0.2108720113690617,0.2117888480424881,772560000.0
2010-08-11,NVIDIA,0.207433701734479,0.207433701734479,0.2028495357572859,0.2035371661186218,796148000.0
2010-08-12,NVIDIA,0.1998699002080865,0.2099550856779098,0.1982654469562814,0.2053709179162979,1343584000.0
2010-08-13,NVIDIA,0.2120179390647169,0.2182065730150215,0.2115595141451225,0.2152268588542938,1797392000.0
2010-08-16,NVIDIA,0.2122471761987119,0.2166021384408646,0.2069753776431749,0.2097258865833282,814008000.0
2010-08-17,NVIDIA,0.211788815171536,0.2163729841652727,0.2097259363919743,0.2124764323234558,481224000.0
2010-08-18,NVIDIA,0.2117887768587477,0.2154561086579331,0.2104135154798918,0.213622435927391,352920000.0
2010-08-19,NVIDIA,0.2159144912596713,0.2271457181613817,0.2147684493711577,0.2264580875635147,1615100000.0
2010-08-20,NVIDIA,0.2248536577264589,0.2340220074482335,0.2246244520573417,0.2285209894180297,1305308000.0
2010-08-23,NVIDIA,0.2292086160153432,0.2349388259509676,0.2243952287399003,0.2250828593969345,748620000.0
2010-08-24,NVIDIA,0.2177481555638207,0.2250828315718343,0.2172897442903995,0.2227907478809356,641332000.0
2010-08-25,NVIDIA,0.2202694114159566,0.229208538629879,0.2191233561538652,0.227374866604805,757532000.0
2010-08-26,NVIDIA,0.2303546345243991,0.2328759375686175,0.2246244251728058,0.2246244251728058,657596000.0
2010-08-27,NVIDIA,0.2259996891115278,0.2337927771285123,0.220269479343436,0.2319591045379638,1060416000.0
2010-08-30,NVIDIA,0.2292085980814229,0.2310422705821103,0.2209570854902267,0.2209570854902267,602804000.0
2010-08-31,NVIDIA,0.2177481828875946,0.2246244484850439,0.2131640149305604,0.2138516455888748,931488000.0
2010-09-01,NVIDIA,0.2170605652957999,0.2198110605977167,0.2143100563319849,0.2154560983180999,851440000.0
2010-09-02,NVIDIA,0.2161436980258105,0.2200402347559135,0.2140808200137987,0.2193526178598404,596292000.0
2010-09-03,NVIDIA,0.2246244084156747,0.2276041088590775,0.2218738999349616,0.226916491985321,566484000.0
2010-09-07,NVIDIA,0.2262288997940897,0.2342511936475819,0.2257704884672208,0.2289794087409973,899820000.0
2010-09-08,NVIDIA,0.229437867739594,0.2381477935363696,0.2269165640823852,0.2365433126688003,1224156000.0
2010-09-09,NVIDIA,0.2395229988003686,0.2397522181320021,0.2303546627157755,0.2333343774080276,697748000.0
2010-09-10,NVIDIA,0.2349388277822745,0.2356264584446687,0.2287502064683203,0.2308130711317062,609292000.0
2010-09-13,NVIDIA,0.2349387899068961,0.2468576466034528,0.2349387899068961,0.2438779324293136,1015792000.0
2010-09-14,NVIDIA,0.2418150277701351,0.2447947417840283,0.2395229442708004,0.241585835814476,698536000.0
2010-09-15,NVIDIA,0.2392937897747534,0.2422735042550981,0.2360848559790764,0.2420442849397659,555572000.0
2010-09-16,NVIDIA,0.2388353836407314,0.2443363740899003,0.2388353836407314,0.2422735095024109,365280000.0
2010-09-17,NVIDIA,0.2445655828062428,0.2447947747928068,0.2411274570936348,0.2418150603771209,416884000.0
2010-09-20,NVIDIA,0.2418150697950632,0.2463992649142083,0.2395229858973883,0.2454824149608612,443168000.0
2010-09-21,NVIDIA,0.2441072735527865,0.2629023631738093,0.2441072735527865,0.2587766051292419,1779624000.0
2010-09-22,NVIDIA,0.2578596785588131,0.2633606961828427,0.2562552253315608,0.2610686123371124,999996000.0
2010-09-23,NVIDIA,0.2640482616271039,0.2745918567355927,0.261756178109936,0.2663403451442718,1240872000.0
2010-09-24,NVIDIA,0.2722997808020189,0.2819265537012641,0.270236916508633,0.281009703874588,1086976000.0
2010-09-27,NVIDIA,0.283072543742956,0.2833017356648825,0.2713829086873202,0.2750502526760101,999504000.0
2010-09-28,NVIDIA,0.2752795656392575,0.278259280524785,0.269549355214704,0.2743627429008484,723192000.0
2010-09-29,NVIDIA,0.2718414445695463,0.2803221780186833,0.2693201410051328,0.2722998559474945,974904000.0
2010-09-30,NVIDIA,0.27573789533124,0.2789468286127405,0.2654235196222986,0.2677156031131744,787632000.0
2010-10-01,NVIDIA,0.2716122556474346,0.2720706944005408,0.2580889682020528,0.2601518332958221,999120000.0
2010-10-04,NVIDIA,0.2576304674148559,0.261985443254128,0.2523586689377348,0.2576304674148559,749500000.0
2010-10-05,NVIDIA,0.2631315201955945,0.2635899315754629,0.2587765437773461,0.2594641745090484,753588000.0
2010-10-06,NVIDIA,0.2594642309906501,0.2606102733516977,0.244565680297032,0.2470869570970535,1057604000.0
2010-10-07,NVIDIA,0.2482327565528702,0.2484619757303021,0.2379183853964483,0.2452530711889267,761488000.0
2010-10-08,NVIDIA,0.2443363478562496,0.2509834068694326,0.2408982223637112,0.2489205151796341,706932000.0
2010-10-11,NVIDIA,0.250066475278959,0.252129366294524,0.2466283509101344,0.2477743923664093,442680000.0
2010-10-12,NVIDIA,0.2457116040161284,0.2537338966698939,0.2436487123680278,0.2525878548622131,605208000.0
2010-10-13,NVIDIA,0.256713657316681,0.2635899094078196,0.2539631619449849,0.2599225640296936,968732000.0
2010-10-14,NVIDIA,0.2601517987128017,0.2606102100811672,0.2546507803210188,0.2557968497276306,599172000.0
2010-10-15,NVIDIA,0.2599226475125214,0.2629023631738093,0.2557969167917598,0.2587766051292419,639940000.0
2010-10-18,NVIDIA,0.2590056628172452,0.2615269654157294,0.2544214961463931,0.2603809237480163,448156000.0
2010-10-19,NVIDIA,0.2546508470846745,0.2606102784072502,0.2525879817242937,0.2587766051292419,866136000.0
2010-10-20,NVIDIA,0.2590058245354201,0.2658820788350972,0.254421655002302,0.2587766051292419,763532000.0
2010-10-21,NVIDIA,0.259005830756804,0.2594642422563659,0.250295902969904,0.254192441701889,1014428000.0
2010-10-22,NVIDIA,0.2557968508601846,0.272529070808101,0.2530463279902158,0.2704661786556244,1322676000.0
2010-10-25,NVIDIA,0.2725289545478183,0.2750502569951077,0.2700076521005288,0.2729873657226562,673136000.0
2010-10-26,NVIDIA,0.2697785622210335,0.2761964030677292,0.2674864781560563,0.2720706462860107,675248000.0
2010-10-27,NVIDIA,0.2695492817335588,0.276883943612744,0.2688616512053059,0.2759671211242676,496796000.0
2010-10-28,NVIDIA,0.2796346671965794,0.2805514903456074,0.2736752347564647,0.276196539402008,704448000.0
2010-10-29,NVIDIA,0.275737953409032,0.2784884760364491,0.2727582661023239,0.2755087614059448,554664000.0
2010-11-01,NVIDIA,0.2773423821807734,0.2816973299867234,0.2736750375792852,0.2759671211242676,473920000.0
2010-11-02,NVIDIA,0.277113312309022,0.2862816514322804,0.275508858427213,0.2816974818706512,581036000.0
2010-11-03,NVIDIA,0.2835310005297994,0.28559389210177,0.2761963386960833,0.2837602198123932,671748000.0
2010-11-04,NVIDIA,0.2865107227313078,0.2894904368707974,0.2837602278809296,0.2842186391353607,700016000.0
2010-11-05,NVIDIA,0.2862815196961855,0.2915533177309351,0.2849062858548116,0.2890320420265198,735116000.0
2010-11-08,NVIDIA,0.2888027401549947,0.2926992759105482,0.2865106570842237,0.2901780009269714,605156000.0
2010-11-09,NVIDIA,0.2901781632140986,0.2924702475667571,0.2869692287260962,0.288573682308197,633964000.0
2010-11-10,NVIDIA,0.2906365360694322,0.2920117974281311,0.2865107793171329,0.2920117974281311,521016000.0
2010-11-11,NVIDIA,0.2851354778331439,0.2938454014570181,0.2812389409635615,0.2890320420265198,1089980000.0
2010-11-12,NVIDIA,0.3000340143983527,0.3135573231999641,0.2986587533935143,0.3039305508136749,2142560000.0
2010-11-15,NVIDIA,0.3053059833454538,0.3096609334344892,0.2995757714789306,0.300263375043869,733548000.0
2010-11-16,NVIDIA,0.2952206756833304,0.2993464320375701,0.2908657273406184,0.2913241386413574,739356000.0
2010-11-17,NVIDIA,0.291094964276704,0.2995756976069497,0.288344468723775,0.2961375713348388,551764000.0
2010-11-18,NVIDIA,0.3000340407025568,0.3082855528074236,0.3000340407025568,0.3053058385848999,993120000.0
2010-11-19,NVIDIA,0.3046181413620016,0.3163077763985313,0.3041597301951113,0.3151617348194122,716484000.0
2010-11-22,NVIDIA,0.3130989501495156,0.3172246790195064,0.3103484278044638,0.3153910338878631,462668000.0
2010-11-23,NVIDIA,0.3117237598722873,0.3149326669062577,0.3057643298677139,0.3080564141273498,457832000.0
2010-11-24,NVIDIA,0.3112652951320276,0.3167662854827251,0.311036075815834,0.3156202435493469,397784000.0
2010-11-26,NVIDIA,0.3153911447129522,0.3172247904889191,0.3117237985134125,0.3117237985134125,143104000.0
2010-11-29,NVIDIA,0.3103483492575972,0.3163077763985313,0.3089731157569262,0.3151617348194122,468192000.0
2010-11-30,NVIDIA,0.3103483764742465,0.3135573095714661,0.3062226209628436,0.3119528293609619,720936000.0
2010-12-01,NVIDIA,0.318141381736139,0.3277681235190855,0.3176829706652903,0.3257052600383758,626536000.0
2010-12-02,NVIDIA,0.3257054066510215,0.3316648352259675,0.3254761873505262,0.3296019434928894,529316000.0
2010-12-03,NVIDIA,0.3279975309795467,0.3389995396137237,0.3273099003166987,0.3389995396137237,606044000.0
2010-12-06,NVIDIA,0.3401456120167049,0.3408332427410212,0.3312064945719894,0.3325817286968231,438424000.0
2010-12-07,NVIDIA,0.3403748675469864,0.3513768783341343,0.3396872367495768,0.34335458278656,1026812000.0
2010-12-08,NVIDIA,0.3428960045809457,0.3500014465013417,0.3403747019913865,0.3463341295719147,613252000.0
2010-12-09,NVIDIA,0.3380827015578309,0.3428960886548866,0.3332693144607751,0.3406039774417877,942408000.0
2010-12-10,NVIDIA,0.3406039725302383,0.3458757708643757,0.3396871499172556,0.3426668643951416,451900000.0
2010-12-13,NVIDIA,0.3440421120237675,0.3447297152943968,0.3330400771605855,0.3339569270610809,609108000.0
2010-12-14,NVIDIA,0.3403747449137577,0.3465633652131494,0.3339569053232141,0.3344153165817261,755160000.0
2010-12-15,NVIDIA,0.3351029294505234,0.33922868520703,0.3266221986584524,0.327080637216568,624176000.0
2010-12-16,NVIDIA,0.3305188307688037,0.3323525034088639,0.326622266162252,0.3275391161441803,631872000.0
2010-12-17,NVIDIA,0.3277683424331103,0.3312064960702449,0.3238718047427565,0.3293728232383728,593156000.0
2010-12-20,NVIDIA,0.3305187186985076,0.3321231714681085,0.3277681970091494,0.3279974162578583,344088000.0
2010-12-21,NVIDIA,0.3312064115451503,0.3408331573009491,0.3309771922532393,0.3408331573009491,466952000.0
2010-12-22,NVIDIA,0.3401455364803312,0.3449589231578341,0.3369366302445244,0.3445005118846893,477988000.0
2010-12-23,NVIDIA,0.3445004785500646,0.3445004785500646,0.3406039147958914,0.3419791758060455,273784000.0
2010-12-27,NVIDIA,0.3410622696692608,0.3463340658163692,0.3348736239657341,0.3438127636909485,255500000.0
2010-12-28,NVIDIA,0.3438129160156967,0.3461049999365643,0.3403747901343952,0.3424376547336578,194260000.0
2010-12-29,NVIDIA,0.3422084627358485,0.3449589579761305,0.3392287481739613,0.3424376547336578,177660000.0
2010-12-30,NVIDIA,0.3419793387210476,0.3456466849460131,0.3408332964412213,0.3435837924480438,174488000.0
2010-12-31,NVIDIA,0.3438129332174062,0.3534397080257354,0.3433545218750564,0.3529812693595886,391252000.0
2011-01-03,NVIDIA,0.3557317347363859,0.3660461112342164,0.3552732961441149,0.3626079857349396,817448000.0
2011-01-04,NVIDIA,0.363295609792383,0.3649000628652156,0.3534396447395662,0.3614619374275207,651384000.0
2011-01-05,NVIDIA,0.3681091637082,0.3896548048982344,0.3644418443625787,0.389196366071701,1428216000.0
2011-01-06,NVIDIA,0.3992813530608459,0.4432894087824565,0.3981353112238984,0.4430601894855499,3493312000.0
2011-01-07,NVIDIA,0.4380176623087582,0.4568127725010387,0.4281616958887615,0.4554375112056732,2579984000.0
2011-01-10,NVIDIA,0.447185994268805,0.4737741787113693,0.4437478683834973,0.4728573560714721,1750348000.0
2011-01-11,NVIDIA,0.4792752045388055,0.4838593722012137,0.4554374889762114,0.4655226469039917,2711088000.0
2011-01-12,NVIDIA,0.4657521461322124,0.5356607682213395,0.4641476920449834,0.5352023839950562,3431896000.0
2011-01-13,NVIDIA,0.5294718061447442,0.5464332685898331,0.5129687822810409,0.5361188650131226,2695192000.0
2011-01-14,NVIDIA,0.5269504397335236,0.5496420799727707,0.5237415341597087,0.5407029390335083,1595352000.0
2011-01-18,NVIDIA,0.5333685351502402,0.5370358811810007,0.515031859644041,0.5280967354774475,1813348000.0
2011-01-19,NVIDIA,0.5283256943181978,0.5409321245363387,0.5125103039167798,0.5136563181877136,1197896000.0
2011-01-20,NVIDIA,0.5086138669244555,0.5170945709107881,0.499445477735151,0.5141148567199707,1111408000.0
2011-01-21,NVIDIA,0.5196157057053377,0.5269503932101277,0.5083844825409933,0.5093013048171997,739244000.0
2011-01-24,NVIDIA,0.532680834930746,0.5741676507575523,0.5267214598859878,0.566832959651947,2056900000.0
2011-01-25,NVIDIA,0.5643116651297184,0.5702710952052576,0.5457457987998617,0.5494131445884705,1086856000.0
2011-01-26,NVIDIA,0.5551433144871576,0.5730216042791763,0.5512467767588558,0.5624780058860779,1074660000.0
2011-01-27,NVIDIA,0.5705001620740103,0.5718753684946438,0.5501006019556905,0.5608733892440796,657396000.0
2011-01-28,NVIDIA,0.5622488095220849,0.571646338403319,0.5317640293696458,0.544599711894989,1094796000.0
2011-01-31,NVIDIA,0.545516420249443,0.5558307686902798,0.5365772781924915,0.5482668876647949,750160000.0
2011-02-01,NVIDIA,0.5530803160542981,0.5649991178011455,0.5494129714215825,0.5608733892440796,654104000.0
2011-02-02,NVIDIA,0.5576647263092953,0.5998391260009927,0.5576647263092953,0.5863158106803894,1606616000.0
2011-02-03,NVIDIA,0.5872324863218189,0.5872324863218189,0.5627071384564742,0.5753136277198792,1030776000.0
2011-02-04,NVIDIA,0.5833358780390101,0.5929625968331904,0.5810437943288359,0.5883784294128418,872900000.0
2011-02-07,NVIDIA,0.5803562920763319,0.582877568320739,0.5617903716654119,0.5638532638549805,934236000.0
2011-02-08,NVIDIA,0.5645406530816984,0.5682079971895565,0.5445994797416404,0.5471208095550537,1076584000.0
2011-02-09,NVIDIA,0.54918378407758,0.5546848289440959,0.5239708621472068,0.5338268280029297,1277520000.0
2011-02-10,NVIDIA,0.5219080535124052,0.5319932676101699,0.5180115158759223,0.5230541229248047,1042352000.0
2011-02-11,NVIDIA,0.5212203832216731,0.5549140672512349,0.512739677874671,0.5379526019096375,1359276000.0
2011-02-14,NVIDIA,0.5443704395743048,0.561561095964064,0.5276382218186739,0.5297011137008667,1287828000.0
2011-02-15,NVIDIA,0.530617813112585,0.532451457928148,0.5145731750623113,0.5168653130531311,886980000.0
2011-02-16,NVIDIA,0.5237416945258777,0.5434536271543646,0.5219079946025352,0.535889744758606,1318364000.0
2011-02-17,NVIDIA,0.5207619263037419,0.5961715504929657,0.5182405959999122,0.588607668876648,3470096000.0
2011-02-18,NVIDIA,0.5853987584853204,0.594796340646424,0.5782933148517561,0.5874616503715515,1394412000.0
2011-02-22,NVIDIA,0.5682083601903097,0.5698128140160851,0.5301596885804598,0.5319933891296387,1396648000.0
2011-02-23,NVIDIA,0.5319933089211053,0.5370358617139601,0.4992164425295406,0.5067803263664246,1491604000.0
2011-02-24,NVIDIA,0.5093015078738785,0.5280966179437149,0.5056342173069176,0.5191575288772583,1246120000.0
2011-02-25,NVIDIA,0.5331390800515385,0.5386400690597068,0.5258043916089298,0.5299301743507385,775652000.0
2011-02-28,NVIDIA,0.538640264167497,0.5388695108345758,0.5074679089664366,0.5193867683410645,903696000.0
2011-03-01,NVIDIA,0.5203033115571549,0.5269503683796817,0.4962364137172699,0.4962364137172699,988448000.0
2011-03-02,NVIDIA,0.4955491516606641,0.5049467368138282,0.4641475979723056,0.4756080210208893,1718140000.0
2011-03-03,NVIDIA,0.4866098107660727,0.4893603330572538,0.4639181658065864,0.4783582985401153,1593704000.0
2011-03-04,NVIDIA,0.4788167663162693,0.4836301259715697,0.4705652535874761,0.4758370518684387,959760000.0
2011-03-07,NVIDIA,0.4792752447107472,0.4808796980623133,0.457271199833538,0.4691900312900543,1019140000.0
2011-03-08,NVIDIA,0.4742326673208404,0.4767539435081,0.4382468967469503,0.4481028914451599,1947184000.0
2011-03-09,NVIDIA,0.4467275284738073,0.4510825037917514,0.4348086716657854,0.4387052357196808,1318976000.0
2011-03-10,NVIDIA,0.4286200955676413,0.4318290020712516,0.4102833971973985,0.4107418358325958,1722736000.0
2011-03-11,NVIDIA,0.4141799702743013,0.4251819785959183,0.4047824152378838,0.4137215316295624,1486832000.0
2011-03-14,NVIDIA,0.4169304572340069,0.4274740540250442,0.4102833975792068,0.4171596765518188,1003360000.0
2011-03-15,NVIDIA,0.3967601225903128,0.4116586965168503,0.3898838703121252,0.4047824442386627,1256280000.0
2011-03-16,NVIDIA,0.4011149689600231,0.420597704767408,0.3965308022580004,0.4018025994300842,1476520000.0
2011-03-17,NVIDIA,0.4125754243212174,0.4132630548556226,0.3942387557973001,0.4093665182590484,1238516000.0
2011-03-18,NVIDIA,0.4157843423425764,0.4171596033605663,0.4034070751520383,0.4038654863834381,886960000.0
2011-03-21,NVIDIA,0.4125753204803615,0.4167010753245922,0.402948577393013,0.4070743322372436,751832000.0
2011-03-22,NVIDIA,0.4059284101964182,0.4098249469589181,0.3981353093476258,0.3999689817428589,718332000.0
2011-03-23,NVIDIA,0.3992813860942538,0.4093665714880364,0.3905714619481035,0.4082205295562744,782396000.0
2011-03-24,NVIDIA,0.4169304633489002,0.4458107589508161,0.4160136407117962,0.440768152475357,1780592000.0
2011-03-25,NVIDIA,0.4446647307560996,0.4458107727498505,0.4263280315322885,0.4270156621932983,1196392000.0
2011-03-28,NVIDIA,0.4371008023777838,0.4501657024146806,0.4332042652280933,0.4428310394287109,1204284000.0
2011-03-29,NVIDIA,0.442830990157874,0.4444354432381951,0.4334334363214626,0.4393928647041321,715764000.0
2011-03-30,NVIDIA,0.4428311336457038,0.4446648066132783,0.4173889587908342,0.4228899776935577,1176320000.0
2011-03-31,NVIDIA,0.4235774471011999,0.4281616141118013,0.4153259355526008,0.4231190085411072,655112000.0
2011-04-01,NVIDIA,0.4286200959665137,0.4290785072783424,0.4114294395206763,0.4171596765518188,850072000.0
2011-04-04,NVIDIA,0.4171596190651764,0.4183056608487157,0.3992813344534137,0.4022610485553741,924328000.0
2011-04-05,NVIDIA,0.4082205053808078,0.4114294116701869,0.4020318574567585,0.4029487073421478,821076000.0
2011-04-06,NVIDIA,0.4059284608822166,0.4063868722073157,0.396760097761254,0.4001982510089874,856984000.0
2011-04-07,NVIDIA,0.4011151049700396,0.4173889132098545,0.3995106515450518,0.4148676097393036,1021208000.0
2011-04-08,NVIDIA,0.4180764415624913,0.4180764415624913,0.4011150067718348,0.4022610485553741,746552000.0
2011-04-11,NVIDIA,0.4038655372543947,0.4059284290412217,0.3926343377133584,0.3969892859458923,546208000.0
2011-04-12,NVIDIA,0.3930926964940991,0.4008857693399039,0.3857580075524121,0.3981352746486664,840756000.0
2011-04-13,NVIDIA,0.4022609470316771,0.4095956071304291,0.3972183699215216,0.4070743322372436,749588000.0
2011-04-14,NVIDIA,0.4034071140356862,0.4244943059505375,0.401115030333967,0.4242650866508484,1254704000.0
2011-04-15,NVIDIA,0.4210562081883672,0.4341211080095063,0.4189933163263898,0.428849309682846,969720000.0
2011-04-18,NVIDIA,0.4187641266989439,0.4215146218733099,0.4079913106700017,0.4146383702754974,743584000.0
2011-04-19,NVIDIA,0.4148675478149458,0.4164720283242423,0.4018026756990062,0.4130339026451111,659860000.0
2011-04-20,NVIDIA,0.4281617075600287,0.4343503289102772,0.4187641522077203,0.4256404042243957,650516000.0
2011-04-21,NVIDIA,0.4302245658457673,0.4329750884706237,0.4235775332578889,0.4244943559169769,421300000.0
2011-04-25,NVIDIA,0.426328166482391,0.4382470015254345,0.4260989470815651,0.4311415553092956,619612000.0
2011-04-26,NVIDIA,0.4348087081781778,0.4467275659870675,0.430453759818326,0.442372590303421,676000000.0
2011-04-27,NVIDIA,0.444664701463726,0.444664701463726,0.4332042549573795,0.442372590303421,450004000.0
2011-04-28,NVIDIA,0.4423725765556553,0.45612510647112,0.4373299977368014,0.4471859633922577,684000000.0
2011-04-29,NVIDIA,0.4501656356845664,0.4685023040932599,0.4494780051544822,0.458417147397995,836000000.0
2011-05-02,NVIDIA,0.4680440013883424,0.4682731933889467,0.4499365217984052,0.4522286057472229,613824000.0
2011-05-03,NVIDIA,0.4469567599392046,0.4483319937688011,0.4251819374040992,0.4306829273700714,808000000.0
2011-05-04,NVIDIA,0.4320582796988735,0.4368716674276927,0.4194518166530889,0.4274741113185882,639356000.0
2011-05-05,NVIDIA,0.4240359458826038,0.4327458704657279,0.4183057359363111,0.4277032911777496,544000000.0
2011-05-06,NVIDIA,0.4366423910643723,0.4469567958970049,0.4332042652280933,0.4428310394287109,841080000.0
2011-05-09,NVIDIA,0.4442063216946922,0.4549791390127241,0.4430602796245865,0.4526870548725128,706328000.0
2011-05-10,NVIDIA,0.4563543386962941,0.4568127499975684,0.4487904292681926,0.4533746242523193,690976000.0
2011-05-11,NVIDIA,0.4556667305294994,0.4602508710918605,0.4492488900241204,0.4554375112056732,616000000.0
2011-05-12,NVIDIA,0.4538331297382312,0.4703361585993597,0.4526870875853084,0.4698777198791504,1224000000.0
2011-05-13,NVIDIA,0.440080509315327,0.4412265512409999,0.4153259982560328,0.418534904718399,2025192000.0
2011-05-16,NVIDIA,0.4173888005021432,0.4183056503001289,0.4054699717186548,0.4056991636753082,728188000.0
2011-05-17,NVIDIA,0.4043240942324273,0.4045532862821966,0.3924052332827646,0.4040948748588562,1420364000.0
2011-05-18,NVIDIA,0.4056992205497536,0.4169304477139822,0.4043239866456689,0.4134923219680786,658844000.0
2011-05-19,NVIDIA,0.4167012665355904,0.4169304858691454,0.4013443089299296,0.4075329303741455,650884000.0
2011-05-20,NVIDIA,0.4066160767447163,0.4155551928923545,0.4047824041872073,0.4146383702754974,575820000.0
2011-05-23,NVIDIA,0.4086789921994429,0.4171597254188045,0.4034071931863744,0.4141800105571747,588000000.0
2011-05-24,NVIDIA,0.4162427105576524,0.4325165125189696,0.4150966689356944,0.4157842993736267,720372000.0
2011-05-25,NVIDIA,0.4137214423516694,0.4235774339059791,0.4095956867058948,0.4208269119262695,545312000.0
2011-05-26,NVIDIA,0.4208270476359096,0.4350379913679,0.4196810055493812,0.4313706457614898,706436000.0
2011-05-27,NVIDIA,0.4332043110152669,0.4476444465186364,0.432745899653404,0.4469568431377411,658824000.0
2011-05-31,NVIDIA,0.4556667868850085,0.4595633519291943,0.4446647771327768,0.4593341052532196,1200716000.0
2011-06-01,NVIDIA,0.4572711241658906,0.4579587547238599,0.4377883858677909,0.4387052357196808,762208000.0
2011-06-02,NVIDIA,0.4393929310080499,0.4426018376529126,0.4313706097483002,0.4366424083709717,607592000.0
2011-06-03,NVIDIA,0.4315997393697525,0.4354962758640057,0.4210561443158527,0.4231190085411072,549300000.0
2011-06-06,NVIDIA,0.422431524431873,0.426328062024559,0.4137215718678482,0.4141800105571747,435988000.0
2011-06-07,NVIDIA,0.4173888370537246,0.4196809207637251,0.4121170390559646,0.4139507114887237,433956000.0
2011-06-08,NVIDIA,0.411887860135074,0.414409135901717,0.399510591314466,0.402719497680664,569288000.0
2011-06-09,NVIDIA,0.4024902496232668,0.4034070720790826,0.3836951433649315,0.3981352746486664,741632000.0
2011-06-10,NVIDIA,0.398822962605147,0.4013442657075338,0.3891961888133385,0.3924051225185394,493548000.0
2011-06-13,NVIDIA,0.392405131533709,0.3974477105305373,0.3869041139086095,0.3896546363830566,574760000.0
2011-06-14,NVIDIA,0.3930926716959286,0.4015733745104869,0.3912589995761836,0.3928634524345398,534576000.0
2011-06-15,NVIDIA,0.3875918105778649,0.3898838948146417,0.3763605814233791,0.3843829035758972,935916000.0
2011-06-16,NVIDIA,0.3846120551797006,0.3905714844984595,0.3655877525492895,0.3710887432098388,1024908000.0
2011-06-17,NVIDIA,0.3754437369306818,0.375672956270614,0.3509184151574488,0.3623788356781006,1467884000.0
2011-06-20,NVIDIA,0.3591699239486194,0.36673380685354,0.3552733591658621,0.3580238819122314,745960000.0
2011-06-21,NVIDIA,0.3593990514763794,0.3685674134462462,0.3559609259841015,0.3658168911933899,704276000.0
2011-06-22,NVIDIA,0.3632957614241788,0.3681091226516693,0.3600868266153817,0.3607744574546814,651720000.0
2011-06-23,NVIDIA,0.3561901787006705,0.3740684384027696,0.3529812448791785,0.3715471625328064,744024000.0
2011-06-24,NVIDIA,0.3697136037179696,0.3729225112029631,0.358482372872885,0.3607744574546814,529052000.0
2011-06-27,NVIDIA,0.3607743920365475,0.3630664762027272,0.3406040185856078,0.3532105088233948,1142152000.0
2011-06-28,NVIDIA,0.3532104715696357,0.3593990927008359,0.3506891683232451,0.3552733361721039,692200000.0
2011-06-29,NVIDIA,0.3575655226458843,0.3644418037150771,0.345188276833705,0.3607744574546814,960544000.0
2011-06-30,NVIDIA,0.3616910976601565,0.3692549784241714,0.3561901083720309,0.3653584420681,652300000.0
2011-07-01,NVIDIA,0.3653585174508278,0.3715471658315813,0.3580238544454036,0.3701719045639038,540804000.0
2011-07-05,NVIDIA,0.3697135436340565,0.3731516699480048,0.3607743988235115,0.3639833331108093,535296000.0
2011-07-06,NVIDIA,0.3637540682625447,0.3644416989040864,0.3548149245700944,0.3591699004173279,529580000.0
2011-07-07,NVIDIA,0.3610034180190183,0.3628370625107712,0.3541271418798091,0.3605449795722961,986136000.0
2011-07-08,NVIDIA,0.3555025410716296,0.3580238442157331,0.3506891540960846,0.3536688685417175,619516000.0
2011-07-11,NVIDIA,0.347021904051037,0.3483971382238819,0.3403748432489872,0.3412916660308838,714388000.0
2011-07-12,NVIDIA,0.3396870974115505,0.3428960307085722,0.3309771746393354,0.3367073833942413,867604000.0
2011-07-13,NVIDIA,0.341291673032638,0.3435837573582025,0.3328109664928095,0.3360198736190796,634368000.0
2011-07-14,NVIDIA,0.337395035182439,0.339457899534753,0.3211212303629221,0.3227256834506988,1088996000.0
2011-07-15,NVIDIA,0.3245594237836454,0.3266222885678487,0.3165371293413911,0.3231841623783111,827736000.0
2011-07-18,NVIDIA,0.320662848252328,0.3224964934771881,0.3121821161302733,0.3163078725337982,818200000.0
2011-07-19,NVIDIA,0.3172247550369752,0.3266223115456805,0.3172247550369752,0.3259347081184387,602224000.0
2011-07-20,NVIDIA,0.3270805818113268,0.32891422643802,0.3208919355629865,0.321808785200119,662956000.0
2011-07-21,NVIDIA,0.3222672711724506,0.3392287064973164,0.3174538846004688,0.3369366228580475,1143420000.0
2011-07-22,NVIDIA,0.3399162282165756,0.3449588051436336,0.3355612543021019,0.3438127636909485,737192000.0
2011-07-25,NVIDIA,0.3385411299592911,0.3399163912918097,0.3334985506130505,0.3383119106292724,566920000.0
2011-07-26,NVIDIA,0.3286851610970875,0.3369366743899797,0.3252470351123485,0.3300604224205017,698276000.0
2011-07-27,NVIDIA,0.3254762351328398,0.3270807158242702,0.3167663102922348,0.3176831603050232,652212000.0
2011-07-28,NVIDIA,0.316537179492076,0.323642625015262,0.3114945717561217,0.3169955909252167,648176000.0
2011-07-29,NVIDIA,0.3137866562456273,0.3199753062263344,0.3121822025677339,0.3169955909252167,677656000.0
2011-08-01,NVIDIA,0.3243301533867451,0.3348737496377825,0.3215796583328465,0.3339569270610809,1019620000.0
2011-08-02,NVIDIA,0.3316648239547679,0.3525227959344546,0.3305187821388244,0.3305187821388244,1356432000.0
2011-08-03,NVIDIA,0.3312063564481401,0.3406038813487259,0.3279974235141599,0.3394578397274017,765236000.0
2011-08-04,NVIDIA,0.3332693187475316,0.3332693187475316,0.3071395456790924,0.3071395456790924,979732000.0
2011-08-05,NVIDIA,0.3142449536476925,0.3181414900623366,0.2888027890053493,0.2968250811100006,1270588000.0
2011-08-08,NVIDIA,0.2823850492847022,0.2924702364472487,0.2716122313777412,0.2734459042549133,1084180000.0
2011-08-09,NVIDIA,0.2787176818625512,0.2968251625467059,0.275050363717108,0.2963667511940002,1329832000.0
2011-08-10,NVIDIA,0.2876567677005285,0.2959082796664229,0.2812389280963653,0.2828433811664581,1140052000.0
2011-08-11,NVIDIA,0.2828434615654652,0.3114945422986032,0.2828434615654652,0.3073687851428985,1078792000.0
2011-08-12,NVIDIA,0.3401455882983094,0.3406039996412889,0.2904073154758041,0.2952207028865814,3195784000.0
2011-08-15,NVIDIA,0.2982003746130388,0.3071395174695576,0.2965959214820102,0.3064518868923187,864152000.0
2011-08-16,NVIDIA,0.3030137776380816,0.3071395339997693,0.2922409617703987,0.2977419793605804,716868000.0
2011-08-17,NVIDIA,0.2986588447456721,0.3037014517566253,0.2897197274513433,0.2936162650585174,553328000.0
2011-08-18,NVIDIA,0.2803220218143799,0.2830725158732056,0.2704660323996685,0.2736749649047851,802564000.0
2011-08-19,NVIDIA,0.269090960187983,0.2839895081966436,0.2670280679155806,0.2688617408275604,761332000.0
2011-08-22,NVIDIA,0.2764254589636108,0.2796343914687275,0.270695251622814,0.2736749649047851,611876000.0
2011-08-23,NVIDIA,0.2803221422251645,0.3034722007554737,0.2798637035819539,0.3032429814338684,938312000.0
2011-08-24,NVIDIA,0.3025554331425368,0.3034722559481096,0.2910949841300722,0.298888087272644,687500000.0
2011-08-25,NVIDIA,0.2929285673340709,0.2982003651607402,0.2855939051648666,0.2860523164272308,690968000.0
2011-08-26,NVIDIA,0.2849062781640463,0.3011800831094577,0.2798636722437492,0.2982003688812256,732660000.0
2011-08-29,NVIDIA,0.3066811755398305,0.3073687789487581,0.2995757035079852,0.3062227368354797,601528000.0
2011-08-30,NVIDIA,0.3041598603024504,0.3160786923589284,0.3020969681833418,0.3135574162006378,684760000.0
2011-08-31,NVIDIA,0.315849475178493,0.3190583817875288,0.302555382768295,0.3050766587257385,705808000.0
2011-09-01,NVIDIA,0.3092024472785946,0.3158495078328023,0.3041598675185811,0.3043890595436096,762312000.0
2011-09-02,NVIDIA,0.2975128054494039,0.3016385624406967,0.2938454598296329,0.2961375713348388,471356000.0
2011-09-06,NVIDIA,0.2865107573272336,0.3027845637530229,0.2837602621447355,0.3020969331264496,696248000.0
2011-09-07,NVIDIA,0.3266222178936004,0.3355613604464327,0.3176831026645604,0.3266222178936004,1606620000.0
2011-09-08,NVIDIA,0.3234133565689443,0.3312064583867802,0.3197460113224573,0.3250178098678589,880164000.0
2011-09-09,NVIDIA,0.3222673062907047,0.3309772305338269,0.3153910546235758,0.3181415498256683,869828000.0
2011-09-12,NVIDIA,0.313786408253624,0.328455753787249,0.313786408253624,0.3257052600383758,916480000.0
2011-09-13,NVIDIA,0.3284559501212406,0.3346445989101856,0.3234133706801496,0.3330401182174682,853836000.0
2011-09-14,NVIDIA,0.3417500775335449,0.3545857594008463,0.3415208581944226,0.3502307832241058,1547192000.0
2011-09-15,NVIDIA,0.3580238587404556,0.3598575313447583,0.352064429607421,0.3552733361721039,752908000.0
2011-09-16,NVIDIA,0.3559610106105622,0.3690259124463124,0.3525228843009014,0.3543565571308136,1391588000.0
2011-09-19,NVIDIA,0.3483971417547603,0.3509184454162282,0.3380827623967918,0.3470219075679779,968204000.0
2011-09-20,NVIDIA,0.3513768239415169,0.3527520853234476,0.3364782773737236,0.3380827307701111,792436000.0
2011-09-21,NVIDIA,0.3399163426120545,0.3458757437773246,0.3314356111490513,0.3316648304462433,715252000.0
2011-09-22,NVIDIA,0.3185999965093734,0.3190584078733153,0.3037014495765723,0.3096608519554138,1314632000.0
2011-09-23,NVIDIA,0.3078272061613556,0.3250178372187726,0.3059935333838048,0.3160786926746368,1011440000.0
2011-09-26,NVIDIA,0.3199751655206156,0.3208919879837338,0.3025553201310459,0.3167662322521209,972124000.0
2011-09-27,NVIDIA,0.3247885905587317,0.3275390856004342,0.3147034056407642,0.3172246813774109,781388000.0
2011-09-28,NVIDIA,0.3179123737066408,0.3259346957321964,0.3025554150280379,0.3075979948043823,1236532000.0
2011-09-29,NVIDIA,0.3130989451313132,0.3183707431097773,0.2922409451933422,0.3000340461730957,866416000.0
2011-09-30,NVIDIA,0.2952206800359936,0.2968251332741329,0.2862815365827119,0.2867399752140045,677784000.0
2011-10-03,NVIDIA,0.2830726588177069,0.2920118031776612,0.2706953883171081,0.2706953883171081,949896000.0
2011-10-04,NVIDIA,0.2640483554475017,0.2956791520118713,0.2629023132817116,0.2956791520118713,1361548000.0
2011-10-05,NVIDIA,0.2949915077310726,0.3089732597663871,0.2890321051363049,0.3062227368354797,856708000.0
2011-10-06,NVIDIA,0.3078271629878487,0.3192875820854418,0.3073687243649094,0.3183707594871521,773192000.0
2011-10-07,NVIDIA,0.3197459542014899,0.3291435076394158,0.3130989228689605,0.3243301212787628,806976000.0
2011-10-10,NVIDIA,0.3298311574327826,0.3387703001499176,0.3291435268662656,0.3387703001499176,534376000.0
2011-10-11,NVIDIA,0.3360197381950591,0.3415207547536524,0.333956874062955,0.335102915763855,816080000.0
2011-10-12,NVIDIA,0.3415207645525822,0.3417499838288547,0.3346445141498889,0.3348737061023712,612064000.0
2011-10-13,NVIDIA,0.3332693605725215,0.3550441878575056,0.3323525378194649,0.3543565571308136,854832000.0
2011-10-14,NVIDIA,0.3605452003693253,0.364212546246273,0.3516060823644912,0.3603160083293915,702452000.0
2011-10-17,NVIDIA,0.3561901855826594,0.3561901855826594,0.3406039821322046,0.3424376547336578,611780000.0
2011-10-18,NVIDIA,0.3406039463704763,0.3557317369131737,0.3385410819878043,0.3548148870468139,590916000.0
2011-10-19,NVIDIA,0.3552732989663943,0.3614619467732891,0.3467925947988997,0.3477094173431396,557568000.0
2011-10-20,NVIDIA,0.3383119570014171,0.3396872185224416,0.3172247594059753,0.3302896618843078,990308000.0
2011-10-21,NVIDIA,0.3344152531298726,0.3399162691596311,0.3263929619947882,0.3318939507007599,628428000.0
2011-10-24,NVIDIA,0.3332692081910371,0.3495430095453751,0.3325815777787521,0.3442712128162384,535256000.0
2011-10-25,NVIDIA,0.3394579568542823,0.3422084795535333,0.3305188400531078,0.3312064707279205,577996000.0
2011-10-26,NVIDIA,0.3376242184353506,0.3394578632977589,0.325476143617264,0.335102915763855,503116000.0
2011-10-27,NVIDIA,0.3474802894726578,0.3529812804005143,0.3396871871137635,0.3495431542396545,577732000.0
2011-10-28,NVIDIA,0.3465632796678062,0.3607742164404076,0.3456464573770897,0.3575652837753296,490156000.0
2011-10-31,NVIDIA,0.3461048794344413,0.3481677706392699,0.3392286300659179,0.3392286300659179,519984000.0
2011-11-01,NVIDIA,0.32685143130606,0.327768253812209,0.3190583307086262,0.3222672641277313,790824000.0
2011-11-02,NVIDIA,0.3254761549469058,0.3270806352430483,0.3101192010850377,0.3167662322521209,961608000.0
2011-11-03,NVIDIA,0.3202044585732032,0.3364782946839365,0.3117237524784652,0.3357906639575958,749372000.0
2011-11-04,NVIDIA,0.3328110918454871,0.3408333900065464,0.3275392904463144,0.3396873474121094,654840000.0
2011-11-07,NVIDIA,0.337165801172969,0.3428960373628674,0.3300603585732707,0.3378534317016601,613536000.0
2011-11-08,NVIDIA,0.3422084050876683,0.3477093946415397,0.3367073882100059,0.3456465303897857,549728000.0
2011-11-09,NVIDIA,0.3376244535617302,0.3419794041284825,0.3268516322118962,0.3282268941402435,532244000.0
2011-11-10,NVIDIA,0.33624899779974,0.3396871233148625,0.323413318280432,0.3316648304462433,990484000.0
2011-11-11,NVIDIA,0.341062498344396,0.3461050786523966,0.3224965761095444,0.34335458278656,1751560000.0
2011-11-14,NVIDIA,0.3433544419442065,0.34679256719715,0.3357905609229726,0.3367073833942413,500292000.0
2011-11-15,NVIDIA,0.333498631459163,0.3435837925964699,0.3325817812406239,0.3410625159740448,505660000.0
2011-11-16,NVIDIA,0.3346446648885779,0.3435837835091356,0.3330401838795218,0.3341862261295318,512420000.0
2011-11-17,NVIDIA,0.3334984901089116,0.3344153126150606,0.3163078358663873,0.3222672641277313,657504000.0
2011-11-18,NVIDIA,0.3241010458287271,0.3241010458287271,0.3158495311938213,0.3192876577377319,501352000.0
2011-11-21,NVIDIA,0.3142450485868305,0.3385411515164418,0.3094316609403118,0.3353322446346283,1330788000.0
2011-11-22,NVIDIA,0.3389994717447508,0.3474802026823399,0.3371657994521967,0.3456465303897857,1287480000.0
2011-11-23,NVIDIA,0.3419792702135359,0.3445005736535911,0.3307480417268689,0.3309772610664367,825340000.0
2011-11-25,NVIDIA,0.3266221433308676,0.3341860230492278,0.3208919355629865,0.321808785200119,406620000.0
2011-11-28,NVIDIA,0.3323524958683935,0.3449589574125705,0.3323524958683935,0.3399163782596588,690616000.0
2011-11-29,NVIDIA,0.3394579738815704,0.3461050343064489,0.3362490670032141,0.3417500853538513,623440000.0
2011-11-30,NVIDIA,0.3520644404496076,0.3591699117636773,0.3490847257913269,0.3582530617713928,730324000.0
2011-12-01,NVIDIA,0.3552732961441149,0.3635248082718963,0.3536688430425443,0.3626079857349396,529760000.0
2011-12-02,NVIDIA,0.3665046305884151,0.3678798921232206,0.3568778818161783,0.3603160083293915,546464000.0
2011-12-05,NVIDIA,0.3662753327716578,0.3667337440429413,0.3518351727977821,0.3548148870468139,644696000.0
2011-12-06,NVIDIA,0.3568778657742247,0.3575654691869185,0.3461050479913632,0.3497723937034607,573832000.0
2011-12-07,NVIDIA,0.347480225368976,0.3502307203254888,0.3403747550178413,0.3477094173431396,510016000.0
2011-12-08,NVIDIA,0.3442712644154752,0.3500014731703811,0.3355613416432602,0.3367073833942413,491488000.0
2011-12-09,NVIDIA,0.3341861551879584,0.3442713412414293,0.3296019871610526,0.3415208458900451,555840000.0
2011-12-12,NVIDIA,0.3341861602415252,0.3355614215999123,0.3268514967523203,0.3330401182174682,573208000.0
2011-12-13,NVIDIA,0.3373951661242566,0.3415209237538683,0.3218089858145028,0.3238718509674072,516596000.0
2011-12-14,NVIDIA,0.3211212249599428,0.3229548973110322,0.3078271345692848,0.3112652599811554,636020000.0
2011-12-15,NVIDIA,0.3165370335801047,0.3185998977402341,0.3078271110701779,0.3085147142410278,435148000.0
2011-12-16,NVIDIA,0.3110361133710378,0.3169955430736776,0.3082856178635881,0.3096608519554138,619116000.0
2011-12-19,NVIDIA,0.3110359761690344,0.3147033201104534,0.3004923828302948,0.3016384243965149,463276000.0
2011-12-20,NVIDIA,0.3085147545300793,0.3197459812124451,0.3085147545300793,0.3185999393463135,445208000.0
2011-12-21,NVIDIA,0.3167662490426863,0.3202043744473071,0.3082855451760465,0.3144741654396057,548424000.0
2011-12-22,NVIDIA,0.3153909587021855,0.3289142386051197,0.3153909587021855,0.3279974162578583,576560000.0
2011-12-23,NVIDIA,0.3296019598413839,0.3300603984651134,0.3220380777591763,0.3247886002063751,248948000.0
2011-12-27,NVIDIA,0.3234133059223135,0.3273098425591345,0.3213504142977905,0.3222672641277313,195712000.0
2011-12-28,NVIDIA,0.3222672479371605,0.3229548784441219,0.3140157365012047,0.3142449557781219,233960000.0
2011-12-29,NVIDIA,0.3174539709309923,0.3208920973248825,0.3128698024058054,0.3202044665813446,211112000.0
2011-12-30,NVIDIA,0.31905839433851,0.3224965204079227,0.3172247216367304,0.3176831603050232,186956000.0
2012-01-03,NVIDIA,0.3277681848844438,0.3300602953153821,0.3211211548032161,0.321808785200119,468044000.0
2012-01-04,NVIDIA,0.3220381621592002,0.3268515503795002,0.319058446943005,0.3254762887954712,347372000.0
2012-01-05,NVIDIA,0.3238717412494425,0.3387703130102439,0.3224964800642012,0.3371658325195312,563548000.0
2012-01-06,NVIDIA,0.33693664304874,0.3371658350321257,0.3293727611211336,0.3332692980766296,533252000.0
2012-01-09,NVIDIA,0.3334985173838092,0.3396871381159258,0.3309772143000091,0.3332692980766296,508244000.0
2012-01-10,NVIDIA,0.3383117890735848,0.3385410083212448,0.3296018675193072,0.3318939507007599,546328000.0
2012-01-11,NVIDIA,0.3289143674814384,0.3318940822632402,0.3238717879481265,0.325247049331665,484272000.0
2012-01-12,NVIDIA,0.3259346851889797,0.3261638772073367,0.3160786906570809,0.3231841623783111,652364000.0
2012-01-13,NVIDIA,0.3208920255636909,0.3215796561534539,0.3130989517431607,0.3147034049034118,504300000.0
2012-01-17,NVIDIA,0.31951686730602,0.31951686730602,0.3094316800255152,0.3098900914192199,627176000.0
2012-01-18,NVIDIA,0.3158493903524643,0.3229548596376452,0.3142449374788461,0.3204335570335388,632676000.0
2012-01-19,NVIDIA,0.3231841344893492,0.32937278295551,0.3197460085965024,0.3289143443107605,608312000.0
2012-01-20,NVIDIA,0.3284559844405255,0.332352549588496,0.3247886659746356,0.3259347081184387,546272000.0
2012-01-23,NVIDIA,0.3261637834608683,0.3351029253786437,0.3220380277544943,0.3348737061023712,562792000.0
2012-01-24,NVIDIA,0.3325816884091678,0.3438129160156967,0.3323524964113584,0.3424376547336578,730920000.0
2012-01-25,NVIDIA,0.3332693263429333,0.3412916202415175,0.3236425518055953,0.3403747975826263,1274152000.0
2012-01-26,NVIDIA,0.3454173449833915,0.3493139092336438,0.3353321873709345,0.3371658325195312,799672000.0
2012-01-27,NVIDIA,0.3351030249289728,0.3435837308135987,0.3323525294155534,0.3417500853538513,449996000.0
2012-01-30,NVIDIA,0.3357905053816563,0.3408330827871495,0.3307479006523769,0.3392286300659179,399076000.0
2012-01-31,NVIDIA,0.3401456334708046,0.340374852834634,0.3325817496738439,0.338541179895401,357900000.0
2012-02-01,NVIDIA,0.3424376072358709,0.3461049519300987,0.3376242480639629,0.3422084152698517,428020000.0
2012-02-02,NVIDIA,0.3440421476347622,0.3564193903203421,0.3406039943067716,0.3550441563129425,696236000.0
2012-02-03,NVIDIA,0.360315902068755,0.365587699965738,0.3596282715041411,0.3626079857349396,495232000.0
2012-02-06,NVIDIA,0.3607742922805806,0.3612327035223038,0.3566485364574904,0.3598574697971344,278868000.0
2012-02-07,NVIDIA,0.3603160460030828,0.3628373226487767,0.3543566151608907,0.3607744574546814,410296000.0
2012-02-08,NVIDIA,0.3607743587469148,0.3809447030128833,0.3589406861184093,0.373839259147644,847612000.0
2012-02-09,NVIDIA,0.3784234066587328,0.3804862711772337,0.3729223890697394,0.3736100196838379,561944000.0
2012-02-10,NVIDIA,0.3699427134743444,0.3713179748469656,0.3623788305725227,0.3644417226314544,440268000.0
2012-02-13,NVIDIA,0.3736100304093022,0.3749852916769797,0.3626080222392682,0.3701719045639038,610668000.0
2012-02-14,NVIDIA,0.3701718675412091,0.3754436654416542,0.3669629340121678,0.3722347319126129,453756000.0
2012-02-15,NVIDIA,0.375672930428116,0.387362569484571,0.3697135012378064,0.3706303238868713,1110856000.0
2012-02-16,NVIDIA,0.3451882631909961,0.3800279693163917,0.3438130015667507,0.3770482540130615,1888588000.0
2012-02-17,NVIDIA,0.3772774287996853,0.3797987050477318,0.3598575777959135,0.363295704126358,1020360000.0
2012-02-21,NVIDIA,0.3630664892005356,0.3740684990568306,0.3623788584613047,0.3651293814182281,518176000.0
2012-02-22,NVIDIA,0.3632956162995534,0.3722347316681561,0.3621495744664612,0.3626079857349396,492432000.0
2012-02-23,NVIDIA,0.3632957278674917,0.3667338544226154,0.3575654896184844,0.3646709620952606,323968000.0
2012-02-24,NVIDIA,0.3658169537816211,0.3662753924513939,0.36031596298232,0.361920416355133,366668000.0
2012-02-27,NVIDIA,0.3573362623001118,0.3589407157360204,0.3495431598168728,0.3545857667922973,745268000.0
2012-02-28,NVIDIA,0.35458567549394,0.3587114313552654,0.3477093975092035,0.3513767421245575,699884000.0
2012-02-29,NVIDIA,0.3525229168558776,0.3584823472724873,0.3470219251819315,0.3472511172294616,689196000.0
2012-03-01,NVIDIA,0.3486263315262777,0.3536689110974459,0.3472510701324147,0.3495431542396545,449944000.0
2012-03-02,NVIDIA,0.3483970639477504,0.3575653991072826,0.3483970639477504,0.3525228202342987,684076000.0
2012-03-05,NVIDIA,0.3500015323174508,0.3506891629490009,0.3380827015578309,0.3406039774417877,514848000.0
2012-03-06,NVIDIA,0.3367074413496329,0.3394579365606555,0.3314356429229589,0.3373950719833374,471400000.0
2012-03-07,NVIDIA,0.3392286477974094,0.3408331006025057,0.3346444813121127,0.3394578397274017,441984000.0
2012-03-08,NVIDIA,0.3403747854471345,0.3440421305995385,0.3385411128709326,0.3406039774417877,430852000.0
2012-03-09,NVIDIA,0.3415210210279708,0.3440423256652566,0.3378536737962479,0.3396873474121094,367836000.0
2012-03-12,NVIDIA,0.3410623754634217,0.3433544590797736,0.3334984940647021,0.3344153165817261,299948000.0
2012-03-13,NVIDIA,0.3357906329521621,0.340833212273386,0.3341861522975848,0.3389995396137237,553288000.0
2012-03-14,NVIDIA,0.3389995714509525,0.3396872021783794,0.3282267811339276,0.3293728232383728,735708000.0
2012-03-15,NVIDIA,0.330289687944258,0.3360198991943085,0.329143645694248,0.3341862261295318,382380000.0
2012-03-16,NVIDIA,0.3344154260862894,0.3360198796783567,0.3325817531280119,0.3346446454524994,428340000.0
2012-03-19,NVIDIA,0.3364782446314695,0.3380826978717297,0.3339569414512071,0.3355613946914673,405400000.0
2012-03-20,NVIDIA,0.3337277404099454,0.3337277404099454,0.3270807077689686,0.3300604224205017,449616000.0
2012-03-21,NVIDIA,0.3300603572543416,0.3344153050456641,0.3263930126651713,0.3314355909824371,467840000.0
2012-03-22,NVIDIA,0.3289143689817194,0.3337277565222621,0.3279975462710435,0.3309772610664367,425372000.0
2012-03-23,NVIDIA,0.3300604411627872,0.3344153900612312,0.3277683297190086,0.3334985673427582,315456000.0
2012-03-26,NVIDIA,0.3367074413496329,0.3389995252461176,0.3334985348240724,0.3373950719833374,288600000.0
2012-03-27,NVIDIA,0.338770524266084,0.3438131062168449,0.3380828932446596,0.3396873474121094,419968000.0
2012-03-28,NVIDIA,0.3440421118375178,0.3520644050125922,0.3415208087672626,0.3474802374839782,892448000.0
2012-03-29,NVIDIA,0.3470218701967658,0.3518352303178476,0.3426668940981139,0.349084734916687,372700000.0
2012-03-30,NVIDIA,0.3520644466748892,0.3550441613858578,0.3470218672614482,0.3529812693595886,527240000.0
2012-04-02,NVIDIA,0.3520643726554102,0.3550440867399114,0.3463341637712891,0.3513767421245575,407776000.0
2012-04-03,NVIDIA,0.3538980420443839,0.3543564532865746,0.3438128580972316,0.3456465303897857,430476000.0
2012-04-04,NVIDIA,0.3403748323681351,0.3447297814286279,0.3337277717785736,0.3357906639575958,495896000.0
2012-04-05,NVIDIA,0.3362490673654897,0.3403748243019632,0.3341861752353539,0.3353322446346283,369424000.0
2012-04-09,NVIDIA,0.3300604383557609,0.3321233031166805,0.3245594201203124,0.3309772610664367,365504000.0
2012-04-10,NVIDIA,0.3296018788456443,0.3341860453660785,0.3229548483205298,0.3245593011379242,470360000.0
2012-04-11,NVIDIA,0.3289143564586429,0.3357906358220957,0.3277683144520336,0.3286851644515991,372960000.0
2012-04-12,NVIDIA,0.3291435142060778,0.3383118485435389,0.327768253125942,0.3364782035350799,384868000.0
2012-04-13,NVIDIA,0.3334984422470436,0.3353321143199748,0.3243300818823874,0.3245593011379242,311324000.0
2012-04-16,NVIDIA,0.3268515075743651,0.3277683302944478,0.3153910869543417,0.3206628859043121,463468000.0
2012-04-17,NVIDIA,0.3215797640725285,0.3254763022904343,0.3202045024314781,0.3213505446910858,460696000.0
2012-04-18,NVIDIA,0.3192876014689035,0.3208920547752116,0.314015802899209,0.3179123401641845,400764000.0
2012-04-19,NVIDIA,0.3137866301105323,0.3257054903222891,0.311494545811933,0.3130990266799927,667188000.0
2012-04-20,NVIDIA,0.3149325994045376,0.3158494493061569,0.3062226756200202,0.3069103062152862,509592000.0
2012-04-23,NVIDIA,0.3016385281540182,0.3046182427159089,0.2959083183518423,0.3032429814338684,706244000.0
2012-04-24,NVIDIA,0.3041598813828062,0.3066811850396385,0.2922410211764716,0.2938454747200012,730440000.0
2012-04-25,NVIDIA,0.2982002944051709,0.3020968301964034,0.2926992785906787,0.2998047471046448,727112000.0
2012-04-26,NVIDIA,0.2995756348975321,0.3025553491743851,0.2975127431718063,0.3000340461730957,539208000.0
2012-04-27,NVIDIA,0.2995756916177227,0.3014093643909488,0.2943038926411221,0.297512799501419,475356000.0
2012-04-30,NVIDIA,0.2959083835727695,0.2995757295839971,0.2938454911950283,0.297971248626709,262268000.0
2012-05-01,NVIDIA,0.2963667296712572,0.3064519153173643,0.2963667296712572,0.3032429814338684,408680000.0
2012-05-02,NVIDIA,0.3020969567380314,0.3032429987639619,0.2929286205305867,0.2945330739021301,684008000.0
2012-05-03,NVIDIA,0.2952207620005888,0.2970544350634723,0.2876568776935709,0.2894905507564544,419536000.0
2012-05-04,NVIDIA,0.2876567626537711,0.2892612156957148,0.281009703874588,0.281009703874588,545092000.0
2012-05-07,NVIDIA,0.2860523857189949,0.2908657734492686,0.2835310821795565,0.2858231663703918,604440000.0
2012-05-08,NVIDIA,0.2833018453358218,0.2874276020893015,0.2782592658921453,0.2855939567089081,462312000.0
2012-05-09,NVIDIA,0.2805513269295037,0.2890320590752878,0.2778008317607228,0.2867399752140045,520608000.0
2012-05-10,NVIDIA,0.2894904753819856,0.2899488866973996,0.2800929204589202,0.2846770882606506,597092000.0
2012-05-11,NVIDIA,0.3082856101136316,0.3135574089759322,0.3016385498702795,0.3027845919132232,1435140000.0
2012-05-14,NVIDIA,0.3002632542070144,0.3055350524674134,0.2940746333464566,0.3009508848190307,437472000.0
2012-05-15,NVIDIA,0.3009509638453562,0.3075980250752311,0.2965960143653499,0.297971248626709,599940000.0
2012-05-16,NVIDIA,0.2984296382290637,0.3018677643020137,0.2910949474143995,0.2920117974281311,470484000.0
2012-05-17,NVIDIA,0.293157784329112,0.2959082792055287,0.2899488508701324,0.2899488508701324,335364000.0
2012-05-18,NVIDIA,0.2906366142966985,0.2920118760255605,0.2755088445744347,0.2768840789794922,567288000.0
2012-05-21,NVIDIA,0.2773425317166259,0.2830727436686623,0.275508858427213,0.2816974818706512,416260000.0
2012-05-22,NVIDIA,0.2814682416851028,0.2819266530981639,0.2741335497809197,0.2782593071460724,410140000.0
2012-05-23,NVIDIA,0.2752795698405286,0.2855939760859403,0.2711538128071238,0.2851355373859405,496000000.0
2012-05-24,NVIDIA,0.2867400431012074,0.2871984545172363,0.27550881312759,0.2775716781616211,520420000.0
2012-05-25,NVIDIA,0.2773423883475193,0.2865107227313078,0.2773423883475193,0.2842186391353607,391752000.0
2012-05-29,NVIDIA,0.2888027644443792,0.2933869309714665,0.2876567228126073,0.291553258895874,310000000.0
2012-05-30,NVIDIA,0.2883444226916516,0.2904072871960771,0.2830726244512602,0.2881152033805847,379792000.0
2012-05-31,NVIDIA,0.2881150837931012,0.2892611252251618,0.2812388352007378,0.2849061787128448,358192000.0
2012-06-01,NVIDIA,0.2789468988840381,0.281697394301226,0.2741335114111113,0.2745919227600097,440984000.0
2012-06-04,NVIDIA,0.2759672131150571,0.2775716666666143,0.2665696565185357,0.2688617408275604,432856000.0
2012-06-05,NVIDIA,0.2674863583506033,0.2773423208803414,0.2674863583506033,0.2766546905040741,365224000.0
2012-06-06,NVIDIA,0.2787176023106279,0.2846770301662475,0.2766547381503387,0.2839893996715545,368968000.0
2012-06-07,NVIDIA,0.2881152116649213,0.2897196922409361,0.272299816488998,0.2725290358066559,526780000.0
2012-06-08,NVIDIA,0.2734458525432756,0.2787176508217649,0.2729874412416231,0.2778008282184601,370308000.0
2012-06-11,NVIDIA,0.2867399401508866,0.2917825185643345,0.2803221006593204,0.281009703874588,839080000.0
2012-06-12,NVIDIA,0.2842186720370749,0.2894904703827854,0.2837602607295773,0.2867399752140045,496128000.0
2012-06-13,NVIDIA,0.2865107794848456,0.2871984101645975,0.2778008546301811,0.279176115989685,494276000.0
2012-06-14,NVIDIA,0.2787175955156272,0.2810096788928641,0.2729873870725349,0.2757378816604614,589884000.0
2012-06-15,NVIDIA,0.2778009432080276,0.281926701278255,0.2752796390196091,0.2816974818706512,385288000.0
2012-06-18,NVIDIA,0.2796344719434664,0.2865107227313078,0.2773423883475193,0.2842186391353607,304424000.0
2012-06-19,NVIDIA,0.2959083379920095,0.3078271970306562,0.2945330766186895,0.3034722208976745,960476000.0
2012-06-20,NVIDIA,0.3064519213489654,0.3140158039014695,0.3046182487114195,0.3082855939865112,972720000.0
2012-06-21,NVIDIA,0.3080563365320679,0.3080563365320679,0.2936162038688782,0.294303834438324,516376000.0
2012-06-22,NVIDIA,0.297971248626709,0.3014094025896109,0.2938454911950283,0.297971248626709,865360000.0
2012-06-25,NVIDIA,0.2982004584484035,0.2991172812599466,0.2874276401318677,0.288573682308197,494616000.0
2012-06-26,NVIDIA,0.2901781639826196,0.2938454825623054,0.2860524066721472,0.2917826175689697,437152000.0
2012-06-27,NVIDIA,0.2920118461628185,0.3032430489460102,0.2920118461628185,0.3011801838874817,506064000.0
2012-06-28,NVIDIA,0.2984296414018303,0.3053058936208354,0.2959083379920095,0.3034722208976745,545896000.0
2012-06-29,NVIDIA,0.3105776123165968,0.3174538627613548,0.3103483930389221,0.3167662322521209,616508000.0
2012-07-02,NVIDIA,0.3183707798311154,0.3185999718334361,0.3057642906944111,0.3082855939865112,581684000.0
2012-07-03,NVIDIA,0.3082855790417533,0.3169955031550182,0.3080563597267484,0.3163078725337982,219284000.0
2012-07-05,NVIDIA,0.3142450688292924,0.3156203030141719,0.308285638723414,0.3130990266799927,280076000.0
2012-07-06,NVIDIA,0.3108068635548728,0.3117237135166646,0.3037014198009132,0.3071395456790924,382760000.0
2012-07-09,NVIDIA,0.3053058255318861,0.3066810865984969,0.3004924391225394,0.3030137419700622,306336000.0
2012-07-10,NVIDIA,0.2998049048231685,0.3087440499779194,0.2915533904224446,0.2938454747200012,512028000.0
2012-07-11,NVIDIA,0.2947622513417273,0.2984295962329775,0.2876567808613526,0.2890320420265198,485216000.0
2012-07-12,NVIDIA,0.2858230921877653,0.2862815034421964,0.2816973362503022,0.2842186391353607,472160000.0
2012-07-13,NVIDIA,0.2844478682069394,0.2892612275296899,0.2826141958023614,0.2878859937191009,324260000.0
2012-07-16,NVIDIA,0.2860522782296965,0.2910948560899349,0.2833017563752132,0.2888027727603912,334460000.0
2012-07-17,NVIDIA,0.2897198404699467,0.2913242945430512,0.2787177994217212,0.2835311889648437,447476000.0
2012-07-18,NVIDIA,0.2828434207496244,0.3034722035513024,0.2814681867787098,0.2993464469909668,616008000.0
2012-07-19,NVIDIA,0.3014092607737559,0.3062226194094854,0.2993463693666243,0.3023260831832886,403036000.0
2012-07-20,NVIDIA,0.3004925175384006,0.3025554096766447,0.2904073308402928,0.2936162650585174,451000000.0
2012-07-23,NVIDIA,0.2858231594804263,0.2995756916177227,0.2826142526201293,0.297512799501419,451584000.0
2012-07-24,NVIDIA,0.2979711519357134,0.2998048243463044,0.290865708914888,0.294303834438324,351164000.0
2012-07-25,NVIDIA,0.2933869870441478,0.3030137604499487,0.2920117532174569,0.3000340461730957,415044000.0
2012-07-26,NVIDIA,0.3055350329023139,0.3089731857422315,0.299117193140789,0.3014093041419983,338440000.0
2012-07-27,NVIDIA,0.3025553824361406,0.3098900456228816,0.3002632711587508,0.3089732229709625,376516000.0
2012-07-30,NVIDIA,0.3089733218097052,0.3128698603125352,0.303013890694456,0.3055351674556732,363552000.0
2012-07-31,NVIDIA,0.3055351226758075,0.3147034874031504,0.3050767112703906,0.3103485107421875,387788000.0
2012-08-01,NVIDIA,0.3121821043472673,0.3151618187108909,0.3055350450247542,0.3069103062152862,335912000.0
2012-08-02,NVIDIA,0.3053059184805466,0.3126405826466218,0.3002633112503078,0.3080564141273498,367912000.0
2012-08-03,NVIDIA,0.3128697123822077,0.3176830988781936,0.3055350229933164,0.3144741654396057,326548000.0
2012-08-06,NVIDIA,0.317453930146446,0.3227257287378824,0.3169955188175811,0.3211212754249573,360324000.0
2012-08-07,NVIDIA,0.3250177518051119,0.3277682465867175,0.3224964489830954,0.3243301212787628,407340000.0
2012-08-08,NVIDIA,0.3241011119667803,0.329602104630083,0.3231842616403589,0.3261639773845672,517064000.0
2012-08-09,NVIDIA,0.3266222362961313,0.3378534631121518,0.3261638250089821,0.3371658325195312,822300000.0
2012-08-10,NVIDIA,0.3461049215572522,0.3488554161746541,0.3307479409061615,0.335102915763855,1278744000.0
2012-08-13,NVIDIA,0.335561303679657,0.3396870589811816,0.334186042804553,0.3394578397274017,447244000.0
2012-08-14,NVIDIA,0.3406039368811177,0.3410623754634217,0.3330400554823981,0.3344153165817261,388828000.0
2012-08-15,NVIDIA,0.3355612947205989,0.3383117890735848,0.3302894979385004,0.3318939507007599,594404000.0
2012-08-16,NVIDIA,0.3348737360475857,0.3399163419861816,0.3337276942113217,0.3387703001499176,371008000.0
2012-08-17,NVIDIA,0.3387703788892062,0.3387703788892062,0.3328109490259854,0.3357906639575958,309864000.0
2012-08-20,NVIDIA,0.3346446218549609,0.3362490753338899,0.3307480568469633,0.3357906639575958,314392000.0
2012-08-21,NVIDIA,0.3369365976174533,0.3389994618087452,0.3314355809010245,0.3348737061023712,340248000.0
2012-08-22,NVIDIA,0.3328108995190505,0.3369366559395731,0.3316648575868939,0.3355613946914673,313556000.0
2012-08-23,NVIDIA,0.3348736658336798,0.3351028850823886,0.3266221554131792,0.3279974162578583,379040000.0
2012-08-24,NVIDIA,0.327997584394219,0.3362490990445667,0.3273099536193898,0.3346446454524994,347724000.0
2012-08-27,NVIDIA,0.3344153621335927,0.335332212099296,0.3286851523121815,0.3289143443107605,340944000.0
2012-08-28,NVIDIA,0.3263930741596171,0.3307480227714386,0.32570544350412,0.3275391161441803,310764000.0
2012-08-29,NVIDIA,0.3273100437467425,0.3302897597089559,0.3266224127825688,0.3282268941402435,250412000.0
2012-08-30,NVIDIA,0.3275391625731702,0.3286852047201858,0.3204336903321527,0.3220381438732147,307488000.0
2012-08-31,NVIDIA,0.3243301600560604,0.3266222438687411,0.3183707585373671,0.3215796649456024,485064000.0
2012-09-04,NVIDIA,0.3163079192066583,0.3174539613031977,0.3014093719516463,0.3043890595436096,694452000.0
2012-09-05,NVIDIA,0.3055350305566063,0.3098900059045386,0.3020969050668772,0.3053058385848999,480256000.0
2012-09-06,NVIDIA,0.3075979343488509,0.3229549173329797,0.3073687150443321,0.3147034049034118,657296000.0
2012-09-07,NVIDIA,0.3066811343600943,0.3092024102764816,0.2968251407207592,0.3071395456790924,781064000.0
2012-09-10,NVIDIA,0.3064519517116598,0.31080690074899,0.3037014561447251,0.3043890595436096,371108000.0
2012-09-11,NVIDIA,0.3041598763507286,0.3128698020021052,0.3030138342209107,0.3080564141273498,382808000.0
2012-09-12,NVIDIA,0.3105777362207241,0.3130990399858521,0.3075980210411552,0.3114945590496063,322608000.0
2012-09-13,NVIDIA,0.3142450469070073,0.3153910889763571,0.3075979865104997,0.3135574162006378,433836000.0
2012-09-14,NVIDIA,0.3133281444580162,0.3227256987846096,0.3133281444580162,0.3172246813774109,339468000.0
2012-09-17,NVIDIA,0.3179122672455944,0.3179122672455944,0.305076589091619,0.3085147142410278,493348000.0
2012-09-18,NVIDIA,0.3050767310135867,0.3142450963342649,0.3048475389579463,0.3105777502059936,359952000.0
2012-09-19,NVIDIA,0.3112652417971495,0.3185999034492268,0.3075978973092158,0.3142449557781219,451936000.0
2012-09-20,NVIDIA,0.3135573095714661,0.3151617624581815,0.3094315540600632,0.3119528293609619,320596000.0
2012-09-21,NVIDIA,0.3124113540697451,0.3151618493948013,0.3112653120739885,0.3133281767368316,340136000.0
2012-09-24,NVIDIA,0.308285638723414,0.3135574380749525,0.3078272273284541,0.3130990266799927,357832000.0
2012-09-25,NVIDIA,0.3172247529804708,0.318600014473639,0.3069103737531091,0.3073687851428985,481544000.0
2012-09-26,NVIDIA,0.3062226895620943,0.3064519088788837,0.2984296153243838,0.3020969331264496,436812000.0
2012-09-27,NVIDIA,0.3027846060732143,0.3048474982412645,0.300263302531308,0.3043890595436096,558888000.0
2012-09-28,NVIDIA,0.3030138810453225,0.3101193542777151,0.2991173153427695,0.305764377117157,485508000.0
2012-10-01,NVIDIA,0.3071396062679092,0.3089732792294223,0.2995757223790437,0.3007217645645141,504236000.0
2012-10-02,NVIDIA,0.3027846357093823,0.3027846357093823,0.2984296862457954,0.301867812871933,295492000.0
2012-10-03,NVIDIA,0.3025554331425368,0.3034722559481096,0.2972836337009912,0.298888087272644,430872000.0
2012-10-04,NVIDIA,0.2995757239286719,0.3140158610050557,0.2979712430016728,0.3121821880340576,502608000.0
2012-10-05,NVIDIA,0.3130989311487483,0.3163078372581813,0.3037013774623074,0.3048474192619324,483068000.0
2012-10-08,NVIDIA,0.3037014858706333,0.3050767201268073,0.2995757284545079,0.301867812871933,240596000.0
2012-10-09,NVIDIA,0.3014092201692772,0.3023260424552997,0.294532943728968,0.2954497933387756,366360000.0
2012-10-10,NVIDIA,0.2940746150126872,0.2954498761509807,0.289261228352453,0.2904072701931,326568000.0
2012-10-11,NVIDIA,0.2931578394524477,0.2940746621423822,0.2897197133794978,0.2920117974281311,320516000.0
2012-10-12,NVIDIA,0.2899489621912247,0.2922410466888784,0.2876568776935709,0.2894905507564544,260696000.0
2012-10-15,NVIDIA,0.2899489705566161,0.293387097402291,0.2865108437109412,0.2931579053401947,249580000.0
2012-10-16,NVIDIA,0.2956789973226557,0.3025552740437627,0.2929285030284846,0.3016384243965149,367696000.0
2012-10-17,NVIDIA,0.2979711856962563,0.3007217082856773,0.2949914711069141,0.2993464469909668,391752000.0
2012-10-18,NVIDIA,0.2986588510554325,0.2986588510554325,0.2936162712617433,0.2947623133659363,254772000.0
2012-10-19,NVIDIA,0.2904073617532405,0.2924702541110729,0.275967224543619,0.2775716781616211,709412000.0
2012-10-22,NVIDIA,0.2787176918939896,0.2803221726719034,0.272070658731027,0.2743627429008484,480840000.0
2012-10-23,NVIDIA,0.2718413286343755,0.2844478137562173,0.271153698198815,0.282614141702652,573948000.0
2012-10-24,NVIDIA,0.2844478030730022,0.2855938446479645,0.2761962928037597,0.2789467871189117,332916000.0
2012-10-25,NVIDIA,0.2812389807051437,0.2842186954348706,0.2780300739646975,0.279176115989685,307356000.0
2012-10-26,NVIDIA,0.2796346671965794,0.2812391213692838,0.276196539402008,0.276196539402008,389376000.0
2012-10-31,NVIDIA,0.277342445500995,0.2796345295692844,0.2739043193985608,0.2745919227600097,347112000.0
2012-11-01,NVIDIA,0.2759671745864204,0.2878860331883601,0.2757379552579999,0.2876568138599396,473220000.0
2012-11-02,NVIDIA,0.2906364411484295,0.291094852343681,0.2844478217030639,0.2862814664840698,256700000.0
2012-11-05,NVIDIA,0.285593928028501,0.2995756502545865,0.285593928028501,0.2984296083450317,444840000.0
2012-11-06,NVIDIA,0.2991171914173927,0.2991171914173927,0.293157790284721,0.2982003688812256,350804000.0
2012-11-07,NVIDIA,0.2959082932047688,0.2977419656503939,0.2876567808613526,0.2890320420265198,324620000.0
2012-11-08,NVIDIA,0.2922410827477623,0.2998049679880687,0.289948997967294,0.2906366288661957,839024000.0
2012-11-09,NVIDIA,0.2922409457285714,0.2956790712872847,0.2784884434937177,0.279405266046524,846280000.0
2012-11-12,NVIDIA,0.279863727605006,0.2810097696638156,0.2704661717932481,0.2732166945934295,643624000.0
2012-11-13,NVIDIA,0.2718414084752736,0.2780300568891608,0.2709245858411102,0.2711537778377533,492120000.0
2012-11-14,NVIDIA,0.2727582706310307,0.275508765980319,0.2642775379286796,0.2645067572593689,619300000.0
2012-11-15,NVIDIA,0.2661112169152436,0.2729874691134749,0.2638191328491666,0.2656528055667877,466688000.0
2012-11-16,NVIDIA,0.2656527898593041,0.2665696125020063,0.2555676041706021,0.2608394026756286,624552000.0
2012-11-19,NVIDIA,0.2656527469143978,0.2690908722544237,0.2624438135360988,0.2681740224361419,404092000.0
2012-11-20,NVIDIA,0.2671360624100722,0.2682894985474179,0.2622916196331853,0.2650598883628845,336976000.0
2012-11-21,NVIDIA,0.2650598220837099,0.2733645436959213,0.2648291239138929,0.2726725041866302,422312000.0
2012-11-23,NVIDIA,0.2738259162489133,0.2777475922945748,0.272441782350408,0.2745179831981659,276932000.0
2012-11-26,NVIDIA,0.2749793359158077,0.280054447413386,0.2745179671433144,0.2793623805046081,364600000.0
2012-11-27,NVIDIA,0.2782090075102896,0.2846682542808421,0.2759021356279553,0.2805158793926239,451404000.0
2012-11-28,NVIDIA,0.2793624500540813,0.2842068921215127,0.2759021421487967,0.2828227579593658,398332000.0
2012-11-29,NVIDIA,0.2832840487507654,0.2846681548968947,0.276824804235278,0.2777475416660309,488688000.0
2012-11-30,NVIDIA,0.2775168986553447,0.2795930995368475,0.2745179876599705,0.2761327922344208,460504000.0
2012-12-03,NVIDIA,0.2795930509391958,0.2795930509391958,0.2703655664032725,0.2710576057434082,391380000.0
2012-12-04,NVIDIA,0.2715189135567687,0.279592959896586,0.2699040822887539,0.2791315913200378,528068000.0
2012-12-05,NVIDIA,0.2768248575654131,0.2786703327824484,0.2719804163705008,0.2759020924568176,633024000.0
2012-12-06,NVIDIA,0.2752100264450564,0.2782089649331494,0.2742872888333713,0.2763634622097015,412896000.0
2012-12-07,NVIDIA,0.2765941594132448,0.2779782933260991,0.272672483326928,0.2759020924568176,338288000.0
2012-12-10,NVIDIA,0.2759020332127359,0.2872057177402798,0.2752099664049154,0.2851295173168182,513644000.0
2012-12-11,NVIDIA,0.2860523926572699,0.2955105785152982,0.2853603255822781,0.2918195724487304,816724000.0
2012-12-12,NVIDIA,0.2927422982791326,0.2943571029031894,0.2876671587462701,0.2888205945491791,399404000.0
2012-12-13,NVIDIA,0.2883592868030847,0.2945878359579962,0.2862831129181424,0.289051353931427,377556000.0
2012-12-14,NVIDIA,0.2902046733640898,0.2934342819984695,0.2881284728133541,0.2904353439807892,338660000.0
2012-12-17,NVIDIA,0.2897434501743443,0.291358255302682,0.284899007289244,0.2892820537090301,445232000.0
2012-12-18,NVIDIA,0.289281967529409,0.2929729731518158,0.2883592298738469,0.2897433638572693,416436000.0
2012-12-19,NVIDIA,0.2918195724487304,0.2952798803236068,0.2906661364904384,0.2918195724487304,458544000.0
2012-12-20,NVIDIA,0.2929728893516019,0.2932035874495445,0.2883591473933202,0.2915887832641601,334332000.0
2012-12-21,NVIDIA,0.2876671171707415,0.2876671171707415,0.2816692408624356,0.2848988771438598,462172000.0
2012-12-24,NVIDIA,0.2846682617325003,0.2855910270096382,0.2816693227069472,0.2825920879840851,127376000.0
2012-12-26,NVIDIA,0.2819000193205414,0.2865137631801115,0.2812079522415894,0.2823613882064819,196740000.0
2012-12-27,NVIDIA,0.2828227512749582,0.2832841476514907,0.2772862697573887,0.2805158793926239,299804000.0
2012-12-28,NVIDIA,0.2779781561286353,0.2835146340473415,0.277516760052023,0.2791315913200378,220600000.0
2012-12-31,NVIDIA,0.2782090140856531,0.283976193927794,0.2775169470045797,0.2828227579593658,326460000.0
2013-01-02,NVIDIA,0.2897433440108324,0.2936650200284686,0.2885899082703466,0.2934343218803406,478836000.0
2013-01-03,NVIDIA,0.2934342937296254,0.296894600619117,0.2902046849661296,0.2936649918556213,298888000.0
2013-01-04,NVIDIA,0.2941263921495219,0.304276643280584,0.2932036545467333,0.3033539056777954,524968000.0
2013-01-07,NVIDIA,0.3031232077460205,0.3040459453494755,0.2925115878058987,0.2945877611637115,610732000.0
2013-01-08,NVIDIA,0.2952798073914879,0.2962025724302543,0.2860523220042775,0.2881284952163696,466424000.0
2013-01-09,NVIDIA,0.2904353145135741,0.2918194480736321,0.2798237247200557,0.2816691994667053,695020000.0
2013-01-10,NVIDIA,0.2842068319299859,0.2855909657989902,0.2805158266126925,0.2821306586265564,506368000.0
2013-01-11,NVIDIA,0.2832840311201299,0.2835147017134257,0.2789009598466601,0.2816691994667053,513172000.0
2013-01-14,NVIDIA,0.2835148224246967,0.2835148224246967,0.2782090115188626,0.2814386487007141,305684000.0
2013-01-15,NVIDIA,0.2800544676565972,0.2800544676565972,0.2747486576392138,0.2763634622097015,375888000.0
2013-01-16,NVIDIA,0.2759020430090786,0.2812078520573315,0.2759020430090786,0.2789009809494018,337376000.0
2013-01-17,NVIDIA,0.2798238471528371,0.2837455239554453,0.2791317800700044,0.2825920879840851,580736000.0
2013-01-18,NVIDIA,0.2825918422007218,0.2825918422007218,0.2772860358471565,0.2807463407516479,397088000.0
2013-01-22,NVIDIA,0.2805158161858794,0.2830533856847064,0.2779782741871281,0.2793623805046081,308224000.0
2013-01-23,NVIDIA,0.28028520854064,0.2805158792286895,0.2768249007191607,0.2798238396644592,421808000.0
2013-01-24,NVIDIA,0.278901047462708,0.2823613549498289,0.2775169134678278,0.2812079191207886,396980000.0
2013-01-25,NVIDIA,0.2816692167525317,0.2865136570099635,0.2802851106076029,0.2862829864025116,393920000.0
2013-01-28,NVIDIA,0.2876671073646639,0.2927422459910315,0.2869750405065162,0.2908967435359955,422492000.0
2013-01-29,NVIDIA,0.2897433464698505,0.2904353859199534,0.2835147714183043,0.2846682071685791,388872000.0
2013-01-30,NVIDIA,0.284898934238449,0.2888206106874531,0.2832841295241626,0.2842068672180176,287592000.0
2013-01-31,NVIDIA,0.2842068921215127,0.2874365293331612,0.2809772824099469,0.2828227579593658,470544000.0
2013-02-01,NVIDIA,0.2851295189904365,0.286282982010289,0.2828226479508753,0.2853602170944214,288816000.0
2013-02-04,NVIDIA,0.2837455165279411,0.2895126962337769,0.2802852087044397,0.2805158793926239,511744000.0
2013-02-05,NVIDIA,0.281900032359708,0.2885899777655748,0.2809772945451462,0.2869751453399658,367296000.0
2013-02-06,NVIDIA,0.2800544641674797,0.2869750786691288,0.2784396596171103,0.2846682071685791,530688000.0
2013-02-07,NVIDIA,0.2837454660324192,0.2860523375042212,0.2807465276190611,0.2835147678852081,440000000.0
2013-02-08,NVIDIA,0.2853602170944214,0.2876670881339825,0.283514714762758,0.2853602170944214,307232000.0
2013-02-11,NVIDIA,0.2876671594293328,0.2915888631685983,0.2848989189957938,0.2885899245738983,408308000.0
2013-02-12,NVIDIA,0.2860523190607834,0.2899739948099784,0.2855909502961855,0.2867443859577179,277804000.0
2013-02-13,NVIDIA,0.2869750213220998,0.2922808302131048,0.2844374796786257,0.2853602170944214,856396000.0
2013-02-14,NVIDIA,0.2814385686794025,0.2938956899816173,0.2779782617899108,0.2936649918556213,882096000.0
2013-02-15,NVIDIA,0.292972924977708,0.2950491256114478,0.2872057468285552,0.2936649918556213,733860000.0
2013-02-19,NVIDIA,0.2938957383074571,0.294126408971308,0.2878978610460659,0.2897433638572693,433552000.0
2013-02-20,NVIDIA,0.2906660883526386,0.2952798314217157,0.2846682113628071,0.2855909764766693,713012000.0
2013-02-21,NVIDIA,0.2851295724154541,0.2883592089760232,0.2828227009436521,0.2835147678852081,580408000.0
2013-02-22,NVIDIA,0.2853602871404521,0.2890512927097923,0.2837454825163953,0.2888205945491791,370148000.0
2013-02-25,NVIDIA,0.2895126159673943,0.2918194872101564,0.2832840691119513,0.2837454378604889,644444000.0
2013-02-26,NVIDIA,0.2843257016022986,0.2887356359008035,0.2833972754502853,0.2871109247207641,487504000.0
2013-02-27,NVIDIA,0.2871109348813449,0.2945382336851475,0.2864146221598899,0.2924492955207824,476980000.0
2013-02-28,NVIDIA,0.2915209042271423,0.2982518628074616,0.290360392218895,0.2938419282436371,591392000.0
2013-03-01,NVIDIA,0.2917530689806606,0.2959309188747033,0.2891999584728764,0.2950025200843811,389396000.0
2013-03-04,NVIDIA,0.2929135020357659,0.296627151529673,0.2905924780192712,0.2938419282436371,353680000.0
2013-03-05,NVIDIA,0.2954665942271653,0.2975555044542705,0.2940739689632388,0.2970913052558899,366168000.0
2013-03-06,NVIDIA,0.2989480848806132,0.3017333073219415,0.2954665499117578,0.2968591749668121,342928000.0
2013-03-07,NVIDIA,0.2984838067982022,0.3015011418401671,0.2945380737442971,0.2961627840995788,314824000.0
2013-03-08,NVIDIA,0.2968593401924059,0.2989482512688504,0.2954667143622456,0.2975556254386902,246464000.0
2013-03-11,NVIDIA,0.2945382146087414,0.2959308122926687,0.29221716313129,0.2947703003883362,299748000.0
2013-03-12,NVIDIA,0.2943061660824069,0.2966271904030751,0.2915209424313636,0.2956987917423248,310856000.0
2013-03-13,NVIDIA,0.2956987917423248,0.3008050397140363,0.292913540422489,0.2956987917423248,485840000.0
2013-03-14,NVIDIA,0.2975554539705419,0.2984838798785695,0.2940739190701928,0.2959307432174682,383304000.0
2013-03-15,NVIDIA,0.2959307769488163,0.2959307769488163,0.2922171282309692,0.2933776676654815,355776000.0
2013-03-18,NVIDIA,0.2915209662101672,0.294074076569879,0.2891999417001775,0.2912888526916504,298312000.0
2013-03-19,NVIDIA,0.291520897558977,0.2929134953357467,0.2873430488910916,0.2894319593906402,355480000.0
2013-03-20,NVIDIA,0.2922170648428545,0.2938418030974616,0.2896639561133434,0.2929133772850036,340588000.0
2013-03-21,NVIDIA,0.2912887636287214,0.2917529628550294,0.2878072279282331,0.288271427154541,339032000.0
2013-03-22,NVIDIA,0.2891998308847058,0.2908245418853836,0.2880393190743955,0.2896640300750732,232476000.0
2013-03-25,NVIDIA,0.2912887788933311,0.2915208923530417,0.2859504183390752,0.288039356470108,362076000.0
2013-03-26,NVIDIA,0.288735635459409,0.2903603743057516,0.2875751235227568,0.2901282608509063,232540000.0
2013-03-27,NVIDIA,0.2889678675120565,0.2952346290082165,0.288271554530528,0.2936099171638489,254944000.0
2013-03-28,NVIDIA,0.2929135047730963,0.2980197797921349,0.2908245942062454,0.2977876663208008,349276000.0
2013-04-01,NVIDIA,0.2970913386982206,0.2970913386982206,0.2859504183390752,0.288039356470108,442828000.0
2013-04-02,NVIDIA,0.2882714729110006,0.2889677856953791,0.2831652252735423,0.2850220501422882,371524000.0
2013-04-03,NVIDIA,0.2845577921921243,0.2861825310683768,0.2794515451106115,0.2815404832363128,353156000.0
2013-04-04,NVIDIA,0.2806120987966232,0.2852541473189759,0.2796837001596693,0.2843257486820221,294676000.0
2013-04-05,NVIDIA,0.2801478493051877,0.2891998589038849,0.2794515366177823,0.2891998589038849,551352000.0
2013-04-08,NVIDIA,0.2894319559504302,0.2894319559504302,0.2831651968574834,0.2885035574436188,326660000.0
2013-04-09,NVIDIA,0.2887356056731125,0.2952344773816908,0.2866466954701478,0.2931455671787262,380584000.0
2013-04-10,NVIDIA,0.2933777317157646,0.29825186559468,0.2926814189705513,0.2977876663208008,384688000.0
2013-04-11,NVIDIA,0.2936097808315749,0.2982518283279182,0.2854861977129739,0.2963950037956238,969220000.0
2013-04-12,NVIDIA,0.2977876066194918,0.3070717009109306,0.2952344696218327,0.3038222789764404,770548000.0
2013-04-15,NVIDIA,0.3028939875625767,0.3038224140056155,0.2956988278902043,0.2975556254386902,430420000.0
2013-04-16,NVIDIA,0.3003408626907353,0.3028939730318208,0.2987161234105602,0.3008050620555877,468844000.0
2013-04-17,NVIDIA,0.2984838857518552,0.3012691081931835,0.2950023507829998,0.2968591749668121,532948000.0
2013-04-18,NVIDIA,0.2975555961898404,0.2994124212246016,0.2910567224025726,0.2910567224025726,402548000.0
2013-04-19,NVIDIA,0.2908245360936259,0.2926813604869007,0.2871108873070761,0.2917529344558716,303028000.0
2013-04-22,NVIDIA,0.291520850487819,0.2947702724443935,0.2891998268991846,0.2922171354293823,245568000.0
2013-04-23,NVIDIA,0.2947703255538889,0.3028939095777551,0.2943061262862829,0.2998766005039215,376948000.0
2013-04-24,NVIDIA,0.3008049280838577,0.3126421587939282,0.3005728146704123,0.3100890219211578,556556000.0
2013-04-25,NVIDIA,0.3117138479081393,0.3133385592516143,0.308928596840708,0.3126422464847564,353224000.0
2013-04-26,NVIDIA,0.3121779503122053,0.3126421494564499,0.3096248135156877,0.3112495243549347,324332000.0
2013-04-29,NVIDIA,0.3117137993690279,0.3161237334244428,0.3103211740521675,0.3149632215499878,269712000.0
2013-04-30,NVIDIA,0.315659555780697,0.31960529088974,0.3135706176626478,0.31960529088974,276712000.0
2013-05-01,NVIDIA,0.3196053384204861,0.3216942768491959,0.3156596027246452,0.3168201148509979,341316000.0
2013-05-02,NVIDIA,0.3165880186634144,0.3214621809280419,0.3147311936259948,0.3205337822437286,323480000.0
2013-05-03,NVIDIA,0.322622698022478,0.3242474095791224,0.3207658729568301,0.3219263851642608,293864000.0
2013-05-06,NVIDIA,0.321926322129236,0.323783146831307,0.3191410989105236,0.3209979236125946,217116000.0
2013-05-07,NVIDIA,0.320997964039626,0.3216942768491959,0.3138027777887225,0.3168201148509979,448068000.0
2013-05-08,NVIDIA,0.3172842958159956,0.3244794816507281,0.3161237837567672,0.3226226568222046,334032000.0
2013-05-09,NVIDIA,0.3168201422668469,0.3242474149844607,0.3163559429098949,0.3228548169136047,566800000.0
2013-05-10,NVIDIA,0.3295857090614642,0.3388698326374298,0.3295857090614642,0.3374772071838379,861136000.0
2013-05-13,NVIDIA,0.335156332002611,0.3365489580744714,0.3291216559162835,0.3305142819881439,289812000.0
2013-05-14,NVIDIA,0.3344597577147846,0.3381734058930882,0.3312103363103532,0.33538818359375,454140000.0
2013-05-15,NVIDIA,0.3337636044783413,0.3423514165297528,0.3337636044783413,0.341190904378891,313172000.0
2013-05-16,NVIDIA,0.3407266234375188,0.3442081590561667,0.338405572022968,0.3395661115646362,308368000.0
2013-05-17,NVIDIA,0.3411909066506113,0.3474576667732322,0.338637768834199,0.3451366424560547,312116000.0
2013-05-20,NVIDIA,0.3437439686597448,0.3458329068539416,0.3425834566636761,0.3444402813911438,236380000.0
2013-05-21,NVIDIA,0.3464233218209614,0.3494559865379918,0.3424575423337733,0.34805628657341,357784000.0
2013-05-22,NVIDIA,0.3494558760127341,0.3494558760127341,0.3345258497468351,0.3359255492687225,480404000.0
2013-05-23,NVIDIA,0.3319598140003065,0.3424575070338971,0.3310266993263325,0.3412910997867584,393884000.0
2013-05-24,NVIDIA,0.3394247292628239,0.3422241001591085,0.3354589236996433,0.3391914367675781,283304000.0
2013-05-28,NVIDIA,0.3417575729413025,0.3426906873854298,0.3356922456264685,0.3389581739902496,279300000.0
2013-05-29,NVIDIA,0.3368586897850036,0.3389582114208043,0.3354589901549108,0.3368586897850036,335052000.0
2013-05-30,NVIDIA,0.336392178225039,0.3447903215281744,0.3354590357417226,0.3412910997867584,284504000.0
2013-05-31,NVIDIA,0.3394247946149263,0.344323687674313,0.3375585377216339,0.3375585377216339,577508000.0
2013-06-03,NVIDIA,0.3380249474878342,0.3405910530725007,0.3300933661048001,0.3370918333530426,444468000.0
2013-06-04,NVIDIA,0.3391915020747628,0.3452568300256284,0.335458988288178,0.3375585377216339,363676000.0
2013-06-05,NVIDIA,0.3370919123690298,0.3396579907458713,0.3293935938105071,0.3303267359733581,464520000.0
2013-06-06,NVIDIA,0.3303267584403687,0.3349923861439556,0.3300934659314554,0.3324262797832489,341044000.0
2013-06-07,NVIDIA,0.3347589923974109,0.3391913540609869,0.3333593211952235,0.3370918333530426,274584000.0
2013-06-10,NVIDIA,0.3361588399699572,0.3389582114208043,0.3342925830662797,0.3368586897850036,224148000.0
2013-06-11,NVIDIA,0.3324263172016865,0.3370919732397818,0.3305600881576538,0.3305600881576538,296336000.0
2013-06-12,NVIDIA,0.332193150630676,0.3349925228332079,0.3258945284132967,0.3277607858181,312588000.0
2013-06-13,NVIDIA,0.3265942382140728,0.33685863562946,0.3263609735194508,0.3352256715297699,236256000.0
2013-06-14,NVIDIA,0.3363921082264553,0.3368586654663582,0.3324263021639397,0.3347591161727905,236012000.0
2013-06-17,NVIDIA,0.3373252432714241,0.3410577570368741,0.3354589863886991,0.3380250930786133,255336000.0
2013-06-18,NVIDIA,0.3396580349781949,0.3433905484970038,0.3331261502249477,0.3359255492687225,486772000.0
2013-06-19,NVIDIA,0.3389581525150741,0.3611199111570307,0.3377917456291466,0.3461898863315582,1159588000.0
2013-06-20,NVIDIA,0.3433905750432058,0.3438571323167905,0.3345258756077413,0.3368586897850036,628696000.0
2013-06-21,NVIDIA,0.3387249486185779,0.3398913557138546,0.3307933636850924,0.3363921344280243,714228000.0
2013-06-24,NVIDIA,0.3314931144847055,0.3356921843352768,0.3244946740035301,0.3293935656547546,580772000.0
2013-06-25,NVIDIA,0.3328929583094442,0.3335927804140919,0.3282273014859573,0.3317265510559082,457360000.0
2013-06-26,NVIDIA,0.3354588617707219,0.3359254466750775,0.3284604219173231,0.329860121011734,579752000.0
2013-06-27,NVIDIA,0.33079324361042,0.3312598007173074,0.3233282464722363,0.3268274664878845,808036000.0
2013-06-28,NVIDIA,0.3268274946016406,0.3307932720653129,0.3226284246597923,0.3275273442268371,431536000.0
2013-07-01,NVIDIA,0.3298601822727824,0.3305600319499627,0.3268275188778898,0.3289270401000976,199524000.0
2013-07-02,NVIDIA,0.3270608744262028,0.3335927602123142,0.3256612024923266,0.3286938667297363,256392000.0
2013-07-03,NVIDIA,0.3258945223086507,0.3335928165784186,0.3258945223086507,0.3296270370483398,140388000.0
2013-07-05,NVIDIA,0.3305602604528426,0.3328930757831354,0.3284607099699677,0.3321932256221771,184684000.0
2013-07-08,NVIDIA,0.3331261669978677,0.3347591313160653,0.3286938313042832,0.3305600881576538,262084000.0
2013-07-09,NVIDIA,0.3312600828044486,0.3342927482956996,0.3303269677960724,0.3321932256221771,157364000.0
2013-07-10,NVIDIA,0.332193120212625,0.3375585993316268,0.3312599776909957,0.3366254568099975,208468000.0
2013-07-11,NVIDIA,0.3384917001461516,0.3417576571237454,0.3377918502359999,0.3412910997867584,239832000.0
2013-07-12,NVIDIA,0.3405912478955404,0.3447903195226841,0.3394248406551862,0.3415243625640869,216360000.0
2013-07-15,NVIDIA,0.3422240648241332,0.3422240648241332,0.3354588890631792,0.3408243656158447,201332000.0
2013-07-16,NVIDIA,0.3422241192435528,0.3445569330887703,0.3405911551137675,0.3426906764507293,162560000.0
2013-07-17,NVIDIA,0.3426906219571193,0.3438570286942496,0.3398912513498726,0.3408243656158447,166100000.0
2013-07-18,NVIDIA,0.3403579034782824,0.3415243105409622,0.3349924254280877,0.3394247889518738,344488000.0
2013-07-19,NVIDIA,0.3373254137869507,0.3389583789562852,0.328694002626738,0.3321932256221771,480532000.0
2013-07-22,NVIDIA,0.3347591255558096,0.337791789414186,0.3305600824696517,0.3319597542285919,292384000.0
2013-07-23,NVIDIA,0.3361587968249956,0.3361587968249956,0.3298602049166603,0.3314931690692901,246792000.0
2013-07-24,NVIDIA,0.3345258326723657,0.3354589470997727,0.3310266118555866,0.3314931690692901,284252000.0
2013-07-25,NVIDIA,0.3312599322816443,0.337091995766669,0.3289271180113702,0.3326596319675445,243320000.0
2013-07-26,NVIDIA,0.3286939457674352,0.3333595756209342,0.3286939457674352,0.3312600255012512,227360000.0
2013-07-29,NVIDIA,0.3305600881576538,0.3347591313160653,0.3296269458262996,0.3305600881576538,179540000.0
2013-07-30,NVIDIA,0.3317265354199146,0.3405912356908182,0.3314932428564667,0.3361588716506958,266076000.0
2013-07-31,NVIDIA,0.3345258756077413,0.3401246185094354,0.3342925830662797,0.3368586897850036,270160000.0
2013-08-01,NVIDIA,0.3380251408430242,0.3422242124701679,0.3340593617876883,0.3415243625640869,277648000.0
2013-08-02,NVIDIA,0.3408243848897214,0.3450234549427172,0.3384915712835384,0.3443236052989959,209628000.0
2013-08-05,NVIDIA,0.3433905468485228,0.3471230603494133,0.3415242900980775,0.3459566533565521,185188000.0
2013-08-06,NVIDIA,0.3461898421685103,0.3468896917726545,0.3401245160117005,0.3408243656158447,206608000.0
2013-08-07,NVIDIA,0.3389581704688997,0.3440903832862891,0.338724905764959,0.340591162443161,244380000.0
2013-08-08,NVIDIA,0.342457382061331,0.3445569032162679,0.3384915766208222,0.3429239392280578,345696000.0
2013-08-09,NVIDIA,0.3293936584721774,0.3431572786491033,0.3291603937426731,0.3380250930786133,906224000.0
2013-08-12,NVIDIA,0.3242614244118486,0.3401245638288404,0.3058321786886763,0.3352256715297699,257568000.0
2013-08-13,NVIDIA,0.3356922846089905,0.3377918062567532,0.333592735151889,0.3363921344280243,197468000.0
2013-08-14,NVIDIA,0.3356922695001381,0.3527218178865803,0.3354589769678472,0.350622296333313,828508000.0
2013-08-15,NVIDIA,0.3468898045933873,0.3557545042405551,0.3454901049298675,0.3529551327228546,723616000.0
2013-08-16,NVIDIA,0.3522552791232925,0.3592537217473566,0.3515554292990183,0.3543548285961151,660456000.0
2013-08-19,NVIDIA,0.3522552361862563,0.3534216431480915,0.3485227227846494,0.3487560153007507,393432000.0
2013-08-20,NVIDIA,0.3486387457261569,0.3528589876890233,0.3481698361635157,0.3505144119262695,234192000.0
2013-08-21,NVIDIA,0.3484043200668285,0.3528590313368264,0.3474665008255401,0.3488732576370239,261540000.0
2013-08-22,NVIDIA,0.3486388504159414,0.354031381879462,0.3486388504159414,0.3507489860057831,129016000.0
2013-08-23,NVIDIA,0.3512178957092292,0.354031381879462,0.3500456074758358,0.3507489860057831,245120000.0
2013-08-26,NVIDIA,0.3509833218440498,0.3523900784829447,0.3500455027178185,0.3514522314071655,300152000.0
2013-08-27,NVIDIA,0.3481699067944231,0.3505144830328054,0.3458253305560407,0.3469976186752319,277464000.0
2013-08-28,NVIDIA,0.3477009971366573,0.3502800142291458,0.3455908617523811,0.3469976186752319,318824000.0
2013-08-29,NVIDIA,0.345825255102136,0.3495765874448845,0.3448874080416752,0.3462941646575928,276216000.0
2013-08-30,NVIDIA,0.3465287228135403,0.3474665421664086,0.3441841464818152,0.3458253443241119,378120000.0
2013-09-03,NVIDIA,0.3467631179864404,0.3509833604173848,0.3439496323489944,0.3460597395896911,284680000.0
2013-09-04,NVIDIA,0.3460598326996327,0.3514523645928759,0.3455909229588199,0.3493422567844391,222080000.0
2013-09-05,NVIDIA,0.3479354700088751,0.3516868035153176,0.3477010291331949,0.3502800464630127,174904000.0
2013-09-06,NVIDIA,0.3505144552840542,0.3523901217161822,0.346294212799154,0.3488732576370239,226756000.0
2013-09-09,NVIDIA,0.3516867641603773,0.354734718799591,0.3507489448634899,0.354734718799591,246408000.0
2013-09-10,NVIDIA,0.3573137119306913,0.3624717732140495,0.3556724864750125,0.3622373044490814,292132000.0
2013-09-11,NVIDIA,0.3617683731004971,0.3692710377334418,0.359189328639229,0.3683331906795501,396164000.0
2013-09-12,NVIDIA,0.3664575401845751,0.3727879172328908,0.3664575401845751,0.3680987656116485,303808000.0
2013-09-13,NVIDIA,0.3692710859103866,0.3720845715400286,0.3666920411126434,0.3704433739185333,159696000.0
2013-09-16,NVIDIA,0.3734913725030312,0.3760703896562479,0.369271129584658,0.3706778585910797,231412000.0
2013-09-17,NVIDIA,0.372084482458225,0.3748979674142826,0.3704432852296534,0.3718500137329101,168608000.0
2013-09-18,NVIDIA,0.3720846060363103,0.3760703800436236,0.3702089394594707,0.3751325607299804,268168000.0
2013-09-19,NVIDIA,0.3767737723059605,0.3774771507917364,0.371850150855084,0.3734913766384125,227572000.0
2013-09-20,NVIDIA,0.3744292219102458,0.3767737983921239,0.3695056001184794,0.3702089786529541,356036000.0
2013-09-23,NVIDIA,0.3699744015219298,0.3730223556460516,0.3645818716022603,0.3666920065879822,271244000.0
2013-09-24,NVIDIA,0.366926477706338,0.3695054943282922,0.36481634270705,0.3680987656116485,229732000.0
2013-09-25,NVIDIA,0.3673954171537822,0.3713811907660369,0.3657541915932504,0.3685677051544189,233156000.0
2013-09-26,NVIDIA,0.3695055381030196,0.3702089165194438,0.3652852955540266,0.3673954308032989,148816000.0
2013-09-27,NVIDIA,0.3645819882200437,0.367629943319106,0.3631752590624775,0.3652853667736053,151920000.0
2013-09-30,NVIDIA,0.3615339133785741,0.3673953523478411,0.3594237785799106,0.3648163080215454,226640000.0
2013-10-01,NVIDIA,0.3652853210237561,0.3669265467596984,0.3624718351114394,0.3645819425582886,226976000.0
2013-10-02,NVIDIA,0.3608306234455578,0.3657542166153358,0.3608306234455578,0.3643474876880646,162036000.0
2013-10-03,NVIDIA,0.3645818938634039,0.3678643169473224,0.3589549227903291,0.3605961203575134,436768000.0
2013-10-04,NVIDIA,0.3601273782932219,0.3685678667789528,0.3591895307117169,0.3655199110507965,246228000.0
2013-10-07,NVIDIA,0.3641131536533204,0.3680989569629817,0.3622374864398732,0.3655199110507965,169952000.0
2013-10-08,NVIDIA,0.3645818963007501,0.369739985760027,0.3596583035662813,0.3624717891216278,290712000.0
2013-10-09,NVIDIA,0.3648163881504278,0.3650508569405158,0.3549691741091097,0.356844812631607,275860000.0
2013-10-10,NVIDIA,0.3594237294804991,0.3617683047479231,0.3568446855065161,0.3608304858207702,223484000.0
2013-10-11,NVIDIA,0.3552036170071251,0.3596583283977391,0.3540313289489981,0.3577826619148254,213704000.0
2013-10-14,NVIDIA,0.3568447765357752,0.3631751537322998,0.3568447765357752,0.3631751537322998,166628000.0
2013-10-15,NVIDIA,0.3631751811946611,0.3652852884533641,0.361065045986407,0.3612995147705078,208820000.0
2013-10-16,NVIDIA,0.3634095519120062,0.3671608840365208,0.3629406423838283,0.3657541275024414,210072000.0
2013-10-17,NVIDIA,0.3629406583748315,0.3673953689626584,0.3629406583748315,0.3664575219154358,213324000.0
2013-10-18,NVIDIA,0.3657542371947186,0.3718501467378748,0.364347508188297,0.3706778585910797,255068000.0
2013-10-21,NVIDIA,0.3751326325022994,0.375367073400788,0.370443479137824,0.3716157674789428,195008000.0
2013-10-22,NVIDIA,0.371615615873717,0.3718500566765625,0.3664575269174538,0.3697399497032165,179452000.0
2013-10-23,NVIDIA,0.3690366076670862,0.3690366076670862,0.3622373206244337,0.3634096086025238,252216000.0
2013-10-24,NVIDIA,0.3643473487219061,0.3666919239893301,0.3601271076506347,0.3608304858207702,236436000.0
2013-10-25,NVIDIA,0.3627061920737709,0.3629406328569331,0.3561413750029643,0.3573136627674103,330492000.0
2013-10-28,NVIDIA,0.356844798592696,0.3584860241596401,0.3516867369596521,0.356610357761383,394024000.0
2013-10-29,NVIDIA,0.3561413591049888,0.357782556312042,0.3528589367413388,0.3570791780948639,387952000.0
2013-10-30,NVIDIA,0.3582515694730318,0.3598927671549928,0.3537968581082212,0.356844812631607,204032000.0
2013-10-31,NVIDIA,0.3573137958265712,0.359892813099019,0.3554381291150739,0.3561415076255798,293368000.0
2013-11-01,NVIDIA,0.3580171027567197,0.359423859606293,0.3552036170071251,0.3577826619148254,206136000.0
2013-11-04,NVIDIA,0.358955030331599,0.358955030331599,0.3467632094380739,0.3474665880203247,410264000.0
2013-11-05,NVIDIA,0.3453564208982749,0.3486388164521889,0.3416050877370418,0.3469976186752319,422368000.0
2013-11-06,NVIDIA,0.3469976801308167,0.3495767256296247,0.3434808151503831,0.3493422567844391,198044000.0
2013-11-07,NVIDIA,0.3481699162205611,0.3491077355614826,0.3404328088345189,0.3411361873149872,553076000.0
2013-11-08,NVIDIA,0.351686673550569,0.3659885958153988,0.3502799170181266,0.3648163080215454,734532000.0
2013-11-11,NVIDIA,0.3634095408804513,0.3688020701646674,0.362706190584308,0.3678642511367798,297624000.0
2013-11-12,NVIDIA,0.369505524375108,0.3716156595459844,0.3643474627622168,0.3685677051544189,316032000.0
2013-11-13,NVIDIA,0.3676298543273276,0.3786493837833404,0.3669265038935823,0.3786493837833404,332792000.0
2013-11-14,NVIDIA,0.3774770232275012,0.3826350837974899,0.3772425544949606,0.3802905082702636,307980000.0
2013-11-15,NVIDIA,0.3816973682853321,0.3821662779280398,0.375366990285344,0.3791183233261108,450332000.0
2013-11-18,NVIDIA,0.3709121919133874,0.3741945863455984,0.369036525973748,0.3699743449687958,316948000.0
2013-11-19,NVIDIA,0.3682065235772948,0.3715066956239928,0.3634919760243432,0.3639634251594543,206716000.0
2013-11-20,NVIDIA,0.3641991734763942,0.3651420999454019,0.357834539239515,0.35854172706604,204776000.0
2013-11-21,NVIDIA,0.3590130814918693,0.3620775425306927,0.3573629957327846,0.3613703548908233,213568000.0
2013-11-22,NVIDIA,0.3618419080692459,0.3618419080692459,0.3571273599147421,0.3578345477581024,158668000.0
2013-11-25,NVIDIA,0.3578344817039377,0.3660849394513327,0.3578344817039377,0.3656134903430938,248208000.0
2013-11-26,NVIDIA,0.3696208421415801,0.3726853034320666,0.3672635685490394,0.368677943944931,753176000.0
2013-11-27,NVIDIA,0.3684421886401098,0.3712709393036371,0.3660849151544481,0.3700923025608063,181272000.0
2013-11-29,NVIDIA,0.370092300035075,0.3710351981825381,0.3653777249950101,0.3677349984645843,116964000.0
2013-12-02,NVIDIA,0.3663206982495479,0.3738639686999524,0.3656135104977462,0.3712709844112396,373872000.0
2013-12-03,NVIDIA,0.3712710463026696,0.3762213051886568,0.3686780334807777,0.3710353076457977,290560000.0
2013-12-04,NVIDIA,0.3700922860336842,0.3769283675964593,0.3691493598209776,0.3762211799621582,493176000.0
2013-12-05,NVIDIA,0.3769283844288587,0.3769283844288587,0.3696208253829406,0.3700923025608063,271812000.0
2013-12-06,NVIDIA,0.3745711790905594,0.3745711790905594,0.363727707843349,0.3646706342697143,281000000.0
2013-12-09,NVIDIA,0.3646706507613595,0.3658492877719269,0.357834539239515,0.35854172706604,385220000.0
2013-12-10,NVIDIA,0.3585416551693369,0.368442198452608,0.3580702060798321,0.3667921125888824,524268000.0
2013-12-11,NVIDIA,0.3674992840671325,0.3679707331358468,0.3625489985933425,0.3632561862468719,414156000.0
2013-12-12,NVIDIA,0.3620775772296418,0.3639634017497122,0.3554772054598545,0.3561843931674957,258724000.0
2013-12-13,NVIDIA,0.3568915461947231,0.359484530069547,0.3535913465800624,0.3540627956390381,184588000.0
2013-12-16,NVIDIA,0.3542985876669454,0.3575987596785404,0.3540628490514373,0.3545342981815338,237620000.0
2013-12-17,NVIDIA,0.3542985686474253,0.3571272913770718,0.3512341073149257,0.3561843931674957,274104000.0
2013-12-18,NVIDIA,0.3568915783095506,0.3618418360256165,0.3524127415939657,0.3611346483230591,426232000.0
2013-12-19,NVIDIA,0.3606632121670544,0.3630204858595775,0.3583059384745314,0.3625490367412567,258544000.0
2013-12-20,NVIDIA,0.3632560776891773,0.3700921854957957,0.3623131517326224,0.36985644698143,382080000.0
2013-12-23,NVIDIA,0.3719781339168548,0.3750425953571358,0.368913700577493,0.3719781339168548,168568000.0
2013-12-24,NVIDIA,0.3740997163115676,0.3740997163115676,0.3691494300308619,0.3729210793972015,79600000.0
2013-12-26,NVIDIA,0.3743354995302808,0.3755141365850606,0.3684422861554575,0.3693852126598358,168920000.0
2013-12-27,NVIDIA,0.3712709208980281,0.3722138190051824,0.3691493580055583,0.3715066313743591,210976000.0
2013-12-30,NVIDIA,0.3717423695991136,0.3766926549092675,0.3712709205459835,0.3764569163322449,248180000.0
2013-12-31,NVIDIA,0.3771641490731604,0.379521422721668,0.3748068754246528,0.3776355981826782,235776000.0
2014-01-02,NVIDIA,0.375278280933405,0.3766926561985513,0.3705637341841375,0.3738639056682586,260092000.0
2014-01-03,NVIDIA,0.3745712100806824,0.3752783979337351,0.3682065756050559,0.3693852126598358,259332000.0
2014-01-06,NVIDIA,0.3731568324680397,0.3771642209145558,0.3696209213217659,0.3743354976177215,409492000.0
2014-01-07,NVIDIA,0.3781070714178344,0.3818787207364692,0.3755140870995782,0.3804643452167511,333288000.0
2014-01-08,NVIDIA,0.3818787467712766,0.3875362211349305,0.3804643711551326,0.3856503963470459,308192000.0
2014-01-09,NVIDIA,0.3797571531300997,0.3804643408819014,0.3700923475252101,0.3712709844112396,292172000.0
2014-01-10,NVIDIA,0.3724495659423523,0.3750425498456857,0.3674992805163914,0.3707994520664215,218492000.0
2014-01-13,NVIDIA,0.370799439954004,0.3731567132987138,0.3613703465751651,0.362077534198761,243332000.0
2014-01-14,NVIDIA,0.3639634562266235,0.3740997399508657,0.3623133419615041,0.3733925521373749,241828000.0
2014-01-15,NVIDIA,0.3750426769986462,0.3788143269924763,0.3733925906641926,0.3773999512195587,175044000.0
2014-01-16,NVIDIA,0.3773999661107077,0.3792857911820321,0.3757498797111462,0.3785786032676697,220652000.0
2014-01-17,NVIDIA,0.3785784749125263,0.3830573114510104,0.3745711155577161,0.3769283890724182,340400000.0
2014-01-21,NVIDIA,0.377399880919661,0.3807000810747512,0.3743354474840402,0.3783428072929382,246076000.0
2014-01-22,NVIDIA,0.3790500610558878,0.3795215102741651,0.3733925861337853,0.377871423959732,337940000.0
2014-01-23,NVIDIA,0.3766926549092675,0.380700014012246,0.3736281939125491,0.3764569163322449,185028000.0
2014-01-24,NVIDIA,0.3733924841447023,0.3748068595141341,0.3667921125888824,0.3667921125888824,246696000.0
2014-01-27,NVIDIA,0.366792171828788,0.3719781688527566,0.3623133345028302,0.3644348978996277,233812000.0
2014-01-28,NVIDIA,0.3637276075361516,0.3682064435991594,0.3623132323371146,0.3679707050323486,167996000.0
2014-01-29,NVIDIA,0.3665564331955033,0.3686779965923007,0.3641991592663429,0.3644348978996277,162944000.0
2014-01-30,NVIDIA,0.3665564465987825,0.3712710227304154,0.365377809591105,0.3705638349056244,202896000.0
2014-01-31,NVIDIA,0.3653777274885663,0.3722138374575352,0.36514201700055,0.3700923025608063,335348000.0
2014-02-03,NVIDIA,0.3726852871492987,0.3731567362270255,0.3637276422688236,0.3651420176029205,431728000.0
2014-02-04,NVIDIA,0.3649063412398496,0.3679708029190209,0.3630205165064426,0.3672636151313782,280692000.0
2014-02-05,NVIDIA,0.364670612912581,0.3658492498008189,0.3611346741469474,0.3639634251594543,214676000.0
2014-02-06,NVIDIA,0.3644348458581741,0.3696208421415801,0.3639633967598496,0.368677943944931,168380000.0
2014-02-07,NVIDIA,0.3696207174558645,0.3745710015706669,0.3663205467799351,0.3740995526313782,157248000.0
2014-02-10,NVIDIA,0.3736282676291274,0.3802286399779427,0.3733925290055938,0.3752783536911011,324372000.0
2014-02-11,NVIDIA,0.3773999112908721,0.3840002840312965,0.3755141145943985,0.3830573856830597,235384000.0
2014-02-12,NVIDIA,0.3842360594458996,0.3995583698282368,0.3842360594458996,0.3967296183109283,744528000.0
2014-02-13,NVIDIA,0.4066300363158892,0.4115803214698577,0.3995582164393138,0.4092230200767517,902836000.0
2014-02-14,NVIDIA,0.4054514781469373,0.4231310312603412,0.4052157395317241,0.4221881330013275,817536000.0
2014-02-18,NVIDIA,0.4224239036997986,0.4238382511957393,0.4184165155423286,0.4219524264335632,428988000.0
2014-02-19,NVIDIA,0.4219523871374126,0.4313815100701652,0.4200665625508621,0.4276098608970642,450340000.0
2014-02-20,NVIDIA,0.4285527522182532,0.4436393205660724,0.4278455925980225,0.4426964223384857,398088000.0
2014-02-21,NVIDIA,0.441989334637558,0.4476468095860962,0.4365675983497225,0.439396321773529,451052000.0
2014-02-24,NVIDIA,0.4384533457647612,0.4490610778030909,0.4344459859482429,0.4457609057426452,403112000.0
2014-02-25,NVIDIA,0.4451687884786368,0.4470631275925435,0.4390121934153886,0.4437480270862579,242184000.0
2014-02-26,NVIDIA,0.4428010048955139,0.4494311796755115,0.4416170461215074,0.4430378079414367,360884000.0
2014-02-27,NVIDIA,0.4430377189782227,0.4475367501249081,0.4368811232985287,0.4380650818347931,388848000.0
2014-02-28,NVIDIA,0.4356972168369313,0.439959473722469,0.4288302395691758,0.435223639011383,321692000.0
2014-03-03,NVIDIA,0.4255152332644397,0.4330925643444061,0.4217265536105534,0.4330925643444061,375948000.0
2014-03-04,NVIDIA,0.4352237836037615,0.4404331978710953,0.4345134025155317,0.4375917017459869,260344000.0
2014-03-05,NVIDIA,0.4371180049565268,0.4416170654311549,0.4352236934175308,0.4413802623748779,241472000.0
2014-03-06,NVIDIA,0.4420905880513371,0.4444585054068801,0.4345132581591598,0.435223639011383,290144000.0
2014-03-07,NVIDIA,0.4371179977209969,0.4378283786502641,0.4314350067424683,0.4347500801086426,268452000.0
2014-03-10,NVIDIA,0.4333293152120544,0.4352236548108171,0.4264623376950147,0.4283566772937774,300888000.0
2014-03-11,NVIDIA,0.4304877734908096,0.4364075950719667,0.429067040022685,0.4326189160346985,297220000.0
2014-03-12,NVIDIA,0.4304878899937578,0.4364077131769968,0.4288303530517992,0.433802992105484,239428000.0
2014-03-13,NVIDIA,0.4347500622099193,0.4364076270525688,0.4179378365632434,0.4200689792633056,385172000.0
2014-03-14,NVIDIA,0.4158067942160015,0.4257520438579646,0.4158067942160015,0.4219633638858795,460048000.0
2014-03-17,NVIDIA,0.4231473228486801,0.4262256217975232,0.4214897859463209,0.4219633638858795,299656000.0
2014-03-18,NVIDIA,0.4236208369400349,0.4347500431258125,0.4217264973657361,0.4319085478782654,293904000.0
2014-03-19,NVIDIA,0.4352237375366581,0.4477737080076391,0.434039750363056,0.4394859671592712,366168000.0
2014-03-20,NVIDIA,0.4371179072755909,0.4435113060883136,0.4352235961599088,0.4397226274013519,191800000.0
2014-03-21,NVIDIA,0.4435113188435521,0.4470631946293049,0.436644342054417,0.4390122592449188,566116000.0
2014-03-24,NVIDIA,0.4392490720187556,0.4428009478834598,0.4304877556369118,0.4368811547756195,306096000.0
2014-03-25,NVIDIA,0.4416169892618918,0.442090567064959,0.4335660536985488,0.4368811547756195,304424000.0
2014-03-26,NVIDIA,0.4409065177672863,0.4491942264138263,0.4231471138683347,0.4269357919692993,557756000.0
2014-03-27,NVIDIA,0.4259888012705885,0.4295406777781869,0.4165171023558542,0.421252965927124,540728000.0
2014-03-28,NVIDIA,0.4205426447853914,0.4264624398065758,0.4193586857811546,0.423857718706131,398820000.0
2014-03-31,NVIDIA,0.4245680462516331,0.4283567258788784,0.4217265506451019,0.4240944683551788,273404000.0
2014-04-01,NVIDIA,0.4375916762713384,0.4468265451972801,0.4323822340794644,0.4416171312332153,656272000.0
2014-04-02,NVIDIA,0.441617034736997,0.4425641904406639,0.4368811997630565,0.4387755393981933,239948000.0
2014-04-03,NVIDIA,0.4397226876382109,0.4541669953546796,0.439485884602412,0.4435113668441772,599548000.0
2014-04-04,NVIDIA,0.4458792878200643,0.4484840083232577,0.4278831037909893,0.429777443408966,368032000.0
2014-04-07,NVIDIA,0.4300141020994941,0.4394857694038828,0.427646185273397,0.4311980605125427,428576000.0
2014-04-08,NVIDIA,0.4311983015345771,0.447773756810047,0.4304879204441152,0.4465897977352142,470692000.0
2014-04-09,NVIDIA,0.4487208704354699,0.4525095504085423,0.4425642725361793,0.4461161494255066,421968000.0
2014-04-10,NVIDIA,0.4442217306080067,0.4503782987957375,0.4338028773069367,0.435223639011383,372748000.0
2014-04-11,NVIDIA,0.4319086006495812,0.4385387758558119,0.423384085637598,0.4290671050548553,353112000.0
2014-04-14,NVIDIA,0.4319086520741846,0.4354605290474426,0.42906715614114,0.433802992105484,290184000.0
2014-04-15,NVIDIA,0.4342764345170497,0.4392490720187556,0.4300141778338446,0.4368811547756195,304636000.0
2014-04-16,NVIDIA,0.4390122609833621,0.4394858387777779,0.4323820871781422,0.4378283023834228,235136000.0
2014-04-17,NVIDIA,0.4361708934021704,0.4435114501572181,0.4352237375366581,0.4394859671592712,153532000.0
2014-04-21,NVIDIA,0.4397227064375361,0.4442217667154433,0.436881211025481,0.4430378079414367,117004000.0
2014-04-22,NVIDIA,0.4437481595269247,0.4496679816101312,0.4413802419847636,0.4468264579772949,255120000.0
2014-04-23,NVIDIA,0.4475368731220205,0.4532198925946397,0.4468264921594674,0.4520359337329864,261580000.0
2014-04-24,NVIDIA,0.4551141777334999,0.4607971682954597,0.4551141777334999,0.4560613334178924,391492000.0
2014-04-25,NVIDIA,0.4551141792700725,0.459376436319834,0.4425641829287843,0.4435113668441772,313600000.0
2014-04-28,NVIDIA,0.4470633482888414,0.4494312662932171,0.4361709141775893,0.4416171312332153,226788000.0
2014-04-29,NVIDIA,0.4432746001742469,0.444221784167346,0.4375916091268723,0.4425642192363739,171300000.0
2014-04-30,NVIDIA,0.441853833400368,0.4423274112475108,0.4364076175887192,0.4373547732830047,305740000.0
2014-05-01,NVIDIA,0.4439848838672341,0.4449320394250751,0.4361707517177499,0.4397226274013519,198104000.0
2014-05-02,NVIDIA,0.4418537510650316,0.4418537510650316,0.4338028162526102,0.4364075362682342,156376000.0
2014-05-05,NVIDIA,0.4359340415624452,0.4444585563098159,0.4354604636826589,0.4411434829235077,239260000.0
2014-05-06,NVIDIA,0.4454057982655667,0.449194450024744,0.4309614875714682,0.4321454465389251,416188000.0
2014-05-07,NVIDIA,0.4321453382119902,0.4361707920467119,0.4278830813520138,0.4326189160346985,293900000.0
2014-05-08,NVIDIA,0.4309613306172068,0.4449320300540073,0.428830188315252,0.4380650818347931,432728000.0
2014-05-09,NVIDIA,0.4248049260778607,0.4288303812668476,0.4193587087149675,0.4274096190929413,539532000.0
2014-05-12,NVIDIA,0.4283566836864859,0.4409066519593046,0.4281198806476807,0.4399594962596893,299856000.0
2014-05-13,NVIDIA,0.4340396541694694,0.441143434497675,0.4314349620026689,0.4328556954860687,221104000.0
2014-05-14,NVIDIA,0.4330925168694328,0.4347500534508841,0.4283566819351134,0.4285934567451477,214320000.0
2014-05-15,NVIDIA,0.4276461851993967,0.4300141020250841,0.4219631678810698,0.4262254238128662,325896000.0
2014-05-16,NVIDIA,0.4229104778813124,0.428356693852865,0.4229104778813124,0.4252783954143524,283960000.0
2014-05-19,NVIDIA,0.4297773934930813,0.4413801764354207,0.42788305409512,0.4390122592449188,360076000.0
2014-05-20,NVIDIA,0.4391312593177575,0.4403206711567749,0.4317569229305388,0.433897852897644,256200000.0
2014-05-21,NVIDIA,0.4355630238007054,0.439369153028687,0.4312811355086797,0.433897852897644,216712000.0
2014-05-22,NVIDIA,0.4329464161245164,0.4381798235280394,0.4329464161245164,0.4358009994029999,130364000.0
2014-05-23,NVIDIA,0.4381797057593672,0.4419858346795932,0.4355629885819852,0.4398448765277862,182656000.0
2014-05-27,NVIDIA,0.4424616990252589,0.4476951062679291,0.4410343932509764,0.4476951062679291,209680000.0
2014-05-28,NVIDIA,0.4493602605742082,0.4543557735658907,0.4450783720400398,0.451501190662384,224676000.0
2014-05-29,NVIDIA,0.4512633033481947,0.4550694328454808,0.4498360260550753,0.4507875442504883,171884000.0
2014-05-30,NVIDIA,0.4507874835692702,0.4531663070954025,0.4484086600431379,0.4519768953323364,239128000.0
2014-06-02,NVIDIA,0.4534042449510114,0.4562588277888332,0.4467435327575499,0.4505496621131897,181500000.0
2014-06-03,NVIDIA,0.4515012178927923,0.451976977012434,0.4426995465692371,0.4486466348171234,243212000.0
2014-06-04,NVIDIA,0.4474571388994717,0.4524526512553167,0.4472192452053687,0.4491223096847534,161236000.0
2014-06-05,NVIDIA,0.4498359550477179,0.4524526438509634,0.4472192378866598,0.4510253667831421,188696000.0
2014-06-06,NVIDIA,0.4531662709376131,0.4567345059421048,0.4515011002737459,0.4526905119419098,161052000.0
2014-06-09,NVIDIA,0.4522148176935084,0.4574482241111771,0.4491223412419448,0.4531663358211517,247456000.0
2014-06-10,NVIDIA,0.4515011626353833,0.4576861155072297,0.4495980980319063,0.4555451571941376,217608000.0
2014-06-11,NVIDIA,0.4538799820857014,0.4626816522503263,0.4538799820857014,0.4614922404289245,266228000.0
2014-06-12,NVIDIA,0.4614921545012488,0.4664876662063066,0.457448132375209,0.4643467366695404,337148000.0
2014-06-13,NVIDIA,0.4691044185012171,0.469342312182297,0.4603027493106228,0.4648225307464599,227852000.0
2014-06-16,NVIDIA,0.4626817623578649,0.4664878640774259,0.4593513914507001,0.4633953869342804,198620000.0
2014-06-17,NVIDIA,0.4638710466159451,0.4683908000240646,0.4614922230626583,0.4664877355098724,157608000.0
2014-06-18,NVIDIA,0.4652982589923782,0.4681528695453874,0.4610163715206742,0.4660119116306305,215536000.0
2014-06-19,NVIDIA,0.4574482049331881,0.4598270285103821,0.451976905034079,0.455307275056839,474592000.0
2014-06-20,NVIDIA,0.4564966728251188,0.4581618436064497,0.4467434851150459,0.4503117203712463,353148000.0
2014-06-23,NVIDIA,0.4443646308749147,0.4453161488676279,0.4391311968415587,0.4450782835483551,414200000.0
2014-06-24,NVIDIA,0.4443646841364155,0.447932919573495,0.4362766667976799,0.4381797313690185,275780000.0
2014-06-25,NVIDIA,0.4393690614586865,0.4429372962320739,0.4353250677204092,0.4426994025707245,215420000.0
2014-06-26,NVIDIA,0.4426993467392416,0.442937240370589,0.4353250128189481,0.4367522895336151,256908000.0
2014-06-27,NVIDIA,0.4362767158528999,0.4398449516911941,0.4336599982283572,0.437228262424469,302820000.0
2014-06-30,NVIDIA,0.4355629581061324,0.442223669071579,0.4355629581061324,0.4410342574119568,180512000.0
2014-07-01,NVIDIA,0.4405585126154279,0.448646529176159,0.4391312072347659,0.4460298120975494,321180000.0
2014-07-02,NVIDIA,0.4443646371364593,0.4462677015065129,0.4417479200829092,0.4443646371364593,179284000.0
2014-07-03,NVIDIA,0.4403205584167451,0.44959798540037,0.4403205584167451,0.4484085738658905,136892000.0
2014-07-07,NVIDIA,0.4491223192941562,0.4493602129933491,0.4441267784736137,0.4448404312133789,127496000.0
2014-07-08,NVIDIA,0.4436509927692834,0.4455540571750103,0.4369902815281452,0.4412721693515777,221940000.0
2014-07-09,NVIDIA,0.4450783633821291,0.4564967231318562,0.4417479930946416,0.4545936584472656,387668000.0
2014-07-10,NVIDIA,0.4460298839060814,0.454117901768942,0.4424616482377707,0.4522148370742798,266308000.0
2014-07-11,NVIDIA,0.4526905767573301,0.4545936413704319,0.4510254058550466,0.4531663358211517,191188000.0
2014-07-14,NVIDIA,0.4550694371873616,0.4600649786554856,0.4534042661505928,0.4588755667209625,272636000.0
2014-07-15,NVIDIA,0.459589093003049,0.4619679162170741,0.4564966171532544,0.4607785046100616,395440000.0
2014-07-16,NVIDIA,0.46268171185181,0.4662499477756664,0.4576861702152837,0.460302859544754,319728000.0
2014-07-17,NVIDIA,0.4550693947251436,0.4638710649055906,0.4550693947251436,0.4591133892536163,324832000.0
2014-07-18,NVIDIA,0.4495981263364636,0.4531663620584415,0.4379418726299792,0.4386555254459381,567816000.0
2014-07-21,NVIDIA,0.4369902815281452,0.4443646454661575,0.4369902815281452,0.4412721693515777,243364000.0
2014-07-22,NVIDIA,0.4446025181876181,0.446981341644887,0.4384175942134065,0.4393691122531891,298816000.0
2014-07-23,NVIDIA,0.4396071534883718,0.4398450188992465,0.4296160689282625,0.4300918281078338,297352000.0
2014-07-24,NVIDIA,0.4324706458018758,0.433660057911669,0.4277129973627029,0.4308054745197296,254576000.0
2014-07-25,NVIDIA,0.4293780511811251,0.4303295976233408,0.4224794741746771,0.4231931269168854,266132000.0
2014-07-28,NVIDIA,0.4250962476232718,0.4250962476232718,0.4143915394347764,0.42152801156044,330352000.0
2014-07-29,NVIDIA,0.4217657438071198,0.4286643479017039,0.4215278501508964,0.4229551553726196,217972000.0
2014-07-30,NVIDIA,0.4255720733651726,0.4312812402356734,0.4243826612373331,0.4300918281078338,246184000.0
2014-07-31,NVIDIA,0.4248583216071121,0.4281886634473924,0.4155808921529333,0.4162945449352264,401880000.0
2014-08-01,NVIDIA,0.4162945826893292,0.423193189066715,0.4148672769952995,0.4208143651485443,219884000.0
2014-08-04,NVIDIA,0.4203385658957617,0.4239068016729933,0.4177218766738155,0.4198628067970276,241724000.0
2014-08-05,NVIDIA,0.4186733536186193,0.4262856118795838,0.4151051181929726,0.4201006591320038,298136000.0
2014-08-06,NVIDIA,0.4172460725454752,0.4248583312523288,0.414153624348359,0.419624924659729,223456000.0
2014-08-07,NVIDIA,0.423193079347654,0.4269991796152486,0.4124883461334281,0.4153429567813873,407696000.0
2014-08-08,NVIDIA,0.4334220661569418,0.4543557188584687,0.4334220661569418,0.4519768953323364,894348000.0
2014-08-11,NVIDIA,0.4524525965497316,0.4543556607990186,0.4484086027436276,0.4495980143547058,344624000.0
2014-08-12,NVIDIA,0.4493601490471759,0.4519768375768622,0.4446024742450535,0.4495980143547058,296152000.0
2014-08-13,NVIDIA,0.4503117723796175,0.4560209664636044,0.4474571895165322,0.4522148370742798,256596000.0
2014-08-14,NVIDIA,0.4538799641952341,0.4538799641952341,0.4453161880755715,0.4472192525863647,255992000.0
2014-08-15,NVIDIA,0.4486465065113477,0.4555450826678158,0.444364618943487,0.4529283940792084,369796000.0
2014-08-18,NVIDIA,0.4548315010173098,0.459589176669284,0.4503117474309841,0.4591133892536163,284076000.0
2014-08-19,NVIDIA,0.4592328740955673,0.4652062406936432,0.457560308661499,0.4628168940544128,248260000.0
2014-08-20,NVIDIA,0.4611443754654352,0.4632948047491479,0.4587550285834844,0.4599497020244598,221468000.0
2014-08-21,NVIDIA,0.4587549958955882,0.4611443426072898,0.4549320582468215,0.4556488394737243,272796000.0
2014-08-22,NVIDIA,0.4551709550149209,0.4597107306495241,0.4523037447886369,0.4558877646923065,251224000.0
2014-08-25,NVIDIA,0.457799243440559,0.4609053996916882,0.4556488144282736,0.4566045701503753,153380000.0
2014-08-26,NVIDIA,0.4577992040288963,0.4656840527619582,0.4561266672632784,0.4647283256053924,269636000.0
2014-08-27,NVIDIA,0.4618611985381105,0.4654452189643328,0.4587550418053986,0.4594718515872955,182972000.0
2014-08-28,NVIDIA,0.4585160513492073,0.4642504717267479,0.4570824320131932,0.4632947444915771,179704000.0
2014-08-29,NVIDIA,0.4649672431529061,0.4656840527619582,0.459949604372797,0.4647283256053924,207932000.0
2014-09-02,NVIDIA,0.4659230411052704,0.4659230411052704,0.4616222115436359,0.4659230411052704,192636000.0
2014-09-03,NVIDIA,0.4683124205519262,0.471896440690853,0.4652062640682043,0.4702239036560058,259456000.0
2014-09-04,NVIDIA,0.4695071492842067,0.4814539129723555,0.4692682031868036,0.4785866737365722,491832000.0
2014-09-05,NVIDIA,0.4781086409508704,0.4802590697453605,0.4740467578722847,0.4771529138088226,253792000.0
2014-09-08,NVIDIA,0.4766751667387457,0.4776308941143763,0.4709407170351758,0.4728522002696991,319288000.0
2014-09-09,NVIDIA,0.4707016776572806,0.4738078335493771,0.4664008486130898,0.4668787121772766,198588000.0
2014-09-10,NVIDIA,0.4695071233748924,0.4702239331442817,0.4642505373882119,0.468551367521286,172376000.0
2014-09-11,NVIDIA,0.4652061843295644,0.4668787210777305,0.4587549263986656,0.463772565126419,250720000.0
2014-09-12,NVIDIA,0.4666398279058205,0.4666398279058205,0.4563656317415331,0.4568434953689575,262536000.0
2014-09-15,NVIDIA,0.4582772258184239,0.4589940356749405,0.4487198370202426,0.450631320476532,294152000.0
2014-09-16,NVIDIA,0.4494365848461917,0.4597107820828602,0.4480029653310243,0.457321435213089,219936000.0
2014-09-17,NVIDIA,0.4561267990848342,0.4618612206479991,0.4539763696361995,0.4575603902339935,173584000.0
2014-09-18,NVIDIA,0.4604276056896413,0.4649673534854531,0.4589939861313521,0.4644894897937774,219604000.0
2014-09-19,NVIDIA,0.4659230432091882,0.4664009068330258,0.4551709550149209,0.4558877646923065,601316000.0
2014-09-22,NVIDIA,0.4652061916666933,0.4652061916666933,0.4508700848588997,0.4513479769229889,221464000.0
2014-09-23,NVIDIA,0.4489586234827861,0.454454126132831,0.4472860866284047,0.4494365155696869,196144000.0
2014-09-24,NVIDIA,0.4491975426451968,0.4534983717871322,0.4487196790701496,0.4520647525787353,159592000.0
2014-09-25,NVIDIA,0.4515869905776857,0.4527816640256454,0.4413127932285801,0.4422685205936432,298440000.0
2014-09-26,NVIDIA,0.4437020552567791,0.4465692652868133,0.4417905724090041,0.4432241916656494,241188000.0
2014-09-29,NVIDIA,0.4396401761505253,0.4456135423040807,0.4353393468233141,0.4425073862075805,208540000.0
2014-09-30,NVIDIA,0.4405959636053781,0.4439410661988577,0.4355783239567891,0.4408349096775055,277204000.0
2014-10-01,NVIDIA,0.4415517165451188,0.4446578445630529,0.4353394035427299,0.4365340769290924,350976000.0
2014-10-02,NVIDIA,0.4358171694850027,0.4379675697050046,0.4245872193844817,0.4346224963665008,288996000.0
2014-10-03,NVIDIA,0.4372508520429048,0.4432242185018397,0.4355782866477966,0.4355782866477966,239140000.0
2014-10-06,NVIDIA,0.4372509095538368,0.4408349299005983,0.4300828403770519,0.4329500794410705,199032000.0
2014-10-07,NVIDIA,0.431038524611361,0.435339354009567,0.4279323684635868,0.4284102320671081,301896000.0
2014-10-08,NVIDIA,0.4279322914508685,0.4384454312526286,0.4245871898617054,0.4362950026988983,260172000.0
2014-10-09,NVIDIA,0.4343836721873174,0.4348615643553625,0.4243484208738213,0.4279324412345886,306956000.0
2014-10-10,NVIDIA,0.4245872136441534,0.426020832760275,0.4023662882437893,0.4026052057743072,691376000.0
2014-10-13,NVIDIA,0.4052335678163575,0.4133573634020577,0.4006938206385093,0.4011716842651367,397628000.0
2014-10-14,NVIDIA,0.4066671301717646,0.4217200174415528,0.4042777838903142,0.4104900956153869,376620000.0
2014-10-15,NVIDIA,0.4045167409016356,0.4188528484725233,0.4018884768255243,0.4167024195194244,404428000.0
2014-10-16,NVIDIA,0.409295471225639,0.4217200676724174,0.4083397155092665,0.416941374540329,351116000.0
2014-10-17,NVIDIA,0.4219591388403725,0.426737833389425,0.4145521508960346,0.4162246882915497,290716000.0
2014-10-20,NVIDIA,0.4162245764240816,0.4236315623776654,0.4133573661619151,0.4198085963726043,200336000.0
2014-10-21,NVIDIA,0.422914731845044,0.4382065666282663,0.4217200585877574,0.4377287030220032,351092000.0
2014-10-22,NVIDIA,0.4370117959103324,0.4384454148926591,0.42745441198349,0.42745441198349,239512000.0
2014-10-23,NVIDIA,0.4348614674178148,0.4401180237451843,0.4317553114342424,0.4370118677616119,214476000.0
2014-10-24,NVIDIA,0.4396402913734598,0.4441800394466572,0.4370119981837577,0.4415517747402191,210156000.0
2014-10-27,NVIDIA,0.4413126278391006,0.443463027846224,0.4365339358381587,0.4417904913425445,145092000.0
2014-10-28,NVIDIA,0.440595893120329,0.4527815711841869,0.4401180295357819,0.4523037075996399,192580000.0
2014-10-29,NVIDIA,0.4503922427769742,0.4530205353219,0.445374603730573,0.4494365155696869,168340000.0
2014-10-30,NVIDIA,0.4482418591378077,0.4501533136241036,0.4408348733120072,0.4465692937374115,170260000.0
2014-10-31,NVIDIA,0.4568434349130796,0.4671176582009974,0.4544540886088907,0.4668787121772766,256316000.0
2014-11-03,NVIDIA,0.4776308121363977,0.4793033774815743,0.4723742555061123,0.4747636020183563,308732000.0
2014-11-04,NVIDIA,0.4778697696850482,0.4826484628245774,0.4699849203081734,0.4809759259223938,360196000.0
2014-11-05,NVIDIA,0.4838431645927176,0.4840820821597393,0.4773919060677469,0.4809759259223938,335652000.0
2014-11-06,NVIDIA,0.4819315513738121,0.4838430624058251,0.474524567178582,0.4831262528896332,394088000.0
2014-11-07,NVIDIA,0.4886219298337008,0.4943563510540086,0.4680735064250219,0.4728522002696991,450800000.0
2014-11-10,NVIDIA,0.4723741759462602,0.4814537253434687,0.4711795028913516,0.4783475697040558,293388000.0
2014-11-11,NVIDIA,0.4754804256488156,0.4781086897996063,0.4685513034696226,0.4726132154464721,212992000.0
2014-11-12,NVIDIA,0.4709406293899372,0.4721353026287697,0.4630557803169912,0.4695070385932922,204584000.0
2014-11-13,NVIDIA,0.4711795803583598,0.4718963900058067,0.4632947312029581,0.4671176970005035,225328000.0
2014-11-14,NVIDIA,0.4675956427372066,0.4728522002696991,0.4630558664948059,0.4728522002696991,160248000.0
2014-11-17,NVIDIA,0.4707018136978149,0.4757194537800936,0.4675956569079882,0.4707018136978149,158732000.0
2014-11-18,NVIDIA,0.4709406217836784,0.4831263284995158,0.4697459485641413,0.4819316267967224,207772000.0
2014-11-19,NVIDIA,0.4822915430442324,0.483731229367493,0.4750931686355237,0.4801320135593414,240300000.0
2014-11-20,NVIDIA,0.476772862420118,0.4885302263934321,0.4753331758588789,0.4880503118038177,220968000.0
2014-11-21,NVIDIA,0.4923691903063321,0.493089033322065,0.4866105033880518,0.4906895756721496,198976000.0
2014-11-24,NVIDIA,0.491889383890528,0.4959684570702103,0.4899698402321817,0.4938089847564697,136004000.0
2014-11-25,NVIDIA,0.492848964945209,0.4971680223160385,0.4918891934875491,0.4935688078403473,190240000.0
2014-11-26,NVIDIA,0.4906895095631179,0.5024468676259468,0.4904495237851508,0.5019669532775879,219264000.0
2014-11-28,NVIDIA,0.503646709260179,0.5060461672613089,0.4990877218957547,0.5031667947769165,124832000.0
2014-12-01,NVIDIA,0.5010073592866614,0.5038866747741808,0.4930891415826909,0.4938089847564697,190060000.0
2014-12-02,NVIDIA,0.4933291020841331,0.4966883323068863,0.4887701140917684,0.4945288598537445,245952000.0
2014-12-03,NVIDIA,0.4969284572315987,0.5074860654033616,0.4954887703882639,0.5072461366653442,284424000.0
2014-12-04,NVIDIA,0.506526061874554,0.5084456053171215,0.4993276881535421,0.5026869177818298,185332000.0
2014-12-05,NVIDIA,0.5029268551726364,0.5082056855430525,0.5026869265400324,0.5055662989616394,165680000.0
2014-12-08,NVIDIA,0.5048465565076948,0.5098854020425138,0.4950087369108943,0.4990878105163574,226944000.0
2014-12-09,NVIDIA,0.4959685246873966,0.498607969086962,0.4885302204877195,0.4974082112312317,239448000.0
2014-12-10,NVIDIA,0.495968486184378,0.4978880871630035,0.4858907955750899,0.4863706529140472,204364000.0
2014-12-11,NVIDIA,0.489249985893507,0.4926092158227516,0.4851709128069107,0.4861306846141815,135652000.0
2014-12-12,NVIDIA,0.4796521446687256,0.4839711751879297,0.4705341977068054,0.4710141122341156,323964000.0
2014-12-15,NVIDIA,0.4765327482503114,0.4851708361702778,0.4681346461499505,0.4695743322372436,254696000.0
2014-12-16,NVIDIA,0.4690946613825504,0.4765329666322217,0.4640557863716394,0.4642957150936126,185308000.0
2014-12-17,NVIDIA,0.4736534419058757,0.4839711167322715,0.4582968939817208,0.4832512736320495,345596000.0
2014-12-18,NVIDIA,0.4892500639661722,0.4950087529363404,0.4806120019071183,0.4851709902286529,226156000.0
2014-12-19,NVIDIA,0.4885301929261972,0.4918894232005585,0.4839712048637926,0.4899698793888092,325528000.0
2014-12-22,NVIDIA,0.4894897527311161,0.498607724905014,0.4878101383217297,0.498607724905014,148976000.0
2014-12-23,NVIDIA,0.5024469692539489,0.5048464270659222,0.4950086099915213,0.4954885244369507,109280000.0
2014-12-24,NVIDIA,0.4966881079834219,0.4974079508785602,0.493088950715304,0.4935688078403473,45644000.0
2014-12-26,NVIDIA,0.4935691873663043,0.4966884899079409,0.4923694864236226,0.4940491020679474,52636000.0
2014-12-29,NVIDIA,0.4926092347740158,0.4966883080175389,0.4902097765597319,0.4933290779590606,82944000.0
2014-12-30,NVIDIA,0.4899699747249016,0.4923694335602638,0.4880503733320451,0.4887702167034149,112120000.0
2014-12-31,NVIDIA,0.4894899017579127,0.4921293456684574,0.4796521122732647,0.4810918271541595,166300000.0
2015-01-02,NVIDIA,0.4830113351345062,0.4866105505620935,0.4753330470273788,0.4830113351345062,113680000.0
2015-01-05,NVIDIA,0.4830114228484823,0.4844511092809616,0.4726937463591789,0.4748532474040985,197952000.0
2015-01-06,NVIDIA,0.4755731141941383,0.4760530001608192,0.459976634352304,0.460456520318985,197764000.0
2015-01-07,NVIDIA,0.4638157576868942,0.4678948599747231,0.4578171115033826,0.4592567980289459,321808000.0
2015-01-08,NVIDIA,0.4645355554961042,0.4794122194586118,0.4642955982307224,0.4765328466892242,283780000.0
2015-01-09,NVIDIA,0.4782124856150027,0.4820516302003932,0.4717339255516812,0.4784524142742157,209540000.0
2015-01-12,NVIDIA,0.4796521174753453,0.4798920747253963,0.4681347129450344,0.4724537432193756,190732000.0
2015-01-13,NVIDIA,0.4760530184046386,0.4856508525212783,0.4683747568320872,0.4717339873313904,236720000.0
2015-01-14,NVIDIA,0.4666950779671964,0.47509318167451,0.4654953488661516,0.473653495311737,155260000.0
2015-01-15,NVIDIA,0.4770128765618934,0.4798922214237092,0.4700544288250492,0.4702943861484527,188932000.0
2015-01-16,NVIDIA,0.4695744170221696,0.479412206986105,0.468134730674931,0.4789323210716247,181512000.0
2015-01-20,NVIDIA,0.4822915254149931,0.4849309121060968,0.4743733081340893,0.4803719818592071,140308000.0
2015-01-21,NVIDIA,0.477732534482707,0.4882901663495246,0.4743732762780764,0.4870904088020324,144780000.0
2015-01-22,NVIDIA,0.4880501651745231,0.4969282105656519,0.4830113209316554,0.4954885244369507,159712000.0
2015-01-23,NVIDIA,0.4959684753616553,0.4978880762983924,0.4918894020315356,0.4969283044338226,120416000.0
2015-01-26,NVIDIA,0.4947687983512878,0.4971682567305674,0.4916494967374644,0.4947687983512878,133240000.0
2015-01-27,NVIDIA,0.4870904765964548,0.487570391123765,0.4700543117832934,0.4710141122341156,357948000.0
2015-01-28,NVIDIA,0.4767727279221597,0.4786922999276984,0.4630957952600675,0.4633357524871826,272728000.0
2015-01-29,NVIDIA,0.46357573121108,0.4772526359035992,0.4614162018782852,0.4746132493019104,235340000.0
2015-01-30,NVIDIA,0.471254032356879,0.476772791886786,0.4599765846415546,0.4606963992118835,298200000.0
2015-02-02,NVIDIA,0.4635758281321847,0.4726937760347776,0.4544578802295917,0.4707742035388946,259604000.0
2015-02-03,NVIDIA,0.4741334427494327,0.4830114621321112,0.4717339842360173,0.4825315475463867,183468000.0
2015-02-04,NVIDIA,0.481091912467745,0.4892500598745567,0.4796521973315409,0.4837312996387481,181516000.0
2015-02-05,NVIDIA,0.484211059223276,0.4918893477070354,0.4837312019477856,0.4916494190692901,140448000.0
2015-02-06,NVIDIA,0.491169707373545,0.4969284547177519,0.4873305615466121,0.4894900918006897,210524000.0
2015-02-09,NVIDIA,0.4866107559105091,0.4904498443765692,0.4834914536261258,0.489010214805603,273944000.0
2015-02-10,NVIDIA,0.4894898706895137,0.5029268464102535,0.4873303414109335,0.5026869177818298,226204000.0
2015-02-11,NVIDIA,0.5038867998452459,0.5038867998452459,0.4959685801758735,0.4993278682231903,320832000.0
2015-02-12,NVIDIA,0.5278811663026141,0.539878453835214,0.5247618658233801,0.5350795388221741,676904000.0
2015-02-13,NVIDIA,0.5338798805141562,0.5360394098329487,0.5257217349199494,0.5353195667266846,310084000.0
2015-02-17,NVIDIA,0.5343598981270831,0.5396387295227179,0.5310006677878615,0.5369992852210999,203340000.0
2015-02-18,NVIDIA,0.5362794657909515,0.5372392949655826,0.5298009335040114,0.5307607054710388,170948000.0
2015-02-19,NVIDIA,0.5374792879268846,0.5384390600086811,0.529800996857292,0.5322004556655884,169432000.0
2015-02-20,NVIDIA,0.5317206470715894,0.536279579180802,0.5278815011841346,0.5360396504402161,157752000.0
2015-02-23,NVIDIA,0.535799532650007,0.535799532650007,0.5290810154155954,0.5317204594612122,125008000.0
2015-02-24,NVIDIA,0.5337679160783673,0.5373809337615967,0.5289505208821411,0.5373809337615967,149356000.0
2015-02-25,NVIDIA,0.5352130295599611,0.5376217843198148,0.5308773973335479,0.5332860946655273,123820000.0
2015-02-26,NVIDIA,0.5337678015358351,0.5378625808311307,0.5303955796798255,0.5347312688827515,152864000.0
2015-02-27,NVIDIA,0.5332862503755825,0.5344906281071662,0.5294323220335625,0.5313593149185181,157492000.0
2015-03-02,NVIDIA,0.5299138210589647,0.5472564612587417,0.5291912062649854,0.5443660020828247,301512000.0
2015-03-03,NVIDIA,0.5402713159850248,0.5429208657327242,0.5325634618107887,0.5342495441436768,160344000.0
2015-03-04,NVIDIA,0.532322693477623,0.5414757215072913,0.530154848380643,0.5402714014053345,226840000.0
2015-03-05,NVIDIA,0.5402712592746203,0.5515921294230546,0.5388260295901677,0.550628662109375,323056000.0
2015-03-06,NVIDIA,0.5474973216338674,0.5501468709648765,0.5426799278895621,0.5431616902351379,257392000.0
2015-03-09,NVIDIA,0.5434027231442277,0.5487018809938246,0.5421983455942764,0.5446070432662964,222388000.0
2015-03-10,NVIDIA,0.5470157333215188,0.5576140488731388,0.5460522657517028,0.554000973701477,527212000.0
2015-03-11,NVIDIA,0.5540010881783846,0.561227182587002,0.5496654545043714,0.5511106848716736,262120000.0
2015-03-12,NVIDIA,0.5458113053909727,0.5499060848246762,0.5356947543367302,0.5460521578788757,406972000.0
2015-03-13,NVIDIA,0.5434027583278336,0.5482201539837847,0.5359357548615891,0.5467749238014221,359288000.0
2015-03-16,NVIDIA,0.5511102425816795,0.5566502495916452,0.5474971695630727,0.5532780289649963,236956000.0
2015-03-17,NVIDIA,0.5520739455387634,0.560263504644101,0.5482200184809952,0.5600226521492004,299900000.0
2015-03-18,NVIDIA,0.5600226682880156,0.5629130705937339,0.545811336977645,0.5508695840835571,413844000.0
2015-03-19,NVIDIA,0.5527965879319973,0.5612269999513285,0.5487018081757685,0.5593000650405884,310756000.0
2015-03-20,NVIDIA,0.5638768683731498,0.5686942653088397,0.5585777087727303,0.5653220415115356,462084000.0
2015-03-23,NVIDIA,0.5484611359034974,0.5556872310918399,0.5467750527690075,0.547015905380249,426012000.0
2015-03-24,NVIDIA,0.5453295569401077,0.5491834839845148,0.5371399978631624,0.5395486950874329,330480000.0
2015-03-25,NVIDIA,0.5393078406774597,0.5393078406774597,0.5051042598153078,0.5067903995513916,542552000.0
2015-03-26,NVIDIA,0.4964331557409613,0.5072722679902983,0.4928200800392556,0.5051044225692749,311920000.0
2015-03-27,NVIDIA,0.5079947781773533,0.5169069531630911,0.499805218182662,0.5149800181388855,318288000.0
2015-03-30,NVIDIA,0.5173887512116297,0.5197974488714614,0.5106443633073718,0.5171478986740112,253252000.0
2015-03-31,NVIDIA,0.515702575412055,0.5161842804002544,0.5036590892889917,0.5041407942771912,357276000.0
2015-04-01,NVIDIA,0.5060676336288452,0.5077537154339159,0.4973963147543003,0.5060676336288452,330768000.0
2015-04-02,NVIDIA,0.5089583262698529,0.5104035564807611,0.5029366102949187,0.5072722434997559,192204000.0
2015-04-06,NVIDIA,0.5051042674758206,0.5236512880031868,0.4998051679776066,0.5219652056694031,515864000.0
2015-04-07,NVIDIA,0.5219652273072031,0.5323226316640016,0.5190747675135384,0.5265417695045471,413964000.0
2015-04-08,NVIDIA,0.5270234030669676,0.5323225594942939,0.5219651565417017,0.5303955674171448,366432000.0
2015-04-09,NVIDIA,0.5263007911736669,0.5443660476806255,0.5260599386981201,0.5426799654960632,379432000.0
2015-04-10,NVIDIA,0.543161673160559,0.5484607716559968,0.5412346812666947,0.5482199192047119,258728000.0
2015-04-13,NVIDIA,0.5470155592882916,0.5501468709648765,0.5407529359351219,0.5431616902351379,236724000.0
2015-04-14,NVIDIA,0.5409938830425111,0.5431617276049563,0.5332860295501726,0.5385851860046387,220276000.0
2015-04-15,NVIDIA,0.5400305795244875,0.5491836080737128,0.5373809717795953,0.5450888276100159,243560000.0
2015-04-16,NVIDIA,0.5419574877636889,0.5465340305242056,0.5378627075040252,0.5417166352272034,155284000.0
2015-04-17,NVIDIA,0.5303955796798255,0.5400304254325936,0.5301547272000636,0.5347312688827515,293636000.0
2015-04-20,NVIDIA,0.5371402707487899,0.54051243709037,0.5311184959149102,0.5320820212364197,231624000.0
2015-04-21,NVIDIA,0.5385854090243465,0.5385854090243465,0.5287097068801905,0.5313593149185181,230456000.0
2015-04-22,NVIDIA,0.5344905311005893,0.5381035487838186,0.5263009133247002,0.5373809337615967,207420000.0
2015-04-23,NVIDIA,0.5275053146262882,0.5402714182147811,0.5214835416455048,0.5352131128311157,259380000.0
2015-04-24,NVIDIA,0.534972181256434,0.5352130337631611,0.5246147769047952,0.5306365489959717,240960000.0
2015-04-27,NVIDIA,0.5323225718015265,0.5441252047278892,0.5277460301188387,0.5347312688827515,248456000.0
2015-04-28,NVIDIA,0.5337679160783673,0.5393079262968156,0.5287096109228133,0.5373809337615967,234484000.0
2015-04-29,NVIDIA,0.533526947170363,0.5388261042718673,0.5311182498383836,0.5332860946655273,195156000.0
2015-04-30,NVIDIA,0.5306364895874559,0.5373808184437384,0.5294321123329092,0.5347312688827515,218844000.0
2015-05-01,NVIDIA,0.5390668271646019,0.5496651388193746,0.5366581304117646,0.5479790568351746,256968000.0
2015-05-04,NVIDIA,0.5474975034438734,0.5511105786658446,0.5429209606386707,0.5446070432662964,200720000.0
2015-05-05,NVIDIA,0.54268003575045,0.5434026506985061,0.528227851645076,0.5306365489959717,292928000.0
2015-05-06,NVIDIA,0.533527024919577,0.5385853302533766,0.5253374642829831,0.5323227047920227,316484000.0
2015-05-07,NVIDIA,0.5301548520576689,0.5434027178383659,0.5284687694465062,0.5417166352272034,534564000.0
2015-05-08,NVIDIA,0.5060677404388124,0.5260599313257014,0.4935424930400354,0.5017320513725281,1146552000.0
2015-05-11,NVIDIA,0.4947469291366871,0.5019730792792588,0.4908930589644889,0.4969147741794586,544144000.0
2015-05-12,NVIDIA,0.4933016405678639,0.5058268305387744,0.4930607306678261,0.5017320513725281,388800000.0
2015-05-13,NVIDIA,0.5053452532524799,0.5091991809201167,0.4998052429979796,0.5046226382255554,308524000.0
2015-05-14,NVIDIA,0.5060676315966262,0.5154615651253145,0.5048632546390668,0.5128119587898254,293052000.0
2015-05-15,NVIDIA,0.5149799945137478,0.5173886918974429,0.5099217472363506,0.5130530595779419,215824000.0
2015-05-18,NVIDIA,0.5118488290924458,0.5154619049190179,0.5094401310173616,0.5123305916786194,324972000.0
2015-05-19,NVIDIA,0.5130078480519766,0.5147017922902151,0.5081681557264813,0.5091361403465271,253808000.0
2015-05-20,NVIDIA,0.5093781076546968,0.5154277519084077,0.5086521480365042,0.5091361403465271,196824000.0
2015-05-21,NVIDIA,0.509378282228996,0.5115561618299774,0.5050225230270328,0.5055065155029297,239692000.0
2015-05-22,NVIDIA,0.5067162635449837,0.5086521172806563,0.5035704579542557,0.5047803521156311,212592000.0
2015-05-26,NVIDIA,0.5023606768085986,0.5057484508440802,0.4977629505069026,0.5016347169876099,259732000.0
2015-05-27,NVIDIA,0.5050224493889142,0.5309148603530734,0.5033285625108178,0.5284950137138367,432332000.0
2015-05-28,NVIDIA,0.5284950214009527,0.5374484483269898,0.5275270942699182,0.5357545614242554,327656000.0
2015-05-29,NVIDIA,0.5357545935449537,0.5391423675535335,0.5347866663558879,0.5355126261711121,335168000.0
2015-06-01,NVIDIA,0.5389003261601976,0.5468858253371326,0.5355125526169381,0.5415621399879456,372660000.0
2015-06-02,NVIDIA,0.5381745640229579,0.5410784039510811,0.530431029343771,0.5309150218963623,224304000.0
2015-06-03,NVIDIA,0.5323668652046736,0.536480599381368,0.5241393391575806,0.5251073241233826,250788000.0
2015-06-04,NVIDIA,0.5219615960354298,0.53623871295927,0.5219615960354298,0.534544825553894,323712000.0
2015-06-05,NVIDIA,0.532850643588485,0.5410781672205879,0.5272849912904538,0.5386583209037781,313320000.0
2015-06-08,NVIDIA,0.5369645514763793,0.5405942928971611,0.5202675909371639,0.5263171792030334,342812000.0
2015-06-09,NVIDIA,0.5268010647978211,0.5328506518366455,0.5258331377948517,0.5289789438247681,256888000.0
2015-06-10,NVIDIA,0.522687427816194,0.5260752017959824,0.5166377819719731,0.5195416212081909,529460000.0
2015-06-11,NVIDIA,0.5195416701916891,0.528737065817176,0.5195416701916891,0.5251073241233826,283052000.0
2015-06-12,NVIDIA,0.521719506638222,0.5248653136302955,0.5096202711662869,0.5108302235603333,323728000.0
2015-06-15,NVIDIA,0.5081682994119766,0.5122820909761446,0.5042965906117944,0.5098622441291809,306548000.0
2015-06-16,NVIDIA,0.5088942129235651,0.5168797125611957,0.5038125523155073,0.5161537528038025,256892000.0
2015-06-17,NVIDIA,0.5159118320974116,0.525107284726705,0.5147019375214887,0.5222034454345703,233544000.0
2015-06-18,NVIDIA,0.5265593196978898,0.5343027966833644,0.5251073997338283,0.5309150218963623,299404000.0
2015-06-19,NVIDIA,0.5309148852447141,0.535270586322077,0.524381304781821,0.5292209982872009,355656000.0
2015-06-22,NVIDIA,0.530189150473348,0.5330929908865081,0.5190578391478641,0.527043342590332,514236000.0
2015-06-23,NVIDIA,0.5280110080482167,0.5321247414622389,0.5093781951634009,0.5134919285774231,414064000.0
2015-06-24,NVIDIA,0.5127659758054277,0.5154278474635126,0.5059904283710897,0.5084102749824524,253368000.0
2015-06-25,NVIDIA,0.5084103662901498,0.5154279400315276,0.5084103662901498,0.512282133102417,350460000.0
2015-06-26,NVIDIA,0.5081682048056363,0.5086521971624034,0.4996987712648787,0.5018765926361084,421296000.0
2015-06-29,NVIDIA,0.4960690208278853,0.5011507391377861,0.4861476669504271,0.4868736267089844,391724000.0
2015-06-30,NVIDIA,0.489777528420481,0.4919554082314029,0.4832439466814241,0.4866317212581634,315916000.0
2015-07-01,NVIDIA,0.4987309934492237,0.505748509712783,0.4892935723715605,0.493649274110794,302892000.0
2015-07-02,NVIDIA,0.4934072741664352,0.4972790408424682,0.4909874272056275,0.4941332340240478,145764000.0
2015-07-06,NVIDIA,0.4900194833147096,0.4967950314973337,0.4844538297245396,0.4880835711956024,214776000.0
2015-07-07,NVIDIA,0.4851797963883999,0.4871156508410618,0.4636431127106046,0.4788881540298462,594252000.0
2015-07-08,NVIDIA,0.476226334868181,0.4791301453643549,0.4716286084729595,0.4755003750324249,332492000.0
2015-07-09,NVIDIA,0.4830019545721876,0.4851798342717593,0.4667889559138362,0.4696927666664123,357588000.0
2015-07-10,NVIDIA,0.4757422656405569,0.4822758742611548,0.4745323423918307,0.4779201447963714,216708000.0
2015-07-13,NVIDIA,0.4827599352661573,0.4837278625218358,0.4779202412940618,0.4810660481452942,212472000.0
2015-07-14,NVIDIA,0.4817919161762298,0.4822758797118209,0.4750163401374167,0.4813079237937927,249216000.0
2015-07-15,NVIDIA,0.4800979951053403,0.4832438013213975,0.473564415331588,0.4779201447963714,265732000.0
2015-07-16,NVIDIA,0.4808240865254837,0.4885676205158233,0.4791301992826671,0.4885676205158233,282848000.0
2015-07-17,NVIDIA,0.4868737539099291,0.4873576887462706,0.4793721870095382,0.4856638014316559,220372000.0
2015-07-20,NVIDIA,0.4856637476303165,0.4875996598423534,0.4755003960216586,0.4767103195190429,188412000.0
2015-07-21,NVIDIA,0.4757423472739946,0.4856637311547147,0.4757423472739946,0.4788881540298462,149720000.0
2015-07-22,NVIDIA,0.4755004170184175,0.4755004170184175,0.4638851451612601,0.4696927666664123,356472000.0
2015-07-23,NVIDIA,0.4706606812565184,0.4825179194687493,0.4696927251932268,0.4755003750324249,169916000.0
2015-07-24,NVIDIA,0.4788882203744589,0.4793721840546721,0.4679989077588152,0.4699347913265228,188844000.0
2015-07-27,NVIDIA,0.4658209580235661,0.4725965350703298,0.4619492203160227,0.4672728776931762,192420000.0
2015-07-28,NVIDIA,0.4684828174275402,0.4805820522722207,0.4636431234896679,0.4774362742900848,198308000.0
2015-07-29,NVIDIA,0.476468217400076,0.4871155591191169,0.4745323344650826,0.4832437932491302,232680000.0
2015-07-30,NVIDIA,0.4820338624697788,0.4892934305739976,0.4820338624697788,0.4844537377357483,190180000.0
2015-07-31,NVIDIA,0.486389573022156,0.4866315403466233,0.4798559937120413,0.4827598035335541,218340000.0
2015-08-03,NVIDIA,0.4866316609996127,0.4914713548510112,0.4803400763009052,0.4909874200820923,397132000.0
2015-08-04,NVIDIA,0.4892934887195995,0.4943751494955378,0.4873575767380303,0.492923229932785,260100000.0
2015-08-05,NVIDIA,0.5050223976774014,0.5055063900331684,0.4970368988162215,0.4980048835277557,234628000.0
2015-08-06,NVIDIA,0.4967948936718218,0.5004246918295723,0.4866315165238048,0.4948590397834778,655676000.0
2015-08-07,NVIDIA,0.5434981862980273,0.5655187774725293,0.5294630385829954,0.5560814142227173,1405248000.0
2015-08-10,NVIDIA,0.5522094541307099,0.579553722404258,0.5488216232407306,0.575439989566803,662304000.0
2015-08-11,NVIDIA,0.5669706362239383,0.5781019431599118,0.5669706362239383,0.572536289691925,435008000.0
2015-08-12,NVIDIA,0.5633408264288188,0.578101872963809,0.5633408264288188,0.573988139629364,384048000.0
2015-08-13,NVIDIA,0.5747141942075435,0.5759241465199048,0.5676966207994736,0.5691485404968262,276884000.0
2015-08-14,NVIDIA,0.5686644262829872,0.5730201844424843,0.5652766528436157,0.5696324110031128,214652000.0
2015-08-17,NVIDIA,0.5686645408371998,0.5686645408371998,0.5589851532356016,0.5660027265548706,273880000.0
2015-08-18,NVIDIA,0.5642530052635248,0.5681410613687171,0.5564768930531403,0.560850977897644,287084000.0
2015-08-19,NVIDIA,0.5601219926282003,0.5664400768827472,0.5525888654309622,0.5586639642715454,249248000.0
2015-08-20,NVIDIA,0.5523459202836275,0.5550189338414029,0.5358216942642985,0.5384947657585144,426932000.0
2015-08-21,NVIDIA,0.5346069002293846,0.5435980017155775,0.5212417117911232,0.5217277407646179,382664000.0
2015-08-24,NVIDIA,0.4925671316717557,0.5304756378703342,0.4860060618870593,0.5032593011856079,682284000.0
2015-08-25,NVIDIA,0.5253726177433328,0.5273166751918875,0.4928102493286133,0.4928102493286133,622684000.0
2015-08-26,NVIDIA,0.5088483055736454,0.5304755692870684,0.5049602497018661,0.5299895405769348,614976000.0
2015-08-27,NVIDIA,0.5355786679324743,0.5501588355756278,0.5324196258161475,0.5499158501625061,463764000.0
2015-08-28,NVIDIA,0.5499157846695909,0.5557478394449891,0.5460277288405156,0.5523458123207092,320944000.0
2015-08-31,NVIDIA,0.5496729332101651,0.5535609899865437,0.5440838624572039,0.5462708473205566,219352000.0
2015-09-01,NVIDIA,0.5304757041172838,0.5394668030167857,0.5200265766532259,0.5239145755767822,353408000.0
2015-09-02,NVIDIA,0.5382517183855177,0.5399527322674856,0.5292606201794986,0.539709746837616,344044000.0
2015-09-03,NVIDIA,0.5477288660030583,0.5504019375779937,0.5401957959656087,0.5411677956581116,262556000.0
2015-09-04,NVIDIA,0.5319336387619273,0.5404387661888647,0.5282886255335547,0.5285316109657288,287972000.0
2015-09-08,NVIDIA,0.541410719548693,0.5533178737534442,0.5392237349732922,0.5511308312416077,238448000.0
2015-09-09,NVIDIA,0.5528321151511708,0.557449129422174,0.5389808985287873,0.5401959419250488,289392000.0
2015-09-10,NVIDIA,0.5370368735036444,0.5555051035333525,0.5346068447612211,0.5487009882926941,357076000.0
2015-09-11,NVIDIA,0.5426259303158361,0.5540470592939878,0.5404388871275345,0.550402045249939,301584000.0
2015-09-14,NVIDIA,0.5530747932338178,0.5547758066939233,0.5484577235927164,0.5513737797737122,192460000.0
2015-09-15,NVIDIA,0.5516167501118661,0.5603648604800433,0.5499157366981128,0.5574488043785095,327976000.0
2015-09-16,NVIDIA,0.5564771153958391,0.5644962162117272,0.5523460722386326,0.5613371729850769,173508000.0
2015-09-17,NVIDIA,0.5710571182184782,0.5761602177240286,0.5652250624342883,0.5664401054382324,268712000.0
2015-09-18,NVIDIA,0.5586638871154272,0.5708140251821224,0.5552618600440382,0.5659539699554443,326412000.0
2015-09-21,NVIDIA,0.5666830643028606,0.5730011485797746,0.5637670075792276,0.571786105632782,281840000.0
2015-09-22,NVIDIA,0.5593930446142638,0.5632811013797397,0.5533179450551245,0.5562340021133423,228356000.0
2015-09-23,NVIDIA,0.5567199891558041,0.5623090600552979,0.5545330042351135,0.5589070320129395,161632000.0
2015-09-24,NVIDIA,0.555504721419756,0.5754309665755943,0.5467566123772802,0.569598913192749,382440000.0
2015-09-25,NVIDIA,0.5766461695544606,0.584908311073993,0.5681411005531677,0.5737301707267761,369692000.0
2015-09-28,NVIDIA,0.573730164949484,0.5773751779314947,0.5625520247148277,0.5661970376968384,395584000.0
2015-09-29,NVIDIA,0.572272254563144,0.5771323114987438,0.5642531548257593,0.5761603116989136,380736000.0
2015-09-30,NVIDIA,0.5815064285022066,0.5997316737663121,0.5781043997142677,0.5990026593208313,556380000.0
2015-10-01,NVIDIA,0.5990023785442049,0.6007033921408405,0.5703280169176498,0.5873382687568665,489296000.0
2015-10-02,NVIDIA,0.5841793179658923,0.6026475429534912,0.5781042188002018,0.6026475429534912,386144000.0
2015-10-05,NVIDIA,0.6065355499657292,0.6252467588532097,0.6033765079272206,0.6177136898040771,482024000.0
2015-10-06,NVIDIA,0.6111527288392382,0.6284059124745934,0.6087227005270848,0.6257328987121582,453216000.0
2015-10-07,NVIDIA,0.627190838632542,0.638611964291628,0.6169846979895705,0.6322938799858093,310152000.0
2015-10-08,NVIDIA,0.6296208582107806,0.637639956194158,0.6189286889419868,0.6359389424324036,460068000.0
2015-10-09,NVIDIA,0.6325368036232338,0.6386119019197752,0.6216017078004631,0.6335088610649109,423248000.0
2015-10-12,NVIDIA,0.6342378708743333,0.6439580405580485,0.6296208583498808,0.6403129696846008,227588000.0
2015-10-13,NVIDIA,0.6352100442027736,0.6454161286362172,0.6330230012799872,0.6415281295776367,298444000.0
2015-10-14,NVIDIA,0.6422568176242481,0.6753052593066489,0.6415278615576454,0.6648561358451843,612148000.0
2015-10-15,NVIDIA,0.6660712832455165,0.6801654801645792,0.6592672281373045,0.6665573120117188,526048000.0
2015-10-16,NVIDIA,0.6687441635488501,0.6833243271333049,0.667043092321219,0.6770062446594238,448396000.0
2015-10-19,NVIDIA,0.6791937078371233,0.6823527510334102,0.6680155639020244,0.6757916212081909,294712000.0
2015-10-20,NVIDIA,0.6728752917480659,0.6779783322863847,0.6677721932733195,0.67481929063797,264824000.0
2015-10-21,NVIDIA,0.6789504499515545,0.6830815497006643,0.6648563107045814,0.6660712957382202,386280000.0
2015-10-22,NVIDIA,0.6738475582008757,0.6923157867185938,0.6728755583707748,0.690128743648529,306884000.0
2015-10-23,NVIDIA,0.6962036882153612,0.6993627304087614,0.6857545620225229,0.694745659828186,381776000.0
2015-10-26,NVIDIA,0.6952317445208492,0.6969327584638885,0.6852685883647652,0.6915866732597351,247436000.0
2015-10-27,NVIDIA,0.6881848969346254,0.6954749841852497,0.6876988679433317,0.6911009550094604,208268000.0
2015-10-28,NVIDIA,0.6954745629388353,0.6966896057128906,0.685268423795197,0.6966896057128906,217036000.0
2015-10-29,NVIDIA,0.6855114267203501,0.6925584658235061,0.6714172326411885,0.6726322174072266,327168000.0
2015-10-30,NVIDIA,0.6799224722566326,0.6942596541162783,0.6748193731578568,0.6893995404243469,301160000.0
2015-11-02,NVIDIA,0.6915867521901231,0.6981478232724976,0.6874557095803483,0.6974188089370728,190088000.0
2015-11-03,NVIDIA,0.6932875410913799,0.697175596971674,0.6847824731686397,0.6925585269927979,376768000.0
2015-11-04,NVIDIA,0.6906147497911735,0.6957177921835074,0.677978578606596,0.6811376214027405,442264000.0
2015-11-05,NVIDIA,0.6845398040908972,0.6864838620620989,0.6714176590152477,0.6733616590499878,478800000.0
2015-11-06,NVIDIA,0.7399443270196026,0.7761517653592531,0.7246351432367019,0.7666746377944946,1172272000.0
2015-11-09,NVIDIA,0.7591415413920278,0.7654596262171347,0.7525804131945728,0.7632725834846497,492568000.0
2015-11-10,NVIDIA,0.7533093461645809,0.757440445747942,0.7326541379299516,0.7486923336982727,552260000.0
2015-11-11,NVIDIA,0.7491782629112671,0.754524347182619,0.7387291377011923,0.7414022088050842,619896000.0
2015-11-12,NVIDIA,0.7397012381639924,0.7465053516138958,0.7355701961827552,0.7387292385101318,291080000.0
2015-11-13,NVIDIA,0.7394583524437232,0.7426173951970674,0.7205040959236584,0.7241491675376892,292940000.0
2015-11-16,NVIDIA,0.7336261968750343,0.7392152673052821,0.7277940830789913,0.7387292385101318,344280000.0
2015-11-17,NVIDIA,0.7406732957542927,0.745047323164885,0.7355701961827552,0.7387292385101318,257048000.0
2015-11-18,NVIDIA,0.7417781573115232,0.7578773107803186,0.7337286096553399,0.7569015622138977,350216000.0
2015-11-19,NVIDIA,0.7595850333525087,0.7666588347687333,0.7534868645107171,0.759097158908844,254072000.0
2015-11-20,NVIDIA,0.7647071261919173,0.770073510150884,0.7600725245071925,0.7656828165054321,239744000.0
2015-11-23,NVIDIA,0.7720252116523932,0.7720252116523932,0.7515354739268009,0.7542186379432678,242552000.0
2015-11-24,NVIDIA,0.7542185022701497,0.7669026538052915,0.7508035562895922,0.7603166699409485,195428000.0
2015-11-25,NVIDIA,0.7588529470000949,0.7678781844217714,0.7566576001170628,0.759340763092041,138300000.0
2015-11-27,NVIDIA,0.7608043067814345,0.7681220713674309,0.7569014873709518,0.7656828165054321,86996000.0
2015-11-30,NVIDIA,0.7664148357477041,0.7771476069841061,0.7656830532472021,0.773732602596283,327244000.0
2015-12-01,NVIDIA,0.7805626445177938,0.7995888754434594,0.7798308619316953,0.7988570928573608,409496000.0
2015-12-02,NVIDIA,0.8000765290530973,0.80836998580067,0.7910512898682169,0.7927587628364563,294240000.0
2015-12-03,NVIDIA,0.7991008772260434,0.8073943343753037,0.7871485077130277,0.7910513281822205,246656000.0
2015-12-04,NVIDIA,0.791051322910587,0.8247130838070562,0.791051322910587,0.8232495188713074,458756000.0
2015-12-07,NVIDIA,0.8230056636487905,0.8230056636487905,0.8051990914847285,0.8076383471488953,333588000.0
2015-12-08,NVIDIA,0.7976374076775045,0.8220299658317463,0.7925149879120476,0.8186150193214417,314488000.0
2015-12-09,NVIDIA,0.8183709780497823,0.8232494888869679,0.7895877292165252,0.7978811860084534,372676000.0
2015-12-10,NVIDIA,0.8003204148183798,0.8088578375778248,0.7976372513940672,0.8044672012329102,236596000.0
2015-12-11,NVIDIA,0.7964178606337118,0.8020281551896318,0.7908075660777919,0.7925150394439697,227320000.0
2015-12-14,NVIDIA,0.7932465989249532,0.7988568919027924,0.7849530844209082,0.7944661974906921,275892000.0
2015-12-15,NVIDIA,0.8034915165513291,0.8098335925650916,0.7991008798568069,0.8042232990264893,307296000.0
2015-12-16,NVIDIA,0.8059305444622085,0.8117848026100586,0.7988567461275943,0.8091015815734863,236356000.0
2015-12-17,NVIDIA,0.8103214518307561,0.8186149088527414,0.7964177013747366,0.796905517578125,254160000.0
2015-12-18,NVIDIA,0.7912950949954123,0.7993446426019223,0.7830016393270166,0.7839773297309875,395896000.0
2015-12-21,NVIDIA,0.7925149925224136,0.8032477065414272,0.7854411331695983,0.8025159239768982,284216000.0
2015-12-22,NVIDIA,0.8049554023565438,0.8112974808982563,0.7983694156113694,0.8032479286193848,130012000.0
2015-12-23,NVIDIA,0.8044671571929727,0.8095895756743561,0.8030035924393113,0.8064185380935669,122524000.0
2015-12-24,NVIDIA,0.8039791638505404,0.8110530203415773,0.8027595073509306,0.8091015815734863,52448000.0
2015-12-28,NVIDIA,0.8005643526497681,0.8083699345588684,0.7893437668642268,0.8083699345588684,142024000.0
2015-12-29,NVIDIA,0.8088578730388026,0.8239812800568593,0.8066625256918822,0.8215420246124268,203660000.0
2015-12-30,NVIDIA,0.8208102209937254,0.8278840790470672,0.814224237279262,0.8144681453704834,180344000.0
2015-12-31,NVIDIA,0.8132485425106556,0.8169073964856106,0.8039793372154236,0.8039793372154236,148528000.0
2016-01-04,NVIDIA,0.787636414497714,0.7947102150980515,0.7815382463592808,0.7895877957344055,358076000.0
2016-01-05,NVIDIA,0.8044672499447945,0.8156878368079781,0.7927587887219967,0.8022719025611877,490272000.0
2016-01-06,NVIDIA,0.7890999042315675,0.7927588166665545,0.7600727454876178,0.7690980434417725,449344000.0
2016-01-07,NVIDIA,0.7498278765283733,0.7549503541266044,0.7288502662099403,0.7386073470115662,645304000.0
2016-01-08,NVIDIA,0.7481204627369942,0.7488522453090868,0.7212886483339032,0.7227522134780884,398472000.0
2016-01-11,NVIDIA,0.7234840274212331,0.7290943219462471,0.7110437813126826,0.7239718437194824,409372000.0
2016-01-12,NVIDIA,0.7368998690958283,0.7469008587412169,0.7310456667158731,0.7361680865287781,469356000.0
2016-01-13,NVIDIA,0.7417782877057605,0.7466568569261618,0.7129950956909604,0.7137268781661987,481672000.0
2016-01-14,NVIDIA,0.6990913703933093,0.7073848867186748,0.6786016331064361,0.6993353366851807,600236000.0
2016-01-15,NVIDIA,0.6712838263924773,0.6793333759553956,0.649818341505881,0.6612828373908997,841452000.0
2016-01-19,NVIDIA,0.6749428007406862,0.6939690333263387,0.6639661191479709,0.666649341583252,457140000.0
2016-01-20,NVIDIA,0.6539649886827181,0.6788454167844208,0.6451836576964445,0.670307993888855,481180000.0
2016-01-21,NVIDIA,0.6776258231696941,0.6886024433661257,0.6637220150810121,0.6781136393547058,481456000.0
2016-01-22,NVIDIA,0.691041702740157,0.6986034352157461,0.6895781378638213,0.6939688324928284,257996000.0
2016-01-25,NVIDIA,0.6937250599177738,0.7017746101536597,0.691773620315968,0.6932371854782104,270728000.0
2016-01-26,NVIDIA,0.69470059722726,0.7029940537732303,0.6876267392761982,0.7000669240951538,227944000.0
2016-01-27,NVIDIA,0.6990913607960635,0.7012867084540909,0.678601623790477,0.6917735934257507,231700000.0
2016-01-28,NVIDIA,0.6973837577450717,0.6998230130811239,0.6707958571351709,0.684211790561676,276776000.0
2016-01-29,NVIDIA,0.6900660876396008,0.7159222094264251,0.687382923843978,0.7144586443901062,310504000.0
2016-02-01,NVIDIA,0.7137270346150856,0.718361580432234,0.7076288653701954,0.7147027254104614,289884000.0
2016-02-02,NVIDIA,0.707384985660675,0.7110438408296024,0.6795774188571365,0.684455931186676,341908000.0
2016-02-03,NVIDIA,0.6898219412317385,0.6939686686312635,0.6720153751392015,0.6878705024719238,326772000.0
2016-02-04,NVIDIA,0.6888462480553121,0.7037257444368791,0.681284574914796,0.6881145238876343,348140000.0
2016-02-05,NVIDIA,0.6834800566216273,0.6910417312527773,0.6427444372795534,0.6446958184242249,600428000.0
2016-02-08,NVIDIA,0.6349389254302465,0.6381099640521348,0.6061556696797065,0.6151809692382812,608852000.0
2016-02-09,NVIDIA,0.6078631138404543,0.6476229868186961,0.6049359837929009,0.6217668652534485,425372000.0
2016-02-10,NVIDIA,0.6256697789094543,0.6437202618012586,0.6168884456182803,0.6203033924102783,335800000.0
2016-02-11,NVIDIA,0.60444821090929,0.6234744431007291,0.60444821090929,0.6171323657035828,340144000.0
2016-02-12,NVIDIA,0.6268892126169411,0.6288406518097988,0.6037162574881414,0.6276209950447083,340816000.0
2016-02-16,NVIDIA,0.6366463196988776,0.6593314616964455,0.6346949384001234,0.658355712890625,485352000.0
2016-02-17,NVIDIA,0.6666492794086774,0.6810409065879404,0.6639660572236451,0.6746988296508789,771468000.0
2016-02-18,NVIDIA,0.7300699341898357,0.7556821481000559,0.7293381516647057,0.7327530980110168,1068660000.0
2016-02-19,NVIDIA,0.7288500620159728,0.749095942304748,0.7232397697511225,0.7425099015235901,525628000.0
2016-02-22,NVIDIA,0.7532427991215878,0.7773914449910246,0.7517792342525729,0.768854022026062,449668000.0
2016-02-23,NVIDIA,0.7627559292968024,0.7781232444447013,0.7590970170442372,0.7708054780960083,369380000.0
2016-02-24,NVIDIA,0.767634438498053,0.7773914602747294,0.7464128637929884,0.7761718034744263,336852000.0
2016-02-25,NVIDIA,0.779098835170749,0.7817819983745566,0.7639754300585703,0.7778791785240173,349616000.0
2016-02-26,NVIDIA,0.7815383265496089,0.7834897079865233,0.764951351710047,0.7727569937705994,361964000.0
2016-02-29,NVIDIA,0.7738586687730531,0.7838960365922945,0.7672486891488377,0.7677382826805115,323344000.0
2016-03-01,NVIDIA,0.7696967603754239,0.8017674684524536,0.7684726599233542,0.8017674684524536,348700000.0
2016-03-02,NVIDIA,0.7973607152708398,0.8093566302801554,0.7958918181891576,0.8064188361167908,233812000.0
2016-03-03,NVIDIA,0.8054395339182677,0.8088669212877122,0.7885473354096024,0.7993192076683044,302004000.0
2016-03-04,NVIDIA,0.8054396550145988,0.8061741036139476,0.7907507997642692,0.7968711853027344,175304000.0
2016-03-07,NVIDIA,0.7924645545326443,0.797850491885161,0.7814478830651459,0.7917301058769226,239968000.0
2016-03-08,NVIDIA,0.7836511153418237,0.7883026033637904,0.7748377911201093,0.7772859334945679,274940000.0
2016-03-09,NVIDIA,0.7841406477378986,0.7853646895545447,0.7667587986687094,0.7767962217330933,222788000.0
2016-03-10,NVIDIA,0.7814478904952319,0.7858545824714612,0.7599042576169797,0.7755723595619202,286084000.0
2016-03-11,NVIDIA,0.7870785585942383,0.7890371076531544,0.7777756402614341,0.7887922525405884,277400000.0
2016-03-14,NVIDIA,0.7851200678676609,0.7939333927115738,0.7814478248625627,0.7907508015632629,190312000.0
2016-03-15,NVIDIA,0.7865889663779191,0.7917300482252844,0.7728793564166224,0.7868337631225586,226216000.0
2016-03-16,NVIDIA,0.7809582813204325,0.8130289915988619,0.7772860380804755,0.8103359937667847,363644000.0
2016-03-17,NVIDIA,0.8073981414262581,0.8113151224944524,0.7924644322225759,0.8034811019897461,353680000.0
2016-03-18,NVIDIA,0.8130289260283694,0.838489596421482,0.8078877859070606,0.8277177810668945,545512000.0
2016-03-21,NVIDIA,0.8203733526270593,0.8304107193816251,0.8115600279401698,0.8301659226417542,337780000.0
2016-03-22,NVIDIA,0.827472864674566,0.8345724360587669,0.8184146861791279,0.8286969065666199,242012000.0
2016-03-23,NVIDIA,0.8323691464039247,0.8490164896415504,0.8286969040024996,0.8428961634635925,429008000.0
2016-03-24,NVIDIA,0.8353069400453448,0.8455891611160642,0.832614001009237,0.8441202640533447,244956000.0
2016-03-28,NVIDIA,0.8426515417502183,0.8563611532316755,0.8416722962947562,0.8526889681816101,265388000.0
2016-03-29,NVIDIA,0.849016659748302,0.8683570040780577,0.8470581689873524,0.8663985133171082,261812000.0
2016-03-30,NVIDIA,0.8695809229457708,0.887452366287746,0.8690912711736475,0.8754564523696899,376700000.0
2016-03-31,NVIDIA,0.879373672306124,0.8813321630608038,0.8654192651661389,0.8722740411758423,379884000.0
2016-04-01,NVIDIA,0.8668880991706501,0.8854940530770474,0.86027811995039,0.8850044012069702,348292000.0
2016-04-04,NVIDIA,0.8923488321208926,0.8970003206135088,0.873008487895269,0.8764358758926392,393940000.0
2016-04-05,NVIDIA,0.8686017965014028,0.8832906512532167,0.8651743503646566,0.875211775302887,339568000.0
2016-04-06,NVIDIA,0.8641951627817999,0.8769255277644025,0.8477926130501074,0.8764358758926392,453376000.0
2016-04-07,NVIDIA,0.8708052058794624,0.8786392861921889,0.8637056326124031,0.8673778176307678,378104000.0
2016-04-08,NVIDIA,0.8744772674487459,0.8801080005587395,0.8644398431909399,0.8730083703994751,255936000.0
2016-04-11,NVIDIA,0.8781493910312074,0.892838302140724,0.8754564522058136,0.8783942461013794,387524000.0
2016-04-12,NVIDIA,0.8813321018389197,0.8825562022518055,0.8602780650311753,0.877415120601654,292764000.0
2016-04-13,NVIDIA,0.8813319772473589,0.8996930722667439,0.8813319772473589,0.8994482755661011,350716000.0
2016-04-14,NVIDIA,0.8970002514832627,0.9058135759175044,0.8933280086488621,0.9018965363502502,416564000.0
2016-04-15,NVIDIA,0.9016516783923209,0.9170749805128716,0.8987138843242861,0.9089961051940918,436972000.0
2016-04-18,NVIDIA,0.907282472056256,0.907282472056256,0.8962658019334561,0.9050791263580322,307320000.0
2016-04-19,NVIDIA,0.9085064586906382,0.9102201524508788,0.8832905873540307,0.888921320438385,309152000.0
2016-04-20,NVIDIA,0.8874524221659814,0.8977346430814918,0.886473176928389,0.8923487067222595,200172000.0
2016-04-21,NVIDIA,0.8925935636553768,0.8967554583404657,0.887452482034954,0.8913695216178894,178280000.0
2016-04-22,NVIDIA,0.8943073774026516,0.9004277047476503,0.885004400457333,0.8879421949386597,223540000.0
2016-04-25,NVIDIA,0.8881868706862548,0.8972449912785376,0.8857387284081157,0.8923487067222595,191972000.0
2016-04-26,NVIDIA,0.8977347628238589,0.9080169851108408,0.8891662345233201,0.8930832743644714,214536000.0
2016-04-27,NVIDIA,0.8908798040238167,0.9138923879868256,0.8891661102768346,0.9134027361869812,352396000.0
2016-04-28,NVIDIA,0.9077721321863116,0.9131580692769512,0.8840251547003685,0.8862284421920776,381224000.0
2016-04-29,NVIDIA,0.8825562041497896,0.8845146947726343,0.8602780668812491,0.8698258399963379,321904000.0
2016-05-02,NVIDIA,0.8781493896360549,0.8867179162389671,0.8739875538694903,0.8813319802284241,256076000.0
2016-05-03,NVIDIA,0.8712946769067251,0.8749668611627459,0.8632158015014997,0.870805025100708,224024000.0
2016-05-04,NVIDIA,0.8602778328924776,0.8610122812683603,0.8421615952695162,0.8509749174118042,525764000.0
2016-05-05,NVIDIA,0.8580747245171658,0.866153599963078,0.8497509939828539,0.8561161756515503,246884000.0
2016-05-06,NVIDIA,0.8546473940308423,0.867132962334566,0.8529337000221596,0.8649296164512634,183240000.0
2016-05-09,NVIDIA,0.8671330233292509,0.8708052083580679,0.856606003415205,0.8637056350708008,333336000.0
2016-05-10,NVIDIA,0.8690913877737962,0.8818217518738287,0.8607677151091536,0.8803528547286987,269676000.0
2016-05-11,NVIDIA,0.883045612921676,0.8925933250403321,0.8781492709756953,0.8828007578849792,328176000.0
2016-05-12,NVIDIA,0.8891661214857611,0.8930831608289487,0.8551369260962742,0.870805025100708,670540000.0
2016-05-13,NVIDIA,0.959427823853827,1.0037392386535122,0.9547763945188544,1.0032496452331543,2110256000.0
2016-05-16,NVIDIA,0.9956606430929102,1.047806209311048,0.992478051493728,1.032872438430786,973032000.0
2016-05-17,NVIDIA,1.0282205353692178,1.0424197934582082,1.015000580738184,1.0350754261016846,628392000.0
2016-05-18,NVIDIA,1.0282208778129762,1.0735116641207345,1.0282208778129762,1.0615156888961792,541072000.0
2016-05-19,NVIDIA,1.0573540874974034,1.0737567592025938,1.0558853065181515,1.0661674737930298,398880000.0
2016-05-20,NVIDIA,1.0727769704268677,1.0896692281592737,1.0710632766553634,1.0852625370025637,391084000.0
2016-05-23,NVIDIA,1.089913844950054,1.094075621963817,1.0803660740550258,1.0869760513305664,413636000.0
2016-05-24,NVIDIA,1.0902896716121775,1.116798359247491,1.087344248870502,1.113361954689026,415788000.0
2016-05-25,NVIDIA,1.1167984612506163,1.1214619111378137,1.0998623374589993,1.1086986064910889,458076000.0
2016-05-26,NVIDIA,1.1106620629610984,1.1285799144628237,1.1074712078838145,1.1204800605773926,309964000.0
2016-05-27,NVIDIA,1.12170783461938,1.1283349800833653,1.118025996108421,1.1266168355941772,277416000.0
2016-05-31,NVIDIA,1.1315255526940948,1.1491979751777053,1.1307891383607271,1.1467434167861938,412524000.0
2016-06-01,NVIDIA,1.141343730792743,1.1599978859203717,1.137907442138701,1.1489527225494385,387132000.0
2016-06-02,NVIDIA,1.1550887041996012,1.1668703972106484,1.1437979930905382,1.1570523977279663,329208000.0
2016-06-03,NVIDIA,1.145761567595624,1.147234162029244,1.1207255895877062,1.140852451324463,461076000.0
2016-06-06,NVIDIA,1.1437978760959957,1.1526341449504542,1.1290708783783383,1.134961724281311,322512000.0
2016-06-07,NVIDIA,1.14183423900156,1.1482159493766733,1.1366798076308375,1.137170672416687,193400000.0
2016-06-08,NVIDIA,1.1374162849156726,1.1415889873754297,1.124161997280824,1.1334891319274902,234616000.0
2016-06-09,NVIDIA,1.1295618576279485,1.1646611494396084,1.1271072994941065,1.1629430055618286,472168000.0
2016-06-10,NVIDIA,1.1491976550466168,1.1595065165237473,1.132506966937294,1.1339796781539917,400024000.0
2016-06-13,NVIDIA,1.135207174615957,1.1707974489223256,1.135207174615957,1.1484614610671997,475588000.0
2016-06-14,NVIDIA,1.1457616480450827,1.1560705120428991,1.132998225739339,1.1506706476211548,298344000.0
2016-06-15,NVIDIA,1.1602434500412824,1.1725158929545845,1.1474800251427877,1.1624524593353271,301036000.0
2016-06-16,NVIDIA,1.1538617558976871,1.1690796228043463,1.1425710426960345,1.1671160459518433,246456000.0
2016-06-17,NVIDIA,1.1685885417194597,1.1688339741506533,1.1420798494741509,1.1467434167861938,471000000.0
2016-06-20,NVIDIA,1.1651521315620057,1.182333570343812,1.164415717305772,1.1673611402511597,293768000.0
2016-06-21,NVIDIA,1.1722704018295216,1.1754612578944967,1.1585251306881674,1.1602433919906616,212508000.0
2016-06-22,NVIDIA,1.162697872923426,1.1703068646523596,1.1572980074924624,1.1592615842819214,202620000.0
2016-06-23,NVIDIA,1.1703070888555192,1.191415806725695,1.1695706742685148,1.1901885271072388,297880000.0
2016-06-24,NVIDIA,1.1413436171689724,1.1624523289708055,1.111889617032432,1.122443914413452,1017684000.0
2016-06-27,NVIDIA,1.113116643588968,1.1217074803615654,1.0939715107217336,1.1104167699813845,449088000.0
2016-06-28,NVIDIA,1.1315258365689742,1.132752999032812,1.111153418151668,1.1266168355941772,381920000.0
2016-06-29,NVIDIA,1.1364347697807813,1.153861763166115,1.1334893459635689,1.1450254917144775,318932000.0
2016-06-30,NVIDIA,1.1469888295202244,1.160979531216092,1.1376618120960964,1.1538615226745603,430940000.0
2016-07-01,NVIDIA,1.1474797117442903,1.1624521418475748,1.1413434334436705,1.145270586013794,218488000.0
2016-07-05,NVIDIA,1.1388891672955217,1.164170584196625,1.129807580758862,1.162207007408142,371084000.0
2016-07-06,NVIDIA,1.1541069119166945,1.1764429004929962,1.148216065730485,1.1695702075958252,273104000.0
2016-07-07,NVIDIA,1.1774247049294877,1.204178829844307,1.1720248402757625,1.200006127357483,395400000.0
2016-07-08,NVIDIA,1.2127693877026788,1.2540050740195063,1.2081058209740037,1.2481142282485962,481932000.0
2016-07-11,NVIDIA,1.266032493726336,1.286159361606587,1.2645597818034138,1.2768323421478271,448776000.0
2016-07-12,NVIDIA,1.2910682350396252,1.3077588109542786,1.274868406953325,1.295977234840393,436760000.0
2016-07-13,NVIDIA,1.2984318739322285,1.3057954332745183,1.2935228733839703,1.2954864501953125,324604000.0
2016-07-14,NVIDIA,1.302358902445066,1.320522189392512,1.2915590564310084,1.308740496635437,316892000.0
2016-07-15,NVIDIA,1.292049527585496,1.299413083314937,1.2724135350266492,1.2935222387313845,428616000.0
2016-07-18,NVIDIA,1.3094768129050098,1.3114403892042377,1.2952406799160032,1.30014967918396,252992000.0
2016-07-19,NVIDIA,1.299413401970914,1.318803966933898,1.2969588437792514,1.3136495351791382,382652000.0
2016-07-20,NVIDIA,1.3180672742398205,1.3379488168653444,1.3126674112144847,1.330830693244934,296460000.0
2016-07-21,NVIDIA,1.3278853087017553,1.332058010049189,1.3018676052312106,1.306285738945007,361308000.0
2016-07-22,NVIDIA,1.3109495604441652,1.3418762683868408,1.3013769940524111,1.3418762683868408,315768000.0
2016-07-25,NVIDIA,1.3499762180886057,1.3698576495113155,1.3440853715753054,1.3666667938232422,312528000.0
2016-07-26,NVIDIA,1.3786936602750974,1.3971023766111568,1.37673008415281,1.389984369277954,514508000.0
2016-07-27,NVIDIA,1.4020114352269029,1.404465993264262,1.3676484419822583,1.375993728637695,446676000.0
2016-07-28,NVIDIA,1.3791844649292435,1.3892478945271105,1.374766331066854,1.3789390325546265,221916000.0
2016-07-29,NVIDIA,1.3840937395544977,1.4052024494979225,1.3593033091780915,1.4015207290649414,409588000.0
2016-08-01,NVIDIA,1.4074113148033565,1.412565745863129,1.3833571861513236,1.3924387693405151,301120000.0
2016-08-02,NVIDIA,1.399066215168831,1.3998026295026769,1.3622487755905348,1.3755030632019043,282748000.0
2016-08-03,NVIDIA,1.3737850960146163,1.3818849524910468,1.3661761044640903,1.3791849613189695,299828000.0
2016-08-04,NVIDIA,1.3858119027648284,1.4110933153785077,1.383112029028457,1.4047116041183472,272712000.0
2016-08-05,NVIDIA,1.4209113313222164,1.4292566191355114,1.414038755127713,1.4285203218460083,371588000.0
2016-08-08,NVIDIA,1.4481563180277257,1.4515926061186122,1.4265566256853168,1.441774606704712,305064000.0
2016-08-09,NVIDIA,1.4488921958714345,1.459446606557829,1.441774189320896,1.4454559087753296,372344000.0
2016-08-10,NVIDIA,1.4582200119697342,1.4604290212709816,1.43146588268224,1.436129450798035,375740000.0
2016-08-11,NVIDIA,1.4437379431655135,1.4714737927508286,1.4407925204230478,1.4653375148773191,681064000.0
2016-08-12,NVIDIA,1.5193364641917624,1.555663028857614,1.488164330277717,1.5473177433013916,1425744000.0
2016-08-15,NVIDIA,1.549036244908056,1.558608811533775,1.5249821121336686,1.54584538936615,573304000.0
2016-08-16,NVIDIA,1.543636223754481,1.546090664746763,1.5318546495040364,1.5365182161331177,287652000.0
2016-08-17,NVIDIA,1.53651856073662,1.5399548491203514,1.4889011541853827,1.5009281635284424,595212000.0
2016-08-18,NVIDIA,1.4987190131317163,1.526700299503784,1.4928281667208456,1.5242458581924438,331684000.0
2016-08-19,NVIDIA,1.5235092838633122,1.539708992752034,1.516882140866996,1.5281728506088257,291560000.0
2016-08-22,NVIDIA,1.5328363377461562,1.5367636070835695,1.5146730535499455,1.5345544815063477,244748000.0
2016-08-23,NVIDIA,1.5501691288773711,1.5570543679417477,1.542546118624421,1.546972393989563,339764000.0
2016-08-24,NVIDIA,1.5523823074433327,1.553119961368041,1.515988683616102,1.5231198072433472,298448000.0
2016-08-25,NVIDIA,1.5236116609364472,1.5243493148452536,1.494103393986453,1.5130378007888794,406032000.0
2016-08-26,NVIDIA,1.5169727382524576,1.5339399555357864,1.5049234496043151,1.5253334045410156,300024000.0
2016-08-29,NVIDIA,1.5314809319652278,1.537628401149097,1.5218907252611866,1.5243496894836426,274652000.0
2016-08-30,NVIDIA,1.522382567710727,1.5304973493685237,1.511316935040011,1.5154973268508911,285544000.0
2016-08-31,NVIDIA,1.5184484419494306,1.5226287172318718,1.5039401863255488,1.508366346359253,388544000.0
2016-09-01,NVIDIA,1.509595572812963,1.5585301457822345,1.5083660320573655,1.5528744459152222,428492000.0
2016-09-02,NVIDIA,1.5560714129760356,1.5577927233877151,1.5201696618118872,1.5376286506652832,323148000.0
2016-09-06,NVIDIA,1.5430386950629602,1.552137017250061,1.5351697966474365,1.552137017250061,306812000.0
2016-09-07,NVIDIA,1.5472187818302514,1.5548417945624062,1.520415470788743,1.5292679071426392,397988000.0
2016-09-08,NVIDIA,1.5277924507127132,1.5427925911499965,1.5103334630815632,1.5403335094451904,315808000.0
2016-09-09,NVIDIA,1.5233662854466614,1.5319728368697405,1.450825017007944,1.4636119604110718,697760000.0
2016-09-12,NVIDIA,1.444185285062499,1.496808353302352,1.4095129691564934,1.493857502937317,598260000.0
2016-09-13,NVIDIA,1.4901691464402842,1.5073823637736596,1.463857609710134,1.4722182750701904,471768000.0
2016-09-14,NVIDIA,1.475661218584348,1.4901694731193968,1.4633661611555375,1.4852514266967771,319048000.0
2016-09-15,NVIDIA,1.4877106417384791,1.5432845830154571,1.4842679034044708,1.5415632724761963,515212000.0
2016-09-16,NVIDIA,1.5469723215339226,1.555332985328424,1.5275460284725642,1.5452510118484497,902444000.0
2016-09-19,NVIDIA,1.5614810385799012,1.6047599128431072,1.5543499130659728,1.5656614303588867,417128000.0
2016-09-20,NVIDIA,1.5836122327714994,1.5836122327714994,1.5427924419150854,1.551398992538452,331112000.0
2016-09-21,NVIDIA,1.5560712552968945,1.5978747049253508,1.55582537058521,1.5949238538742063,336212000.0
2016-09-22,NVIDIA,1.604268050310799,1.6091860959241888,1.5897597981629814,1.598858118057251,308732000.0
2016-09-23,NVIDIA,1.6008251189321845,1.605497161689596,1.59000537378373,1.5971364974975586,276132000.0
2016-09-26,NVIDIA,1.5789401337513471,1.5885303407889313,1.56221880123962,1.582136869430542,230040000.0
2016-09-27,NVIDIA,1.5759892657433094,1.6386944378677326,1.575251611635528,1.6362353563308716,402752000.0
2016-09-28,NVIDIA,1.6386945492567058,1.6433667106899594,1.6212354443756989,1.6421371698379517,319788000.0
2016-09-29,NVIDIA,1.6394320919883247,1.6625470128642472,1.624186185128235,1.6573829650878906,336684000.0
2016-09-30,NVIDIA,1.6664811305040288,1.7013993321911316,1.6566450404735236,1.6849238872528076,429932000.0
2016-10-03,NVIDIA,1.684924051636938,1.709268394425831,1.6802518908283075,1.683202624320984,242596000.0
2016-10-04,NVIDIA,1.685661636413727,1.7139403675342044,1.6669729939473283,1.6795140504837036,281624000.0
2016-10-05,NVIDIA,1.693776464516063,1.7109896821518258,1.6726288574377868,1.67779278755188,305440000.0
2016-10-06,NVIDIA,1.6576285830674435,1.6679564417168549,1.62934973822123,1.6559072732925415,360212000.0
2016-10-07,NVIDIA,1.666973358180868,1.6713996350882796,1.6391863903415984,1.643858551979065,286260000.0
2016-10-10,NVIDIA,1.6524646621027803,1.661317213551307,1.6345137917968402,1.6500056982040403,287876000.0
2016-10-11,NVIDIA,1.644596229856213,1.6470551942723346,1.613612410522615,1.6261534690856934,388540000.0
2016-10-12,NVIDIA,1.6195137779151845,1.6421368086927135,1.6059891832838908,1.6335302591323853,419920000.0
2016-10-13,NVIDIA,1.6143504192873954,1.6180389250816405,1.5663993749402705,1.6069732904434204,390116000.0
2016-10-14,NVIDIA,1.6266450944229247,1.6377107264539037,1.6131204981936489,1.6227107048034668,330636000.0
2016-10-17,NVIDIA,1.6224646826739926,1.6377105877272682,1.6111531669069017,1.6133662462234497,195328000.0
2016-10-18,NVIDIA,1.6357440159406116,1.6473014207819714,1.6291046582073945,1.6379570960998535,269372000.0
2016-10-19,NVIDIA,1.6268911983764711,1.642137105677089,1.6185304147138635,1.634514093399048,199060000.0
2016-10-20,NVIDIA,1.6536948481907836,1.670908071222824,1.6303341543845402,1.66549813747406,312084000.0
2016-10-21,NVIDIA,1.6595960694608891,1.6637763436830435,1.6450878175168868,1.6608256101608276,279508000.0
2016-10-24,NVIDIA,1.6721374696024451,1.7407442366053525,1.6718914676076373,1.7387770414352417,339836000.0
2016-10-25,NVIDIA,1.7358257355731637,1.7778750636313927,1.7274650703475976,1.7673012018203735,397460000.0
2016-10-26,NVIDIA,1.7525469256276498,1.793858596351546,1.7508256157854407,1.7744323015213013,333792000.0
2016-10-27,NVIDIA,1.7879570011878123,1.7913996210755274,1.7309076538598505,1.7380387783050537,388664000.0
2016-10-28,NVIDIA,1.7463999859505963,1.7729574128413592,1.7318917316014455,1.7350884675979614,290856000.0
2016-10-31,NVIDIA,1.7407438492465064,1.7613996870749309,1.7397601932525992,1.7498422861099243,252388000.0
2016-11-01,NVIDIA,1.7562356896788085,1.7658258955442083,1.6792681580804107,1.6979568004608154,473224000.0
2016-11-02,NVIDIA,1.7109900114040892,1.7341048176516916,1.6878750879010125,1.6908259391784668,295848000.0
2016-11-03,NVIDIA,1.698694746284641,1.7001701718447209,1.638694536778105,1.6711536645889282,309664000.0
2016-11-04,NVIDIA,1.6600879709476086,1.690088133234052,1.6372190514839458,1.6615633964538574,328780000.0
2016-11-07,NVIDIA,1.7102522792503774,1.763613136434652,1.7090227383139434,1.7525475025177002,487580000.0
2016-11-08,NVIDIA,1.7591864904025032,1.7648423071704258,1.7336127243709023,1.7498422861099243,429884000.0
2016-11-09,NVIDIA,1.702382943684425,1.7434487327116244,1.6898420045749527,1.7203338146209717,456532000.0
2016-11-10,NVIDIA,1.7579570413905072,1.7582029260715415,1.6416451448687412,1.6664812564849854,869280000.0
2016-11-11,NVIDIA,1.9551707554644109,2.1828763736041075,1.93033452793008,2.1632041931152344,2175344000.0
2016-11-14,NVIDIA,2.166155139585767,2.16861422088352,2.056236832098318,2.0567286014556885,1348796000.0
2016-11-15,NVIDIA,2.0727115712731217,2.1504167358955204,2.063859021825918,2.1194331645965576,626092000.0
2016-11-16,NVIDIA,2.1477126655912104,2.2760736237540566,2.123368321679886,2.253204822540283,987984000.0
2016-11-17,NVIDIA,2.2699254745222706,2.330909317007743,2.2291055782789324,2.271892786026001,832988000.0
2016-11-18,NVIDIA,2.2718930411422726,2.319597946728445,2.257384791391781,2.295745611190796,576060000.0
2016-11-21,NVIDIA,2.313696461275873,2.320089931189042,2.272138789584836,2.2864012718200684,436436000.0
2016-11-22,NVIDIA,2.2942699239290567,2.3050895514543583,2.2716468958228013,2.3028764724731445,330368000.0
2016-11-23,NVIDIA,2.30804826305702,2.3457276391002937,2.284652722484225,2.3142051696777344,443236000.0
2016-11-25,NVIDIA,2.3252878929657625,2.3420342600124013,2.3004143603681397,2.31888484954834,195564000.0
2016-11-28,NVIDIA,2.311742879967003,2.3331684026939925,2.3050934664286857,2.3176534175872803,278736000.0
2016-11-29,NVIDIA,2.3149435124537283,2.325779572765879,2.278741892606424,2.296473264694214,444568000.0
2016-11-30,NVIDIA,2.3050933201920456,2.3188846520517683,2.268152814701874,2.270615577697754,440500000.0
2016-12-01,NVIDIA,2.2681531291304475,2.2698770164941404,2.087636757051625,2.158316373825073,1035524000.0
2016-12-02,NVIDIA,2.124084527942009,2.186883576951563,2.0962559629104525,2.178264141082764,478292000.0
2016-12-05,NVIDIA,2.216189467041616,2.2807123976389354,2.191808678468315,2.262734651565552,602284000.0
2016-12-06,NVIDIA,2.27086203952567,2.3082952908858023,2.2551006828930897,2.299921989440918,498796000.0
2016-12-07,NVIDIA,2.286378152479886,2.346960604426786,2.2681540253895704,2.341296434402466,480804000.0
2016-12-08,NVIDIA,2.344250735345341,2.3794673579479024,2.2915488691474986,2.302138328552246,381544000.0
2016-12-09,NVIDIA,2.3198700554787317,2.3215939428948684,2.2339215852338143,2.2612576484680176,382312000.0
2016-12-12,NVIDIA,2.212742403840355,2.215205167484258,2.155853878893771,2.2063393592834477,601332000.0
2016-12-13,NVIDIA,2.2186527986345417,2.2728324209734296,2.217667787185742,2.24524998664856,387796000.0
2016-12-14,NVIDIA,2.2789886068717045,2.3915344784029813,2.2551003228875866,2.3752806186676025,983980000.0
2016-12-15,NVIDIA,2.3863630707275587,2.4612295768209558,2.378975015206992,2.430938243865967,746548000.0
2016-12-16,NVIDIA,2.4585197564874592,2.479945275917113,2.406802912562164,2.4728035926818848,1089528000.0
2016-12-19,NVIDIA,2.45531866340502,2.523043004199633,2.438079556674271,2.502848863601685,744656000.0
2016-12-20,NVIDIA,2.575498789094392,2.6136706783263457,2.564170219564626,2.590028762817383,848056000.0
2016-12-21,NVIDIA,2.601603554849965,2.609237979924373,2.5540733519817773,2.6062827110290527,576136000.0
2016-12-22,NVIDIA,2.6306633046021286,2.6811487725529908,2.6235213857392914,2.637805223464966,718612000.0
2016-12-23,NVIDIA,2.619827100367243,2.705036911920189,2.617118202089223,2.703559160232544,647692000.0
2016-12-27,NVIDIA,2.7597097301766182,2.890233144173725,2.7390228453134537,2.8892481327056885,1194272000.0
2016-12-28,NVIDIA,2.945396762781637,2.9535236917440275,2.6767156014586853,2.69050669670105,2295764000.0
2016-12-29,NVIDIA,2.5833790864422386,2.74567154402197,2.5316622400611126,2.74419379234314,2175368000.0
2016-12-30,NVIDIA,2.7422242414238465,2.75626171047638,2.6178575124362924,2.6286933422088623,1212932000.0
2017-01-03,NVIDIA,2.5710665384968507,2.61958200047738,2.4474386571267543,2.5122079849243164,1501996000.0
2017-01-04,NVIDIA,2.5464378804230905,2.5981547125445976,2.5003852134973563,2.5708186626434326,1199220000.0
2017-01-05,NVIDIA,2.574267607767841,2.606036456222518,2.488565275730568,2.505558013916016,984296000.0
2017-01-06,NVIDIA,2.5328943852451693,2.5673723715160026,2.4922597247547893,2.5390512943267822,822856000.0
2017-01-09,NVIDIA,2.548902165021836,2.659723947226683,2.548902165021836,2.6419923305511475,916248000.0
2017-01-10,NVIDIA,2.655044556781006,2.689029800128496,2.6013574405719244,2.622044324874878,880920000.0
2017-01-11,NVIDIA,2.610469598992737,2.615394891024939,2.5649094146691085,2.58978271484375,525664000.0
2017-01-12,NVIDIA,2.566879339471108,2.5784540443368837,2.502602537065401,2.547423839569092,625616000.0
2017-01-13,NVIDIA,2.551363490790515,2.5858414614940752,2.538064901985618,2.5471770763397217,457820000.0
2017-01-17,NVIDIA,2.5365883594206755,2.541513651491337,2.4767445693881065,2.4900431632995605,580612000.0
2017-01-18,NVIDIA,2.468616961620765,2.5422518311151547,2.440788399687641,2.535356283187866,654424000.0
2017-01-19,NVIDIA,2.5383122270538885,2.6217979350702363,2.536095833896295,2.58978271484375,644872000.0
2017-01-20,NVIDIA,2.6124386974479625,2.630170306158469,2.5395427101589,2.5614607334136963,492024000.0
2017-01-23,NVIDIA,2.556289390617346,2.608006236824073,2.5538266277355985,2.5880582332611084,369904000.0
2017-01-24,NVIDIA,2.5981553762019614,2.649379715938094,2.583379034023465,2.64322280883789,428052000.0
2017-01-25,NVIDIA,2.685581956244005,2.691738864749506,2.6185964827108714,2.6545519828796387,522760000.0
2017-01-26,NVIDIA,2.6572602654568027,2.7077457291835536,2.6277078160700698,2.700357675552368,458800000.0
2017-01-27,NVIDIA,2.707253718692628,2.755522798643677,2.6806565328666703,2.7525675296783447,471996000.0
2017-01-30,NVIDIA,2.7316346731850096,2.7338510663246804,2.65750727897753,2.709470272064209,496004000.0
2017-01-31,NVIDIA,2.683119477589148,2.7102091709308787,2.6646489865912795,2.688783645629883,362756000.0
2017-02-01,NVIDIA,2.723260962864385,2.810440802265504,2.705529585545485,2.8062543869018555,590004000.0
2017-02-02,NVIDIA,2.7902467617026248,2.8503369142048207,2.759709297225785,2.84171724319458,483240000.0
2017-02-03,NVIDIA,2.8431952765019863,2.8542774768931225,2.805023383411429,2.8168442249298096,372744000.0
2017-02-06,NVIDIA,2.80748685105771,2.88949506743947,2.80748685105771,2.889002561569214,506768000.0
2017-02-07,NVIDIA,2.923232463011105,2.9779045750486026,2.903530830637843,2.9338221549987797,746224000.0
2017-02-08,NVIDIA,2.91584455513659,2.938255086749696,2.8660977312782085,2.921016216278076,449580000.0
2017-02-09,NVIDIA,2.927173575615153,2.932099102541313,2.8468895065323823,2.866098403930664,842568000.0
2017-02-10,NVIDIA,2.9535240954501942,2.972486854000394,2.7730077466982177,2.7981274127960205,1651092000.0
2017-02-13,NVIDIA,2.792463661504082,2.806993637894996,2.6646491433248656,2.6690821647644043,1180724000.0
2017-02-14,NVIDIA,2.659476692133562,2.712671289600811,2.6176106629171327,2.6789321899414062,850632000.0
2017-02-15,NVIDIA,2.681887723907084,2.704051887278831,2.6538127881627145,2.6843502521514893,373020000.0
2017-02-16,NVIDIA,2.6939555847397623,2.695186966590273,2.6020965654778925,2.641253709793091,647176000.0
2017-02-17,NVIDIA,2.6277079623547044,2.6451932036494408,2.580670270028049,2.6407601833343506,563740000.0
2017-02-21,NVIDIA,2.665386770493631,2.7392679996271694,2.665140400304959,2.73532772064209,551952000.0
2017-02-22,NVIDIA,2.747411174407058,2.7567812979238364,2.712149870613193,2.7311367988586426,433772000.0
2017-02-23,NVIDIA,2.6014345847715257,2.6233802737663714,2.457924222175237,2.4778971672058105,1592888000.0
2017-02-24,NVIDIA,2.3935669451063544,2.515131651388397,2.3597852535610797,2.501816272735596,1029904000.0
2017-02-27,NVIDIA,2.5200630986839743,2.589598982933172,2.5042818500584194,2.5745575428009038,715400000.0
2017-02-28,NVIDIA,2.5841731051330195,2.594036587442333,2.485047506539707,2.5023081302642822,625360000.0
2017-03-01,NVIDIA,2.559268751749771,2.573570614804738,2.493185010883901,2.534610748291016,504804000.0
2017-03-02,NVIDIA,2.5217889243301634,2.535844108587207,2.438444308405568,2.4411566257476807,754332000.0
2017-03-03,NVIDIA,2.430553737764997,2.435485245088433,2.3726069393952605,2.4271016120910645,864692000.0
2017-03-06,NVIDIA,2.390853178143223,2.4189635355722965,2.34671513385898,2.408360481262207,883568000.0
2017-03-07,NVIDIA,2.408360771650134,2.454224883666664,2.3955385265566216,2.4347448348999023,603400000.0
2017-03-08,NVIDIA,2.483076013804045,2.497871009562086,2.428088436150157,2.430307626724243,638712000.0
2017-03-09,NVIDIA,2.414279533640161,2.4522529187243305,2.4017037305219344,2.429814100265503,478060000.0
2017-03-10,NVIDIA,2.456197834948473,2.4680335916954523,2.4258682820597643,2.444115161895752,499740000.0
2017-03-13,NVIDIA,2.4544728011507044,2.521296376877959,2.4537329925569416,2.5114331245422363,774136000.0
2017-03-14,NVIDIA,2.5242545689540004,2.533624455792165,2.477403958971125,2.509706258773804,522016000.0
2017-03-15,NVIDIA,2.5212965334917827,2.539543422109133,2.473706096978329,2.528693914413452,615036000.0
2017-03-16,NVIDIA,2.539296876138781,2.560256317224656,2.5252416883294075,2.559762954711914,523100000.0
2017-03-17,NVIDIA,2.577269189455772,2.6167224183279947,2.5597618823425408,2.6154894828796387,1119688000.0
2017-03-20,NVIDIA,2.632997345557023,2.702779907581085,2.616969416504881,2.6988344192504883,748568000.0
2017-03-21,NVIDIA,2.681573364355289,2.71140979235719,2.603653627139775,2.611544132232666,913484000.0
2017-03-22,NVIDIA,2.600447738988547,2.6694907112208086,2.59650248675886,2.66480565071106,616764000.0
2017-03-23,NVIDIA,2.65691558781957,2.676888770359785,2.631024643006741,2.640641212463379,533940000.0
2017-03-24,NVIDIA,2.6869986669194272,2.6948891732848392,2.6241203565681026,2.6500113010406494,439500000.0
2017-03-27,NVIDIA,2.6034076874915404,2.673190258324086,2.5540914287184195,2.6692450046539307,506644000.0
2017-03-28,NVIDIA,2.6704774776527795,2.685025789106124,2.6450796616974,2.6554360389709477,432444000.0
2017-03-29,NVIDIA,2.662833216755274,2.675162337170746,2.644586334886116,2.64680552482605,349992000.0
2017-03-30,NVIDIA,2.653956150055052,2.712396071070881,2.6482848347711885,2.697601079940796,525532000.0
2017-03-31,NVIDIA,2.6879852508973627,2.7096844987996294,2.672943809623207,2.6860125064849854,440808000.0
2017-04-03,NVIDIA,2.6865059680340817,2.7037666004346814,2.648778787680873,2.6724507808685303,445232000.0
2017-04-04,NVIDIA,2.549652910301884,2.5748042832259213,2.474199026688231,2.485048532485962,1271280000.0
2017-04-05,NVIDIA,2.4663081989278632,2.5242550036132254,2.453485949267638,2.466554880142212,747048000.0
2017-04-06,NVIDIA,2.4717322836052444,2.4966369665254264,2.426607742922434,2.4845545291900635,635120000.0
2017-04-07,NVIDIA,2.490966957940547,2.508474273019988,2.458911327172452,2.4739527702331543,429068000.0
2017-04-10,NVIDIA,2.474691962668723,2.481349533271372,2.406635463943814,2.410827398300171,756332000.0
2017-04-11,NVIDIA,2.3807444807074165,2.438691287701805,2.375812972649988,2.4194579124450684,618148000.0
2017-04-12,NVIDIA,2.4194578173854877,2.4337594488644303,2.394306445321256,2.399484634399414,414092000.0
2017-04-13,NVIDIA,2.375319378210694,2.3970183856494143,2.3546063899993896,2.3546063899993896,506892000.0
2017-04-17,NVIDIA,2.3674287655966304,2.447074572937918,2.362250577053552,2.4468281269073486,497292000.0
2017-04-18,NVIDIA,2.432526504217974,2.454472431364373,2.406635558921817,2.448307752609253,370116000.0
2017-04-19,NVIDIA,2.4658155895511435,2.489980476977737,2.451267273810256,2.457925081253052,380828000.0
2017-04-20,NVIDIA,2.472472311198814,2.5015689299027044,2.4512661973278718,2.4968838691711426,404016000.0
2017-04-21,NVIDIA,2.486528017626416,2.5099533284383684,2.4746922567623253,2.5072410106658936,341896000.0
2017-04-24,NVIDIA,2.538802783383562,2.551625031539965,2.517843583484727,2.5385563373565674,371820000.0
2017-04-25,NVIDIA,2.553105251167051,2.597243321738379,2.5316526838320663,2.5826950073242188,388440000.0
2017-04-26,NVIDIA,2.5962562622553262,2.598721898135232,2.562967708713354,2.564940452575684,327004000.0
2017-04-27,NVIDIA,2.572338022619069,2.6132704031829403,2.5543375859803685,2.604886770248413,319700000.0
2017-04-28,NVIDIA,2.5979819572657825,2.604886207069189,2.566172789753611,2.5718443393707275,348248000.0
2017-05-01,NVIDIA,2.5826943582695323,2.634723158502545,2.5755434259021395,2.629544734954834,307732000.0
2017-05-02,NVIDIA,2.602668045961994,2.603900981793853,2.528939988231022,2.551625490188598,629972000.0
2017-05-03,NVIDIA,2.544721956363688,2.580229718810906,2.529927192519823,2.570613145828247,336904000.0
2017-05-04,NVIDIA,2.5767755491823587,2.5878717308495367,2.552857123595702,2.5607478618621826,209788000.0
2017-05-05,NVIDIA,2.54916005554659,2.568146751512112,2.5336252509617707,2.560995817184448,228428000.0
2017-05-08,NVIDIA,2.572831127275649,2.574310508901094,2.522775070659255,2.5341179370880127,365240000.0
2017-05-09,NVIDIA,2.539789667990145,2.58737986118692,2.531405798599897,2.5383100509643555,847672000.0
2017-05-10,NVIDIA,2.818180021262334,3.0038559601424217,2.811522450375564,2.9907870292663574,2129096000.0
2017-05-11,NVIDIA,2.9602110673048863,3.2161627020200703,2.9567589412015742,3.119256019592285,1939792000.0
2017-05-12,NVIDIA,3.1224609929514577,3.1956956682007585,3.101501559857041,3.1535301208496094,962620000.0
2017-05-15,NVIDIA,3.194709935046448,3.314301875649034,3.1902713195094625,3.311836004257202,1087540000.0
2017-05-16,NVIDIA,3.362877977452078,3.389015835295427,3.2884105972865765,3.373481035232544,1120700000.0
2017-05-17,NVIDIA,3.306658091495964,3.325398339384972,3.145147264381759,3.149339199066162,1271368000.0
2017-05-18,NVIDIA,3.193230564809823,3.2901372486001392,3.1328181219939983,3.2812602519989014,1156032000.0
2017-05-19,NVIDIA,3.382465452041399,3.411839430875002,3.337787248877533,3.357040882110596,1018372000.0
2017-05-22,NVIDIA,3.400731592834757,3.4429413246862755,3.389870424730146,3.428624629974365,836608000.0
2017-05-23,NVIDIA,3.448371776292368,3.450593303871944,3.3498820918801395,3.382465124130249,681248000.0
2017-05-24,NVIDIA,3.479472987592976,3.482188396714049,3.4083827058008014,3.420478105545044,815996000.0
2017-05-25,NVIDIA,3.4557768548365067,3.456517442478721,3.3679013994248352,3.412826538085937,608228000.0
2017-05-26,NVIDIA,3.404680344797055,3.5861085217259445,3.384439423278809,3.501195192337036,779140000.0
2017-05-30,NVIDIA,3.547107258495595,3.61103907233236,3.5310626874995665,3.5759878158569336,989652000.0
2017-05-31,NVIDIA,3.6209136880190407,3.6285657995532814,3.506379426843917,3.563153028488159,887316000.0
2017-06-01,NVIDIA,3.5789492839032246,3.579936812221641,3.517979591552005,3.5633983612060547,503340000.0
2017-06-02,NVIDIA,3.5604369786729664,3.5866021294758617,3.539702410816134,3.545626640319824,487456000.0
2017-06-05,NVIDIA,3.52933509127436,3.6663317789859113,3.5177335733659016,3.653496026992798,817376000.0
2017-06-06,NVIDIA,3.6488065859536976,3.694965959026698,3.62362896010126,3.636958360671997,758728000.0
2017-06-07,NVIDIA,3.6613949953989886,3.6996553095352542,3.645844070014339,3.680895328521729,612612000.0
2017-06-08,NVIDIA,3.788024983589065,3.949459197986992,3.746802548408049,3.947978258132935,1161744000.0
2017-06-09,NVIDIA,4.0664609912537655,4.159273120217552,3.5236570243501664,3.6927433013916016,3692928000.0
2017-06-12,NVIDIA,3.600919211885214,3.744580724214461,3.5078601226881,3.7018771171569824,1697532000.0
2017-06-13,NVIDIA,3.811227385471868,3.820360670300085,3.595241371681763,3.737175226211548,1672504000.0
2017-06-14,NVIDIA,3.740137809194948,3.8028353997716846,3.665591758657904,3.745074510574341,1184640000.0
2017-06-15,NVIDIA,3.627577270315701,3.791479671378084,3.616222459693077,3.7611184120178223,963824000.0
2017-06-16,NVIDIA,3.770745658213769,3.8186329046912255,3.7085417201511537,3.742605686187744,924960000.0
2017-06-19,NVIDIA,3.786791393177052,3.888490146775601,3.783088925209352,3.8833065032958975,778176000.0
2017-06-20,NVIDIA,3.925515338191267,3.992409276782975,3.8734319742905727,3.877628087997437,1095444000.0
2017-06-21,NVIDIA,3.9052744789900182,3.9400790358210567,3.843317240685861,3.9363763332366943,682652000.0
2017-06-22,NVIDIA,3.944522478674799,3.957852115127483,3.8852806439331737,3.909224271774292,469132000.0
2017-06-23,NVIDIA,3.9168756456897618,3.9326735123937984,3.782100249856189,3.7971577644348153,1088588000.0
2017-06-26,NVIDIA,3.829988018602083,3.865533164679952,3.6613955745965914,3.7556889057159424,1063960000.0
2017-06-27,NVIDIA,3.738163235927895,3.746802640470792,3.612521105419504,3.618198394775391,999492000.0
2017-06-28,NVIDIA,3.685833092246795,3.75050551182451,3.5977106911374714,3.745815515518189,994948000.0
2017-06-29,NVIDIA,3.717428540783612,3.7203904204655136,3.5564879744280744,3.620666742324829,1064424000.0
2017-06-30,NVIDIA,3.637944631606457,3.651520969378904,3.542170385981081,3.56833553314209,731060000.0
2017-07-03,NVIDIA,3.5804311027583275,3.595241440732412,3.420724792852428,3.4392378330230717,709072000.0
2017-07-05,NVIDIA,3.5026764023333614,3.559943645366726,3.483669713458803,3.5310633182525635,820188000.0
2017-07-06,NVIDIA,3.501936214553804,3.5885774353702766,3.4498526114954027,3.541677474975586,746284000.0
2017-07-07,NVIDIA,3.598450282630977,3.640906943257352,3.575493954106884,3.622640609741211,654972000.0
2017-07-10,NVIDIA,3.6961998046019486,3.8013540582267775,3.670034652839673,3.7939488887786874,958492000.0
2017-07-11,NVIDIA,3.797651426443737,3.855412310607501,3.755688409048308,3.847760200500488,757956000.0
2017-07-12,NVIDIA,3.90749500740163,4.023510167178391,3.864544704190402,4.011415004730225,1145208000.0
2017-07-13,NVIDIA,4.023511652542633,4.104969235396418,3.918604323544304,3.965010404586792,1369132000.0
2017-07-14,NVIDIA,3.9813006476902335,4.073125487098461,3.974389125950481,4.07164478302002,941948000.0
2017-07-17,NVIDIA,4.105708155610972,4.134588709424567,3.992654878835912,4.054365158081055,930792000.0
2017-07-18,NVIDIA,3.993396314988326,4.111139846600428,3.98154785599202,4.09657621383667,776640000.0
2017-07-19,NVIDIA,4.105709646013438,4.132121741747563,4.063253210836053,4.075348377227783,687044000.0
2017-07-20,NVIDIA,4.095837126498058,4.134837808266001,4.045975274869972,4.134591102600098,699596000.0
2017-07-21,NVIDIA,4.114103449346213,4.17902282463299,4.099786516160616,4.149401664733887,648332000.0
2017-07-24,NVIDIA,4.156559524634094,4.166186223096344,4.090652869171776,4.101266860961914,652524000.0
2017-07-25,NVIDIA,4.0783095943628,4.095835577071077,4.037827752288767,4.081518650054932,496556000.0
2017-07-26,NVIDIA,4.139033209410651,4.1945725743035975,4.093861129856091,4.128665924072266,640404000.0
2017-07-27,NVIDIA,4.15359525094609,4.165197001505397,3.889228399191655,3.992408037185669,782856000.0
2017-07-28,NVIDIA,3.956618769371508,4.0822611748240325,3.9316880765638698,4.057823657989502,513348000.0
2017-07-31,NVIDIA,4.07139740590661,4.107436187718886,3.964762235287296,4.011415004730225,559672000.0
2017-08-01,NVIDIA,4.002034864309742,4.062017263219,3.974142074235959,4.06028938293457,431384000.0
2017-08-02,NVIDIA,4.091394464277323,4.095343638561266,3.980809580516388,4.057823657989502,478444000.0
2017-08-03,NVIDIA,4.05733000681636,4.113116092185286,4.040297898989421,4.109413623809815,442420000.0
2017-08-04,NVIDIA,4.132120675323932,4.1980273094375145,4.109411523701726,4.12743091583252,589096000.0
2017-08-07,NVIDIA,4.156558199566437,4.254800681150564,4.146931033360959,4.254307270050049,717412000.0
2017-08-08,NVIDIA,4.292321593524357,4.308859814493777,4.164457939096253,4.203705787658691,755336000.0
2017-08-09,NVIDIA,4.157546429813921,4.25085246736625,4.138786445898662,4.24838399887085,530784000.0
2017-08-10,NVIDIA,4.249617379005804,4.261959719685869,4.056340984996345,4.066461563110352,1328088000.0
2017-08-11,NVIDIA,3.878862528949752,3.924774959830284,3.774448854584803,3.8497352600097656,1497196000.0
2017-08-14,NVIDIA,3.941314033269554,4.160508936858883,3.9297125120791865,4.156806468963623,1279020000.0
2017-08-15,NVIDIA,4.161989791195258,4.188154711710809,4.08744373206995,4.1217546463012695,764532000.0
2017-08-16,NVIDIA,4.136812029774231,4.160261775227814,4.044246576040054,4.076582431793213,596632000.0
2017-08-17,NVIDIA,4.068189326244297,4.085220955510285,3.983522707791445,3.985743999481201,525444000.0
2017-08-18,NVIDIA,4.040049536711073,4.05708163755408,3.940572340808606,3.9864847660064697,601204000.0
2017-08-21,NVIDIA,4.010922141258779,4.022276717848377,3.8845394467230903,3.928477048873901,623672000.0
2017-08-22,NVIDIA,3.965041528216996,4.0218648660309855,3.9457709496404263,4.01593542098999,450456000.0
2017-08-23,NVIDIA,3.982581952126536,4.107346247337564,3.9739344738668816,4.09622859954834,579520000.0
2017-08-24,NVIDIA,4.128345837235838,4.132793273171503,4.05472281877003,4.081157684326172,469700000.0
2017-08-25,NVIDIA,4.105371560526674,4.115501050298603,4.040641972090164,4.047065734863281,357200000.0
2017-08-28,NVIDIA,4.066088476752473,4.078935528919779,4.010500224949067,4.075723648071289,389496000.0
2017-08-29,NVIDIA,4.016923251961611,4.090793670606257,4.008770089949199,4.069052219390869,324096000.0
2017-08-30,NVIDIA,4.088820477402713,4.104385575754958,4.058432463190571,4.093267917633057,384400000.0
2017-08-31,NVIDIA,4.113524251521925,4.190112260550684,4.1061127975290725,4.186159610748291,612684000.0
2017-09-01,NVIDIA,4.198760315722758,4.246936658163168,4.190112832838803,4.211359977722168,445432000.0
2017-09-05,NVIDIA,4.159969943302894,4.164911225307366,4.040888157090619,4.098946571350098,695364000.0
2017-09-06,NVIDIA,4.13180582153519,4.145641034665225,4.061641122467213,4.096476078033447,397672000.0
2017-09-07,NVIDIA,4.113276254943728,4.147864287819099,4.075229418780821,4.115499973297119,352868000.0
2017-09-08,NVIDIA,4.103889066147354,4.118712445314826,4.0198891321538,4.044100761413574,498856000.0
2017-09-11,NVIDIA,4.089807206158495,4.185912961350715,4.084371605485076,4.175289154052734,567444000.0
2017-09-12,NVIDIA,4.199994287288012,4.199994287288012,4.125135689983131,4.190359115600586,411488000.0
2017-09-13,NVIDIA,4.1651583037751285,4.238040566773092,4.132793989256891,4.209135055541992,580960000.0
2017-09-14,NVIDIA,4.170099404989905,4.263240638185579,4.14564086029992,4.18517017364502,513712000.0
2017-09-15,NVIDIA,4.270652948425177,4.449770450592041,4.265464742676675,4.449770450592041,1364792000.0
2017-09-18,NVIDIA,4.574040736232068,4.723758399252469,4.567123128871037,4.633581638336182,1684460000.0
2017-09-19,NVIDIA,4.583183305272318,4.690406719676616,4.561194920924296,4.628642082214356,874280000.0
2017-09-20,NVIDIA,4.632347100099268,4.679782194921176,4.5510647327853,4.591335296630859,724920000.0
2017-09-21,NVIDIA,4.487571316005897,4.513759744276348,4.388006752219894,4.465830326080322,1075600000.0
2017-09-22,NVIDIA,4.454465898368714,4.504124720501309,4.412465925338633,4.4223480224609375,491232000.0
2017-09-25,NVIDIA,4.3914647501691135,4.392700306558007,4.203947627340066,4.224700450897217,874580000.0
2017-09-26,NVIDIA,4.359346958321188,4.414440893372006,4.208641135916967,4.248417377471924,1125620000.0
2017-09-27,NVIDIA,4.338841845510356,4.354900781436731,4.267935887360835,4.341559410095215,713720000.0
2017-09-28,NVIDIA,4.34872401856864,4.352677139724702,4.292888832889708,4.340324401855469,435244000.0
2017-09-29,NVIDIA,4.424322969436162,4.440381429450588,4.379111133469142,4.416664123535156,619092000.0
2017-10-02,NVIDIA,4.466818637578293,4.495971554490623,4.372936594395827,4.4223480224609375,503480000.0
2017-10-03,NVIDIA,4.428523078993048,4.461382184906847,4.387264357945185,4.431488037109375,390332000.0
2017-10-04,NVIDIA,4.437665029765094,4.490782648304624,4.401100192283727,4.468547344207764,427848000.0
2017-10-05,NVIDIA,4.493006996198112,4.496465800820647,4.436183171536309,4.466077327728272,437364000.0
2017-10-06,NVIDIA,4.438404498148305,4.492510257531356,4.422345569103331,4.479168891906738,318800000.0
2017-10-09,NVIDIA,4.515983036054143,4.613324352839281,4.497206533616128,4.580218315124512,563492000.0
2017-10-10,NVIDIA,4.729440594579086,4.766993590671148,4.626417249329684,4.667675971984863,974876000.0
2017-10-11,NVIDIA,4.684229664563648,4.718818180393701,4.6382770440516765,4.7173357009887695,529508000.0
2017-10-12,NVIDIA,4.720794754912827,4.770453576561277,4.692383078026357,4.719559669494629,528292000.0
2017-10-13,NVIDIA,4.781817696953885,4.817641296612861,4.734876915911171,4.807511806488037,628728000.0
2017-10-16,NVIDIA,4.837406124234172,4.89299438917379,4.774159010737239,4.890029430389404,576640000.0
2017-10-17,NVIDIA,4.869276112227167,4.913993642487508,4.850993929400595,4.885581970214844,478596000.0
2017-10-18,NVIDIA,4.894475958506605,4.895216726838204,4.7761349189469,4.881381511688232,567316000.0
2017-10-19,NVIDIA,4.80380615606033,4.891758744636096,4.7546416552198325,4.886817932128906,570772000.0
2017-10-20,NVIDIA,4.903865903869316,4.931042026788897,4.855689085729711,4.864583492279053,451620000.0
2017-10-23,NVIDIA,4.886323659659775,4.912759009527121,4.837406081193506,4.857665061950684,428696000.0
2017-10-24,NVIDIA,4.866806272475474,4.910288724682846,4.840865237590448,4.908559322357178,407244000.0
2017-10-25,NVIDIA,4.8690272384006805,4.921897912082839,4.723015814639905,4.7845330238342285,828160000.0
2017-10-26,NVIDIA,4.8122059595803925,4.846299684384169,4.7882412532374135,4.834688186645508,322744000.0
2017-10-27,NVIDIA,4.886817229063083,4.987369935325871,4.8608757288054605,4.987123012542725,572192000.0
2017-10-30,NVIDIA,4.987121321185913,5.091626641443338,4.97130931512008,5.036038875579834,504056000.0
2017-10-31,NVIDIA,5.067910840166804,5.136098752293261,5.0622283178118215,5.109416484832764,411908000.0
2017-11-01,NVIDIA,5.17216858473951,5.187486276691405,5.054815725248218,5.119050979614258,502576000.0
2017-11-02,NVIDIA,5.089405529197985,5.134123060323995,5.031346627084372,5.087923049926758,342308000.0
2017-11-03,NVIDIA,5.1190520035513885,5.155863761901856,5.073099389730648,5.155863761901856,353640000.0
2017-11-06,NVIDIA,5.119051939110113,5.187734171800686,5.106699202627933,5.179087162017822,389944000.0
2017-11-07,NVIDIA,5.201816546741778,5.259875442286922,5.189710733592025,5.2383809089660645,427700000.0
2017-11-08,NVIDIA,5.233934214766832,5.237640412718127,5.120040607642101,5.167475700378418,522988000.0
2017-11-09,NVIDIA,5.071369094426796,5.0975570422782,4.950310506040619,5.072604179382324,978564000.0
2017-11-10,NVIDIA,5.2643221183532924,5.402427809479425,5.228498526427653,5.339921951293945,1253256000.0
2017-11-13,NVIDIA,5.339923280958787,5.365369997294561,5.237888079112497,5.2532057762146,582376000.0
2017-11-14,NVIDIA,5.262346225323295,5.306816833794056,5.218616856490611,5.291499137878418,529292000.0
2017-11-15,NVIDIA,5.236404775421684,5.237640331795257,5.1338757440694005,5.187734127044678,501948000.0
2017-11-16,NVIDIA,5.261853164312221,5.29199424380355,5.219111951548242,5.228005886077881,441768000.0
2017-11-17,NVIDIA,5.28507604849537,5.320405331083158,5.2067586350690975,5.221828937530518,515664000.0
2017-11-20,NVIDIA,5.237394453438138,5.301135892168124,5.200582685215676,5.289030075073242,396100000.0
2017-11-21,NVIDIA,5.328805003612129,5.349310904953259,5.296934527800828,5.337698936462402,399176000.0
2017-11-22,NVIDIA,5.364893703494278,5.364893703494278,5.281082520674756,5.313716888427734,356640000.0
2017-11-24,NVIDIA,5.330034638555946,5.3648942734494165,5.30555862436392,5.36390495300293,180752000.0
2017-11-27,NVIDIA,5.37255936951022,5.373795312950632,5.290972955818318,5.294187068939209,422896000.0
2017-11-28,NVIDIA,5.299376263445162,5.308771032237451,5.148318680002815,5.209384441375732,512752000.0
2017-11-29,NVIDIA,5.192080438771233,5.194799891301983,4.727782135553212,4.856094837188721,1396788000.0
2017-11-30,NVIDIA,4.924823825493435,5.010859798414919,4.861780354729663,4.962155342102051,823768000.0
2017-12-01,NVIDIA,4.9275446778124055,4.947817733733914,4.75843923021331,4.887246131896973,811548000.0
2017-12-04,NVIDIA,4.945838430681996,4.952019561034658,4.561395983380852,4.614797592163086,1240844000.0
2017-12-05,NVIDIA,4.50947803963698,4.764125272944164,4.464482346904767,4.641499042510986,981488000.0
2017-12-06,NVIDIA,4.591063943578472,4.700834193729968,4.569802040659538,4.679078102111816,467032000.0
2017-12-07,NVIDIA,4.745831693295776,4.786377816667768,4.700341323278417,4.746573448181152,542600000.0
2017-12-08,NVIDIA,4.796512221409745,4.815549332756158,4.725804567451477,4.73421049118042,466876000.0
2017-12-11,NVIDIA,4.748301179278959,4.815548080063105,4.732478656479159,4.812581062316895,372748000.0
2017-12-12,NVIDIA,4.769070817386228,4.792310422395332,4.6946543795457645,4.718141078948975,455016000.0
2017-12-13,NVIDIA,4.759179486648868,4.76041542968112,4.595512996114211,4.602930068969727,554280000.0
2017-12-14,NVIDIA,4.596502536147798,4.681055481822733,4.563868165161839,4.610100269317627,438164000.0
2017-12-15,NVIDIA,4.654107437128855,4.75621350835041,4.589085791504913,4.735940456390381,670036000.0
2017-12-18,NVIDIA,4.776485997726457,4.895651006193768,4.746818646435386,4.892684459686279,477704000.0
2017-12-19,NVIDIA,4.883290750865196,4.888482562048411,4.819999696061505,4.84843111038208,373100000.0
2017-12-20,NVIDIA,4.887739276321822,4.896886480843627,4.809861661414073,4.865488529205322,288820000.0
2017-12-21,NVIDIA,4.868950882819624,4.893921087746571,4.834585905306429,4.842991828918457,300904000.0
2017-12-22,NVIDIA,4.806153949486824,4.837057716317147,4.7282763250392765,4.827662944793701,466276000.0
2017-12-26,NVIDIA,4.772282470049768,4.888975106799336,4.7423675564350365,4.881310939788818,355080000.0
2017-12-27,NVIDIA,4.867961325754705,4.943860778469477,4.85337474450998,4.874636173248291,329488000.0
2017-12-28,NVIDIA,4.898370243596015,4.9292740082423325,4.874141797741405,4.880322456359863,240248000.0
2017-12-29,NVIDIA,4.906529827475546,4.906529827475546,4.7839035987854,4.7839035987854,279964000.0
2018-01-02,NVIDIA,4.8402718238970985,4.932241850273964,4.808626771034557,4.92853307723999,355616000.0
2018-01-03,NVIDIA,5.045965719231512,5.283306832968593,5.037312704457372,5.252897262573242,914704000.0
2018-01-04,NVIDIA,5.334238289141166,5.390854021644087,5.258338350305627,5.2805891036987305,583268000.0
2018-01-05,NVIDIA,5.295422965695073,5.362669410950492,5.218534182020632,5.325337886810303,580124000.0
2018-01-08,NVIDIA,5.448951920939214,5.562677546658299,5.403955764952031,5.488508701324463,881216000.0
2018-01-09,NVIDIA,5.493948628878952,5.533505416633515,5.40544028091156,5.487026214599609,497000000.0
2018-01-10,NVIDIA,5.394560011149501,5.533503377342367,5.340169565920301,5.530042171478272,582664000.0
2018-01-11,NVIDIA,5.562679579998581,5.594078015789105,5.51842516230587,5.5399346351623535,406032000.0
2018-01-12,NVIDIA,5.528066565771384,5.562431543153365,5.472192590731405,5.512738227844238,359916000.0
2018-01-16,NVIDIA,5.5391909122510885,5.624732226719882,5.357229531998501,5.441781997680664,702348000.0
2018-01-17,NVIDIA,5.456368995491275,5.565644575410841,5.362421751821587,5.555755615234375,538408000.0
2018-01-18,NVIDIA,5.536472055944906,5.603224313227922,5.505321191167811,5.548833847045898,408632000.0
2018-01-19,NVIDIA,5.6390730687535005,5.713241932676644,5.612125164511445,5.689013481140137,609380000.0
2018-01-22,NVIDIA,5.696924523479651,5.77925221387393,5.639319943950275,5.77752161026001,550944000.0
2018-01-23,NVIDIA,5.830923313653374,5.929321098289492,5.812381333897702,5.906576156616211,475228000.0
2018-01-24,NVIDIA,5.909789542758876,5.94563802891413,5.77406023855731,5.829687118530273,579972000.0
2018-01-25,NVIDIA,5.884076375829954,5.92734192761862,5.828449978829395,5.843283653259277,409884000.0
2018-01-26,NVIDIA,5.88704507421381,6.016099068858038,5.874189093623534,6.015851974487305,516356000.0
2018-01-29,NVIDIA,6.0012657049554665,6.134028479894716,5.948605836424582,6.102877140045166,455116000.0
2018-01-30,NVIDIA,5.960965263714578,6.092244487539131,5.894213020097887,6.000769138336182,570832000.0
2018-01-31,NVIDIA,6.076174940105346,6.162705581597857,6.0435405698559705,6.076916694641113,478576000.0
2018-02-01,NVIDIA,5.896933147971347,6.104112315544132,5.885560678426622,5.945884704589844,519224000.0
2018-02-02,NVIDIA,5.859353781027756,5.883335131817482,5.715218581987567,5.773317337036133,718464000.0
2018-02-05,NVIDIA,5.612125092729859,5.7661492899389,5.068218525736487,5.283308982849121,1165204000.0
2018-02-06,NVIDIA,5.053383894240053,5.5799838537570805,5.043494462880013,5.577017307281494,1114800000.0
2018-02-07,NVIDIA,5.67590995255354,5.809166896904459,5.604707641396188,5.656625747680664,802932000.0
2018-02-08,NVIDIA,5.7822203790534745,5.815348948645603,5.377504261278823,5.37775182723999,1144000000.0
2018-02-09,NVIDIA,5.890258781347157,5.906081307958318,5.377750668311046,5.737717628479004,1674604000.0
2018-02-12,NVIDIA,5.818807644130176,5.821774661949401,5.563419180414873,5.637588024139404,1093172000.0
2018-02-13,NVIDIA,5.601247721815449,5.797548664981154,5.568860435753,5.751316547393799,625524000.0
2018-02-14,NVIDIA,5.7110160872970255,5.997555905547845,5.699890712604371,5.968629837036133,744988000.0
2018-02-15,NVIDIA,6.051946784316371,6.140455127802304,5.971102609330808,6.0942230224609375,698900000.0
2018-02-16,NVIDIA,6.067028442104457,6.180754091033498,6.019312824355167,6.028460502624512,637656000.0
2018-02-20,NVIDIA,6.0509573164407975,6.226985136495736,6.0472485439625245,6.158008098602295,686240000.0
2018-02-21,NVIDIA,6.222536912199871,6.229459327457682,5.967147887712291,5.970856189727783,892292000.0
2018-02-22,NVIDIA,6.0047468062162,6.07648785869084,5.924841854779317,5.990398406982422,534364000.0
2018-02-23,NVIDIA,6.050265396158643,6.083909511566162,5.999551739231379,6.083909511566162,415300000.0
2018-02-26,NVIDIA,6.130170170872084,6.134622992043262,6.037648502277265,6.099989414215088,469312000.0
2018-02-27,NVIDIA,6.073272350216784,6.157630603177743,6.0641194587733205,6.0871262550354,455436000.0
2018-02-28,NVIDIA,6.098008620913112,6.13758997847753,5.975058975895849,5.9866862297058105,523116000.0
2018-03-01,NVIDIA,5.984462308697891,6.038392086286314,5.643320074234557,5.744500160217285,1040120000.0
2018-03-02,NVIDIA,5.636886312705319,5.8580476484197295,5.488208711013022,5.8516154289245605,913428000.0
2018-03-05,NVIDIA,5.80139802254655,5.869181230829485,5.677953360328171,5.829599857330322,620776000.0
2018-03-06,NVIDIA,5.914946504544787,6.009942074400134,5.871901777033703,5.990645885467529,636808000.0
2018-03-07,NVIDIA,5.887734338680101,6.0349280038477575,5.886497627274486,5.982729911804199,581208000.0
2018-03-08,NVIDIA,6.010189955185937,6.010189955185937,5.9221210921230805,5.966403007507324,411912000.0
2018-03-09,NVIDIA,6.013899575269276,6.08193002057617,5.997819969257524,6.069066524505615,505524000.0
2018-03-12,NVIDIA,6.110379364013688,6.258809249903008,6.102215465492341,6.178657054901123,605060000.0
2018-03-13,NVIDIA,6.22145513174335,6.2959178016109165,6.086630943949415,6.127943992614746,619772000.0
2018-03-14,NVIDIA,6.170988778143785,6.198201146970124,6.091083822551881,6.153424739837647,505496000.0
2018-03-15,NVIDIA,6.167031492241684,6.249409878180265,6.126212935242739,6.168268203735352,401952000.0
2018-03-16,NVIDIA,6.184593374110956,6.215516340981511,6.146990940702628,6.196467876434326,399456000.0
2018-03-19,NVIDIA,6.139571500102066,6.168515077029109,5.862996397151445,5.961949825286865,713772000.0
2018-03-20,NVIDIA,5.964917508158366,6.21304350057435,5.964917508158366,6.174204349517822,554696000.0
2018-03-21,NVIDIA,6.167771827905227,6.234071061900999,6.118542605924722,6.148971080780029,438688000.0
2018-03-22,NVIDIA,6.085641414237361,6.1321494994676,5.9456221908964775,5.982976913452148,551196000.0
2018-03-23,NVIDIA,5.996581570642971,5.99905546456959,5.752166701596007,5.763298988342285,735620000.0
2018-03-26,NVIDIA,5.887734084236219,6.049275670855344,5.835783714196595,6.048038959503174,611424000.0
2018-03-27,NVIDIA,6.128933082184735,6.184594527299858,5.438732578298572,5.578999042510986,1409000000.0
2018-03-28,NVIDIA,5.544612753160743,5.674736392718821,5.368228278249378,5.475840091705322,945904000.0
2018-03-29,NVIDIA,5.544117455284402,5.825887552154622,5.459759688475533,5.729160785675049,916628000.0
2018-04-02,NVIDIA,5.658655502707749,5.804859187102179,5.380596057892972,5.468417167663574,922092000.0
2018-04-03,NVIDIA,5.635403535381037,5.698486201262858,5.475840859769062,5.574794292449951,667432000.0
2018-04-04,NVIDIA,5.318999465191075,5.607201846705951,5.294013740483714,5.596811771392822,789168000.0
2018-04-05,NVIDIA,5.655193655804861,5.668304872258876,5.405088720492209,5.4765825271606445,701240000.0
2018-04-06,NVIDIA,5.3739190219646025,5.482025827414019,5.2710072544788105,5.300198554992676,662988000.0
2018-04-09,NVIDIA,5.363279989018909,5.491177441932868,5.30885525987003,5.328893661499023,499524000.0
2018-04-10,NVIDIA,5.559208970692893,5.665089116084822,5.502063088259853,5.638124465942383,761676000.0
2018-04-11,NVIDIA,5.623281927386973,5.664594980707421,5.564157114166648,5.596811771392822,460244000.0
2018-04-12,NVIDIA,5.689827355673216,5.821435434328934,5.645545444430671,5.803623676300049,593920000.0
2018-04-13,NVIDIA,5.867200897075143,5.875612043769235,5.678694671207499,5.726934432983398,503036000.0
2018-04-16,NVIDIA,5.733615579541441,5.760085738665743,5.632435485392518,5.726688861846924,350792000.0
2018-04-17,NVIDIA,5.778885231267298,5.897629332002269,5.723223786595557,5.876354217529297,447224000.0
2018-04-18,NVIDIA,5.82588783955547,5.918656757203468,5.758352361940327,5.847410202026367,391364000.0
2018-04-19,NVIDIA,5.733120521725171,5.766517398019447,5.610665780493406,5.666079521179199,471996000.0
2018-04-20,NVIDIA,5.657421101270681,5.741778895439108,5.626745840021319,5.657916069030762,386200000.0
2018-04-23,NVIDIA,5.675725894270796,5.7269340427657776,5.512452647763304,5.538427829742432,427508000.0
2018-04-24,NVIDIA,5.56415653050257,5.66014109311447,5.406820514175754,5.472129821777344,414596000.0
2018-04-25,NVIDIA,5.442442635165923,5.481529502672807,5.20248056157128,5.359816551208496,588492000.0
2018-04-26,NVIDIA,5.5216061065432,5.579741448070981,5.455554585669828,5.571577548980713,375824000.0
2018-04-27,NVIDIA,5.677459614494893,5.697250303858932,5.556736079081176,5.599038600921631,400848000.0
2018-04-30,NVIDIA,5.615364217374966,5.665088409491538,5.544365382775312,5.563661098480225,327844000.0
2018-05-01,NVIDIA,5.555497675012702,5.621796440592739,5.496867368664506,5.619075298309326,253788000.0
2018-05-02,NVIDIA,5.615612232215377,5.660140918146858,5.5723197857763305,5.5985426902771,268248000.0
2018-05-03,NVIDIA,5.630453747565179,5.790016366549174,5.585182385339468,5.763793468475342,443144000.0
2018-05-04,NVIDIA,5.735098738424546,5.91717322916036,5.71778194803073,5.913957118988037,400660000.0
2018-05-07,NVIDIA,6.0186015200406935,6.20908718880737,6.008705940020345,6.151941299438477,687616000.0
2018-05-08,NVIDIA,6.152188869847852,6.1972130063447874,6.1032068786131095,6.194491863250732,506616000.0
2018-05-09,NVIDIA,6.214527789666555,6.329808528931807,6.187315423836344,6.327581882476807,596760000.0
2018-05-10,NVIDIA,6.38052298278593,6.444347860329408,6.362711224455021,6.435194969177246,994080000.0
2018-05-11,NVIDIA,6.253367020973104,6.42678309972674,6.19795329707649,6.296658992767334,1214456000.0
2018-05-14,NVIDIA,6.334756108439021,6.394623122549954,6.293443065299179,6.3171916007995605,523140000.0
2018-05-15,NVIDIA,6.253614024914683,6.256335638904531,5.974317826148298,6.074755668640137,963528000.0
2018-05-16,NVIDIA,6.036163719751042,6.147981097524908,5.999303497560304,6.085887908935547,553828000.0
2018-05-17,NVIDIA,6.087620407413383,6.221702379647557,6.071540328544249,6.127943992614746,519784000.0
2018-05-18,NVIDIA,6.179894774925811,6.243224682626679,6.079209200932519,6.0841569900512695,483716000.0
2018-05-21,NVIDIA,6.181627078681152,6.185337684971658,5.949333404843383,6.042102336883545,640624000.0
2018-05-22,NVIDIA,6.05546131205039,6.080694284307306,5.943396188540577,6.004005432128906,518264000.0
2018-05-23,NVIDIA,5.947812744642541,6.128762324010405,5.947070070213386,6.127524375915527,442956000.0
2018-05-24,NVIDIA,6.123812659092208,6.17356760620898,6.070592212062383,6.131238460540772,437372000.0
2018-05-25,NVIDIA,6.143863151765477,6.18693450104351,6.108218076277748,6.170597076416016,292112000.0
2018-05-29,NVIDIA,6.152527170792134,6.221590245286395,6.106732994097086,6.153517246246338,352684000.0
2018-05-30,NVIDIA,6.187181188054529,6.271095846747227,6.162427418970569,6.262432098388672,390996000.0
2018-05-31,NVIDIA,6.230499803751996,6.317137757723005,6.21985590516658,6.242629051208496,493868000.0
2018-06-01,NVIDIA,6.287434570439075,6.383231568042655,6.278770820286163,6.377042770385742,421968000.0
2018-06-04,NVIDIA,6.411202417021347,6.5780421515053655,6.379022843816979,6.55601167678833,642024000.0
2018-06-05,NVIDIA,6.559229610246792,6.5990833315188215,6.514425512038851,6.561457633972168,391712000.0
2018-06-06,NVIDIA,6.471353845429838,6.566655560807269,6.4550164219976764,6.563437461853027,371356000.0
2018-06-07,NVIDIA,6.559724903965108,6.571606752925351,6.417391061532925,6.507742404937744,369448000.0
2018-06-08,NVIDIA,6.434967248687056,6.534971957839424,6.416154397475202,6.492395877838135,360456000.0
2018-06-11,NVIDIA,6.479769675512245,6.521355669234114,6.4384310825704665,6.451303005218506,265372000.0
2018-06-12,NVIDIA,6.477791184359182,6.511950914178766,6.427540956934155,6.499821662902832,319160000.0
2018-06-13,NVIDIA,6.501306544448188,6.576310070715226,6.486206595581126,6.495365619659424,338208000.0
2018-06-14,NVIDIA,6.540418411030922,6.663691553497641,6.525565861132541,6.607005596160889,430016000.0
2018-06-15,NVIDIA,6.549823730107257,6.621114357436662,6.518881629026692,6.566161155700684,432260000.0
2018-06-18,NVIDIA,6.522100293417708,6.579528924871867,6.494871563162496,6.561954021453857,356268000.0
2018-06-19,NVIDIA,6.458729541578607,6.526059860406424,6.312683273213872,6.440164566040039,594932000.0
2018-06-20,NVIDIA,6.481255511337796,6.546109931009988,6.442887141291563,6.493137359619141,369780000.0
2018-06-21,NVIDIA,6.525070413486416,6.543387989980937,6.356745308413323,6.364418983459473,359516000.0
2018-06-22,NVIDIA,6.385210970358031,6.398578167392045,6.19658816781961,6.211935043334961,434160000.0
2018-06-25,NVIDIA,6.10549507239046,6.109207973107595,5.830481687176863,5.919099807739258,665816000.0
2018-06-26,NVIDIA,6.032470529115045,6.080740117613366,5.938653704785579,5.99014139175415,478884000.0
2018-06-27,NVIDIA,6.03370900509341,6.100048775178411,5.82949097298852,5.83493709564209,453892000.0
2018-06-28,NVIDIA,5.825036885740723,5.974054359796645,5.817363209616021,5.962172508239746,338012000.0
2018-06-29,NVIDIA,6.027273552873015,6.039897604379081,5.862908761089648,5.864146709442139,392300000.0
2018-07-02,NVIDIA,5.794589066932784,6.000044592668702,5.774043467145295,5.996331691741943,357572000.0
2018-07-03,NVIDIA,6.030985964585119,6.036926888634016,5.854244536442996,5.862660884857178,222732000.0
2018-07-05,NVIDIA,5.917861779456704,6.013410898540981,5.878998606440352,6.008460521697998,306216000.0
2018-07-06,NVIDIA,5.9839551915965945,6.130744631709441,5.962666914978974,6.122328281402588,296352000.0
2018-07-09,NVIDIA,6.196588559883071,6.206242384941266,6.0911377423904,6.169854164123535,303880000.0
2018-07-10,NVIDIA,6.182231899282654,6.290900354471012,6.141883372975349,6.268869876861572,360016000.0
2018-07-11,NVIDIA,6.176042239755019,6.210697234447164,6.116633002941496,6.127277374267578,367508000.0
2018-07-12,NVIDIA,6.172576427799252,6.266887583171073,6.162674731451974,6.218865394592285,345508000.0
2018-07-13,NVIDIA,6.237431478994067,6.237431478994067,6.129505244004502,6.171586513519287,246988000.0
2018-07-16,NVIDIA,6.143864154815674,6.196837211129183,6.131487501950183,6.143864154815674,197036000.0
2018-07-17,NVIDIA,6.094603051902498,6.294860308062987,6.069106605259504,6.279760360717773,362136000.0
2018-07-18,NVIDIA,6.272335048317182,6.286197048460998,6.179508749806437,6.230501174926758,277640000.0
2018-07-19,NVIDIA,6.211689020414204,6.272335749966564,6.1965895423423,6.238670349121094,235752000.0
2018-07-20,NVIDIA,6.236193540254344,6.275056708029166,6.1995579237236935,6.210449695587158,222352000.0
2018-07-23,NVIDIA,6.183963872103707,6.185696621994708,6.022074513418084,6.17381477355957,301584000.0
2018-07-24,NVIDIA,6.2218376430773015,6.308475619154083,6.138912567986715,6.156487941741943,354620000.0
2018-07-25,NVIDIA,6.165893121577728,6.247332830971745,6.107969233912311,6.234708309173584,319112000.0
2018-07-26,NVIDIA,6.214660447174927,6.345112002177119,6.197827744780281,6.308228969573975,325124000.0
2018-07-27,NVIDIA,6.344863294079775,6.351794294310983,6.184459269042299,6.238422393798828,295420000.0
2018-07-30,NVIDIA,6.252532397491154,6.258473322404388,6.00821321783401,6.043116092681885,340340000.0
2018-07-31,NVIDIA,6.032718688086741,6.135941475759892,5.993855517213203,6.061185359954834,283988000.0
2018-08-01,NVIDIA,6.09262257993178,6.147823172474941,6.0371741144620295,6.101038455963135,283556000.0
2018-08-02,NVIDIA,6.029747750663035,6.20772664707661,5.97083425863733,6.203766345977783,269668000.0
2018-08-03,NVIDIA,6.228272971902883,6.264165919607523,6.211440745986463,6.240402221679688,214288000.0
2018-08-06,NVIDIA,6.227779109887775,6.291643467530617,6.181242254540354,6.288177967071533,207508000.0
2018-08-07,NVIDIA,6.336942071538125,6.379023345740433,6.310208146674644,6.360457897186279,258132000.0
2018-08-08,NVIDIA,6.361695066204969,6.441896830970049,6.326792197169073,6.396844863891602,262100000.0
2018-08-09,NVIDIA,6.414667882430087,6.417390707637706,6.340654439531383,6.348328113555908,204280000.0
2018-08-10,NVIDIA,6.266394220993968,6.339417595842179,6.255255046114106,6.306990146636963,256396000.0
2018-08-13,NVIDIA,6.315652963831781,6.460709616664197,6.3139202140428745,6.339911460876465,375208000.0
2018-08-14,NVIDIA,6.445361809069151,6.485462924276458,6.362189353002345,6.471353054046631,466220000.0
2018-08-15,NVIDIA,6.492147034403031,6.526059830539484,6.334466318825714,6.413183212280273,591136000.0
2018-08-16,NVIDIA,6.482988391491337,6.485463815944609,6.312435282130759,6.372586727142334,801260000.0
2018-08-17,NVIDIA,6.261195869069054,6.261938543667501,6.033214125043516,6.0601959228515625,1143188000.0
2018-08-20,NVIDIA,6.019600487129649,6.267632104777929,5.909198806587006,6.134952545166016,854388000.0
2018-08-21,NVIDIA,6.151287534011828,6.275055892957181,6.131484615466124,6.270600318908691,673988000.0
2018-08-22,NVIDIA,6.237927115238175,6.510712472351774,6.23446161538752,6.505761623382568,749856000.0
2018-08-23,NVIDIA,6.467145211688036,6.670620551665317,6.4532832136563325,6.605270862579346,720684000.0
2018-08-24,NVIDIA,6.613687770666964,6.753050909411109,6.609232195513568,6.738446235656738,531512000.0
2018-08-27,NVIDIA,6.768149910104254,6.903800138730226,6.736713013293034,6.829539299011231,505776000.0
2018-08-28,NVIDIA,6.823599715841663,6.846373340370309,6.6718594356791865,6.791914939880371,475384000.0
2018-08-29,NVIDIA,6.784235953539835,6.922437160639441,6.763431582500513,6.8974223136901855,420108000.0
2018-08-30,NVIDIA,6.866215775755909,6.977420910159049,6.8436777055182185,6.880580902099609,346608000.0
2018-08-31,NVIDIA,6.860518705353162,6.964541026663691,6.850611592658287,6.951662063598633,306592000.0
2018-09-04,NVIDIA,6.938536185117473,7.064105976684454,6.910053940228386,7.02646017074585,391720000.0
2018-09-05,NVIDIA,7.008874415672056,7.044291447695359,6.8146993436204815,6.895688056945801,393156000.0
2018-09-06,NVIDIA,6.879342842553523,6.88181962125771,6.721575865514398,6.754516124725342,322796000.0
2018-09-07,NVIDIA,6.66238174160701,6.858786077065272,6.617553136187918,6.733216285705566,295420000.0
2018-09-10,NVIDIA,6.75575486019924,6.8340192734155085,6.711916868456028,6.804298400878906,220140000.0
2018-09-11,NVIDIA,6.757984503149918,6.845660497959241,6.73718012588614,6.75649881362915,243112000.0
2018-09-12,NVIDIA,6.716622043892023,6.736188264207356,6.487029910654714,6.642568111419678,419092000.0
2018-09-13,NVIDIA,6.708449994634377,6.810986186168159,6.691113014471332,6.720338344573975,305536000.0
2018-09-14,NVIDIA,6.81073759636974,6.912530691235202,6.773834398989934,6.846402168273926,386936000.0
2018-09-17,NVIDIA,6.8208925129725895,6.869931596503318,6.765166174324665,6.784484386444092,205528000.0
2018-09-18,NVIDIA,6.788447040596122,6.891230752083001,6.705724621217917,6.712411403656006,299520000.0
2018-09-19,NVIDIA,6.693837056962479,6.754021412732932,6.643807352701748,6.736188888549805,224860000.0
2018-09-20,NVIDIA,6.614086202422878,6.656438032238799,6.541022883197873,6.595015525817871,430584000.0
2018-09-21,NVIDIA,6.60690216686074,6.652473844488433,6.491734583745276,6.5249223709106445,435128000.0
2018-09-24,NVIDIA,6.493964493880408,6.5841172482116885,6.406784062740959,6.5806498527526855,293912000.0
2018-09-25,NVIDIA,6.64677788060918,6.672783344617386,6.561083145042525,6.647768497467041,280388000.0
2018-09-26,NVIDIA,6.652722825572687,6.6930934196939695,6.595015253435617,6.610866069793701,268548000.0
2018-09-27,NVIDIA,6.646034769591449,6.667334685328497,6.59129952736597,6.622753620147705,214428000.0
2018-09-28,NVIDIA,6.754763600904996,6.982374018833306,6.726776428910967,6.960083484649658,709396000.0
2018-10-01,NVIDIA,7.037852545923775,7.233513316592928,6.999215652993143,7.166642189025879,622060000.0
2018-10-02,NVIDIA,7.139150581360823,7.25085031198395,7.073022061987932,7.095312595367432,383964000.0
2018-10-03,NVIDIA,7.165652101540807,7.173082437819138,6.997482933630596,7.101505279541016,320552000.0
2018-10-04,NVIDIA,7.065344668739879,7.089616437538756,6.840210549809722,6.917236804962158,391220000.0
2018-10-05,NVIDIA,6.892467763348731,6.954633331391031,6.626220036941231,6.683680057525635,426636000.0
2018-10-08,NVIDIA,6.600464169125509,6.715879318403089,6.441458564377645,6.58238410949707,408612000.0
2018-10-09,NVIDIA,6.561827140673811,6.656437913549567,6.508825588409752,6.576687812805176,273500000.0
2018-10-10,NVIDIA,6.47068362292545,6.516503319072675,6.082828969789823,6.085058212280273,684940000.0
2018-10-11,NVIDIA,5.99787625448639,6.131371906855081,5.801967964480048,5.82351541519165,725436000.0
2018-10-12,NVIDIA,6.080600648548569,6.180412520150822,5.935464622139236,6.106110572814941,608236000.0
2018-10-15,NVIDIA,6.09273553773784,6.09273553773784,5.828717005642487,5.829707622528076,449760000.0
2018-10-16,NVIDIA,5.942398670090558,6.099670562343093,5.893112053262091,6.088525295257568,408712000.0
2018-10-17,NVIDIA,6.150690264280355,6.188832082621582,5.970880319634186,6.019919395446777,329668000.0
2018-10-18,NVIDIA,6.089268115778525,6.127657000012227,5.872059421159257,5.932491302490234,524020000.0
2018-10-19,NVIDIA,5.987721782515941,6.007287526263014,5.639494720914416,5.675902366638184,613608000.0
2018-10-22,NVIDIA,5.728162625752078,5.828222026869173,5.623892748164543,5.7266764640808105,368844000.0
2018-10-23,NVIDIA,5.459436211445857,5.552561262382698,5.367302249554815,5.475039958953857,626436000.0
2018-10-24,NVIDIA,5.4366530322213045,5.483215342224924,4.924962222130487,4.938831806182861,884288000.0
2018-10-25,NVIDIA,4.841249296834572,5.194925116403321,4.796915756050437,5.147619724273682,951720000.0
2018-10-26,NVIDIA,4.911586876766648,5.073316781065452,4.783045237529511,4.9110918045043945,664784000.0
2018-10-29,NVIDIA,5.052263704925662,5.055731099548989,4.359277018025428,4.5972900390625,758016000.0
2018-10-30,NVIDIA,4.620324416876345,5.037651883419425,4.597290803449994,5.027744770050049,807192000.0
2018-10-31,NVIDIA,5.192447210599568,5.265262985331463,5.052759834934126,5.221672534942627,745772000.0
2018-11-01,NVIDIA,5.258079700561352,5.4113891073410265,5.131519309602751,5.4019775390625,566528000.0
2018-11-02,NVIDIA,5.392565820626404,5.498321838465712,5.206316166256636,5.322969913482666,452960000.0
2018-11-05,NVIDIA,5.309843526433358,5.333125149139406,5.084214350096239,5.244953632354736,379332000.0
2018-11-06,NVIDIA,5.237028891714344,5.3212374792642345,5.190218576615407,5.227369785308838,299012000.0
2018-11-07,NVIDIA,5.293994200336113,5.38464204864236,5.230342441368791,5.294984817504883,483812000.0
2018-11-08,NVIDIA,5.235790245681568,5.236533326540202,5.048302394658351,5.101799964904785,511352000.0
2018-11-09,NVIDIA,5.012886190231208,5.184275244219184,4.979202844219404,5.093874931335449,413240000.0
2018-11-12,NVIDIA,5.002483439892698,5.024526441101933,4.672583864639357,4.6943793296813965,617116000.0
2018-11-13,NVIDIA,4.792209242510594,5.05771347185057,4.786017060091339,4.936354160308838,644712000.0
2018-11-14,NVIDIA,5.109476896997176,5.123842023355172,4.775862910647352,4.883847713470459,526580000.0
2018-11-15,NVIDIA,4.87790378668192,5.0847103143793335,4.841991205166018,5.012637615203857,840708000.0
2018-11-16,NVIDIA,4.0449819011066905,4.226773081483235,4.002629606476951,4.072473526000977,1963520000.0
2018-11-19,NVIDIA,4.00708869809287,4.007831306534742,3.582083068913404,3.583816766738892,1697820000.0
2018-11-20,NVIDIA,3.3202931764366403,3.8205908417452976,3.301717810750668,3.692296743392944,1692032000.0
2018-11-21,NVIDIA,3.829507177902595,3.846348846272988,3.556820152341425,3.58406400680542,1025496000.0
2018-11-23,NVIDIA,3.54938985217119,3.704927798712592,3.536510888346897,3.5912463665008545,411968000.0
2018-11-26,NVIDIA,3.712358307718153,3.8010248971738902,3.629883428153442,3.7906227111816406,814832000.0
2018-11-27,NVIDIA,3.764617463481125,3.888701338160336,3.728705116629768,3.807464838027954,738060000.0
2018-11-28,NVIDIA,3.925108532147597,3.969689599328423,3.792603956025248,3.9644885063171382,804524000.0
2018-11-29,NVIDIA,3.966720063377888,4.00390796939808,3.8710230212910366,3.901269197463989,549172000.0
2018-11-30,NVIDIA,3.910937635011316,4.062416759669402,3.860609861467824,4.051756381988525,729564000.0
2018-12-03,NVIDIA,4.27909961576816,4.3306670254902615,4.148693442717484,4.21563196182251,890804000.0
2018-12-04,NVIDIA,4.171005973559077,4.175964487096699,3.879947943652879,3.895071268081665,812112000.0
2018-12-06,NVIDIA,3.754500632655693,3.929284220231112,3.738881740168981,3.924325942993164,692308000.0
2018-12-07,NVIDIA,3.92854004771758,3.9387048579851647,3.610210922187739,3.659546852111816,681676000.0
2018-12-10,NVIDIA,3.6146735755914974,3.789705176659097,3.610954690480573,3.7649130821228023,629472000.0
2018-12-11,NVIDIA,3.856643263096135,3.864824620788069,3.594839816954256,3.67392635345459,671912000.0
2018-12-12,NVIDIA,3.679628554208136,3.787721639477192,3.590377441451514,3.691528797149658,654136000.0
2018-12-13,NVIDIA,3.7383857739369306,3.802597010032099,3.6553325649979462,3.6912808418273926,471384000.0
2018-12-14,NVIDIA,3.64963030147416,3.733427336423378,3.6072360981481406,3.630788564682007,471820000.0
2018-12-17,NVIDIA,3.600790453778137,3.672935034789407,3.501622302769116,3.559635639190674,662868000.0
2018-12-18,NVIDIA,3.603517090550912,3.7269812840351855,3.5762459762095,3.6429364681243896,564372000.0
2018-12-19,NVIDIA,3.609218569986504,3.662769417774167,3.3823718230348097,3.433939218521118,745364000.0
2018-12-20,NVIDIA,3.4255105657409715,3.515505500449428,3.2896503292870305,3.3493990898132324,749588000.0
2018-12-21,NVIDIA,3.375926757710307,3.408900212447757,3.184780448495537,3.2122995853424072,863740000.0
2018-12-24,NVIDIA,3.13594072184019,3.2224648127266997,3.0866045434975744,3.150568008422852,463840000.0
2018-12-26,NVIDIA,3.196680833001865,3.300807262983812,3.085612672545783,3.2998156547546387,695100000.0
2018-12-27,NVIDIA,3.2475035273629222,3.2819643864269965,3.103461950289589,3.2519659996032715,637044000.0
2018-12-28,NVIDIA,3.272544728311612,3.406173766711044,3.230646319715236,3.3134515285491943,628728000.0
2018-12-31,NVIDIA,3.3568366543542,3.389314065222245,3.278989745357333,3.309731960296631,465140000.0
2019-01-02,NVIDIA,3.2388272324145837,3.4331963935560545,3.224199947185259,3.377166509628296,508752000.0
2019-01-03,NVIDIA,3.316922959828299,3.3508880344759397,3.1656917833155083,3.1731293201446533,705552000.0
2019-01-04,NVIDIA,3.246264499647677,3.414602157842806,3.215522519387608,3.376422643661499,585620000.0
2019-01-07,NVIDIA,3.43369194388412,3.5921128017998787,3.382372324554284,3.555172681808472,709160000.0
2019-01-08,NVIDIA,3.6367386038009375,3.6389700768577153,3.394024887412629,3.466665506362915,786016000.0
2019-01-09,NVIDIA,3.51798468814783,3.5821961609359905,3.467409127423472,3.5348434448242188,617260000.0
2019-01-10,NVIDIA,3.5155054107654147,3.6092189915794513,3.455012827509208,3.600541830062866,523156000.0
2019-01-11,NVIDIA,3.578228931110371,3.712601749666313,3.550462014744657,3.689793109893799,874764000.0
2019-01-14,NVIDIA,3.637482489131921,3.754996572056009,3.6139300212068006,3.729708671569824,730168000.0
2019-01-15,NVIDIA,3.762433559468091,3.8018529349791055,3.69723071955572,3.715576887130737,617012000.0
2019-01-16,NVIDIA,3.742848096532631,3.775821311249679,3.684586984353503,3.690041065216065,470104000.0
2019-01-17,NVIDIA,3.6570675191834106,3.801356884561018,3.6297961716015754,3.761441707611084,493436000.0
2019-01-18,NVIDIA,3.8112737570752975,3.916639792229535,3.759706357617704,3.890608072280884,651336000.0
2019-01-22,NVIDIA,3.8603618986102433,3.872014120240773,3.658059205764781,3.688305377960205,661552000.0
2019-01-23,NVIDIA,3.74359206301233,3.832347373085581,3.669959840656427,3.701197624206543,591020000.0
2019-01-24,NVIDIA,3.785738518950669,3.930771492182378,3.781028025703517,3.9131693840026855,708972000.0
2019-01-25,NVIDIA,3.853668466718467,3.988536867766496,3.751029694611776,3.970438718795776,1154572000.0
2019-01-28,NVIDIA,3.38534753923327,3.511538775931837,3.2477520997881224,3.421543836593628,2511528000.0
2019-01-29,NVIDIA,3.3754309512408227,3.423775514995445,3.248000078520702,3.262627363204956,1153932000.0
2019-01-30,NVIDIA,3.3387386726274992,3.42055225446587,3.2591563273056403,3.40617299079895,974228000.0
2019-01-31,NVIDIA,3.402949807723496,3.599550418493891,3.381132774408837,3.563849925994873,842852000.0
2019-02-01,NVIDIA,3.582444108105326,3.6392178132657,3.5348436060100865,3.588146209716797,625048000.0
2019-02-04,NVIDIA,3.604013176778542,3.735658738515899,3.58194835790834,3.6984708309173584,528592000.0
2019-02-05,NVIDIA,3.710371255333349,3.7542531141767617,3.6766542090169914,3.717561006546021,542424000.0
2019-02-06,NVIDIA,3.750781969336465,3.857635675534422,3.745327887695496,3.7931764125823975,702464000.0
2019-02-07,NVIDIA,3.746814804822117,3.7490460412380697,3.6119464109925055,3.654836416244507,637120000.0
2019-02-08,NVIDIA,3.587650661770558,3.6840915377072574,3.5732713965857013,3.673431158065796,461604000.0
2019-02-11,NVIDIA,3.629300916040426,3.6835953627593336,3.5824440032246034,3.630788564682007,495180000.0
2019-02-12,NVIDIA,3.6692153487479353,3.76342495918466,3.6548358515159975,3.747805833816528,591060000.0
2019-02-13,NVIDIA,3.777309097494787,3.8633373669012743,3.763673421971473,3.79020094871521,605372000.0
2019-02-14,NVIDIA,3.789209455325691,3.8593708148593726,3.74607119097593,3.83110785484314,827264000.0
2019-02-15,NVIDIA,4.039856866925455,4.062665274911397,3.877965119235712,3.900773763656616,1516748000.0
2019-02-19,NVIDIA,3.89011226675894,3.963992501448019,3.871022512189641,3.883418321609497,551892000.0
2019-02-20,NVIDIA,3.912672965513192,3.997957403350524,3.901516784095004,3.9307711124420166,540988000.0
2019-02-21,NVIDIA,3.943416069624192,3.967959910723774,3.847222975992845,3.861850261688232,448548000.0
2019-02-22,NVIDIA,3.9136656027664913,3.965480797540692,3.9000299256427695,3.946638822555542,401740000.0
2019-02-25,NVIDIA,4.030187545300304,4.097621624687247,3.9255650885708473,3.934242486953736,656020000.0
2019-02-26,NVIDIA,3.9295319582533,3.985561834697001,3.861353818757528,3.89482307434082,488464000.0
2019-02-27,NVIDIA,3.880444199106919,3.906971491410844,3.79590333551295,3.852925062179565,500256000.0
2019-02-28,NVIDIA,3.846720389002192,3.8690562226778793,3.806019715350334,3.828355312347412,324944000.0
2019-03-01,NVIDIA,3.878238141892517,3.9248950633905135,3.8199169900200216,3.882705450057984,357188000.0
2019-03-04,NVIDIA,3.921172951744745,3.944005099663847,3.8343114319756366,3.89089560508728,409992000.0
2019-03-05,NVIDIA,3.8752606261527087,3.922662145929381,3.820910222221796,3.884443283081055,362924000.0
2019-03-06,NVIDIA,3.875508254430743,3.8839460823458274,3.770778221203148,3.773508071899414,403524000.0
2019-03-07,NVIDIA,3.749931798577264,3.7596107701403376,3.658106890049565,3.704267501831055,450104000.0
2019-03-08,NVIDIA,3.614924185404804,3.749187216448156,3.5935809834350056,3.738515615463257,422416000.0
2019-03-11,NVIDIA,3.762092168923421,4.021931640632904,3.7149386955701456,3.999099731445313,859728000.0
2019-03-12,NVIDIA,4.026895754760576,4.079756975177056,3.950705833974305,4.033348560333252,579576000.0
2019-03-13,NVIDIA,4.070822830775678,4.214020015698528,4.06337739512096,4.184735298156738,768900000.0
2019-03-14,NVIDIA,4.1939175520516105,4.20583005861231,4.101099784569755,4.108793258666992,519384000.0
2019-03-15,NVIDIA,4.151976292489557,4.256954619660461,4.148501850393394,4.214268684387207,661484000.0
2019-03-18,NVIDIA,4.245785226672027,4.299639533800837,4.16587261287947,4.1929240226745605,486992000.0
2019-03-19,NVIDIA,4.287479755137556,4.405115174456572,4.270604097388697,4.360691547393799,854972000.0
2019-03-20,NVIDIA,4.389729079589678,4.4430868609435015,4.293436844585684,4.328181743621826,719148000.0
2019-03-21,NVIDIA,4.35126132600661,4.591246802463729,4.346297702344163,4.564939975738525,824312000.0
2019-03-22,NVIDIA,4.537641925464055,4.586284121959003,4.391218310810665,4.405116081237793,747644000.0
2019-03-25,NVIDIA,4.364414279076793,4.428691450790533,4.246530826598151,4.312793731689453,525212000.0
2019-03-26,NVIDIA,4.4545018787963055,4.510589499851069,4.333143980399348,4.389480113983154,703508000.0
2019-03-27,NVIDIA,4.415042073522796,4.461450483689387,4.310808351640181,4.380297183990479,474372000.0
2019-03-28,NVIDIA,4.406356439276526,4.464677841788595,4.345801737164983,4.398911476135254,480264000.0
2019-03-29,NVIDIA,4.46567039704771,4.480561269794919,4.415290983655715,4.456239700317383,456896000.0
2019-04-01,NVIDIA,4.548064724877347,4.554020979133716,4.4763421079600105,4.523743629455566,483824000.0
2019-04-02,NVIDIA,4.547815482944268,4.58603433707097,4.504881045156304,4.5416107177734375,440920000.0
2019-04-03,NVIDIA,4.591246655415244,4.740152047019069,4.586283031911772,4.68108606338501,783504000.0
2019-04-04,NVIDIA,4.665698760815017,4.714589454567535,4.609363105728911,4.672151565551758,457376000.0
2019-04-05,NVIDIA,4.715335123514189,4.756284313640403,4.678853479238198,4.7389116287231445,481744000.0
2019-04-08,NVIDIA,4.708386430130973,4.78482463745691,4.684313372175127,4.759758949279785,424192000.0
2019-04-09,NVIDIA,4.726254704563654,4.737422621771342,4.654780129105895,4.696969985961914,439972000.0
2019-04-10,NVIDIA,4.696225225969831,4.793261561895307,4.691758153919017,4.767451286315918,444772000.0
2019-04-11,NVIDIA,4.769932491339652,4.801450977581173,4.704166141494313,4.753552913665772,374600000.0
2019-04-12,NVIDIA,4.7922690858977255,4.796240079713471,4.706896742395677,4.715582847595215,471708000.0
2019-04-15,NVIDIA,4.707889997802594,4.712853622392226,4.544094173203101,4.583802223205566,440092000.0
2019-04-16,NVIDIA,4.623013712545587,4.68977270489064,4.590254551042735,4.670911312103272,394964000.0
2019-04-17,NVIDIA,4.705903760183431,4.726750411102566,4.625743085798759,4.648078918457031,351004000.0
2019-04-18,NVIDIA,4.654779377351941,4.68877920186459,4.595713397949867,4.623508930206299,380988000.0
2019-04-22,NVIDIA,4.599933514100925,4.692999339943308,4.568415493736092,4.677364349365234,279936000.0
2019-04-23,NVIDIA,4.690516467511366,4.763232174587185,4.680837733630485,4.731961727142334,346856000.0
2019-04-24,NVIDIA,4.742385680628854,4.785072088397006,4.681582945174319,4.74437141418457,318204000.0
2019-04-25,NVIDIA,4.704165379551165,4.726501206702965,4.558982976421546,4.638647079467773,499296000.0
2019-04-26,NVIDIA,4.484779613458914,4.48924715908201,4.300881746120929,4.419757843017578,868988000.0
2019-04-29,NVIDIA,4.427700520778501,4.478328457594047,4.355481334540604,4.450532913208008,391920000.0
2019-04-30,NVIDIA,4.418268862320098,4.517538980248465,4.399159429705511,4.491977214813232,362920000.0
2019-05-01,NVIDIA,4.544342465302367,4.5865323255527,4.478575626073827,4.478824138641357,354280000.0
2019-05-02,NVIDIA,4.488501800184308,4.588019935758864,4.445319320073938,4.546326637268066,394684000.0
2019-05-03,NVIDIA,4.554765241338322,4.564692015477626,4.480312305186082,4.541860103607178,336824000.0
2019-05-06,NVIDIA,4.355479452879481,4.475596672124259,4.3182532258225175,4.463436126708984,422176000.0
2019-05-07,NVIDIA,4.415044471064825,4.415044471064825,4.248022196853792,4.296168327331543,555220000.0
2019-05-08,NVIDIA,4.268619358657053,4.396429606729053,4.256706849757391,4.3162689208984375,419168000.0
2019-05-09,NVIDIA,4.247276550501877,4.256955287379729,4.104823928857741,4.223699569702148,660248000.0
2019-05-10,NVIDIA,4.192924621544337,4.258442929575115,4.07007755730806,4.189698219299316,569500000.0
2019-05-13,NVIDIA,4.057669516159789,4.080749939884971,3.9164575961922776,3.932340860366821,656912000.0
2019-05-14,NVIDIA,3.972049431634826,4.056677668277631,3.933334248800551,4.02143669128418,524880000.0
2019-05-15,NVIDIA,3.96584359293273,3.996865524304276,3.906529817304894,3.960383892059326,502320000.0
2019-05-16,NVIDIA,3.954924145966351,4.018208917429364,3.9124862591882086,3.975522518157959,781088000.0
2019-05-17,NVIDIA,3.933581938973891,4.062881357317828,3.845231470425264,3.88469123840332,1022068000.0
2019-05-20,NVIDIA,3.785917473844507,3.8410124679471935,3.741245805830737,3.766063451766968,572064000.0
2019-05-21,NVIDIA,3.826867125220271,3.864093364267544,3.78815170407106,3.848210096359253,361848000.0
2019-05-22,NVIDIA,3.809494060175125,3.835552374346456,3.766311339053399,3.777231216430664,325868000.0
2019-05-23,NVIDIA,3.714938963729725,3.714938963729725,3.5963111543301847,3.656121492385864,591844000.0
2019-05-24,NVIDIA,3.674982987427909,3.710223960342028,3.5955668971144394,3.6022677421569824,357584000.0
2019-05-28,NVIDIA,3.619888776178605,3.652647942056107,3.555114798790886,3.557100296020508,428356000.0
2019-05-29,NVIDIA,3.509450005571907,3.544442703052247,3.4481507160128766,3.482895374298096,559800000.0
2019-05-30,NVIDIA,3.4861257793779123,3.521903863156421,3.4180480201779173,3.456310749053955,394300000.0
2019-05-31,NVIDIA,3.407363650509656,3.4746959572244664,3.3638833165670223,3.3656225204467773,389720000.0
2019-06-03,NVIDIA,3.376803667722783,3.415563277116883,3.294563955112986,3.3238821029663086,478644000.0
2019-06-04,NVIDIA,3.3879843304779613,3.558178723450121,3.3658715584403143,3.5529611110687256,641836000.0
2019-06-05,NVIDIA,3.626752416033989,3.6322185862711898,3.4739503411480155,3.510225296020508,511616000.0
2019-06-06,NVIDIA,3.514450344264203,3.5969386227339704,3.5119656990398047,3.572341203689575,408140000.0
2019-06-07,NVIDIA,3.578303272594242,3.649362305643528,3.559171793970496,3.61507511138916,348856000.0
2019-06-10,NVIDIA,3.671227479781821,3.756448956237812,3.671227479781821,3.6878743171691895,402780000.0
2019-06-11,NVIDIA,3.747751670082836,3.785517505994736,3.706010782325969,3.745515584945679,383872000.0
2019-06-12,NVIDIA,3.702035660701794,3.708247272259437,3.617311316814816,3.632467269897461,358892000.0
2019-06-13,NVIDIA,3.65458090434955,3.702036537930695,3.636940302463758,3.683650732040405,308080000.0
2019-06-14,NVIDIA,3.5904781895451867,3.614827045911955,3.548985615235168,3.593708038330078,394428000.0
2019-06-17,NVIDIA,3.591968384954695,3.640418006257317,3.5691101762061432,3.6033976078033447,276040000.0
2019-06-18,NVIDIA,3.664766754332175,3.853843793364638,3.653834650270297,3.798437595367432,581920000.0
2019-06-19,NVIDIA,3.833718824336596,3.845147810013623,3.778312388879944,3.804400682449341,331644000.0
2019-06-20,NVIDIA,3.895088440949179,3.909002072454372,3.814339382029556,3.828749895095825,350168000.0
2019-06-21,NVIDIA,3.813841861505192,3.863036682041209,3.764149922542619,3.770609855651856,434428000.0
2019-06-24,NVIDIA,3.791978086310683,3.822538553597469,3.744770783364017,3.792971849441528,282948000.0
2019-06-25,NVIDIA,3.797941190099981,3.872975757310153,3.760920788067004,3.763653755187988,311868000.0
2019-06-26,NVIDIA,3.891112584629068,4.018075164463512,3.8781927181282776,3.956954002380371,584072000.0
2019-06-27,NVIDIA,4.042673620003699,4.074724737198405,4.006646975741638,4.055593490600586,445440000.0
2019-06-28,NVIDIA,4.0995698564825584,4.108762994332991,4.0337284316468605,4.080438613891602,397668000.0
2019-07-01,NVIDIA,4.287653661041968,4.32194109801543,4.0911226520561925,4.128640174865723,709756000.0
2019-07-02,NVIDIA,4.111990933798081,4.133110167867306,4.017576844616487,4.030745029449463,400228000.0
2019-07-03,NVIDIA,4.054101585545819,4.0598163154070654,3.983787992901101,4.043666362762451,246636000.0
2019-07-05,NVIDIA,3.98527839228792,3.989750562382981,3.9176973007602807,3.981054544448853,396552000.0
2019-07-08,NVIDIA,3.921425154839491,3.940308076313144,3.875957292084664,3.906020641326904,329788000.0
2019-07-09,NVIDIA,3.863783014821622,3.936581503942473,3.8511117041137366,3.90850567817688,342860000.0
2019-07-10,NVIDIA,3.951985936769822,4.034225648914521,3.9380723038194856,3.9768319129943848,452076000.0
2019-07-11,NVIDIA,4.049877254575544,4.1721190981811125,4.012608538519438,4.131371974945068,682560000.0
2019-07-12,NVIDIA,4.159199655544953,4.235476772905067,4.159199655544953,4.164417266845703,506392000.0
2019-07-15,NVIDIA,4.185537038267442,4.201686518778212,4.127646188167227,4.155970096588135,289840000.0
2019-07-16,NVIDIA,4.141063934590308,4.178332670254923,4.0955958211747285,4.151250839233398,341444000.0
2019-07-17,NVIDIA,4.152988641164196,4.223551034878386,4.123670496867281,4.216594219207764,348204000.0
2019-07-18,NVIDIA,4.227030829065432,4.29113307273926,4.170382048113219,4.228272914886475,442192000.0
2019-07-19,NVIDIA,4.266534251465681,4.272993948273875,4.179076468034379,4.185039520263672,344896000.0
2019-07-22,NVIDIA,4.206406081344339,4.269514522330381,4.198952149361148,4.256594657897949,315940000.0
2019-07-23,NVIDIA,4.295851287061216,4.366413184778085,4.280197982807363,4.364425659179688,428176000.0
2019-07-24,NVIDIA,4.407659644086569,4.444680051936244,4.3316313017865005,4.438965320587158,366236000.0
2019-07-25,NVIDIA,4.397471997240203,4.410143543446418,4.284423266209168,4.307778358459473,392700000.0
2019-07-26,NVIDIA,4.334860766609773,4.396478347478795,4.334860766609773,4.349768161773682,274160000.0
2019-07-29,NVIDIA,4.342563117771423,4.359706835836158,4.255354119627276,4.343556880950928,248160000.0
2019-07-30,NVIDIA,4.297094369279475,4.371383487104763,4.2826836206034615,4.359209060668945,197772000.0
2019-07-31,NVIDIA,4.327655938614953,4.328650175850589,4.149759505876463,4.191997528076172,359416000.0
2019-08-01,NVIDIA,4.202431202261178,4.29287026719242,4.045405279294063,4.09758186340332,421212000.0
2019-08-02,NVIDIA,4.00490665435791,4.074226956016899,3.957451271572656,4.00490665435791,428348000.0
2019-08-05,NVIDIA,3.821295545525924,3.8225378676909454,3.699550816738539,3.746509552001953,589156000.0
2019-08-06,NVIDIA,3.821296136334576,3.866763997250237,3.737565552446144,3.785269498825073,361272000.0
2019-08-07,NVIDIA,3.724396314044877,3.835457491708694,3.7070042787301136,3.82353138923645,372560000.0
2019-08-08,NVIDIA,3.881174845894832,3.933351201478096,3.8237808784481175,3.932108879089356,309300000.0
2019-08-09,NVIDIA,3.8911125985963695,3.8945910059783975,3.780299969964513,3.8307371139526367,341816000.0
2019-08-12,NVIDIA,3.7785615335257896,3.830737891799549,3.741044248466796,3.762908697128296,279200000.0
2019-08-13,NVIDIA,3.761417710622339,3.9231643930702815,3.722409781875908,3.877199411392212,351956000.0
2019-08-14,NVIDIA,3.788996741067287,3.800177406144371,3.684892584249326,3.728621244430542,419880000.0
2019-08-15,NVIDIA,3.7475040811256983,3.7673807659323457,3.6620342890673623,3.696321487426758,477200000.0
2019-08-16,NVIDIA,3.959191500326429,4.013603712202661,3.897821997747436,3.964409112930298,1007960000.0
2019-08-19,NVIDIA,4.077705679120632,4.259080475618772,4.061555725655108,4.243178844451904,815112000.0
2019-08-20,NVIDIA,4.237713125338106,4.23821024385814,4.149758689607738,4.170877933502197,463188000.0
2019-08-21,NVIDIA,4.23696815729583,4.309518087668793,4.215352266366833,4.254360198974609,427244000.0
2019-08-22,NVIDIA,4.264049410442258,4.306535740958399,4.22131428375063,4.260571002960205,303488000.0
2019-08-23,NVIDIA,4.184046095850396,4.238458537186339,4.016087804575927,4.035964488983154,568056000.0
2019-08-26,NVIDIA,4.114726678884054,4.138827214496607,4.072488660978373,4.110751152038574,318208000.0
2019-08-27,NVIDIA,4.149012799746123,4.151745766566678,3.99074478136092,4.0200629234313965,290968000.0
2019-08-28,NVIDIA,3.993699956953522,4.062342218261588,3.954404381587168,4.009616851806641,255612000.0
2019-08-29,NVIDIA,4.101140241981516,4.185699873722705,4.097658391534521,4.1533684730529785,357976000.0
2019-08-30,NVIDIA,4.199628975315367,4.2493701227194,4.147898333812529,4.166053771972656,290616000.0
2019-09-03,NVIDIA,4.093182385897935,4.126259969924031,4.060104801871839,4.0829854011535645,296140000.0
2019-09-04,NVIDIA,4.143668670464305,4.204601528308248,4.143668670464305,4.197140216827393,227728000.0
2019-09-05,NVIDIA,4.299358455537441,4.47643618128141,4.297617530169217,4.470218658447266,695676000.0
2019-09-06,NVIDIA,4.446839453881401,4.503792848168668,4.405057249946579,4.443109035491943,376976000.0
2019-09-09,NVIDIA,4.474197856182906,4.575669617235703,4.472705498835086,4.489120006561279,417524000.0
2019-09-10,NVIDIA,4.456291457142539,4.582384755788009,4.446592082100578,4.555773735046387,352812000.0
2019-09-11,NVIDIA,4.570447499025006,4.632623687982583,4.54134889838539,4.584374904632568,361512000.0
2019-09-12,NVIDIA,4.630882618044122,4.685597491850589,4.574923954851905,4.582882404327393,327840000.0
2019-09-13,NVIDIA,4.516229663520425,4.55328671309348,4.481162107744134,4.5249342918396,324592000.0
2019-09-16,NVIDIA,4.449825006992703,4.516477786278243,4.439379454039742,4.481907844543457,231832000.0
2019-09-17,NVIDIA,4.488624219101065,4.507525836630991,4.44211635417437,4.503297805786133,223048000.0
2019-09-18,NVIDIA,4.49633310869276,4.512001438992079,4.389638562797423,4.476187705993652,258152000.0
2019-09-19,NVIDIA,4.482156287610649,4.500560763185718,4.389886764733637,4.400581359863281,245476000.0
2019-09-20,NVIDIA,4.399587358711012,4.423214140254403,4.284685785594348,4.294882297515869,350244000.0
2019-09-23,NVIDIA,4.295129930615291,4.393865529031068,4.291399037851985,4.348352432250977,249712000.0
2019-09-24,NVIDIA,4.379689313838557,4.409285040022844,4.255336981015125,4.2909016609191895,317268000.0
2019-09-25,NVIDIA,4.290405625024281,4.452312664655505,4.245638692879857,4.43266487121582,308432000.0
2019-09-26,NVIDIA,4.422966091309706,4.431670721024697,4.359546104109924,4.4105305671691895,234564000.0
2019-09-27,NVIDIA,4.368745582102327,4.419481444907623,4.211066651144283,4.271750926971436,362056000.0
2019-09-30,NVIDIA,4.297617901367833,4.339400113814063,4.266280767666534,4.329203128814697,186184000.0
2019-10-01,NVIDIA,4.352333243739101,4.501556192683491,4.322737506709411,4.327462673187256,366008000.0
2019-10-02,NVIDIA,4.30557454528699,4.317512450800374,4.231211915385964,4.303585052490234,293372000.0
2019-10-03,NVIDIA,4.30806421097734,4.5154839009583325,4.277722293130005,4.509266376495361,450588000.0
2019-10-04,NVIDIA,4.511502667927823,4.555026270819616,4.446342259169057,4.525679111480713,265524000.0
2019-10-07,NVIDIA,4.590592428654991,4.684105280229583,4.581887800150264,4.584374904632568,480984000.0
2019-10-08,NVIDIA,4.492601244327179,4.492601244327179,4.389637614345289,4.407793045043945,444436000.0
2019-10-09,NVIDIA,4.484644857306298,4.543836816098971,4.455795294008248,4.494344234466553,292412000.0
2019-10-10,NVIDIA,4.492105309291985,4.603027416423513,4.486882532257541,4.5520429611206055,309124000.0
2019-10-11,NVIDIA,4.636104540908654,4.708974836516087,4.617202930407315,4.625658988952637,446404000.0
2019-10-14,NVIDIA,4.616954212886972,4.659980212895733,4.585866122915701,4.639089107513428,200040000.0
2019-10-15,NVIDIA,4.729369568891344,4.956437025337233,4.715441689664922,4.883814811706543,664124000.0
2019-10-16,NVIDIA,4.8497416495673775,4.954695253064103,4.818653562070151,4.830093860626221,428944000.0
2019-10-17,NVIDIA,4.874613049096965,4.9196285467818335,4.777617876928295,4.832084655761719,263436000.0
2019-10-18,NVIDIA,4.832581686678378,4.865162136271647,4.663213821403918,4.737576484680176,307440000.0
2019-10-21,NVIDIA,4.7990071627051964,4.888292464265105,4.78010554690477,4.874862194061279,261868000.0
2019-10-22,NVIDIA,4.931813845755606,5.03701601017104,4.857202630589509,4.864912509918213,328720000.0
2019-10-23,NVIDIA,4.782840802817358,4.866156658213106,4.751006533420689,4.851980686187744,279916000.0
2019-10-24,NVIDIA,4.89326376264469,4.929574618505296,4.859191442158972,4.895999908447266,232020000.0
2019-10-25,NVIDIA,4.976581610157008,5.107897674755416,4.968871729518342,5.087006568908691,423092000.0
2019-10-28,NVIDIA,5.130778839489692,5.19544213211582,5.101431671081168,5.142965793609619,330792000.0
2019-10-29,NVIDIA,5.129038290498065,5.135504857418931,5.027318414871446,5.046717166900635,211236000.0
2019-10-30,NVIDIA,5.073575665299105,5.079296051625831,4.980559973078376,5.048705101013184,205960000.0
2019-10-31,NVIDIA,5.027815504681381,5.048706614170909,4.919629063134394,4.999463081359863,209732000.0
2019-11-01,NVIDIA,4.964146702446307,5.070841255294795,4.93902756383264,5.038509845733643,283640000.0
2019-11-04,NVIDIA,5.119586525726514,5.247669781403055,5.096457358253294,5.235234260559082,376716000.0
2019-11-05,NVIDIA,5.234986288413269,5.261100173608546,5.165100218724003,5.213100433349609,300868000.0
2019-11-06,NVIDIA,5.188975642702698,5.214591915289873,5.07631214409579,5.163856506347656,269012000.0
2019-11-07,NVIDIA,5.250404613392347,5.265078193583213,5.136746390338283,5.18151330947876,280340000.0
2019-11-08,NVIDIA,5.16460208645232,5.199172025243966,5.127047433147296,5.167586326599121,189100000.0
2019-11-11,NVIDIA,5.166840937752793,5.200664703086255,5.080540361625758,5.177535533905029,243436000.0
2019-11-12,NVIDIA,5.2158361059367335,5.269059097601395,5.180768549841169,5.213100433349609,283504000.0
2019-11-13,NVIDIA,5.181762582915754,5.209368821852523,5.120830192520741,5.187234401702881,300188000.0
2019-11-14,NVIDIA,5.196188736889149,5.219815993927408,5.136251080116039,5.2175774574279785,518080000.0
2019-11-15,NVIDIA,5.215337393215381,5.267068016404041,4.990010900645512,5.078301429748535,1053628000.0
2019-11-18,NVIDIA,5.070840850936042,5.306115318852646,5.067856610412986,5.279504299163818,574588000.0
2019-11-19,NVIDIA,5.248415083283038,5.272041857389542,5.114611937301557,5.172808647155762,414564000.0
2019-11-20,NVIDIA,5.149928779484212,5.335959707478232,5.1372446908596405,5.252146244049072,472588000.0
2019-11-21,NVIDIA,5.247670296792932,5.303379917672177,5.205639038635529,5.22727632522583,288388000.0
2019-11-22,NVIDIA,5.249907815976528,5.29641566752283,5.22130682973307,5.24493408203125,224100000.0
2019-11-25,NVIDIA,5.373016544041995,5.506571135659727,5.360083887817993,5.501596927642822,506476000.0
2019-11-26,NVIDIA,5.483938334519332,5.48866397418946,5.390425505825156,5.396892070770264,385244000.0
2019-11-27,NVIDIA,5.442438955359344,5.476785177188441,5.405354568093553,5.431736469268799,215784000.0
2019-11-29,NVIDIA,5.400873839874675,5.4292466981869465,5.370509070950065,5.394402503967285,141556000.0
2019-12-02,NVIDIA,5.387434947196444,5.400875125146189,5.192804441469207,5.207986354827881,372036000.0
2019-12-03,NVIDIA,5.024305832471986,5.1723941308684855,4.986972699862069,5.168412208557129,465232000.0
2019-12-04,NVIDIA,5.252040371928979,5.274440355387221,5.1835961890140085,5.212218284606934,273424000.0
2019-12-05,NVIDIA,5.234119546988307,5.249799436817116,5.164679424539357,5.195292949676514,184884000.0
2019-12-06,NVIDIA,5.264483238297137,5.313514338329015,5.254527482573958,5.280660629272461,232236000.0
2019-12-09,NVIDIA,5.257763150655648,5.335416336316824,5.249052101756146,5.280660629272461,211880000.0
2019-12-10,NVIDIA,5.310777612672693,5.377480054777728,5.258013327301314,5.325711250305176,256388000.0
2019-12-11,NVIDIA,5.336163746826029,5.414812423158617,5.333674807577428,5.409336566925049,233796000.0
2019-12-12,NVIDIA,5.380466249132867,5.595007801220223,5.37150644674028,5.576838970184326,404348000.0
2019-12-13,NVIDIA,5.579826054178629,5.69904355345229,5.520839183395513,5.574848175048828,454704000.0
2019-12-16,NVIDIA,5.622385087709869,5.676144846018048,5.594260501579074,5.603718280792236,320976000.0
2019-12-17,NVIDIA,5.6223846684104695,5.704517758232914,5.612926889902637,5.681869029998779,321196000.0
2019-12-18,NVIDIA,5.716713921182411,5.772713869839721,5.708251622324569,5.712234020233154,343548000.0
2019-12-19,NVIDIA,5.746828656672438,5.873761697420779,5.741850778670564,5.860321521759033,445360000.0
2019-12-20,NVIDIA,5.926775983180566,5.983024687369803,5.907611670981801,5.957638263702393,603044000.0
2019-12-23,NVIDIA,5.986259764132707,6.018366273885949,5.9332467340486685,5.943948745727539,355060000.0
2019-12-24,NVIDIA,5.928517782158803,5.956144391902657,5.894171083619602,5.938971042633057,138864000.0
2019-12-26,NVIDIA,5.942455415138022,5.9812820143238845,5.923539855941064,5.953157901763916,182852000.0
2019-12-27,NVIDIA,5.968339854631822,5.981780032204895,5.869033405539953,5.895415782928467,254644000.0
2019-12-30,NVIDIA,5.873513855366277,5.878740485662543,5.750811944449215,5.782171726226807,258056000.0
2019-12-31,NVIDIA,5.7468289828147485,5.865797710341713,5.727664673608159,5.856339931488037,231004000.0
2020-01-02,NVIDIA,5.942206126110484,5.971076965332031,5.8916820387936255,5.971076965332031,237536000.0
2020-01-03,NVIDIA,5.851362780060624,5.919309450404571,5.826473860263636,5.875504970550537,205384000.0
2020-01-06,NVIDIA,5.782171792016009,5.9053712073821005,5.756038640237342,5.900144577026367,262636000.0
2020-01-07,NVIDIA,5.9285175131814745,6.017370697897998,5.883468804691061,5.9715752601623535,314856000.0
2020-01-08,NVIDIA,5.967344072941984,6.024090748052185,5.927273243197032,5.9827752113342285,277108000.0
2020-01-09,NVIDIA,6.069140188913055,6.120908991813925,5.9947226534222215,6.048482418060303,255112000.0
2020-01-10,NVIDIA,6.155752757707768,6.186117058264308,6.066650817633669,6.080837249755859,316296000.0
2020-01-13,NVIDIA,6.163966284249934,6.296623475757499,6.141317078631593,6.271485805511475,319840000.0
2020-01-14,NVIDIA,6.228675930275971,6.254062823179271,6.141316212886955,6.154507637023926,359088000.0
2020-01-15,NVIDIA,6.167200749117624,6.189600725851947,6.086063140007359,6.111947536468506,263104000.0
2020-01-16,NVIDIA,6.165460160816054,6.201549074459292,6.1420646972518265,6.195575714111328,284192000.0
2020-01-17,NVIDIA,6.214738404004678,6.222205221168051,6.156747500713917,6.204285144805908,253792000.0
2020-01-21,NVIDIA,6.167698532152198,6.204534164327883,6.136836258564911,6.170934200286865,217916000.0
2020-01-22,NVIDIA,6.216232111329572,6.311556154821581,6.197316553531429,6.224943161010742,239240000.0
2020-01-23,NVIDIA,6.265015500027849,6.301850666278991,6.176162303873604,6.293388366699219,244516000.0
2020-01-24,NVIDIA,6.408873237313063,6.458651083411893,6.179895999748549,6.234153747558594,373512000.0
2020-01-27,NVIDIA,5.9295134446454965,6.029317874683954,5.77993165006869,5.978295803070068,470536000.0
2020-01-28,NVIDIA,6.044250844374252,6.204037143136165,5.990988586548067,6.171681880950928,310976000.0
2020-01-29,NVIDIA,6.157244991554016,6.193333892915198,6.071378262472821,6.11120080947876,258848000.0
2020-01-30,NVIDIA,6.013388278054281,6.131361529317974,5.958384287501794,6.117921352386475,290504000.0
2020-01-31,NVIDIA,6.072126406970737,6.084073126385558,5.842651697517958,5.884464740753174,370420000.0
2020-02-03,NVIDIA,5.866296515119098,6.000945161876539,5.86007440324119,5.981532096862793,255564000.0
2020-02-04,NVIDIA,6.1233985213907545,6.169940698178717,6.073371923868579,6.150775909423828,271544000.0
2020-02-05,NVIDIA,6.271734343043309,6.281938851591867,6.157743488432498,6.241121292114258,208220000.0
2020-02-06,NVIDIA,6.275467851868339,6.327982902526856,6.194330237711808,6.327982902526856,218284000.0
2020-02-07,NVIDIA,6.287911501846782,6.310062726456048,6.23639146189148,6.261778354644775,189752000.0
2020-02-10,NVIDIA,6.284427253622599,6.54575968220344,6.2794493755293335,6.545013427734375,529608000.0
2020-02-11,NVIDIA,6.653279257290554,6.782203253813362,6.591305960564864,6.667465686798096,638556000.0
2020-02-12,NVIDIA,6.720231000027536,6.789671124211894,6.681404401745411,6.783199787139893,374644000.0
2020-02-13,NVIDIA,6.725210137747723,6.806596521112005,6.697832275255539,6.739396572113037,528016000.0
2020-02-14,NVIDIA,7.149562784000862,7.341455573951124,7.118203005797297,7.212531566619873,1041924000.0
2020-02-18,NVIDIA,7.109243562917757,7.399696571436015,7.089830500246091,7.3812785148620605,620164000.0
2020-02-19,NVIDIA,7.503730784750705,7.850183227043785,7.503730784750705,7.832511901855469,694332000.0
2020-02-20,NVIDIA,7.784477262238204,7.872832469799487,7.375802739932594,7.68317985534668,810052000.0
2020-02-21,NVIDIA,7.570931672861622,7.596069343806653,7.234185718205437,7.319056510925293,768180000.0
2020-02-24,NVIDIA,6.724711623637992,7.015413401615063,6.670205129276669,6.801618099212647,856916000.0
2020-02-25,NVIDIA,6.876782232264527,6.9387555440768045,6.420321266694582,6.522116661071777,1055496000.0
2020-02-26,NVIDIA,6.522364777496906,6.855626291029535,6.520871793715685,6.661493301391602,747732000.0
2020-02-27,NVIDIA,6.347954526054365,6.649289612030526,6.198283296594474,6.290676116943359,906416000.0
2020-02-28,NVIDIA,6.038153394265087,6.7852646689576135,6.021468049730451,6.725744724273682,1133252000.0
2020-03-02,NVIDIA,6.89583734921365,6.913020969707429,6.499868326967326,6.884132385253906,890744000.0
2020-03-03,NVIDIA,6.939917228179043,6.999686077057141,6.5362280041934895,6.621647834777832,652792000.0
2020-03-04,NVIDIA,6.728981858935505,7.094817286738061,6.654270451674621,7.085353851318359,597408000.0
2020-03-05,NVIDIA,6.885875600923197,7.052730474037817,6.761357053076483,6.805934906005859,540328000.0
2020-03-06,NVIDIA,6.626378499509414,6.683906288532201,6.425156400568952,6.625382423400879,515412000.0
2020-03-09,NVIDIA,5.974399911526816,6.460022441611554,5.931565785360691,6.112366676330566,614160000.0
2020-03-10,NVIDIA,6.388797656327091,6.501860618591309,6.126063912354889,6.501860618591309,580648000.0
2020-03-11,NVIDIA,6.3619030525450215,6.390293368054027,6.040894269510428,6.138018608093262,499964000.0
2020-03-12,NVIDIA,5.61479059242201,5.880264149213543,5.374220841755505,5.3869218826293945,816540000.0
2020-03-13,NVIDIA,5.740305406908655,6.002292467677353,5.469104284331,5.997809886932373,634836000.0
2020-03-16,NVIDIA,5.289795809090351,5.630727877877242,4.831318696774143,4.891087532043457,726972000.0
2020-03-17,NVIDIA,5.00340532018319,5.500234647239916,4.75660969644265,5.410830020904541,833632000.0
2020-03-18,NVIDIA,4.98323309058256,5.228285443365078,4.499603118678141,5.050971031188965,874268000.0
2020-03-19,NVIDIA,5.029552628734446,5.397380690382684,4.816128239884334,5.3037428855896,765512000.0
2020-03-20,NVIDIA,5.453910912797467,5.73582082578316,5.108496765570491,5.123937129974365,804636000.0
2020-03-23,NVIDIA,5.122940819979483,5.391154107802196,4.943883219520599,5.296768665313721,643876000.0
2020-03-24,NVIDIA,5.70294954037005,6.292171604857981,5.679291186682041,6.205506324768066,1101644000.0
2020-03-25,NVIDIA,6.320560510878276,6.520288248729925,6.068036941761633,6.116848468780518,793432000.0
2020-03-26,NVIDIA,6.324047752504339,6.530250721317108,6.22592736148756,6.406230449676514,696108000.0
2020-03-27,NVIDIA,6.225927488151051,6.5526642311293,6.193054598613622,6.293914794921875,638828000.0
2020-03-30,NVIDIA,6.359411602587438,6.623391286850987,6.31533202177179,6.6141767501831055,602252000.0
2020-03-31,NVIDIA,6.6542721103912825,6.858482961141112,6.418932092607142,6.564619064331055,949960000.0
2020-04-01,NVIDIA,6.366633735921976,6.513067390574506,6.00876734687262,6.0533447265625,656912000.0
2020-04-02,NVIDIA,6.082482659115742,6.375350464934809,6.034418771617767,6.362151622772217,675764000.0
2020-04-03,NVIDIA,6.324546124267488,6.366135274074595,5.93679555989796,6.074264049530029,663212000.0
2020-04-06,NVIDIA,6.356424474765355,6.72101504957584,6.2988966669568605,6.684157371520996,727884000.0
2020-04-07,NVIDIA,6.905799262273358,6.929458092806241,6.407725019484068,6.450808525085449,784520000.0
2020-04-08,NVIDIA,6.559886380587937,6.672949345722739,6.489906918852568,6.648045539855957,542444000.0
2020-04-09,NVIDIA,6.7738096784050175,6.796720857250795,6.485424465320429,6.548430919647217,525564000.0
2020-04-13,NVIDIA,6.488661761554823,6.728982602723563,6.40025370444109,6.720266342163086,398408000.0
2020-04-14,NVIDIA,6.84851903902679,7.105525178182163,6.820875910614703,7.071407318115234,530948000.0
2020-04-15,NVIDIA,6.903308409949775,7.076887398298058,6.85798385424075,6.993957996368408,366148000.0
2020-04-16,NVIDIA,7.149357193306703,7.4462092792659,7.136158352257488,7.339123249053955,745620000.0
2020-04-17,NVIDIA,7.421306153923963,7.442723456928721,7.145871343771936,7.279853343963623,539120000.0
2020-04-20,NVIDIA,7.153342070869762,7.309239162563449,7.1042816355442255,7.1486101150512695,449388000.0
2020-04-21,NVIDIA,7.030567313176255,7.091830043239888,6.6520307684707305,6.711799621582031,735160000.0
2020-04-22,NVIDIA,6.904055709260202,7.169031464681237,6.858482252430744,7.12619686126709,483356000.0
2020-04-23,NVIDIA,7.168284705768839,7.30027407803628,7.047750448452174,7.072903156280518,424160000.0
2020-04-24,NVIDIA,7.062691508619764,7.213856623609894,6.987980102075522,7.211864471435547,352328000.0
2020-04-27,NVIDIA,7.34634497237191,7.558275486016847,7.32169006960919,7.398393630981445,479388000.0
2020-04-28,NVIDIA,7.545824789354154,7.5757094537182095,7.250467025309152,7.255945682525635,442904000.0
2020-04-29,NVIDIA,7.39067376810219,7.485557029064431,7.315464555147975,7.432761192321777,379160000.0
2020-04-30,NVIDIA,7.378719919459996,7.432761207771486,7.264910261127515,7.27885627746582,375916000.0
2020-05-01,NVIDIA,7.081369380151772,7.194681234845582,6.993957405102291,7.042270660400391,342096000.0
2020-05-04,NVIDIA,6.994954166898053,7.267899006058061,6.994954166898053,7.254201889038086,317556000.0
2020-05-05,NVIDIA,7.358300526540982,7.477838238612764,7.254202710402939,7.315217018127441,368896000.0
2020-05-06,NVIDIA,7.394660306852498,7.520922134546693,7.356806553579134,7.416077136993408,323464000.0
2020-05-07,NVIDIA,7.555287305768912,7.655649225730638,7.503985819448694,7.59239387512207,373732000.0
2020-05-08,NVIDIA,7.664116946015508,7.788635500703007,7.630247978940607,7.78240966796875,339216000.0
2020-05-11,NVIDIA,7.777428609621731,8.081254179162244,7.748789399788098,8.034435272216797,469060000.0
2020-05-12,NVIDIA,8.092212807458,8.141023874758188,7.762736678179775,7.772449016571045,493060000.0
2020-05-13,NVIDIA,7.887005024962632,8.047384694158001,7.565498035666604,7.750034809112549,625852000.0
2020-05-14,NVIDIA,7.811546156481856,8.005048072152466,7.657890135222116,7.999569416046143,602312000.0
2020-05-15,NVIDIA,7.859362333253121,8.467759729126763,7.843673063373936,8.458047866821289,987660000.0
2020-05-18,NVIDIA,8.726758578966196,8.882157876251767,8.647066777794294,8.716547966003418,774460000.0
2020-05-19,NVIDIA,8.756393042945989,9.052497941010737,8.728998810744676,8.771584510803223,717320000.0
2020-05-20,NVIDIA,8.956369577080315,9.008169334494244,8.854513314184649,8.935450553894043,587536000.0
2020-05-21,NVIDIA,9.016636148107676,9.01763174915092,8.70384547034908,8.741450309753418,761068000.0
2020-05-22,NVIDIA,8.791258595026987,9.057978074056091,8.679690457394878,8.991484642028809,1038764000.0
2020-05-26,NVIDIA,9.12148492827026,9.146389217390578,8.63860201974499,8.684175491333008,770780000.0
2020-05-27,NVIDIA,8.591778878115948,8.59949858645233,7.965948602292473,8.492413520812988,1175892000.0
2020-05-28,NVIDIA,8.379850276661402,8.726759399702443,8.346977381836325,8.454313278198242,734896000.0
2020-05-29,NVIDIA,8.521549680755234,8.841313362121582,8.45231740901086,8.841313362121582,745256000.0
2020-06-01,NVIDIA,8.799225756292525,8.80669656347217,8.65602926867685,8.772329330444336,389876000.0
2020-06-02,NVIDIA,8.762370225061078,8.80321172202104,8.624652366711704,8.791257858276367,391320000.0
2020-06-03,NVIDIA,8.788271870132402,8.832102079332936,8.666492155647125,8.735724449157715,365440000.0
2020-06-04,NVIDIA,8.698351988030383,8.912870831436944,8.648023612555617,8.736721992492676,424280000.0
2020-06-05,NVIDIA,8.764623696893707,8.966435156134487,8.678417387195601,8.889697074890137,481748000.0
2020-06-08,NVIDIA,8.847093241462918,8.859550588229734,8.656244065795697,8.775089263916016,387736000.0
2020-06-09,NVIDIA,8.770106557565944,9.078803940290417,8.721522237530877,9.015270233154297,468488000.0
2020-06-10,NVIDIA,9.136607026501476,9.46772799834327,9.12240468175973,9.334930419921877,632180000.0
2020-06-11,NVIDIA,9.118917422183276,9.229789434182624,8.756154547254663,8.766369819641113,583652000.0
2020-06-12,NVIDIA,9.131373096012997,9.156038770815504,8.673682833519896,8.902153968811035,570908000.0
2020-06-15,NVIDIA,8.78530408707632,9.151056977868004,8.714046204354432,9.142585754394531,400004000.0
2020-06-16,NVIDIA,9.19366413237696,9.235272266881235,8.808725684298462,9.037694931030272,535716000.0
2020-06-17,NVIDIA,9.082789870444396,9.267409883163973,9.03943674835207,9.20462417602539,408304000.0
2020-06-18,NVIDIA,9.1956557675876,9.250967262401565,9.08353774425731,9.186686515808104,254408000.0
2020-06-19,NVIDIA,9.211102283168469,9.41291375503679,9.195903884184563,9.229787826538086,524160000.0
2020-06-22,NVIDIA,9.26840846511835,9.498872728106782,9.241748771132274,9.49438762664795,398468000.0
2020-06-23,NVIDIA,9.518555877885476,9.609745343124262,9.375543956112791,9.417899131774902,375108000.0
2020-06-24,NVIDIA,9.44405786596491,9.524035985710388,9.113434939664412,9.204126358032228,449372000.0
2020-06-25,NVIDIA,9.323970010638464,9.47271306129178,9.151059303167177,9.457763671875,376072000.0
2020-06-26,NVIDIA,9.46773169156203,9.46773169156203,9.094005440579318,9.123903274536133,592084000.0
2020-06-29,NVIDIA,9.13860391414901,9.173235865857016,8.869769563514627,9.168750762939451,342248000.0
2020-06-30,NVIDIA,9.2823624416458,9.493891229986184,9.235024131253684,9.46548843383789,367892000.0
2020-07-01,NVIDIA,9.48840899138642,9.543222465918335,9.38102506839929,9.49762725830078,326648000.0
2020-07-02,NVIDIA,9.606254302847791,9.704419929301665,9.545710675305182,9.579595565795898,364056000.0
2020-07-06,NVIDIA,9.708658485901832,9.875091029212872,9.679507699342986,9.805827140808104,315892000.0
2020-07-07,NVIDIA,9.912463798097562,10.035793168745377,9.81728820722433,9.838216781616213,357800000.0
2020-07-08,NVIDIA,9.959802269166286,10.190267506077983,9.931648488925946,10.181297302246094,365480000.0
2020-07-09,NVIDIA,10.344988447431144,10.534093588633562,10.198736506038417,10.47330093383789,494548000.0
2020-07-10,NVIDIA,10.55278204256636,10.619055866576208,10.343495332100384,10.44365406036377,497676000.0
2020-07-13,NVIDIA,10.559010299091566,10.755589678607524,9.990945875656424,10.01810359954834,457076000.0
2020-07-14,NVIDIA,10.040774113605371,10.367410922178168,9.7522573358709,10.341748237609863,542676000.0
2020-07-15,NVIDIA,10.378874713712497,10.397560262402386,10.021592005891517,10.192509651184082,403984000.0
2020-07-16,NVIDIA,9.980982317315087,10.17208057287186,9.861888064179064,10.10032558441162,344964000.0
2020-07-17,NVIDIA,10.190765872480604,10.213687509797916,10.053484112073008,10.166847229003906,266284000.0
2020-07-20,NVIDIA,10.239348798460751,10.495475748934792,10.122247637300884,10.475045204162598,284852000.0
2020-07-21,NVIDIA,10.477286144387907,10.524127364124078,10.251805035504514,10.293413162231444,277036000.0
2020-07-22,NVIDIA,10.332282816609863,10.566484200079644,10.256540769041845,10.403290748596191,367292000.0
2020-07-23,NVIDIA,10.41450047001696,10.51117107626877,9.99717318149924,10.095338821411133,411660000.0
2020-07-24,NVIDIA,9.841454567795491,10.329540792966707,9.743787900157928,10.159869194030762,473292000.0
2020-07-27,NVIDIA,10.197488933547117,10.40627657572946,10.18303757746187,10.386096000671388,292132000.0
2020-07-28,NVIDIA,10.339009800039262,10.346733032822945,10.174570331657684,10.180798530578612,271636000.0
2020-07-29,NVIDIA,10.355453730943246,10.480527147935394,10.31185253482395,10.429949760437012,284508000.0
2020-07-30,NVIDIA,10.339757247035063,10.586914962321844,10.260278088332438,10.577945709228516,308880000.0
2020-07-31,NVIDIA,10.527368007376973,10.729928483345562,10.397560467511155,10.578693389892578,386080000.0
2020-08-03,NVIDIA,10.696040518876066,11.06104636282782,10.678849058314825,10.97284698486328,412720000.0
2020-08-04,NVIDIA,11.012462764883184,11.189608573913574,10.868951887154711,11.189608573913574,310336000.0
2020-08-05,NVIDIA,11.205804134027222,11.333119607322317,11.128318048466182,11.248408317565918,249924000.0
2020-08-06,NVIDIA,11.31119274116081,11.319414950364918,11.140774125561244,11.296991348266602,244316000.0
2020-08-07,NVIDIA,11.274072170779698,11.465669360906174,11.000006708128012,11.161456108093262,342516000.0
2020-08-10,NVIDIA,11.295747876802205,11.369495904917777,10.81962002324754,11.12707233428955,427796000.0
2020-08-11,NVIDIA,11.036131858187444,11.098918523004569,10.759076349780807,10.813142776489258,354512000.0
2020-08-12,NVIDIA,10.953415024322776,11.428046911514224,10.92102515984254,11.40138816833496,464412000.0
2020-08-13,NVIDIA,11.50677883510985,11.681932558558554,11.317175651807055,11.404129028320312,374460000.0
2020-08-14,NVIDIA,11.490831482358995,11.664988170804342,11.40163604503108,11.5247163772583,366436000.0
2020-08-17,NVIDIA,11.810990587312569,12.3675936323148,11.777106641549244,12.295090675354004,621300000.0
2020-08-18,NVIDIA,12.40770613943423,12.453550352682829,12.04519232222542,12.219099044799805,503448000.0
2020-08-19,NVIDIA,12.254729469703312,12.273166002432632,12.056903135448286,12.09726619720459,622624000.0
2020-08-20,NVIDIA,11.934320736199703,12.33296153702045,11.838397169779482,12.099756240844728,921388000.0
2020-08-21,NVIDIA,12.160301181206735,12.765239587965969,12.153823018009948,12.64041519165039,999868000.0
2020-08-24,NVIDIA,12.839981634008474,12.868634383475165,12.465009554237854,12.677037239074709,490564000.0
2020-08-25,NVIDIA,12.587843670733813,12.717900209018431,12.531037137240192,12.70668888092041,289076000.0
2020-08-26,NVIDIA,12.755771158963569,12.82478602619739,12.634683873931436,12.729610443115234,321244000.0
2020-08-27,NVIDIA,12.73808206029818,12.80634988794029,12.523812247203733,12.585352897644045,317604000.0
2020-08-28,NVIDIA,12.63194454980629,13.103337392819968,12.599554682762191,13.10308837890625,537160000.0
2020-08-31,NVIDIA,13.137969018429311,13.52888663787732,12.993462065874189,13.329068183898926,500840000.0
2020-09-01,NVIDIA,13.438227675991252,13.95038574188467,13.394862527172425,13.77817153930664,511316000.0
2020-09-02,NVIDIA,14.658183209762957,14.68111264844388,13.85692396711378,14.302041053771973,874012000.0
2020-09-03,NVIDIA,13.78589572874662,13.841472858528125,12.83883987496344,12.97516632080078,945128000.0
2020-09-04,NVIDIA,12.744135910810884,13.13417413255134,11.6684799433807,12.583386421203612,1463684000.0
2020-09-08,NVIDIA,11.698138224569677,12.511111492493251,11.667982363380093,11.87608528137207,795728000.0
2020-09-09,NVIDIA,12.361574683143148,12.769556763892693,12.193845970090976,12.675599098205566,736200000.0
2020-09-10,NVIDIA,12.948997994743744,13.024762692469324,12.129295687593542,12.273597717285156,698684000.0
2020-09-11,NVIDIA,12.446808743019314,12.613291040493865,11.858886043297618,12.126803398132324,636928000.0
2020-09-14,NVIDIA,13.040465071713278,13.273739209787468,12.592108805183384,12.832361221313477,1201744000.0
2020-09-15,NVIDIA,13.238848656035094,13.257540745071386,12.788000526305536,12.95074462890625,727556000.0
2020-09-16,NVIDIA,12.9170964380368,13.05217649163563,12.474971233114562,12.47571849822998,556384000.0
2020-09-17,NVIDIA,12.094651623023218,12.550734273032672,11.997453930586802,12.424875259399414,792512000.0
2020-09-18,NVIDIA,12.55472435238674,12.593353969240908,11.951599589222688,12.151477813720703,698460000.0
2020-09-21,NVIDIA,11.888045766743714,12.483694019829388,11.86760911172598,12.478460311889648,721044000.0
2020-09-22,NVIDIA,12.536030677655903,12.608804409623732,12.117831282562603,12.598586082458496,646452000.0
2020-09-23,NVIDIA,12.536530607405997,12.68756183930577,12.0418191842963,12.086180686950684,647012000.0
2020-09-24,NVIDIA,12.034842454564467,12.5305512457536,11.976772526129258,12.309737205505373,731240000.0
2020-09-25,NVIDIA,12.4089288617746,12.843577688833532,12.207804227081589,12.833857536315918,588016000.0
2020-09-28,NVIDIA,12.999839726157738,13.011304446570705,12.710489349429492,12.994606018066406,573808000.0
2020-09-29,NVIDIA,12.897407213832448,13.401091441820128,12.893170810331622,13.18476390838623,621460000.0
2020-09-30,NVIDIA,13.116726900529311,13.580286078672284,13.109499534654343,13.488571166992188,689184000.0
2020-10-01,NVIDIA,13.715365122828189,13.720099703122544,13.419035538099738,13.572309494018556,525004000.0
2020-10-02,NVIDIA,13.184018292696402,13.477605085052131,13.01055675215891,13.021772384643556,552496000.0
2020-10-05,NVIDIA,13.194983370269624,13.601968110625268,13.18177408047984,13.600223541259766,479820000.0
2020-10-06,NVIDIA,13.787142928368263,14.098176363229635,13.622654275454853,13.69393253326416,784420000.0
2020-10-07,NVIDIA,13.95636829074398,14.075498148808256,13.820540002233663,13.92072868347168,418084000.0
2020-10-08,NVIDIA,14.031381899047844,14.040852960874489,13.715364833292714,13.79586410522461,378900000.0
2020-10-09,NVIDIA,13.724342527183946,13.78141515829351,13.618421937746026,13.720105171203612,346892000.0
2020-10-12,NVIDIA,13.946148379332303,14.302540608740337,13.8693873271099,14.181915283203123,434744000.0
2020-10-13,NVIDIA,14.25219747228432,14.304036377631371,13.975308163127476,14.204096794128418,344604000.0
2020-10-14,NVIDIA,14.246218299016473,14.298306302804775,13.91674275574327,14.051573753356934,276100000.0
2020-10-15,NVIDIA,13.767953352964804,13.962348784110764,13.725086380494536,13.92671012878418,267224000.0
2020-10-16,NVIDIA,13.993251870414806,14.077739416679783,13.749758471159122,13.768699645996094,242392000.0
2020-10-19,NVIDIA,13.859916877432626,13.94016707194186,13.36520451854094,13.455923080444336,298068000.0
2020-10-20,NVIDIA,13.541408969381164,13.756989297836052,13.465146079357403,13.603217124938965,229212000.0
2020-10-21,NVIDIA,13.582779175429115,13.748763320474952,13.435736206877356,13.482839584350586,219596000.0
2020-10-22,NVIDIA,13.480595803068136,13.569568842575755,13.190746292496502,13.31959629058838,290480000.0
2020-10-23,NVIDIA,13.408322054619656,13.551128627236944,13.250064394396585,13.548137664794922,233484000.0
2020-10-26,NVIDIA,13.385391699339385,13.650318109771362,12.998095392130589,13.100526809692385,336896000.0
2020-10-27,NVIDIA,13.264765633930438,13.40034481317978,13.150620413716602,13.35523509979248,250520000.0
2020-10-28,NVIDIA,13.157102246605223,13.218910396008535,12.569927679431007,12.587871551513672,376520000.0
2020-10-29,NVIDIA,12.798715363998191,13.15186754873431,12.710489589909798,12.983640670776367,320080000.0
2020-10-30,NVIDIA,12.810179890792629,12.896411055077888,12.261884079576626,12.495159149169922,416820000.0
2020-11-02,NVIDIA,12.61852818964224,12.796973432380415,12.356592687031494,12.541767120361328,299652000.0
2020-11-03,NVIDIA,12.669119382527173,13.064390361146998,12.56369699219088,12.979155540466309,272900000.0
2020-11-04,NVIDIA,13.347759223710232,13.784651715579656,13.295671227164693,13.751503944396973,410228000.0
2020-11-05,NVIDIA,14.118612169911342,14.294564582296337,13.94764342637984,14.116119384765623,319028000.0
2020-11-06,NVIDIA,14.06602622889892,14.543541985718916,13.851942362045998,14.516875267028809,383348000.0
2020-11-09,NVIDIA,14.507402211518222,14.645971395758416,13.568571079455158,13.588508605957031,582976000.0
2020-11-10,NVIDIA,13.56433576054012,13.56433576054012,12.58911761686542,12.730428695678713,644068000.0
2020-11-11,NVIDIA,13.01329951780789,13.393368493454396,12.908126217082737,13.376420974731444,404744000.0
2020-11-12,NVIDIA,13.43723173383118,13.723342089437354,13.274736727303337,13.415050506591797,365812000.0
2020-11-13,NVIDIA,13.58502189438396,13.626393386360808,13.018782160079738,13.2557954788208,346312000.0
2020-11-16,NVIDIA,13.131680223580256,13.607202313972754,13.115231833557882,13.473368644714355,413776000.0
2020-11-17,NVIDIA,13.510501631287235,13.554115863305508,13.262522754338525,13.380655288696287,312028000.0
2020-11-18,NVIDIA,13.42352524132189,13.56358994238491,13.144144055179128,13.38713836669922,510924000.0
2020-11-19,NVIDIA,13.17180655068119,13.445704907564874,13.059405888959796,13.398601531982422,565936000.0
2020-11-20,NVIDIA,13.41230959369686,13.452683781596887,13.024514126113624,13.047194480895996,341088000.0
2020-11-23,NVIDIA,13.130435427576792,13.3410301620709,12.975167790038975,13.099282264709473,361356000.0
2020-11-24,NVIDIA,13.101775852379744,13.12121520804302,12.845074060237616,12.917598724365234,346500000.0
2020-11-25,NVIDIA,12.992114247965226,13.228379329098727,12.979653173979193,13.193737030029297,259916000.0
2020-11-27,NVIDIA,13.33355368493512,13.365953240464345,13.129687189722432,13.220155715942385,167276000.0
2020-11-30,NVIDIA,13.223895571225766,13.370938545272066,12.932052369557857,13.35997200012207,286952000.0
2020-12-01,NVIDIA,13.450440170378451,13.486827040045208,13.1872573732238,13.348506927490234,296948000.0
2020-12-02,NVIDIA,13.309128181040682,13.631127189230591,13.193238390667997,13.502527236938477,283360000.0
2020-12-03,NVIDIA,13.549395446698242,13.621692359204236,13.29162122454906,13.35843276977539,199520000.0
2020-12-04,NVIDIA,13.410785417444142,13.521973470709732,13.351203372803964,13.520228385925291,202244000.0
2020-12-07,NVIDIA,13.563108608262407,13.692744171965034,13.462142841272858,13.56859302520752,223244000.0
2020-12-08,NVIDIA,13.546904559527674,13.560616077431042,13.244255468660604,13.3125638961792,271920000.0
2020-12-09,NVIDIA,13.26319950976646,13.376380848657366,12.832161704583104,12.894486427307127,401300000.0
2020-12-10,NVIDIA,12.832910177237736,13.032099938363633,12.813464133325724,12.935870170593262,207764000.0
2020-12-11,NVIDIA,12.930885568917091,12.983488226921269,12.787040175578497,12.976757049560549,209264000.0
2020-12-14,NVIDIA,13.051296369383168,13.35120272682699,13.040825861183126,13.271427154541016,270156000.0
2020-12-15,NVIDIA,13.402061434232618,13.426243461845102,13.14977159927555,13.323034286499023,193016000.0
2020-12-16,NVIDIA,13.38485880478983,13.399567920519228,13.175447671879173,13.205364227294922,223116000.0
2020-12-17,NVIDIA,13.329266568173496,13.341981438331054,13.141544871847286,13.303838729858398,231384000.0
2020-12-18,NVIDIA,13.341480601086888,13.367407711372202,13.033846398297577,13.234781265258787,342064000.0
2020-12-21,NVIDIA,13.038083274086588,13.33250521765082,12.931133831680992,13.29486083984375,302332000.0
2020-12-22,NVIDIA,13.281898915745092,13.299848088352803,13.017392551262413,13.241013526916504,185580000.0
2020-12-23,NVIDIA,13.218824775030084,13.23777154516636,12.968529220861209,12.972766876220703,179144000.0
2020-12-24,NVIDIA,13.000688634360822,13.09567164994418,12.902465562166906,12.957310676574709,97884000.0
2020-12-28,NVIDIA,13.0258676033868,13.0258676033868,12.72745716825897,12.86382293701172,212564000.0
2020-12-29,NVIDIA,12.888751666495113,13.035838036663034,12.80623342164676,12.906949996948242,170372000.0
2020-12-30,NVIDIA,12.953822361192444,13.176695873305707,12.860585368053355,13.10888671875,225396000.0
2020-12-31,NVIDIA,13.09966024211231,13.114119243433588,12.878781023033149,13.018388748168944,192424000.0
2021-01-04,NVIDIA,13.067501258122682,13.61421397971434,12.926148437741286,13.076725006103516,560640000.0
2021-01-05,NVIDIA,13.063013897871317,13.405799918708546,13.050299979878782,13.367158889770508,322760000.0
2021-01-06,NVIDIA,13.185420201840708,13.207857143489328,12.55070572206963,12.57912540435791,580424000.0
2021-01-07,NVIDIA,12.931135270824337,13.340235478052634,12.850363041122913,13.30657958984375,461480000.0
2021-01-08,NVIDIA,13.325026358914794,13.38336163946006,13.00542479719316,13.239516258239746,292528000.0
2021-01-11,NVIDIA,13.381118966632627,13.92184894045649,13.32502709160105,13.583300590515137,518344000.0
2021-01-12,NVIDIA,13.7139336394329,13.71592883730901,13.307577070665625,13.446934700012209,291476000.0
2021-01-13,NVIDIA,13.452167296082305,13.586788919117168,13.347462223277248,13.493800163269045,210028000.0
2021-01-14,NVIDIA,13.536931064909217,13.561611414349295,13.143537592713155,13.16323184967041,283120000.0
2021-01-15,NVIDIA,13.190904052844246,13.287881316844617,12.812468857865897,12.823437690734863,277780000.0
2021-01-19,NVIDIA,12.97974631151567,13.05727847139922,12.807979582435896,12.98872184753418,226188000.0
2021-01-20,NVIDIA,13.074978758976377,13.392835229598887,13.020133648911958,13.328267097473145,258572000.0
2021-01-21,NVIDIA,13.380869233947864,13.959991048301736,13.215833672489648,13.82861042022705,337780000.0
2021-01-22,NVIDIA,13.701468596467407,13.802933631043508,13.589034728801968,13.67404556274414,246820000.0
2021-01-25,NVIDIA,13.74310221612875,13.789721185785888,13.19938129579068,13.614962577819824,251112000.0
2021-01-26,NVIDIA,13.542416475351589,13.606486294408793,13.349957856187537,13.397574424743652,163980000.0
2021-01-27,NVIDIA,13.19289858121172,13.19564126498745,12.75787222578399,12.881525039672852,371272000.0
2021-01-28,NVIDIA,12.959805478023087,13.30234235667596,12.924155341787754,13.01440143585205,228316000.0
2021-01-29,NVIDIA,13.03833420279187,13.297356163278318,12.875292865521274,12.953323364257812,271552000.0
2021-02-01,NVIDIA,13.016644788412515,13.233534581974755,12.866566542246508,13.19987964630127,217204000.0
2021-02-02,NVIDIA,13.3611770550748,13.533940468097438,13.248243904367374,13.518733978271484,220440000.0
2021-02-03,NVIDIA,13.597760947043264,13.892682206778405,13.47859684597866,13.492557525634766,245408000.0
2021-02-04,NVIDIA,13.493055176707028,13.63515548811992,13.30034740406462,13.625931739807127,201340000.0
2021-02-05,NVIDIA,13.686512931697465,13.698728527166663,13.50776486683177,13.55288791656494,169152000.0
2021-02-08,NVIDIA,13.688753373760925,14.43315990300418,13.688753373760925,14.398258209228516,434624000.0
2021-02-09,NVIDIA,14.300534356614136,14.542354624618508,14.182616068463537,14.223252296447754,287560000.0
2021-02-10,NVIDIA,14.422691425140114,14.863202216590144,14.301282965701423,14.72284698486328,485352000.0
2021-02-11,NVIDIA,14.938240455389993,15.229421401855388,14.883145228492026,15.20798110961914,450828000.0
2021-02-12,NVIDIA,15.007794401549177,15.248367885003656,14.733565033067464,14.919293403625488,374756000.0
2021-02-16,NVIDIA,15.022005252212074,15.329391251477391,14.908075461379754,15.287259101867676,321960000.0
2021-02-17,NVIDIA,15.128454926659812,15.180808421709868,14.7385516279721,14.864198684692385,274756000.0
2021-02-18,NVIDIA,14.687696501315877,14.83154190660509,14.5341280721423,14.787416458129885,233868000.0
2021-02-19,NVIDIA,14.98236639799842,15.134438891463464,14.805115230939936,14.884641647338867,271724000.0
2021-02-22,NVIDIA,14.733316330627298,15.090811453956276,14.284827635904886,14.315491676330566,325884000.0
2021-02-23,NVIDIA,14.03577831462812,14.198820593637908,13.35195136230545,14.102341651916504,391780000.0
2021-02-24,NVIDIA,14.083145503096832,14.466068467380678,13.717423274073871,14.45833969116211,448320000.0
2021-02-25,NVIDIA,14.00611199836621,14.33443901715153,13.179188080871866,13.270181655883787,824436000.0
2021-02-26,NVIDIA,13.713932284643422,13.815646473279203,13.323530680452915,13.676039695739746,500932000.0
2021-03-01,NVIDIA,13.8360922172584,13.885952199232316,13.515244769121344,13.802935600280762,353184000.0
2021-03-02,NVIDIA,13.861021202997064,13.881463899435085,13.358434810228257,13.368656158447266,264116000.0
2021-03-03,NVIDIA,13.38859986982293,13.41377854511925,12.762859005310784,12.768842697143556,377592000.0
2021-03-04,NVIDIA,12.764854597565634,12.938616576022511,12.049865163193754,12.335561752319336,573344000.0
2021-03-05,NVIDIA,12.514806524253467,12.514806524253467,11.64649792168142,12.426554679870604,542840000.0
2021-03-08,NVIDIA,12.415084435154712,12.436274612399806,11.53406206584906,11.56073760986328,543112000.0
2021-03-09,NVIDIA,12.100408589821392,12.5857115477266,12.029583156574535,12.489449501037598,521824000.0
2021-03-10,NVIDIA,12.808910100942292,12.948066572746528,12.42685292339801,12.437576293945312,384376000.0
2021-03-11,NVIDIA,12.918142518050557,13.014156273626458,12.703172774674462,12.961535453796388,299916000.0
2021-03-12,NVIDIA,12.617134944070315,12.857043763325269,12.559028764148303,12.824374198913574,243964000.0
2021-03-15,NVIDIA,12.83310149724649,13.174260154911902,12.735841507996014,13.158798217773438,221988000.0
2021-03-16,NVIDIA,13.323641474792712,13.479257837675464,13.084481372803005,13.258552551269531,272128000.0
2021-03-17,NVIDIA,13.007672048190122,13.420154662329283,12.957545610939825,13.308430671691896,243864000.0
2021-03-18,NVIDIA,13.104182253321332,13.151565052474703,12.685713947139764,12.691200256347656,293896000.0
2021-03-19,NVIDIA,12.718632702400823,12.889710986982736,12.581471167444477,12.814146995544434,299208000.0
2021-03-22,NVIDIA,12.880983842945088,13.36154823506086,12.874998085903744,13.153810501098633,297804000.0
2021-03-23,NVIDIA,13.221643113543063,13.311671106919352,12.9892165090911,13.03859519958496,222048000.0
2021-03-24,NVIDIA,13.118897393362214,13.126878086028931,12.605663414562246,12.611897468566896,245840000.0
2021-03-25,NVIDIA,12.468750209276983,12.683470687202512,12.241809920894694,12.504411697387695,295144000.0
2021-03-26,NVIDIA,12.52361444303062,12.82462229390924,12.343059962632031,12.807663917541504,363968000.0
2021-03-29,NVIDIA,12.788708883498062,13.030363335870426,12.668754976475396,12.916394233703612,273520000.0
2021-03-30,NVIDIA,12.810407393306772,12.943329820806325,12.673744343397685,12.840084075927734,200204000.0
2021-03-31,NVIDIA,12.983480795926578,13.437361379878029,12.950561986434115,13.315412521362305,314776000.0
2021-04-01,NVIDIA,13.5388611010894,13.83587812307174,13.47801034601489,13.777771949768066,308276000.0
2021-04-05,NVIDIA,13.833385038729489,13.979524270576526,13.699215418219154,13.953089714050291,255672000.0
2021-04-06,NVIDIA,13.96530853335018,14.019674081792544,13.739615448630644,13.827398300170898,191744000.0
2021-04-07,NVIDIA,13.84660129493534,14.208458937130144,13.677768135683046,14.108705520629885,251284000.0
2021-04-08,NVIDIA,14.217687357595498,14.435899213055192,14.213945783814792,14.281779289245604,244416000.0
2021-04-09,NVIDIA,14.179030254374938,14.372553216225883,14.14012664417195,14.364572525024414,195172000.0
2021-04-12,NVIDIA,14.254596031105418,15.314731433707978,14.104465977801848,15.171584129333496,869324000.0
2021-04-13,NVIDIA,15.19402760878068,15.661375156600382,15.08853768793444,15.640925407409668,676212000.0
2021-04-14,NVIDIA,15.58656052594978,15.68182557627376,15.190038388116491,15.23941707611084,385500000.0
2021-04-15,NVIDIA,15.62396691847129,16.174359665359855,15.593043048827145,16.097549438476562,598480000.0
2021-04-16,NVIDIA,16.01350646843604,16.12598008943115,15.826218501412097,15.873353004455566,335208000.0
2021-04-19,NVIDIA,15.49827593026511,15.76860910468533,15.195522448377842,15.323955535888672,404420000.0
2021-04-20,NVIDIA,15.285552882888071,15.458875362058151,14.926189618252144,15.13392734527588,334132000.0
2021-04-21,NVIDIA,15.081554081407855,15.32470497217808,15.065095154602076,15.322710037231444,216776000.0
2021-04-22,NVIDIA,15.337175698398932,15.400519884321316,14.747130576116172,14.813716888427734,277788000.0
2021-04-23,NVIDIA,14.89750944608486,15.29727370248584,14.86359364661708,15.22769546508789,227500000.0
2021-04-26,NVIDIA,15.147643871309407,15.440920276031514,15.087791058443576,15.439922332763672,197796000.0
2021-04-27,NVIDIA,15.540172992599263,15.631946658407012,15.316724108516397,15.343907356262209,164572000.0
2021-04-28,NVIDIA,15.32670177309296,15.494039448295446,15.178068161200418,15.23916721343994,209416000.0
2021-04-29,NVIDIA,15.362113842578646,15.39852402553531,15.034422195968672,15.287049293518066,173196000.0
2021-04-30,NVIDIA,15.137169225880765,15.327199878603071,14.960105175895864,14.972574234008787,201912000.0
2021-05-03,NVIDIA,15.087788953016751,15.209239297695012,14.751119662695537,14.800248146057127,203912000.0
2021-05-04,NVIDIA,14.6012413438704,14.601490591862609,13.975783949931254,14.31594467163086,405324000.0
2021-05-05,NVIDIA,14.67281322109117,14.77705690361153,14.352104335830427,14.422929763793944,292024000.0
2021-05-06,NVIDIA,14.459590514112756,14.535403762388006,14.183023228828954,14.487272262573242,193380000.0
2021-05-07,NVIDIA,14.77182227821194,14.933921959028272,14.635657709157323,14.775812149047852,229328000.0
2021-05-10,NVIDIA,14.750871407443766,14.76957547077731,14.214943531610285,14.2306547164917,268904000.0
2021-05-11,NVIDIA,13.79098747804603,14.31943405516003,13.716172183673429,14.271053314208984,285584000.0
2021-05-12,NVIDIA,13.975037160959912,14.225170873854776,13.675526653010904,13.724655151367188,303408000.0
2021-05-13,NVIDIA,13.999226037710349,14.046111298805778,13.42588999722822,13.631632804870604,285404000.0
2021-05-14,NVIDIA,13.855829803441582,14.292752013541277,13.714677433186372,14.207961082458496,258616000.0
2021-05-17,NVIDIA,14.122172285711322,14.134392096499557,13.819419695219413,14.130651473999023,216980000.0
2021-05-18,NVIDIA,14.231902003595811,14.368814302100716,13.96954852184947,13.98126983642578,186256000.0
2021-05-19,NVIDIA,13.533123876129949,14.044862298330736,13.509931447897436,14.031146049499512,344000000.0
2021-05-20,NVIDIA,14.267312727841873,14.647625156234405,14.235391865290197,14.576550483703612,321592000.0
2021-05-21,NVIDIA,15.126447037395607,15.184554169231506,14.832921353406686,14.954870223999023,672992000.0
2021-05-24,NVIDIA,15.17507511104745,15.706265365867369,15.13866492809838,15.573593139648438,554816000.0
2021-05-25,NVIDIA,15.72721286252232,15.779583475638969,15.444410600364296,15.609253883361816,435408000.0
2021-05-26,NVIDIA,15.69554295501756,15.754896323009897,15.547907279022002,15.661376953125,370440000.0
2021-05-27,NVIDIA,15.6611288021471,15.711255241190996,15.421968674803152,15.449899673461914,581476000.0
2021-05-28,NVIDIA,15.462864882329145,16.237454287840492,15.462864882329145,16.20453453063965,644536000.0
2021-06-01,NVIDIA,16.229974565620903,16.347933551781875,15.864126093340143,16.2244873046875,472804000.0
2021-06-02,NVIDIA,16.212265926193794,16.87712625493025,16.195556800663763,16.736970901489258,594168000.0
2021-06-03,NVIDIA,16.659665958022718,17.21654307093119,16.54220545944608,16.928003311157227,580008000.0
2021-06-04,NVIDIA,17.070401602049834,17.617552324507795,17.053445127711075,17.53500747680664,617120000.0
2021-06-07,NVIDIA,17.528021981905518,17.768677543429288,17.150453185888143,17.575653076171875,575756000.0
2021-06-08,NVIDIA,17.484133522613572,17.578151395074354,17.208562256214222,17.4140567779541,323848000.0
2021-06-09,NVIDIA,17.476668838830243,17.53578651537841,17.21724873586014,17.31951904296875,381656000.0
2021-06-10,NVIDIA,17.31128832755389,17.452971689075827,17.137676776852064,17.386119842529297,287772000.0
2021-06-11,NVIDIA,17.440497358543247,17.89922263315235,17.404827691754896,17.785476684570312,416308000.0
2021-06-14,NVIDIA,17.866044815690444,17.99924607215233,17.623337708587435,17.97854232788086,321376000.0
2021-06-15,NVIDIA,17.875022883618865,17.97604663575129,17.68843990745718,17.748804092407227,243032000.0
2021-06-16,NVIDIA,17.751050591544338,17.91468418538893,17.545259694850984,17.770505905151367,307124000.0
2021-06-17,NVIDIA,17.73483795778775,18.79297075616805,17.71662916794355,18.615617752075195,809656000.0
2021-06-18,NVIDIA,18.74208463201298,19.331765442705965,18.54253016298032,18.59715843200684,968856000.0
2021-06-21,NVIDIA,18.394110948679845,18.495136607237573,17.782978507688828,18.38612937927246,672384000.0
2021-06-22,NVIDIA,18.43028222708381,18.921434238935472,18.344972300218704,18.8446044921875,580144000.0
2021-06-23,NVIDIA,18.96533186812781,19.11000874290461,18.86555464748546,19.014720916748047,332356000.0
2021-06-24,NVIDIA,19.18484681892312,19.376667140371925,19.0456565249528,19.16264533996582,320924000.0
2021-06-25,NVIDIA,19.237480406858676,19.30233590716464,18.852341996857817,18.9885368347168,278364000.0
2021-06-28,NVIDIA,19.31804607968373,20.033945692644743,19.27589067856484,19.940404891967773,495436000.0
2021-06-29,NVIDIA,19.83812862124041,20.053895490873828,19.61313175506694,19.982057571411133,367632000.0
2021-06-30,NVIDIA,19.954621891960947,20.11750756756324,19.81942430719097,19.95786476135254,326568000.0
2021-07-01,NVIDIA,20.080092966260256,20.41035374685743,19.974328596973308,20.166898727416992,480136000.0
2021-07-02,NVIDIA,20.39463747913961,20.45949296291919,20.24247763436387,20.441282272338867,342764000.0
2021-07-06,NVIDIA,20.69122385571064,20.7954904830184,20.304839002416227,20.65231132507324,446708000.0
2021-07-07,NVIDIA,20.806969493155897,20.82842115434022,20.286633492945462,20.3262939453125,418428000.0
2021-07-08,NVIDIA,19.81219312025621,20.08807493944189,19.65679038448507,19.858339309692383,503300000.0
2021-07-09,NVIDIA,19.917954748254356,20.035442165140385,19.710169397353443,20.00550842285156,296624000.0
2021-07-12,NVIDIA,20.194839054092,20.48693525874309,20.142705728814533,20.466732025146484,321984000.0
2021-07-13,NVIDIA,20.3549784361798,20.41559384007116,20.06911869589807,20.204814910888672,290708000.0
2021-07-14,NVIDIA,20.31231875455306,20.372184323242063,19.70866935395099,19.79722023010254,380100000.0
2021-07-15,NVIDIA,19.7675415635898,19.802712615853245,18.81641780631907,18.923927307128903,550564000.0
2021-07-16,NVIDIA,18.988032725090143,19.11424961072464,18.032668986212677,18.120471954345703,688224000.0
2021-07-19,NVIDIA,17.87527352298777,18.99950826063208,17.82563325949376,18.73784446716309,749060000.0
2021-07-20,NVIDIA,18.688205629147088,18.79596444122418,18.12346861048964,18.57046890258789,434687000.0
2021-07-21,NVIDIA,18.83986052556084,19.48342151924956,18.70017357614324,19.366682052612305,371017000.0
2021-07-22,NVIDIA,19.59816902543563,19.84262124158665,19.23298462872704,19.550275802612305,323826000.0
2021-07-23,NVIDIA,19.612137498497777,19.656039936097542,19.207043356145515,19.51435661315918,195672000.0
2021-07-26,NVIDIA,19.267912125385813,19.39861843921064,18.871796689116085,19.25094985961914,203943000.0
2021-07-27,NVIDIA,19.22200834655241,19.57821202904054,18.69917751763705,19.165136337280277,248863000.0
2021-07-28,NVIDIA,19.275892746609745,19.60216275943113,18.95261629855176,19.459482192993164,202191000.0
2021-07-29,NVIDIA,19.47543967277713,19.80869584189757,19.28486593170964,19.61812210083008,190781000.0
2021-07-30,NVIDIA,19.374667678926546,19.586194490823832,19.22001478198621,19.45548820495605,183497000.0
2021-08-02,NVIDIA,19.65604303889912,19.91646033514249,19.31779876840227,19.705930709838867,217444000.0
2021-08-03,NVIDIA,19.695952875592035,20.176877713912567,19.17711272208886,19.77078628540039,301811000.0
2021-08-04,NVIDIA,19.94539122073501,20.272660294584725,19.78375207608851,20.228757858276367,231309000.0
2021-08-05,NVIDIA,20.454252790573072,20.68673263656385,20.296604434887584,20.59094619750977,211435000.0
2021-08-06,NVIDIA,20.478199273286517,20.524096148760076,20.164898907628032,20.3205509185791,178497000.0
2021-08-09,NVIDIA,20.400376028225207,20.462237955728927,20.098052643578864,20.24971389770508,146443000.0
2021-08-10,NVIDIA,20.276656037908232,20.38441485966148,19.79074126476952,19.89151763916016,179238000.0
2021-08-11,NVIDIA,19.99827684320119,20.004263972898688,19.38664568006747,19.655044555664062,185925000.0
2021-08-12,NVIDIA,19.8256587030102,19.984302369421908,19.5762166060594,19.860580444335938,151652000.0
2021-08-13,NVIDIA,19.860588175521432,20.16889874259426,19.80670780902061,20.142955780029297,183063000.0
2021-08-16,NVIDIA,20.090066043847173,20.241727260005828,19.40958691475305,19.905479431152344,210876000.0
2021-08-17,NVIDIA,19.641072122334368,19.72588343328819,19.224005625797798,19.41457939147949,204585000.0
2021-08-18,NVIDIA,19.456481498919505,19.590183225168477,18.957597357921568,18.997509002685547,285913000.0
2021-08-19,NVIDIA,19.45049795314663,20.44926554233624,18.720131086069024,19.753820419311523,766555000.0
2021-08-20,NVIDIA,19.94639416400632,20.818444593442123,19.88852491669213,20.769554138183597,675741000.0
2021-08-23,NVIDIA,20.9242015756836,21.947911015070837,20.90324853084292,21.908998489379883,575807000.0
2021-08-24,NVIDIA,21.70445975402652,21.90999945326239,21.486945796783075,21.744369506835938,297299000.0
2021-08-25,NVIDIA,21.68849725920362,22.419861502010125,21.67353133802832,22.163434982299805,347701000.0
2021-08-26,NVIDIA,22.15046228289111,22.290149269083127,21.74137733496381,22.01875686645508,237940000.0
2021-08-27,NVIDIA,22.134496340275508,22.671295897934023,22.1175340779144,22.585487365722656,304722000.0
2021-08-30,NVIDIA,22.77905630499496,22.99158035506956,22.50067954473319,22.63737297058105,262580000.0
2021-08-31,NVIDIA,22.64834960543505,22.64834960543505,22.07453267310366,22.338987350463867,259850000.0
2021-09-01,NVIDIA,22.438779025858977,22.650343118704587,22.31104189186069,22.394868850708008,201767000.0
2021-09-02,NVIDIA,22.47170927220523,22.54655585566009,22.24916812091057,22.34996032714844,187834000.0
2021-09-03,NVIDIA,22.279112296634487,22.93875292763135,22.15436923092753,22.79604721069336,280532000.0
2021-09-07,NVIDIA,22.786065507103327,22.851929824701585,22.475703964992363,22.61541748046875,198107000.0
2021-09-08,NVIDIA,22.466723400904264,22.563524132265776,21.931823984385463,22.293081283569336,254434000.0
2021-09-09,NVIDIA,22.266142901318727,22.49167824088733,22.08551515035701,22.131420135498047,196856000.0
2021-09-10,NVIDIA,22.302061280830465,22.579489705395595,22.22422249992752,22.431795120239254,248376000.0
2021-09-13,NVIDIA,22.637370386299374,22.916795498614167,21.813068113227185,22.106464385986328,297500000.0
2021-09-14,NVIDIA,22.229214551396048,22.36393729454732,22.04060385304118,22.1962833404541,199755000.0
2021-09-15,NVIDIA,22.2631425592537,22.321023900271747,21.920847204700245,22.295076370239254,166538000.0
2021-09-16,NVIDIA,22.137404596562572,22.231211247556853,21.881930273101137,22.1962833404541,156033000.0
2021-09-17,NVIDIA,22.25416170484627,22.275118448091163,21.78512847263095,21.854984283447266,294503000.0
2021-09-20,NVIDIA,21.10253035461788,21.388941027272597,20.61952605319437,21.069599151611328,349440000.0
2021-09-21,NVIDIA,21.37297767708859,21.38096065463445,20.90693852871404,21.20232963562012,204688000.0
2021-09-22,NVIDIA,21.32207815048069,21.91485695580425,21.15242753528136,21.895896911621094,268726000.0
2021-09-23,NVIDIA,22.094491122204907,22.488679665471388,21.845004991544315,22.435789108276367,248555000.0
2021-09-24,NVIDIA,22.02463313008802,22.10347121162325,21.816063110959004,22.03561019897461,217655000.0
2021-09-27,NVIDIA,21.6653788045986,21.75419658451324,21.281171765128143,21.615482330322266,245215000.0
2021-09-28,NVIDIA,21.170394880020996,21.37497342209872,20.608550508955098,20.65645217895508,343069000.0
2021-09-29,NVIDIA,20.8969576569864,20.973799045887088,20.42492844737304,20.47482681274414,218394000.0
2021-09-30,NVIDIA,20.725311205175423,21.02269900375307,20.645475720621462,20.673418045043945,221009000.0
2021-10-01,NVIDIA,20.70734668520252,20.81612188068225,20.161470205057466,20.699363708496094,240978000.0
2021-10-04,NVIDIA,20.46184910766318,20.49977109667248,19.514800585372928,19.691436767578125,345635000.0
2021-10-05,NVIDIA,19.908990765674343,20.605555884052407,19.813187437000423,20.408960342407227,279282000.0
2021-10-06,NVIDIA,20.07864390366975,20.677409072761147,20.038725210568696,20.657451629638672,297202000.0
2021-10-07,NVIDIA,21.048644411788743,21.27817309297849,20.92889213792529,21.031681060791016,256919000.0
2021-10-08,NVIDIA,21.057628709469974,21.162412435012104,20.732298558657803,20.788183212280277,151258000.0
2021-10-11,NVIDIA,20.53270972641688,21.01970562776568,20.46884019454001,20.652462005615234,163388000.0
2021-10-12,NVIDIA,20.78518639102628,21.01371576440521,20.485803813514003,20.62850952148437,162134000.0
2021-10-13,NVIDIA,20.87500120476158,20.94685370742761,20.67042266932905,20.895957946777344,180652000.0
2021-10-14,NVIDIA,21.24424093983298,21.71028004031764,21.07858180049667,21.7012996673584,243589000.0
2021-10-15,NVIDIA,21.765169217756934,21.885920792719308,21.6174746181001,21.817062377929688,226994000.0
2021-10-18,NVIDIA,21.70429374523038,22.245179438302365,21.59950813449396,22.17632102966309,189494000.0
2021-10-19,NVIDIA,22.23020952192543,22.332998439284385,21.99170238328711,22.24418258666992,161473000.0
2021-10-20,NVIDIA,22.25915012266733,22.38688726459648,21.936814127495424,22.057565689086918,146276000.0
2021-10-21,NVIDIA,22.051578953476707,22.66431717444452,22.03760779188365,22.64535522460937,187590000.0
2021-10-22,NVIDIA,22.77608578139793,23.08245393094305,22.514625207539453,22.67928504943848,249384000.0
2021-10-25,NVIDIA,22.925775538059284,23.30699025615322,22.72319371456026,23.118379592895508,230235000.0
2021-10-26,NVIDIA,23.939690683779567,25.207080642552555,23.874823758987613,24.66619300842285,485898000.0
2021-10-27,NVIDIA,24.42369119842276,25.03842414765746,24.232084541266754,24.40073776245117,245990000.0
2021-10-28,NVIDIA,24.82686594002739,24.89871845350775,24.472596064958047,24.88973617553711,234204000.0
2021-10-29,NVIDIA,24.949613421658967,25.656158410221902,24.94861602520532,25.514450073242188,292503000.0
2021-11-01,NVIDIA,25.59627502178263,25.84077032372531,25.175141619253885,25.773908615112305,265740000.0
2021-11-02,NVIDIA,25.76892276560121,26.62316223217399,25.746966723249745,26.34673118591309,294112000.0
2021-11-03,NVIDIA,26.61517983790427,26.728945830452645,26.18107451423238,26.54332733154297,239910000.0
2021-11-04,NVIDIA,27.17302872617055,31.30052653095148,27.062256834548624,29.73974227905273,1153631000.0
2021-11-05,NVIDIA,30.12495081284974,31.335456833245598,29.34954751211164,29.690845489501957,851260000.0
2021-11-08,NVIDIA,30.0870264157735,31.036071770159676,29.84552328805576,30.74068069458008,503101000.0
2021-11-09,NVIDIA,32.215642328275685,32.243584649409264,29.90240643770052,30.59398078918457,646746000.0
2021-11-10,NVIDIA,29.29565811512244,30.786586602763936,28.71884520391709,29.39844512939453,636206000.0
2021-11-11,NVIDIA,30.405370591178077,30.52711954991608,29.715791021450595,30.32752990722656,332172000.0
2021-11-12,NVIDIA,29.94831187022997,30.616934698783563,29.56909192980548,30.32752990722656,413054000.0
2021-11-15,NVIDIA,30.48920266290132,30.58101261958595,29.186884689608668,29.963285446166992,384909000.0
2021-11-16,NVIDIA,29.697829247202147,30.3275308006158,29.644936791171745,30.140914916992188,264484000.0
2021-11-17,NVIDIA,30.35547074388643,30.446285187958782,28.74079674255149,29.20084953308105,428508000.0
2021-11-18,NVIDIA,32.300470838936384,32.69266078141231,31.25661944023778,31.60989189147949,781711000.0
2021-11-19,NVIDIA,32.176719094226264,33.01998327209769,31.839414565134348,32.91719436645508,533867000.0
2021-11-22,NVIDIA,33.44810039838388,34.575778624471646,31.834425645300712,31.890310287475582,754335000.0
2021-11-23,NVIDIA,31.47017556009909,32.29348042683594,30.8165213124232,31.680742263793945,532163000.0
2021-11-24,NVIDIA,31.39632853521681,32.78746210050022,30.864423237348436,32.606834411621094,435162000.0
2021-11-26,NVIDIA,32.532987132035885,32.64276162923178,31.285558488884924,31.4382438659668,283069000.0
2021-11-29,NVIDIA,32.29946994005568,33.34331741870342,31.97014645706555,33.30739212036133,454964000.0
2021-11-30,NVIDIA,33.100819984063634,33.28444369151057,31.79850400483013,32.60883331298828,622066000.0
2021-12-01,NVIDIA,33.15477484562234,33.22463920028377,31.31932783633501,31.37422180175781,484368000.0
2021-12-02,NVIDIA,31.153653016640646,32.41520919739524,30.96501733909854,32.06388854980469,472890000.0
2021-12-03,NVIDIA,31.93812964626088,32.066881845701786,30.071744357446725,30.633657455444336,544325000.0
2021-12-06,NVIDIA,29.82222966105633,30.182531770501555,27.983791897824226,29.978927612304688,658938000.0
2021-12-07,NVIDIA,30.8971555680558,32.38627185620061,30.59174545827344,32.36431121826172,593053000.0
2021-12-08,NVIDIA,31.937136928475184,32.227574704104825,31.36025335466527,31.76447105407715,475551000.0
2021-12-09,NVIDIA,31.672645621504326,32.142737576964656,30.369170849219454,30.43105125427246,488507000.0
2021-12-10,NVIDIA,31.089777075680235,31.244478098261293,29.803269551316276,30.139617919921875,488825000.0
2021-12-13,NVIDIA,30.19051433310028,30.23542740208344,28.06163714769165,28.106550216674805,598344000.0
2021-12-14,NVIDIA,27.64544809567348,28.62255545688328,27.197316754829743,28.282215118408203,667035000.0
2021-12-15,NVIDIA,28.345092875773645,30.44103325082496,27.7841791365001,30.40011215209961,698297000.0
2021-12-16,NVIDIA,31.091770564933466,31.099754518870387,28.038684877718023,28.332115173339844,707366000.0
2021-12-17,NVIDIA,27.930895789317223,28.86608451382128,27.706330412496648,27.74725151062012,713758000.0
2021-12-20,NVIDIA,27.25221369808307,28.089590522332035,27.092523165777568,27.66541290283203,461847000.0
2021-12-21,NVIDIA,28.319138756011817,29.06369663693049,27.34801859701497,29.018783569335938,524385000.0
2021-12-22,NVIDIA,28.835142056766557,29.49785781843981,28.39399529208839,29.343156814575195,395184000.0
2021-12-23,NVIDIA,29.697472444063603,30.00088555963705,29.37409944219801,29.58269500732422,343022000.0
2021-12-27,NVIDIA,29.60265823746476,31.026899467312575,29.58269644654039,30.885173797607425,403686000.0
2021-12-28,NVIDIA,31.251458011686623,31.26942285811961,29.953970440682458,30.26337242126465,420591000.0
2021-12-29,NVIDIA,30.214476220514214,30.48894420313553,29.30922816236487,29.94300079345703,343139000.0
2021-12-30,NVIDIA,29.769334255327937,30.39811732399104,29.48289036960597,29.52880096435547,308864000.0
2021-12-31,NVIDIA,29.616631360255656,29.97194400779478,29.274294067292963,29.35413932800293,266530000.0
2022-01-03,NVIDIA,29.75735320172684,30.65162069348568,29.72741052143794,30.06276130676269,391547000.0
2022-01-04,NVIDIA,30.21846101346141,30.40909170709116,28.29418922974404,29.233369827270508,527154000.0
2022-01-05,NVIDIA,28.893029463658262,29.359127526177748,27.479768693565187,27.550630569458008,498064000.0
2022-01-06,NVIDIA,27.586561835852063,28.38301936449731,27.012674649326257,28.12352180480957,454186000.0
2022-01-07,NVIDIA,28.086593233674098,28.367050088301752,27.00468748968169,27.194320678710938,409939000.0
2022-01-10,NVIDIA,26.529604414160094,27.41588793352169,25.594415850610748,27.347021102905277,594681000.0
2022-01-11,NVIDIA,27.27017354560003,28.010739538240266,26.78711005956988,27.76321792602539,404089000.0
2022-01-12,NVIDIA,28.01273741876915,28.539716512904818,27.55462517038909,27.944869995117188,383413000.0
2022-01-13,NVIDIA,28.324129660760377,28.424934212395414,26.44676600697782,26.52361869812012,540171000.0
2022-01-14,NVIDIA,26.249150789783805,27.144417793034066,26.15932464358932,26.88990974426269,395832000.0
2022-01-18,NVIDIA,26.209230679570027,26.5865001353654,25.720178245364497,25.85292053222656,424270000.0
2022-01-19,NVIDIA,26.02858206203493,26.49168380986728,25.003567129964495,25.018537521362305,488315000.0
2022-01-20,NVIDIA,25.25507780033984,25.52954573135925,24.031446427083026,24.103307723999023,435181000.0
2022-01-21,NVIDIA,23.46155585638915,24.775011728644085,23.218028078937195,23.328813552856445,718958000.0
2022-01-24,NVIDIA,22.286827510617645,23.334796698374127,20.847616010504623,23.326812744140625,913982000.0
2022-01-25,NVIDIA,22.502410844337717,22.898644579433583,21.957466910396736,22.280839920043945,664616000.0
2022-01-26,NVIDIA,23.195067611762184,24.010487462454297,22.256884472463906,22.72797203063965,755959000.0
2022-01-27,NVIDIA,23.52243589687238,23.948610407504805,21.63309415111948,21.901575088500977,573353000.0
2022-01-28,NVIDIA,21.96944289295478,22.81380797435671,21.25482754600818,22.79584312438965,543774000.0
2022-01-31,NVIDIA,23.137176312477948,24.461612098053237,23.007428507884715,24.438655853271484,564680000.0
2022-02-01,NVIDIA,25.0554650218014,25.0963861195441,23.843811420300632,24.59036636352539,518925000.0
2022-02-02,NVIDIA,25.744128100451583,25.76708244222334,24.50552643856236,25.193195343017575,543419000.0
2022-02-03,NVIDIA,24.4107113163615,25.02851397918987,23.73402271317165,23.90169715881348,410178000.0
2022-02-04,NVIDIA,23.925651076488982,24.587369295180423,23.586308302613325,24.27198028564453,354829000.0
2022-02-07,NVIDIA,24.324878438884703,25.133311835992743,24.15520704406836,24.680191040039062,376868000.0
2022-02-08,NVIDIA,24.31190529405421,25.18122165390177,23.933638315079907,25.059457778930664,410359000.0
2022-02-09,NVIDIA,25.57246170515625,26.673329784734484,25.30398269312569,26.65336799621582,524282000.0
2022-02-10,NVIDIA,25.944743476270883,26.87294386426825,25.55050669154954,25.774072647094727,513200000.0
2022-02-11,NVIDIA,25.865894587572004,26.1014383680604,23.727038196145745,23.90269660949707,605472000.0
2022-02-14,NVIDIA,23.887724983214174,24.82690559783672,23.709070216725344,24.220081329345703,440424000.0
2022-02-15,NVIDIA,24.900764591183574,26.49367965605607,24.73608458162661,26.443777084350582,699869000.0
2022-02-16,NVIDIA,26.20823747894263,26.53061301704798,25.502603504153956,26.45974922180176,732676000.0
2022-02-17,NVIDIA,25.580443580769725,25.735144573729,24.118277908301224,24.45961570739746,810595000.0
2022-02-18,NVIDIA,24.620303993631182,24.937689936455428,23.05533681413224,23.596288681030277,761255000.0
2022-02-22,NVIDIA,22.99046486119148,24.017474761924387,22.955532681143488,23.34477806091309,633422000.0
2022-02-23,NVIDIA,23.75598282067704,24.10830099326957,22.257885303841995,22.34371757507324,566511000.0
2022-02-24,NVIDIA,20.97436790845925,23.75398309385858,20.84960958989138,23.702083587646484,735801000.0
2022-02-25,NVIDIA,23.675138387578876,24.1701778047602,23.33579559273523,24.110294342041016,528866000.0
2022-02-28,NVIDIA,23.94561268337216,24.617311790775407,23.661163875602178,24.337852478027344,477319000.0
2022-03-01,NVIDIA,24.2440354711342,24.32986963799387,23.08727591797761,23.43160820007324,412056000.0
2022-03-02,NVIDIA,23.714109379928413,24.36595776316323,23.37371109259494,24.177289962768555,389642000.0
2022-03-03,NVIDIA,24.219218042700607,24.283106273216287,23.427617067609017,23.67218589782715,365095000.0
2022-03-04,NVIDIA,23.342767392238667,23.63824497847324,22.44235747690305,22.895557403564453,431415000.0
2022-03-07,NVIDIA,22.776767102643568,22.99238774615269,21.29238955966222,21.314350128173828,450821000.0
2022-03-08,NVIDIA,21.27142434187948,22.33354729257822,20.613586007361604,21.476062774658203,557467000.0
2022-03-09,NVIDIA,22.34752397571556,23.179055323683137,22.207771447985007,22.973419189453125,492742000.0
2022-03-10,NVIDIA,22.49127084816649,22.7478176453068,21.84341507316424,22.6180477142334,428066000.0
2022-03-11,NVIDIA,22.981404553858948,23.10418876404653,22.00712570703421,22.06103134155273,367209000.0
2022-03-14,NVIDIA,21.830436104622745,22.222742745585133,21.12168901899386,21.292387008666992,385354000.0
2022-03-15,NVIDIA,21.480055192344064,22.99737530841706,21.284401668232853,22.9324893951416,491996000.0
2022-03-16,NVIDIA,23.45856243097872,24.55362821184585,23.131141677093435,24.45280647277832,671422000.0
2022-03-17,NVIDIA,24.077469296534115,24.798194389496683,23.86384594867932,24.72233009338379,471941000.0
2022-03-18,NVIDIA,24.755270261820684,26.5221495744112,24.5805796111346,26.40635299682617,730719000.0
2022-03-21,NVIDIA,26.46026011637226,27.10412324336721,25.92121138568289,26.68685913085937,591727000.0
2022-03-22,NVIDIA,26.679873158121083,27.189973726396275,26.02602929912915,26.47723197937012,547007000.0
2022-03-23,NVIDIA,26.079931563168326,26.56507466192013,25.529904449568782,25.58880043029785,502120000.0
2022-03-24,NVIDIA,26.11986368042065,28.27006501205977,25.861319580253287,28.100364685058597,877379000.0
2022-03-25,NVIDIA,27.836831402895648,28.307999299732625,27.222915992361493,27.64317321777344,579016000.0
2022-03-28,NVIDIA,27.70705614407583,28.20018451649804,27.158024860655512,28.169239044189453,425494000.0
2022-03-29,NVIDIA,28.644399536496515,28.894956380033225,27.930660200124343,28.60546875,488984000.0
2022-03-30,NVIDIA,28.25409390996797,28.445754802964743,27.454505676769504,27.641176223754883,463487000.0
2022-03-31,NVIDIA,27.733010189112925,28.198188071817484,27.22191389271316,27.23788452148437,523440000.0
2022-04-01,NVIDIA,27.32672893992416,27.44751586683608,26.22068290358481,26.66489791870117,517235000.0
2022-04-04,NVIDIA,26.68086685708192,27.50940310838416,26.56606988356244,27.311752319335938,397120000.0
2022-04-05,NVIDIA,27.205941957892414,27.270827874661148,25.774470555611817,25.88527488708496,436615000.0
2022-04-06,NVIDIA,24.89003332893193,25.25538717602562,23.960675226004746,24.363962173461918,703833000.0
2022-04-07,NVIDIA,24.397904594724466,24.6784092608977,23.436603251438942,24.16531562805176,557992000.0
2022-04-08,NVIDIA,23.87482496633448,23.880814903915528,23.021333116459186,23.07823181152344,524781000.0
2022-04-11,NVIDIA,22.174828362922163,22.280640436406088,21.62180443778006,21.87835121154785,575207000.0
2022-04-12,NVIDIA,22.497259071532707,22.684927279513232,21.244471063259667,21.466079711914062,662258000.0
2022-04-13,NVIDIA,21.689687961003017,22.46032606445315,21.41716862218913,22.163848876953125,516943000.0
2022-04-14,NVIDIA,22.465319189569,22.736840873608053,21.125686298057552,21.220518112182617,569097000.0
2022-04-18,NVIDIA,21.162614873714208,22.049047482223045,21.04182796602704,21.74458694458008,525701000.0
2022-04-19,NVIDIA,21.681699582090733,22.33354799958623,21.276415360813395,22.15885734558105,512781000.0
2022-04-20,NVIDIA,22.477295203987705,22.63002529201468,21.162618078582742,21.44412040710449,468974000.0
2022-04-21,NVIDIA,21.670721632732786,22.35251790891269,19.96473536164541,20.14741325378418,656209000.0
2022-04-22,NVIDIA,20.26719955217862,20.44987743487539,19.465615971491907,19.480588912963867,624713000.0
2022-04-25,NVIDIA,19.168146192818675,19.90983630089128,19.062334078033704,19.866912841796875,641566000.0
2022-04-26,NVIDIA,19.6832338128458,19.753110084844213,18.637081301820757,18.75487327575684,653143000.0
2022-04-27,NVIDIA,18.56520619274725,19.133203133217663,18.25775062172566,18.382530212402344,499460000.0
2022-04-28,NVIDIA,18.933556381034744,20.001671352987184,18.457398144847,19.747119903564453,570327000.0
2022-04-29,NVIDIA,19.367789431189383,20.092509128467537,18.484349698064364,18.51429748535156,500435000.0
2022-05-02,NVIDIA,18.508306677557925,19.53948420995558,18.35857155612756,19.498558044433597,572049000.0
2022-05-03,NVIDIA,19.365794615900857,19.790046421879733,19.09926517746787,19.56743812561035,475751000.0
2022-05-04,NVIDIA,19.887868830192616,20.364026989571897,18.717934609583036,20.29814338684082,648855000.0
2022-05-05,NVIDIA,19.831970796985612,19.889867190140663,18.46738053235109,18.810773849487305,626331000.0
2022-05-06,NVIDIA,18.702964035272345,19.477594833502064,17.95827912135431,18.642070770263672,633297000.0
2022-05-09,NVIDIA,18.002198783908664,18.22280783313179,16.797326507132865,16.92011070251465,644455000.0
2022-05-10,NVIDIA,17.657806577427667,18.16590978890649,16.99497790989981,17.56397247314453,761474000.0
2022-05-11,NVIDIA,17.31641425027413,17.72169853655912,16.53878843716362,16.600677490234375,670167000.0
2022-05-12,NVIDIA,16.190397869341577,16.75839468902169,15.539548188281776,16.146474838256836,708728000.0
2022-05-13,NVIDIA,16.758399254402644,17.896388580108713,16.5637433859514,17.674779891967773,670437000.0
2022-05-16,NVIDIA,17.478127488678094,17.756634863058387,17.075838212801916,17.233558654785156,521446000.0
2022-05-17,NVIDIA,18.042129937144267,18.33860712731935,17.60290714990144,18.144948959350582,585830000.0
2022-05-18,NVIDIA,17.67378227574179,18.08605417628394,16.834265532095618,16.90813446044922,545161000.0
2022-05-19,NVIDIA,16.90713289482446,17.655810314998515,16.704489852561316,17.09380340576172,621310000.0
2022-05-20,NVIDIA,17.301439650730654,17.379301231839957,15.727219718341468,16.66456413269043,739105000.0
2022-05-23,NVIDIA,16.24530020697764,16.88517051984291,16.15046842935792,16.868200302124023,639889000.0
2022-05-24,NVIDIA,16.48088814806781,16.56773463435827,15.752174861917103,16.12551498413086,588550000.0
2022-05-25,NVIDIA,15.991754187297795,17.080830153303886,15.971788994098624,16.945070266723633,781132000.0
2022-05-26,NVIDIA,16.007726172049686,18.060100987600237,15.993750916425844,17.81952667236328,996575000.0
2022-05-27,NVIDIA,18.15393407231878,18.84770829801262,18.068085271445213,18.77783203125,738379000.0
2022-05-31,NVIDIA,18.94653372975319,19.166147041089843,18.31764539271089,18.63907814025879,664100000.0
2022-06-01,NVIDIA,18.69098376717136,19.01940218977042,18.09004412210462,18.287694931030277,544514000.0
2022-06-02,NVIDIA,18.25974260084453,19.58440215388404,18.16590850320256,19.557449340820312,648656000.0
2022-06-03,NVIDIA,19.048357736067352,19.29791696734469,18.489343687136312,18.686994552612305,598779000.0
2022-06-06,NVIDIA,19.105254520476123,19.30290536600352,18.53126758487554,18.75287628173828,422406000.0
2022-06-07,NVIDIA,18.43942965955534,18.96649855003817,18.15593002204157,18.89262962341309,388914000.0
2022-06-08,NVIDIA,18.76981947875276,19.15022859840962,18.50622932751701,18.619054794311523,363252000.0
2022-06-09,NVIDIA,18.45231558845677,18.90361368084209,18.0129980018534,18.01998710632324,395574000.0
2022-06-10,NVIDIA,17.572680551655733,17.669530104023234,16.842814357055154,16.94765281677246,465248000.0
2022-06-13,NVIDIA,15.975162900820372,16.286678851618216,15.581774461064812,15.622711181640623,604153000.0
2022-06-14,NVIDIA,15.70658292230231,16.041062986887717,15.38807781748765,15.811420440673828,469680000.0
2022-06-15,NVIDIA,16.070016042814906,16.841816878842977,15.901278698602091,16.501346588134766,563936000.0
2022-06-16,NVIDIA,15.835380972284335,15.917254419069693,15.377093820674675,15.576783180236816,545749000.0
2022-06-17,NVIDIA,15.623710264368553,15.970171757905687,15.304207286851554,15.855350494384766,630334000.0
2022-06-21,NVIDIA,16.449422969246076,16.98159452777169,16.381527746914113,16.540281295776367,483089000.0
2022-06-22,NVIDIA,16.200813392123194,16.63613744371276,16.15488526686756,16.334606170654297,437135000.0
2022-06-23,NVIDIA,16.493358120207393,16.559255659016674,15.828392479583757,16.19981575012207,463680000.0
2022-06-24,NVIDIA,16.47438711137464,17.113393032351116,16.2846815144393,17.099414825439453,472153000.0
2022-06-27,NVIDIA,17.285126608804937,17.303098316739902,16.60019067372971,16.84281349182129,427968000.0
2022-06-28,NVIDIA,16.8737677400976,17.175299026781286,15.92025015026535,15.957193374633787,461149000.0
2022-06-29,NVIDIA,15.789452817507586,15.795443069795564,15.146452414426411,15.517874717712402,482352000.0
2022-06-30,NVIDIA,15.337155541620188,15.542836100215856,14.838930531324044,15.135469436645508,686070000.0
2022-07-01,NVIDIA,14.875872599017027,15.039617581640591,14.369659640512438,14.500455856323242,577610000.0
2022-07-05,NVIDIA,14.152997214317171,14.94776116044216,14.033183597161376,14.94077205657959,651397000.0
2022-07-06,NVIDIA,14.986700366030874,15.295220723870164,14.766042751623154,15.10651397705078,529066000.0
2022-07-07,NVIDIA,15.432009036553442,15.920249363063476,15.365112647572856,15.83338451385498,492903000.0
2022-07-08,NVIDIA,15.40604792988866,16.012106019018525,15.36511120957137,15.813414573669434,467972000.0
2022-07-11,NVIDIA,15.50189899317143,15.502897844600374,15.014656599989385,15.128479957580566,437321000.0
2022-07-12,NVIDIA,15.244301101988894,15.407048204753346,14.853908206543672,15.058589935302734,458483000.0
2022-07-13,NVIDIA,14.567352563950944,15.35113388131245,14.442546597436207,15.140460968017578,521918000.0
2022-07-14,NVIDIA,15.084548659761676,15.44898186604473,14.705138394189763,15.348138809204102,456235000.0
2022-07-15,NVIDIA,15.63469281563619,15.757501074374188,15.421024308590033,15.73753261566162,385935000.0
2022-07-18,NVIDIA,16.276696063894367,16.870771818679195,15.977162485969991,16.076007843017578,670517000.0
2022-07-19,NVIDIA,16.46040880264038,17.083440714371143,16.146897048307313,16.96562385559082,702366000.0
2022-07-20,NVIDIA,16.920694158582595,17.90516367987839,16.774920881624166,17.77935791015625,760538000.0
2022-07-21,NVIDIA,17.85723740485581,18.11583423265357,17.517765033329383,18.02198028564453,557049000.0
2022-07-22,NVIDIA,17.865224557589684,17.93910909409701,17.110397569443286,17.292116165161133,536671000.0
2022-07-25,NVIDIA,16.992584361146708,17.09742284075761,16.623159694822746,16.997577667236328,480748000.0
2022-07-26,NVIDIA,16.862778117875752,16.89273222552661,16.4524169363116,16.50733184814453,397865000.0
2022-07-27,NVIDIA,17.005563430899105,17.908161524582788,16.886748654316154,17.762388229370117,569776000.0
2022-07-28,NVIDIA,17.947100301917377,18.11184320520838,17.412930859956532,17.956085205078125,474646000.0
2022-07-29,NVIDIA,17.785350474084527,18.21568123422587,17.66453800022714,18.13480758666992,435460000.0
2022-08-01,NVIDIA,18.153777639044684,18.816748460231143,17.96207621952918,18.412376403808597,476469000.0
2022-08-02,NVIDIA,18.09386602418229,18.908599199934613,18.06391191246353,18.497238159179688,489527000.0
2022-08-03,NVIDIA,18.155771359130984,18.938554681641246,18.10884343781565,18.863670349121094,418146000.0
2022-08-04,NVIDIA,18.819741947233144,19.24408146520657,18.73087939960465,19.18517303466797,409652000.0
2022-08-05,NVIDIA,18.78080304823543,19.199153311398565,18.63702746035856,18.95952606201172,386068000.0
2022-08-08,NVIDIA,17.474834090197074,18.21068962652112,17.21523743534715,17.765380859375,981859000.0
2022-08-09,NVIDIA,17.225217600745857,17.41991456445857,16.698037426611428,17.05947494506836,668263000.0
2022-08-10,NVIDIA,17.67052974485206,18.089877911887235,17.290120601578668,18.068910598754883,597422000.0
2022-08-11,NVIDIA,18.10285603043002,18.67796212730005,17.848250796763534,17.914148330688477,509327000.0
2022-08-12,NVIDIA,18.131810749254285,18.688945150127985,17.925131336436703,18.67995834350586,478094000.0
2022-08-15,NVIDIA,18.67197109315223,19.134251734089823,18.584108348581022,19.002456665039062,457666000.0
2022-08-16,NVIDIA,18.890631929999405,19.112287457353226,18.47228168872419,18.84969520568848,451240000.0
2022-08-17,NVIDIA,18.49424742554819,18.65899030543156,18.11683393671878,18.306537628173828,446799000.0
2022-08-18,NVIDIA,18.272590927539937,18.83571457607667,18.154774075074336,18.743858337402344,415447000.0
2022-08-19,NVIDIA,18.377431354862185,18.491254730260824,17.74241883906721,17.82129669189453,441588000.0
2022-08-22,NVIDIA,17.462848398941674,17.530743628369223,16.93966168585565,17.007556915283203,409593000.0
2022-08-23,NVIDIA,16.962631681651615,17.437892714146447,16.94366016604736,17.154333114624023,369986000.0
2022-08-24,NVIDIA,16.985589828451506,17.378979191278322,16.868772783841155,17.19526481628418,522661000.0
2022-08-25,NVIDIA,16.81785208888546,17.919140487325382,16.806869484666464,17.88519287109375,770691000.0
2022-08-26,NVIDIA,17.829283522466564,17.89617896439729,16.211797175282506,16.23476219177246,769127000.0
2022-08-29,NVIDIA,15.99513392468508,16.312639207198323,15.742526376842438,15.77647304534912,496132000.0
2022-08-30,NVIDIA,15.935225659002596,16.014102549024937,15.158433454249854,15.443989753723145,530181000.0
2022-08-31,NVIDIA,15.360119797456044,15.51587778140862,14.935779319161014,15.07056999206543,573710000.0
2022-09-01,NVIDIA,14.186943313242518,14.357678353574007,13.249401725179204,13.915366172790527,1178865000.0
2022-09-02,NVIDIA,14.07811421619894,14.149003156104582,13.569903514231424,13.62581729888916,743157000.0
2022-09-06,NVIDIA,13.709684383392409,13.75761020490667,13.330274168921454,13.444097518920898,535751000.0
2022-09-07,NVIDIA,13.545968837041476,13.820624094483655,13.329241313594489,13.696779251098633,512657000.0
2022-09-08,NVIDIA,13.442099708429629,13.990411090298153,13.35221351789598,13.97243309020996,624873000.0
2022-09-09,NVIDIA,14.139224819065335,14.455827199487729,14.108264556321975,14.368936538696287,486612000.0
2022-09-12,NVIDIA,14.35095982088778,14.52873583484315,14.180174035313506,14.486788749694824,484159000.0
2022-09-13,NVIDIA,13.784670424242124,13.904519639420537,13.082553033818996,13.11451244354248,714956000.0
2022-09-14,NVIDIA,13.23735723747835,13.273312285293564,12.896785812619402,13.111515998840332,588507000.0
2022-09-15,NVIDIA,12.99865891833725,13.216384660038566,12.77394104372565,12.912766456604004,523625000.0
2022-09-16,NVIDIA,12.726001122679447,13.195411270329164,12.601158069233652,13.181428909301758,670751000.0
2022-09-19,NVIDIA,12.995662804943986,13.44609676309038,12.99366546083005,13.365198135375977,569685000.0
2022-09-20,NVIDIA,13.198407796353832,13.4660709531129,13.040606184015624,13.159456253051758,524818000.0
2022-09-21,NVIDIA,13.19641226499832,14.013385161039183,13.09354093450114,13.244351387023926,807679000.0
2022-09-22,NVIDIA,13.053588717680212,13.1324899959829,12.412395581267017,12.545228004455566,759162000.0
2022-09-23,NVIDIA,12.40440501838907,12.595165175770894,12.241609581149898,12.500284194946287,663309000.0
2022-09-26,NVIDIA,12.475316755127498,12.643106039060946,12.198664123420288,12.212646484375,547343000.0
2022-09-27,NVIDIA,12.491295081972565,12.720007620899862,12.24260815208958,12.39741325378418,553854000.0
2022-09-28,NVIDIA,12.394417959508273,12.806899506976707,12.338488516455438,12.720008850097656,542414000.0
2022-09-29,NVIDIA,12.432370978846492,12.48430573642893,11.931001405248,12.204657554626465,532763000.0
2022-09-30,NVIDIA,12.071822611480606,12.617137495774331,12.05983759570121,12.123757362365724,565638000.0
2022-10-03,NVIDIA,12.331497416498822,12.662082145584952,12.089800688912364,12.49629020690918,547478000.0
2022-10-04,NVIDIA,12.86283029973038,13.203402735078242,12.86283029973038,13.150468826293944,584182000.0
2022-10-05,NVIDIA,12.89478814053337,13.30427315849744,12.605152326426335,13.192413330078123,507131000.0
2022-10-06,NVIDIA,13.203402054182805,13.638854510072967,13.086548373024156,13.11351490020752,644157000.0
2022-10-07,NVIDIA,12.48929899981872,12.654091789877263,12.006905646417971,12.060837745666504,672478000.0
2022-10-10,NVIDIA,12.02188568072584,12.10877633421103,11.393675761746923,11.655346870422363,698699000.0
2022-10-11,NVIDIA,11.546484864539092,11.83112689044151,11.26883401955422,11.571454048156738,667482000.0
2022-10-12,NVIDIA,11.564461695947893,11.720265004547636,11.330755304332977,11.485560417175291,492590000.0
2022-10-13,NVIDIA,10.95722491597618,12.062835356186495,10.799423302844042,11.94498348236084,850103000.0
2022-10-14,NVIDIA,12.041861778962122,12.095793879242922,11.189933090714272,11.21290397644043,713432000.0
2022-10-17,NVIDIA,11.503537321029368,11.932997705589504,11.502539125284484,11.873072624206545,580774000.0
2022-10-18,NVIDIA,12.328500398811965,12.476314329749629,11.603412151905342,11.951973915100098,659362000.0
2022-10-19,NVIDIA,11.864084673089437,12.33449396535256,11.819141098000896,12.035868644714355,523131000.0
2022-10-20,NVIDIA,12.097790381957378,12.752966821066378,12.089800053684597,12.178689002990724,652398000.0
2022-10-21,NVIDIA,12.08280991281554,12.48230826375368,11.872075344682251,12.450347900390623,609494000.0
2022-10-24,NVIDIA,12.492295085152598,12.694041114749616,12.048852336359207,12.58318042755127,517457000.0
2022-10-25,NVIDIA,12.678063781227348,13.283302935676588,12.648100758424672,13.244351387023926,505482000.0
2022-10-26,NVIDIA,12.852843803009538,13.371191315429634,12.692045682074102,12.879809379577637,532953000.0
2022-10-27,NVIDIA,13.612886696752096,13.820625721091393,13.105524152883197,13.159456253051758,583113000.0
2022-10-28,NVIDIA,13.08754466168456,13.832608157083346,13.044598438228228,13.816627502441406,521040000.0
2022-10-31,NVIDIA,13.76069928886386,13.820624367893192,13.280303318353992,13.48005199432373,486341000.0
2022-11-01,NVIDIA,13.793656450678526,13.907513613093192,13.502023317977857,13.525993347167969,432817000.0
2022-11-02,NVIDIA,13.832612349167132,14.192160042993343,13.194414644951316,13.202404022216797,672628000.0
2022-11-03,NVIDIA,13.026624339335722,13.763697674159973,12.939733677148814,13.404149055480955,500065000.0
2022-11-04,NVIDIA,13.968440819365393,14.211135766496511,13.679803144589222,14.138227462768556,612576000.0
2022-11-07,NVIDIA,14.210136511880672,14.39390551613281,13.936481302213952,14.283044815063477,410061000.0
2022-11-08,NVIDIA,14.782415387435028,14.87230253510874,14.198149880032776,14.58366584777832,595292000.0
2022-11-09,NVIDIA,14.144219240509749,14.193158459885122,13.74172533095624,13.75870418548584,454414000.0
2022-11-10,NVIDIA,14.78141849736078,15.753196449879484,14.528735884798063,15.730225563049316,700819000.0
2022-11-11,NVIDIA,15.78715104196188,16.368419993714063,15.462559340470625,16.30649757385254,655487000.0
2022-11-14,NVIDIA,16.197636964580276,16.51923316178462,15.902008144433236,16.274539947509766,527852000.0
2022-11-15,NVIDIA,16.70100428796189,16.976656817848582,16.361431033277864,16.64507484436035,545876000.0
2022-11-16,NVIDIA,16.141705690129015,16.341453402927527,15.853068083012898,15.890021324157717,649547000.0
2022-11-17,NVIDIA,15.6952686022561,16.245577368149426,15.51549430312848,15.657316207885742,710894000.0
2022-11-18,NVIDIA,15.945953056863983,15.98190906001259,15.101015557178844,15.389653205871582,492072000.0
2022-11-21,NVIDIA,15.127981966089996,15.45756754683471,15.06106570167587,15.297768592834473,404739000.0
2022-11-22,NVIDIA,15.308755601738651,16.037839574271395,15.103013909275052,16.017864227294922,472866000.0
2022-11-23,NVIDIA,16.07778765170836,16.506249872107517,16.02785119143118,16.498258590698242,427241000.0
2022-11-25,NVIDIA,16.297510910083282,16.466297423181434,16.151694328082346,16.249570846557617,167934000.0
2022-11-28,NVIDIA,16.005876536577063,16.336462207153392,15.7052557881983,15.807126998901367,303741000.0
2022-11-29,NVIDIA,15.807129390047448,15.911998061310632,15.500515610847671,15.619365692138672,298384000.0
2022-11-30,NVIDIA,15.681305250068023,16.913073216688556,15.581405804501347,16.90608024597168,565298000.0
2022-12-01,NVIDIA,16.98200093379881,17.247733765667537,16.618364626853012,17.11786460876465,470977000.0
2022-12-02,NVIDIA,16.64234117792431,16.916067342010866,16.428554479527566,16.85912322998047,371389000.0
2022-12-05,NVIDIA,16.66231883516899,16.978002762737614,16.455525140941326,16.593387603759766,352255000.0
2022-12-06,NVIDIA,16.513471262807453,16.55642753261855,15.803181795933243,15.971014022827148,352694000.0
2022-12-07,NVIDIA,15.7562255561555,16.169811994462453,15.6513300790908,16.103878021240234,372388000.0
2022-12-08,NVIDIA,16.256726814348887,17.161820901316364,15.943039749464951,17.151830673217773,515456000.0
2022-12-09,NVIDIA,17.142838730956267,17.565416038789124,16.95802427651782,16.983997344970703,465338000.0
2022-12-12,NVIDIA,17.01996067185302,17.52045903534799,16.780200942536133,17.5174617767334,457328000.0
2022-12-13,NVIDIA,18.512470961945905,18.771212764869844,17.693291186070848,18.053930282592773,656589000.0
2022-12-14,NVIDIA,17.969011087419783,18.23374736212856,17.402578696343596,17.65632438659668,496888000.0
2022-12-15,NVIDIA,17.128849529308148,17.302675271457737,16.68329649685773,16.935043334960938,478542000.0
2022-12-16,NVIDIA,16.84713627352837,17.02395931877001,16.39358980223308,16.554428100585938,478232000.0
2022-12-19,NVIDIA,16.555426124711342,16.592387869431995,16.128853140261523,16.237743377685547,354039000.0
2022-12-20,NVIDIA,16.04793550448502,16.29368979912943,15.83614855958652,16.06891441345215,403260000.0
2022-12-21,NVIDIA,16.097881246349655,16.61036857261578,16.085892213568325,16.484493255615234,325025000.0
2022-12-22,NVIDIA,16.07790496925897,16.12186159180077,14.867117143254696,15.323659896850586,565045000.0
2022-12-23,NVIDIA,15.180801856563043,15.323658484858957,14.86811517713691,15.190792083740234,349326000.0
2022-12-27,NVIDIA,15.0589232450688,15.084897262564448,14.041940853191676,14.106876373291016,464902000.0
2022-12-28,NVIDIA,13.913071922510106,14.247736933600988,13.87011470494691,14.021963119506836,351066000.0
2022-12-29,NVIDIA,14.387599701260994,14.66831791059792,14.212774495230988,14.588397979736328,354923000.0
2022-12-30,NVIDIA,14.319664595858889,14.61436965070794,14.218765770853738,14.599385261535645,310490000.0
2023-01-03,NVIDIA,14.836148204062969,14.981003655234762,14.081903121676092,14.300683975219728,401277000.0
2023-01-04,NVIDIA,14.552432867835895,14.838146156406989,14.226758666083304,14.73425006866455,431324000.0
2023-01-05,NVIDIA,14.476508145483908,14.549435094565505,14.13385075828424,14.250734329223633,389168000.0
2023-01-06,NVIDIA,14.45952485401676,14.994989063943777,14.01996530735585,14.84414005279541,405044000.0
2023-01-09,NVIDIA,15.268715599821135,16.039942919360875,15.125858005154026,15.612371444702148,504231000.0
2023-01-10,NVIDIA,15.4914927798794,15.946037698097602,15.456527932742713,15.893091201782228,384101000.0
2023-01-11,NVIDIA,15.824159457593446,16.011971174963055,15.547436042925575,15.984997749328612,353285000.0
2023-01-12,NVIDIA,16.083899486490765,16.620361206682915,15.476506765719616,16.494487762451172,551409000.0
2023-01-13,NVIDIA,16.261723610585914,16.905080685202577,16.148837635119033,16.882102966308594,447287000.0
2023-01-17,NVIDIA,16.88209924852682,17.710270626929983,16.88209924852682,17.684295654296875,511102000.0
2023-01-18,NVIDIA,17.649333889444033,17.855127276963216,17.264718637422014,17.3596248626709,439624000.0
2023-01-19,NVIDIA,17.018960755905177,17.17980093611209,16.714267402001692,16.748231887817383,452932000.0
2023-01-20,NVIDIA,16.993986450014212,17.838142558730407,16.808173556686363,17.82115936279297,564967000.0
2023-01-23,NVIDIA,18.04593277134636,19.22575327562238,17.800180419919084,19.173805236816406,655163000.0
2023-01-24,NVIDIA,18.808173425147835,19.47550662588318,18.80118045535214,19.24573516845703,496204000.0
2023-01-25,NVIDIA,18.894084898187952,19.350628576512324,18.561417754150824,19.303674697875977,449537000.0
2023-01-26,NVIDIA,19.681297222805807,20.14583232825715,19.25871993018841,19.782196044921875,489535000.0
2023-01-27,NVIDIA,19.442536298366885,20.607370568656837,19.385594095701595,20.344633102416992,542142000.0
2023-01-30,NVIDIA,19.93005355617551,20.119862210867108,19.13085230087052,19.142841339111328,488611000.0
2023-01-31,NVIDIA,19.150831975809723,19.66731522520616,18.93105263996843,19.517465591430664,498017000.0
2023-02-01,NVIDIA,19.67131107218649,21.17080968253937,19.59139113992341,20.922060012817383,660477000.0
2023-02-02,NVIDIA,20.97899772689093,21.92704802967044,20.679298521540357,21.68728828430176,564276000.0
2023-02-03,NVIDIA,20.978995210566318,21.723250879049424,20.76820581662644,21.078895568847656,429366000.0
2023-02-06,NVIDIA,20.78519132864185,21.54842717853091,20.76521087366942,21.067909240722656,452197000.0
2023-02-07,NVIDIA,21.360619878712374,22.236743764926903,21.128851507395854,22.150829315185547,664150000.0
2023-02-08,NVIDIA,22.364609852385264,22.85511993042836,21.985989180590057,22.18279266357422,559651000.0
2023-02-09,NVIDIA,22.583394939904977,22.99698049858497,22.097880878059367,22.31466293334961,523876000.0
2023-02-10,NVIDIA,21.668304665989652,22.05591514338077,20.79018419340191,21.243728637695312,550737000.0
2023-02-13,NVIDIA,21.516460573823032,22.025950766178745,20.941036401408137,21.766210556030277,474919000.0
2023-02-14,NVIDIA,21.556421868382397,23.025951590397128,21.34463396769386,22.94803047180176,675474000.0
2023-02-15,NVIDIA,22.526448693208263,22.832142420903672,22.08389284711268,22.741233825683597,420575000.0
2023-02-16,NVIDIA,22.110865240742356,22.52744803558797,21.905071876709787,21.97999763488769,412026000.0
2023-02-17,NVIDIA,21.609368499758,21.71825874769265,20.95402439345479,21.36661148071289,465888000.0
2023-02-21,NVIDIA,20.979000327725977,21.472505817155305,20.597382352251547,20.63434600830078,410015000.0
2023-02-22,NVIDIA,20.686293870610594,21.082896233045748,20.400578664452947,20.73324584960937,513184000.0
2023-02-23,NVIDIA,23.41656006308935,23.864112008367524,23.001974156806483,23.64033508300781,1117995000.0
2023-02-24,NVIDIA,23.201772660724565,23.450524180326013,22.92405081523517,23.262710571289062,589716000.0
2023-02-27,NVIDIA,23.64632871610379,23.85611778942511,23.43054512484724,23.47749710083008,452994000.0
2023-02-28,NVIDIA,23.348625571073445,23.801173550334717,23.182791220639693,23.192781448364254,455963000.0
2023-03-01,NVIDIA,23.1688041014896,23.2327411745783,22.48548818459024,22.6752986907959,460026000.0
2023-03-02,NVIDIA,22.465513328824382,23.35661963979288,22.40956766613419,23.290685653686523,389415000.0
2023-03-03,NVIDIA,23.29667828013058,23.87609816871999,23.10686775813577,23.866107940673828,412393000.0
2023-03-06,NVIDIA,23.867111836342136,24.223753312723677,23.46351456628389,23.53044891357422,437429000.0
2023-03-07,NVIDIA,23.580400752368437,24.10496436252433,23.22169774055905,23.268659591674805,515154000.0
2023-03-08,NVIDIA,23.467495262178183,24.179904417575,23.4045478535388,24.160919189453125,513573000.0
2023-03-09,NVIDIA,24.154924912871536,24.43369447307599,23.36358275312628,23.416540145874023,501257000.0
2023-03-10,NVIDIA,23.38956009205049,23.60737946279908,22.707126734055908,22.9459285736084,474866000.0
2023-03-13,NVIDIA,22.73310694004645,23.27865305444534,22.278484860419933,22.946928024291992,421890000.0
2023-03-14,NVIDIA,23.476487867060463,24.19888701960605,23.44051655907677,24.04301643371582,474910000.0
2023-03-15,NVIDIA,23.741268759575973,24.265832423154546,23.340602676375205,24.207881927490234,524486000.0
2023-03-16,NVIDIA,24.00704975815061,25.566752509117528,23.87415886745401,25.51979255676269,583253000.0
2023-03-17,NVIDIA,25.960426557252436,26.37708012413153,25.646686200323742,25.70363998413086,848547000.0
2023-03-20,NVIDIA,25.59372917074599,26.00238993506894,25.109131303094223,25.87849235534668,432747000.0
2023-03-21,NVIDIA,26.15825895724462,26.37008279377208,25.35992270532718,26.17724227905273,547408000.0
2023-03-22,NVIDIA,26.40305847013537,27.566093460595848,26.215214841606247,26.44602394104004,797295000.0
2023-03-23,NVIDIA,27.09248178596672,27.47616366599441,26.667835494751287,27.168418884277344,564889000.0
2023-03-24,NVIDIA,27.008551168176226,27.14443790139872,26.33311198466384,26.756759643554688,454920000.0
2023-03-27,NVIDIA,26.81471593118833,26.97758069171672,26.343107731941966,26.50897026062012,361026000.0
2023-03-28,NVIDIA,26.42503908385229,26.490984262629247,25.828534706856463,26.38806915283203,356104000.0
2023-03-29,NVIDIA,26.80272336754737,27.055511611707683,26.57491207468501,26.961589813232425,393694000.0
2023-03-30,NVIDIA,27.20638856538741,27.47616480917353,27.079493220776023,27.360260009765625,364516000.0
2023-03-31,NVIDIA,27.117462777878853,27.81088673556325,27.082491993767807,27.75393486022949,433933000.0
2023-04-03,NVIDIA,27.486155591511658,27.97674705699484,27.31329892606636,27.94177627563477,398716000.0
2023-04-04,NVIDIA,27.94277892614299,27.9767510917249,27.284325709406502,27.43020439147949,368592000.0
2023-04-05,NVIDIA,26.806721952265576,26.975580335763187,26.37308232607004,26.858678817749023,515015000.0
2023-04-06,NVIDIA,26.561926278385005,27.05751472693762,26.40505705103106,27.014551162719727,397654000.0
2023-04-10,NVIDIA,26.800728055248836,27.59806578859015,26.646856596653627,27.556100845336918,395279000.0
2023-04-11,NVIDIA,27.700979959709237,27.766925140537275,27.103475037618352,27.146440505981445,314378000.0
2023-04-12,NVIDIA,27.34727100843265,27.44518919596043,26.42603581299072,26.472997665405277,446259000.0
2023-04-13,NVIDIA,26.71179965358217,26.86467248221164,26.307137180511106,26.44102478027344,353615000.0
2023-04-14,NVIDIA,26.48199191641149,26.86067692126086,26.198227341528817,26.735780715942383,395660000.0
2023-04-17,NVIDIA,26.542942510363897,26.98357631449465,26.41105214594061,26.97957992553711,321471000.0
2023-04-18,NVIDIA,27.510138201217032,28.086658738816173,27.33428375280485,27.644025802612305,604812000.0
2023-04-19,NVIDIA,27.33827814990457,27.976747432102734,27.2093855674829,27.907804489135746,358660000.0
2023-04-20,NVIDIA,27.648020038897844,28.00672306467075,26.977577746060568,27.081491470336918,427713000.0
2023-04-21,NVIDIA,26.92961638280352,27.16042543986034,26.699807852164238,27.09647750854492,345103000.0
2023-04-24,NVIDIA,26.99056935337505,27.34327496276754,26.64885238383688,27.01954460144043,339282000.0
2023-04-25,NVIDIA,27.05551061422272,27.224370883424804,26.20322030315957,26.21920585632324,378527000.0
2023-04-26,NVIDIA,26.97957605431513,27.307302770987576,26.682821824060703,26.933612823486328,406337000.0
2023-04-27,NVIDIA,27.34027738715415,27.472167737847915,26.60288938694917,27.20339012145996,377161000.0
2023-04-28,NVIDIA,27.20239283065348,27.73494926870024,27.04851947681164,27.7259578704834,292216000.0
2023-05-01,NVIDIA,27.81688091763852,29.03386986276021,27.75693127718976,28.8859920501709,570329000.0
2023-05-02,NVIDIA,28.656183952378868,28.812054544580096,28.05967958921287,28.186573028564453,402730000.0
2023-05-03,NVIDIA,27.81687822985484,28.34344096805308,27.449183833971773,27.77890968322754,383387000.0
2023-05-04,NVIDIA,27.628036978765422,27.83586443324702,27.217378984903736,27.539112091064453,321850000.0
2023-05-05,NVIDIA,27.802892348359304,28.731119816226787,27.70797192637677,28.65618324279785,361494000.0
2023-05-08,NVIDIA,28.498311768735903,29.19573203228628,28.326455636647413,29.126789093017575,344979000.0
2023-05-09,NVIDIA,28.87500228440972,28.94894023981755,28.426375730996305,28.547273635864254,314869000.0
2023-05-10,NVIDIA,28.980916524833432,29.08882856079892,28.437369484677525,28.86101722717285,369350000.0
2023-05-11,NVIDIA,28.87200460821765,28.92596062028458,28.22254475076314,28.55426788330078,322149000.0
2023-05-12,NVIDIA,28.505307600656668,28.75610051619069,28.022708903166627,28.316465377807617,274222000.0
2023-05-15,NVIDIA,28.484324933585533,28.94494253797439,28.12862158025983,28.928955078125,293926000.0
2023-05-16,NVIDIA,28.81704895850863,29.84519567335817,28.808057560657943,29.188739776611328,449405000.0
2023-05-17,NVIDIA,29.55943412398546,30.173923220986072,29.405562670982768,30.15294075012207,432535000.0
2023-05-18,NVIDIA,30.38474850266172,31.80157031583205,30.29482308288843,31.651695251464844,748725000.0
2023-05-19,NVIDIA,31.509810589762782,31.55377467555908,30.89032652886848,31.238037109375,473908000.0
2023-05-22,NVIDIA,30.87533709601197,31.493824430080583,30.654521862103373,31.150110244750977,372000000.0
2023-05-23,NVIDIA,30.974256822059317,31.262017766354816,30.60556376728732,30.66251564025879,356253000.0
2023-05-24,NVIDIA,30.184909476760375,30.581581031014142,29.78124567231056,30.512638092041016,721419000.0
2023-05-25,NVIDIA,38.49100796728165,39.44721397289926,36.60457534049064,37.94845962524414,1543911000.0
2023-05-26,NVIDIA,37.858535295090505,39.137471155324974,37.51881748077454,38.91365814208984,714397000.0
2023-05-30,NVIDIA,40.56129320908205,41.90317655648855,39.91582970590061,40.07769393920898,923401000.0
2023-05-31,NVIDIA,39.45520761311079,40.26153667698876,37.79059071532984,37.802581787109375,1002580000.0
2023-06-01,NVIDIA,38.4570382851356,40.01674290011226,38.30816374839411,39.73697662353516,635873000.0
2023-06-02,NVIDIA,40.06369919155993,40.46636437435307,39.02556062706971,39.29433822631836,482731000.0
2023-06-05,NVIDIA,38.87669004097322,39.5321435245976,38.674858118858616,39.13847351074219,396094000.0
2023-06-06,NVIDIA,38.79776265430803,39.12748668498753,38.116325876047625,38.62190628051758,388729000.0
2023-06-07,NVIDIA,38.88670549522661,39.47028049803264,37.32883713586247,37.447750091552734,511998000.0
2023-06-08,NVIDIA,37.69657436729438,38.835744998272645,37.47773561947334,38.48200225830078,417772000.0
2023-06-09,NVIDIA,39.00861399501781,39.68212369971367,38.5389583355874,38.7418098449707,427717000.0
2023-06-12,NVIDIA,39.171507768831006,39.50126592214372,38.58993007067233,39.45330047607422,388701000.0
2023-06-13,NVIDIA,40.15678529799824,41.07112100095235,39.711110397236205,40.9921760559082,613208000.0
2023-06-14,NVIDIA,40.79433063774108,42.96874782081313,40.5225251544229,42.96575164794922,740465000.0
2023-06-15,NVIDIA,42.57103621355931,43.25753714671118,42.11636509751025,42.62199783325195,568622000.0
2023-06-16,NVIDIA,43.41841333297887,43.68921622898707,42.629985459114906,42.66096496582031,655709000.0
2023-06-20,NVIDIA,42.96674106849241,43.95802045275375,42.64297530883268,43.77614974975586,451153000.0
2023-06-21,NVIDIA,43.46937984975044,43.58329921265712,42.04941511162373,43.013710021972656,551603000.0
2023-06-22,NVIDIA,42.22227535860052,43.394422782476106,42.20329197945321,42.99371719360352,417737000.0
2023-06-23,NVIDIA,42.4331298944521,42.77787649157712,41.98445500064074,42.178314208984375,358140000.0
2023-06-26,NVIDIA,42.43012776772855,42.73290887794561,40.0708442438992,40.60245895385742,594322000.0
2023-06-27,NVIDIA,40.76934141492228,41.90951081905212,40.418598644089215,41.84555816650391,462175000.0
2023-06-28,NVIDIA,40.63044011815251,41.81457999808646,40.488545059577945,41.08710861206055,582639000.0
2023-06-29,NVIDIA,41.527785226902,41.56975450915622,40.57048152757147,40.79232025146485,380514000.0
2023-06-30,NVIDIA,41.64970217474364,42.51906868482128,41.47083144000187,42.27124786376953,501148000.0
2023-07-03,NVIDIA,42.48608466102656,42.86680815864475,42.17131506626679,42.38216018676758,198209000.0
2023-07-05,NVIDIA,42.10436510889932,43.14560736549417,42.05440222255246,42.28623580932617,323618000.0
2023-07-06,NVIDIA,41.81358093287342,42.14833647102733,41.31594188398918,42.072391510009766,303582000.0
2023-07-07,NVIDIA,42.29123493092349,43.18258864442645,42.14933985780963,42.47210311889648,355881000.0
2023-07-10,NVIDIA,42.625988347315335,42.77987571297271,41.61871796643752,42.14933395385742,353908000.0
2023-07-11,NVIDIA,42.450109532436265,42.72690854272056,42.03641291485393,42.37416458129883,298244000.0
2023-07-12,NVIDIA,43.00171141364324,43.90305599140233,42.74589703423399,43.870079040527344,481277000.0
2023-07-13,NVIDIA,44.485637843052,46.12144500110187,44.45965576868912,45.94357681274414,478204000.0
2023-07-14,NVIDIA,46.54913599395856,48.05304297966956,45.02724435026831,45.43594741821289,772075000.0
2023-07-17,NVIDIA,46.255343569249206,46.46218997431585,45.22908989980868,46.42721557617188,510488000.0
2023-07-18,NVIDIA,46.66704987722195,47.86118084029625,45.70075380485252,47.45947265625,569164000.0
2023-07-19,NVIDIA,47.42949773035123,47.78324048887456,46.7080224513052,47.04277801513672,427502000.0
2023-07-20,NVIDIA,46.47318993380048,47.05277011042431,45.029240736563175,45.486907958984375,537865000.0
2023-07-21,NVIDIA,45.75470776531501,45.83265398251241,44.06793531012932,44.27678298950195,963769000.0
2023-07-24,NVIDIA,44.69847992512501,45.076207287411634,44.00798419764258,44.579566955566406,382516000.0
2023-07-25,NVIDIA,44.90832769720461,46.14942147302996,44.8903392287754,45.645790100097656,348081000.0
2023-07-26,NVIDIA,45.98754334626847,46.01952157703273,44.59755574079193,45.4189567565918,364237000.0
2023-07-27,NVIDIA,46.48518386639015,47.36054650639366,45.71674188711987,45.86663436889648,455976000.0
2023-07-28,NVIDIA,46.63407374046653,46.99281392251029,46.34728362681164,46.71601486206055,331194000.0
2023-07-31,NVIDIA,46.72000592982109,47.09573198444392,46.47218515731192,46.69502258300781,251055000.0
2023-08-01,NVIDIA,46.42621978047181,46.86590231278374,45.99353594015361,46.47318649291992,237858000.0
2023-08-02,NVIDIA,45.79768501941141,45.80667734864654,43.35546141010275,44.23682022094727,530142000.0
2023-08-03,NVIDIA,43.76815517445485,45.08519773730657,43.76815517445485,44.48263549804688,324176000.0
2023-08-04,NVIDIA,44.95229672936695,45.6088167758493,44.36072805590183,44.64751815795898,362666000.0
2023-08-07,NVIDIA,45.07820630485827,45.50689529418669,44.53060434183165,45.38398361206055,322154000.0
2023-08-08,NVIDIA,44.82039636629239,45.209113535751534,44.02397483239229,44.631534576416016,353843000.0
2023-08-09,NVIDIA,44.24181854769703,44.27979294081663,42.10337457586625,42.5230712890625,586449000.0
2023-08-10,NVIDIA,42.129358062603245,43.54233183463956,41.80459350942368,42.35719299316406,492705000.0
2023-08-11,NVIDIA,41.72064683355446,41.98745483103536,40.609455735906536,40.82529830932617,533085000.0
2023-08-14,NVIDIA,40.456564582325726,43.76815430441539,40.28169257903262,43.721187591552734,690286000.0
2023-08-15,NVIDIA,44.52761022638423,45.2350957564997,43.67822581342224,43.90805816650391,676512000.0
2023-08-16,NVIDIA,44.48762857822179,44.64251465307659,43.37443637616986,43.45438003540039,527451000.0
2023-08-17,NVIDIA,43.93802900451183,44.029961162547856,42.9697318315635,43.31248474121094,452395000.0
2023-08-18,NVIDIA,42.60400217656772,43.546317397362685,41.62971253779868,43.267520904541016,583768000.0
2023-08-21,NVIDIA,44.46164840109401,47.03077820241426,44.18984680959832,46.9328498840332,692573000.0
2023-08-22,NVIDIA,48.10000155373569,48.15196569860594,45.30004062070193,45.634796142578125,755293000.0
2023-08-23,NVIDIA,45.83266139495846,47.16569135203476,45.17513874604211,47.08175277709961,779046000.0
2023-08-24,NVIDIA,50.17949769863766,50.22946059135781,47.12472061839676,47.12871551513672,1156044000.0
2023-08-25,NVIDIA,46.97781961200935,47.77024230669421,44.99126226942635,45.98454284667969,925341000.0
2023-08-28,NVIDIA,46.44820509438741,46.94584413618964,44.85536600768865,46.80094909667969,685192000.0
2023-08-29,NVIDIA,46.632067581998406,49.04531245020444,46.35726602113391,48.74852752685547,701397000.0
2023-08-30,NVIDIA,49.00834626983168,49.890703795125454,48.3897967692124,49.22818756103516,735206000.0
2023-08-31,NVIDIA,49.34410566617648,49.70783948086103,48.922411542832535,49.319122314453125,528570000.0
2023-09-01,NVIDIA,49.72582320725818,49.76379378137674,48.10699823052651,48.473731994628906,463830000.0
2023-09-05,NVIDIA,48.18794226373671,48.81548788347983,47.82520719547016,48.5127067565918,382653000.0
2023-09-06,NVIDIA,48.40977397493204,48.51770224742843,46.54997362392489,47.03066253662109,468670000.0
2023-09-07,NVIDIA,45.49565127611613,46.31412350573911,45.122890653596215,46.21118927001953,433330000.0
2023-09-08,NVIDIA,45.912385845022,46.57595546373015,45.241816956969146,45.54262161254883,473069000.0
2023-09-11,NVIDIA,46.11824436467551,46.13323408329751,44.28342961037863,45.14887237548828,473966000.0
2023-09-12,NVIDIA,44.709153407474325,45.643551923371255,44.502286142152805,44.841068267822266,349256000.0
2023-09-13,NVIDIA,44.571245445404095,45.90038984188142,44.474307858028645,45.4556770324707,398355000.0
2023-09-14,NVIDIA,45.92037826774396,45.9573531646138,45.10190600685458,45.55161666870117,370097000.0
2023-09-15,NVIDIA,45.31176544872774,45.56959852066616,43.779752923471165,43.87169647216797,506831000.0
2023-09-18,NVIDIA,42.7204393860463,44.21347561321812,41.97292056005233,43.93765258789063,500271000.0
2023-09-19,NVIDIA,43.80474129556245,43.93765497175379,42.97427575565499,43.491943359375,373064000.0
2023-09-20,NVIDIA,43.57189179832312,43.87469787271608,42.1957805773011,42.21176910400391,367108000.0
2023-09-21,NVIDIA,41.55619180268766,42.0728567871405,40.953579913724376,40.99055480957031,450736000.0
2023-09-22,NVIDIA,41.54519814398996,42.08785116543972,41.204418374834624,41.58317565917969,479236000.0
2023-09-25,NVIDIA,41.56418850458507,42.508579017607495,41.15045392041829,42.19478225708008,419091000.0
2023-09-26,NVIDIA,41.97392192797056,42.79239417282539,41.62814431891952,41.88397979736328,402282000.0
2023-09-27,NVIDIA,42.30271271186717,42.844363114706354,41.60216441597511,42.44062042236328,444935000.0
2023-09-28,NVIDIA,42.43262596387141,43.41799037019236,42.08785097086144,43.061222076416016,424663000.0
2023-09-29,NVIDIA,43.7987463785024,44.11554336483788,43.27908114153103,43.4709587097168,397830000.0
2023-10-02,NVIDIA,44.00160644297255,45.14586855781118,43.8327167019668,44.75312423706055,433298000.0
2023-10-03,NVIDIA,44.77910920077743,45.10090400420974,43.2181160083425,43.48894119262695,470850000.0
2023-10-04,NVIDIA,43.71380433905175,44.11454682903524,43.26409364811851,44.01261138916016,361821000.0
2023-10-05,NVIDIA,44.02160569733858,44.87106009571042,43.859711368944936,44.65919494628906,393483000.0
2023-10-06,NVIDIA,44.16450946291641,45.75948118895308,43.99761731119279,45.73249816894531,434436000.0
2023-10-09,NVIDIA,44.81309065878453,45.575599261777526,44.339397209393,45.24381256103516,409675000.0
2023-10-10,NVIDIA,45.28079022710608,46.22917591041197,45.05893322747722,45.76847457885742,368582000.0
2023-10-11,NVIDIA,46.16621813703432,46.82879273607268,46.02031234982247,46.77582550048828,378137000.0
2023-10-12,NVIDIA,46.74685053167276,47.57831500193652,46.30014004632372,46.91474151611328,481325000.0
2023-10-13,NVIDIA,46.92972437247631,47.0856258439627,45.25080714920821,45.43169021606445,474115000.0
2023-10-16,NVIDIA,45.03394854361238,46.19519817588755,44.8830449142491,46.06528472900391,375099000.0
2023-10-17,NVIDIA,43.97163590503733,44.72515146398081,42.452615298122,43.90967559814453,812333000.0
2023-10-18,NVIDIA,42.56353850067509,43.19113575483381,41.79803354808787,42.168792724609375,627294000.0
2023-10-19,NVIDIA,42.783401532452814,43.26908828015481,41.85499958396407,42.07386016845703,501233000.0
2023-10-20,NVIDIA,41.86299514075664,42.44262307555848,41.05151831937694,41.36032104492188,477266000.0
2023-10-23,NVIDIA,41.20242325687503,43.22012278548461,40.91860593108143,42.947296142578125,478530000.0
2023-10-24,NVIDIA,43.049228794577566,43.66882802570082,42.66347986731124,43.63484954833984,401463000.0
2023-10-25,NVIDIA,43.37002340053755,43.62186366950043,41.52821293771827,41.75206756591797,398379000.0
2023-10-26,NVIDIA,41.826015100945305,42.22875513682953,39.85428765821612,40.29999923706055,541001000.0
2023-10-27,NVIDIA,41.10348328415565,41.17943449809006,39.98920048176121,40.4738883972168,416784000.0
2023-10-30,NVIDIA,41.06051446991565,41.73907378443747,40.45490233078289,41.134464263916016,388028000.0
2023-10-31,NVIDIA,40.42392640316341,40.85265072063672,39.20471160397216,40.75371170043945,517969000.0
2023-11-01,NVIDIA,40.85764502648436,42.353681706486846,40.84265530544935,42.2977180480957,437593000.0
2023-11-02,NVIDIA,43.30006820729788,43.85570954416318,42.86634987139054,43.47795486450195,409172000.0
2023-11-03,NVIDIA,43.99161716605405,45.27978369407566,43.69480778178644,44.975982666015625,424610000.0
2023-11-06,NVIDIA,45.255797482032975,45.90537984964491,44.87004481108261,45.72149658203125,400733000.0
2023-11-07,NVIDIA,45.68952896873558,46.18820402459903,45.128889794516326,45.92537689208984,343165000.0
2023-11-08,NVIDIA,46.07027857367067,46.83678620591324,45.93836370236791,46.543975830078125,346719000.0
2023-11-09,NVIDIA,47.43639996851601,48.198908596818825,46.71986312021431,46.919734954833984,540496000.0
2023-11-10,NVIDIA,47.46937982263058,48.440753359097926,47.25252065392858,48.30384063720703,421245000.0
2023-11-13,NVIDIA,48.28884015491565,49.08432828132343,48.06798199758696,48.588645935058594,384136000.0
2023-11-14,NVIDIA,49.64796425863905,49.80186428110041,49.0083775712874,49.62397766113281,416954000.0
2023-11-15,NVIDIA,49.90281326221653,49.92779485986895,48.168931033577685,48.85648727416992,475497000.0
2023-11-16,NVIDIA,48.64762624534689,49.49308165204174,48.29885215889989,49.4481086730957,339756000.0
2023-11-17,NVIDIA,49.49207232670018,49.684948701072095,48.97540732164273,49.26622009277344,325205000.0
2023-11-20,NVIDIA,49.28021007685078,50.51541331994687,49.14929401076898,50.376502990722656,414120000.0
2023-11-21,NVIDIA,50.09368225266799,50.48442900851123,49.1902657498463,49.91180038452149,565747000.0
2023-11-22,NVIDIA,49.81985852243295,50.30254499811157,47.65924993569592,48.68458938598633,899420000.0
2023-11-24,NVIDIA,48.438761692448246,48.88947123073476,47.71422667676618,47.745208740234375,294645000.0
2023-11-27,NVIDIA,47.769182964937485,48.49871188238506,47.62127956875629,48.210899353027344,395662000.0
2023-11-28,NVIDIA,48.20490597283938,48.29185168991899,47.442397333062274,47.7901725769043,401491000.0
2023-11-29,NVIDIA,48.34781498680007,48.73056751345754,47.82914854414182,48.10896682739258,382005000.0
2023-11-30,NVIDIA,47.99303847449865,48.07898538093964,46.39207386383031,46.73984909057617,526247000.0
2023-12-01,NVIDIA,46.49501248567539,47.16957663238465,46.157229102972245,46.73485565185547,369317000.0
2023-12-04,NVIDIA,46.04729143782762,46.04729143782762,44.98097804604439,45.480655670166016,437543000.0
2023-12-05,NVIDIA,45.44068360016381,46.57405104711008,45.24579248346221,46.54007339477539,371718000.0
2023-12-06,NVIDIA,47.188709647488736,47.36061475805966,45.38671220041947,45.4776611328125,380590000.0
2023-12-07,NVIDIA,45.67455214099108,46.60303566963773,45.57860492878931,46.57005310058594,350823000.0
2023-12-08,NVIDIA,46.5690536083124,47.71441533754204,46.52407668516983,47.47954559326172,359224000.0
2023-12-11,NVIDIA,47.46455720613541,47.504532035793474,45.8044827851011,46.601036071777344,509728000.0
2023-12-12,NVIDIA,46.0203707634812,47.63946795236768,46.0203707634812,47.63047409057617,372387000.0
2023-12-13,NVIDIA,47.60248182794816,48.5669446692335,47.58149361223289,48.06122589111328,447792000.0
2023-12-14,NVIDIA,48.36304916362336,48.64289200098008,47.39558977406675,48.32307052612305,391232000.0
2023-12-15,NVIDIA,48.16716609290554,49.37649145661912,48.09320598416868,48.86277770996094,479948000.0
2023-12-18,NVIDIA,49.372493076088325,50.404914981750885,49.12263228888661,50.04911422729492,412587000.0
2023-12-19,NVIDIA,49.396477797500886,49.67232508160953,48.867773044674685,49.57637786865234,464444000.0
2023-12-20,NVIDIA,49.62734444732078,49.97115463261809,48.07121237951516,48.084205627441406,397894000.0
2023-12-21,NVIDIA,48.78382159613408,49.06766385409553,48.39203776733346,48.96272277832031,300425000.0
2023-12-22,NVIDIA,49.167601439130266,49.35549646146205,48.4400062449087,48.80280685424805,252507000.0
2023-12-26,NVIDIA,48.9407287654443,49.57237678110248,48.93273380006729,49.251556396484375,244200000.0
2023-12-27,NVIDIA,49.483433835302336,49.65233845498923,49.05766853127738,49.38948440551758,233648000.0
2023-12-28,NVIDIA,49.615361553511725,49.85622468658464,49.38448736257904,49.49442672729492,246587000.0
2023-12-29,NVIDIA,49.78526507165566,49.96916454651592,48.72385609264306,49.49442672729492,389293000.0
2024-01-02,NVIDIA,49.216575301212856,49.26754558758411,47.56849537443208,48.14117431640625,411254000.0
2024-01-03,NVIDIA,47.458561936508566,48.15717024660548,47.2936528901048,47.54251480102539,320896000.0
2024-01-04,NVIDIA,47.74040114665584,48.47299471292731,47.48154648897857,47.97127532958984,306535000.0
2024-01-05,NVIDIA,48.43501170219223,49.51940651463925,48.279096540234384,49.06965637207031,415039000.0
2024-01-08,NVIDIA,49.48443254074205,52.24589457837139,49.45144996976697,52.22390365600586,642510000.0
2024-01-09,NVIDIA,52.37182563719699,54.29475419696261,51.66121915258384,53.11041259765625,773100000.0
2024-01-10,NVIDIA,53.58614782430592,54.569597281107285,53.45921582315341,54.31973648071289,533796000.0
2024-01-11,NVIDIA,54.9683767860804,55.315183696465496,53.53017885316167,54.79147338867188,596759000.0
2024-01-12,NVIDIA,54.58958106589039,54.93938843850723,54.29974546438518,54.67953109741211,352994000.0
2024-01-16,NVIDIA,54.98736610755934,56.80335188433168,54.86943178251625,56.35060501098633,449580000.0
2024-01-17,NVIDIA,56.31562456246964,56.43955606486932,54.70952093980311,56.02178955078125,474394000.0
2024-01-18,NVIDIA,57.228121458897405,57.5679323320847,56.07576346046135,57.0752067565918,491650000.0
2024-01-19,NVIDIA,57.95670423535368,59.46686434276065,57.19312976933183,59.45787048339844,543501000.0
2024-01-22,NVIDIA,60.0155576062673,60.297402050806255,59.03710273441024,59.62077713012695,452955000.0
2024-01-23,NVIDIA,59.5368279679321,59.87663879045011,58.55237585802376,59.83966064453125,294654000.0
2024-01-24,NVIDIA,60.27041423933788,62.81399495881288,59.90461695634855,61.327823638916016,560271000.0
2024-01-25,NVIDIA,62.31528094129938,62.68407876992676,60.81611616664833,61.58269119262695,482777000.0
2024-01-26,NVIDIA,60.92605348243829,61.74859705506557,60.53927175910999,60.997013092041016,390309000.0
2024-01-29,NVIDIA,61.19790260674366,62.4542026404575,60.87308662667512,62.43021774291992,348733000.0
2024-01-30,NVIDIA,62.86498111554158,63.45764946039554,62.22533424147076,62.73904800415039,410735000.0
2024-01-31,NVIDIA,61.40578727537811,62.23432804617364,60.66620146120928,61.49274063110352,453795000.0
2024-02-01,NVIDIA,62.06541944015991,63.15581535659614,61.615673062934434,62.99190521240234,369146000.0
2024-02-02,NVIDIA,63.93837399186544,66.56291110918288,63.654531745686434,66.12316131591797,476578000.0
2024-02-05,NVIDIA,68.1870176350593,69.45831268504848,67.16758882386114,69.29340362548828,680078000.0
2024-02-06,NVIDIA,69.59122707783612,69.71515858330277,66.26308702618283,68.18501281738281,683111000.0
2024-02-07,NVIDIA,68.28095195120673,70.18089422020962,67.56235060844563,70.0599594116211,495575000.0
2024-02-08,NVIDIA,70.0349761659854,70.75457644757603,69.41632519274872,69.60221862792969,414422000.0
2024-02-09,NVIDIA,70.49373428612587,72.14481511205457,70.17291382776136,72.09284973144531,436637000.0
2024-02-12,NVIDIA,72.55957267433736,74.56945447682682,71.21032591879988,72.20777130126953,613710000.0
2024-02-13,NVIDIA,70.36080999462226,73.40910749101484,69.58124543898839,72.08784484863281,602580000.0
2024-02-14,NVIDIA,73.16126189353365,74.19468299049453,71.89796545118229,73.85887145996094,504917000.0
2024-02-15,NVIDIA,73.82787803991398,73.93381420720318,72.35969411054666,72.61754608154297,420122000.0
2024-02-16,NVIDIA,74.05873462198204,74.36056840015162,72.46062602851259,72.57256317138672,495327000.0
2024-02-20,NVIDIA,71.90693589131082,71.91593356383504,67.6962844049487,69.413330078125,704833000.0
2024-02-21,NVIDIA,67.96813224619191,68.84964494727922,66.21111545956025,67.43443298339844,673755000.0
2024-02-22,NVIDIA,74.98323324060954,78.53125229218321,74.17868109913526,78.49427795410156,865100000.0
2024-02-23,NVIDIA,80.74501027740159,82.34811331480627,77.52680222303147,78.77310943603516,829388000.0
2024-02-26,NVIDIA,79.65562156391138,80.60110162092384,78.46128722131758,79.04796600341797,503973000.0
2024-02-27,NVIDIA,79.3368025112215,79.43575404356761,77.11904376268178,78.65718078613281,391705000.0
2024-02-28,NVIDIA,77.57677565555984,78.88904035012949,77.0820485792693,77.6197509765625,393110000.0
2024-02-29,NVIDIA,79.04996729538055,79.94546455588929,78.30637821286784,79.06795501708984,507289000.0
2024-03-01,NVIDIA,79.9554544760787,82.25417684232451,79.39076663879457,82.23318481445312,479135000.0
2024-03-04,NVIDIA,84.08315873170044,87.64617639419636,83.67239206586414,85.18954467773438,615616000.0
2024-03-05,NVIDIA,85.22651962468665,86.05310143549691,83.37446759481172,85.920166015625,520639000.0
2024-03-06,NVIDIA,87.97712182383515,89.67824984643924,86.9856232402923,88.65476989746094,582520000.0
2024-03-07,NVIDIA,90.11202114454544,92.71969184649808,89.55630492024456,92.62174224853516,608119000.0
2024-03-08,NVIDIA,95.0894880665572,97.35033567284756,86.46188588221935,87.48336791992188,1142269000.0
2024-03-11,NVIDIA,86.38491984001777,88.75170831683343,84.12307354021831,85.73025512695312,678364000.0
2024-03-12,NVIDIA,88.00410652239347,91.91310774958504,86.10607276758905,91.86613464355467,668075000.0
2024-03-13,NVIDIA,91.00856657140832,91.45733510152752,88.38989990202793,90.8416519165039,635713000.0
2024-03-14,NVIDIA,89.53131740403234,90.59977243652932,86.55583073162953,87.8991470336914,602318000.0
2024-03-15,NVIDIA,86.88567820084742,89.500341723681,86.21302481365912,87.7922134399414,642086000.0
2024-03-18,NVIDIA,90.34190203688856,92.35787164603076,87.04058518466691,88.4098892211914,668976000.0
2024-03-19,NVIDIA,86.65578707702176,90.49782872213696,84.96665402343716,89.3524169921875,672171000.0
2024-03-20,NVIDIA,89.75120872764549,90.36390274155224,88.17801382637771,90.32592010498048,479063000.0
2024-03-21,NVIDIA,92.2529387505123,92.60076087628696,90.3589007516049,91.38837432861328,480372000.0
2024-03-22,NVIDIA,91.09452364541656,94.72967008042832,90.78768098585184,94.2409210205078,586719000.0
2024-03-25,NVIDIA,93.89310384073973,96.71666039718104,93.46232384034413,94.95355987548828,552136000.0
2024-03-26,NVIDIA,95.8021249691622,96.32585986372575,92.4548335490284,92.51380157470705,513648000.0
2024-03-27,NVIDIA,93.06451960589088,93.19245268869888,89.07755527294492,90.2039794921875,586067000.0
2024-03-28,NVIDIA,89.95410761772509,91.25344777796056,89.14751991247192,90.30992889404295,435212000.0
2024-04-01,NVIDIA,90.25295469319975,92.17796738530402,89.15851187965868,90.3169174194336,452441000.0
2024-04-02,NVIDIA,88.4028863469108,90.04805054821496,87.57531335437362,89.40637969970703,433064000.0
2024-04-03,NVIDIA,88.43888912667452,90.32792493292138,88.35493231864154,88.91864013671875,370067000.0
2024-04-04,NVIDIA,90.35988689456468,90.58777505707384,85.83619439258581,85.8611831665039,434965000.0
2024-04-05,NVIDIA,86.82170353525082,88.43588552210704,85.88218803532831,87.96312713623047,399678000.0
2024-04-08,NVIDIA,88.65475649731144,88.7846950725735,86.68776556126254,87.08856201171875,283220000.0
2024-04-09,NVIDIA,87.39740306681414,87.59030542356439,82.97965924126275,85.31046295166016,501700000.0
2024-04-10,NVIDIA,83.88320224037439,87.35542960706438,83.66631003801581,86.99461364746094,431929000.0
2024-04-11,NVIDIA,87.37541678298889,90.69272444380792,86.8816730383785,90.56978607177734,431637000.0
2024-04-12,NVIDIA,89.65325833959419,90.1290211698629,87.48536563341473,88.14102935791016,426805000.0
2024-04-15,NVIDIA,89.05255868186178,90.56678540632922,85.88517618535235,85.95713806152344,443077000.0
2024-04-16,NVIDIA,86.38892843501489,88.07306685163755,86.02012091101756,87.37042999267578,370453000.0
2024-04-17,NVIDIA,88.29494666403578,88.72973001771733,83.90718598900048,83.99214935302734,495400000.0
2024-04-18,NVIDIA,84.92668166791294,86.14606090548644,82.35999009705611,84.6278305053711,447260000.0
2024-04-19,NVIDIA,83.10760934336838,84.28100677926233,75.56745676539116,76.16114807128906,875198000.0
2024-04-22,NVIDIA,78.0641671154843,80.03216479233348,76.36104131725212,79.47744750976562,596341000.0
2024-04-23,NVIDIA,80.72781776562408,82.72679808163171,80.22307798101387,82.38097381591797,438559000.0
2024-04-24,NVIDIA,83.90719166390734,84.03912814064545,79.14262401880819,79.6363754272461,512208000.0
2024-04-25,NVIDIA,78.82777847791279,83.28050853708768,78.18311074273281,82.5898666381836,424641000.0
2024-04-26,NVIDIA,83.77526671112514,88.28596627439501,83.34448669778978,87.69026947021484,551011000.0
2024-04-29,NVIDIA,87.55033742522801,87.94713054569272,85.22252257935692,87.7122573852539,388971000.0
2024-04-30,NVIDIA,87.19551848613133,88.77371581096726,86.25600293117195,86.35794830322266,363709000.0
2024-05-01,NVIDIA,85.0336065353816,85.95613224492045,81.21354987762143,82.99864196777344,559863000.0
2024-05-02,NVIDIA,84.40593290133356,86.19302312746696,83.15756927733226,85.77323913574219,377898000.0
2024-05-03,NVIDIA,87.7442309865165,89.23546686580507,86.99561241116382,88.74372100830078,398341000.0
2024-05-06,NVIDIA,89.3444197919577,92.17297861657092,89.00959152215785,92.093017578125,376203000.0
2024-05-07,NVIDIA,91.05154141921548,91.73419176081896,88.96560776051032,90.50782012939452,437342000.0
2024-05-08,NVIDIA,89.43737100980039,91.14749704338682,89.37439959760155,90.36589813232422,325721000.0
2024-05-09,NVIDIA,90.48283300975696,91.02555536852674,88.18600837888344,88.70174407958984,378013000.0
2024-05-10,NVIDIA,90.25895279926722,91.3543946079418,89.18149955504683,89.83216857910156,335325000.0
2024-05-13,NVIDIA,90.43185974293648,90.95159885169748,88.48385608988069,90.3529052734375,289680000.0
2024-05-14,NVIDIA,89.55330988776338,91.60426546540803,88.88864807554503,91.30941772460938,296507000.0
2024-05-15,NVIDIA,92.4248521129592,94.8136329314418,91.55229612488634,94.58174896240234,417735000.0
2024-05-16,NVIDIA,94.86159641185196,95.7701293754728,94.0550011761711,94.31087493896484,323952000.0
2024-05-17,NVIDIA,94.3208822477914,94.69168763651656,91.75918564554271,92.4318389892578,359691000.0
2024-05-20,NVIDIA,93.7021930243281,95.15145055956944,93.39235354622228,94.7316665649414,318764000.0
2024-05-21,NVIDIA,93.55127282718048,95.35135699716334,93.1324877566636,95.33736419677734,328946000.0
2024-05-22,NVIDIA,95.41032394954397,95.97103489974472,93.20145177000462,94.90158081054688,548648000.0
2024-05-23,NVIDIA,101.97597026948286,106.26578136298583,101.46822609300972,103.7460708618164,835065000.0
2024-05-24,NVIDIA,104.39572928386976,106.4206970149676,102.94747076428304,106.41470336914062,429494000.0
2024-05-28,NVIDIA,110.1877929460902,114.88039879120554,109.82697694894156,113.84292602539062,652728000.0
2024-05-29,NVIDIA,112.99234510462112,115.4330933483792,110.84443906697294,114.76643371582033,557442000.0
2024-05-30,NVIDIA,114.59153447828542,115.75993705260656,109.60707814261482,110.4436492919922,484553000.0
2024-05-31,NVIDIA,112.46261619518734,112.6595219559155,106.88546755499186,109.57709503173828,613263000.0
2024-06-03,NVIDIA,113.56306583418552,114.9413604736328,111.94588702357191,114.9413604736328,438392000.0
2024-06-04,NVIDIA,115.6569991085602,116.5405434101387,113.98684591549986,116.37762451171876,403324000.0
2024-06-05,NVIDIA,118.31064561773049,122.38656157559062,117.40810617337776,122.37757110595705,528402000.0
2024-06-06,NVIDIA,123.98475018522348,125.52296698440452,118.2596737996934,120.93630981445312,664696000.0
2024-06-07,NVIDIA,119.70892880786865,121.62995352369371,117.96182659837903,120.82636260986328,412386000.0
2024-06-10,NVIDIA,120.3086160214553,123.03721949599527,116.95032895624942,121.72789001464844,313434100.0
2024-06-11,NVIDIA,121.71790911261488,122.81744468477636,118.68920642560704,120.85828399658205,222551200.0
2024-06-12,NVIDIA,123.00734716397616,126.8257124975509,122.51755894250634,125.14643096923828,299595000.0
2024-06-13,NVIDIA,129.3346430722871,129.74447132445016,127.10560139337456,129.55455017089844,260704500.0
2024-06-14,NVIDIA,129.90441625095465,132.78317395786428,128.26511837192902,131.82359313964844,309320400.0
2024-06-17,NVIDIA,132.9331153831068,133.67278906643185,129.52457044327446,130.92396545410156,288504400.0
2024-06-18,NVIDIA,131.08388532556722,136.27166699428068,130.63408092847425,135.52198791503906,294335100.0
2024-06-20,NVIDIA,139.74020619139688,140.69978702792184,129.46460449105635,130.72406005859375,517768400.0
2024-06-21,NVIDIA,127.0656139833598,130.57411435219748,124.24682083583242,126.5158462524414,649445800.0
2024-06-24,NVIDIA,123.18727368315255,124.4067529664504,117.98950138261452,118.0594711303711,476060900.0
2024-06-25,NVIDIA,121.1481490132055,126.44588478591346,119.26895600052944,126.03605651855467,414192600.0
2024-06-26,NVIDIA,126.07604323280044,128.06518984478126,122.54755446405667,126.34593200683594,362975900.0
2024-06-27,NVIDIA,124.04691186806878,126.35592889862836,122.8674163349487,123.93695831298828,252571700.0
2024-06-28,NVIDIA,124.52670811618472,127.65536639722576,122.69748913626472,123.48715209960938,315516700.0
2024-07-01,NVIDIA,123.41717942454189,124.78658844306486,118.77916507660012,124.246826171875,284885500.0
2024-07-02,NVIDIA,121.07818104942778,123.35721213177682,120.97822535200488,122.61752319335938,218374000.0
2024-07-03,NVIDIA,121.60795022813568,128.22511291503906,121.30807553564613,128.22511291503906,215749000.0
2024-07-05,NVIDIA,127.32550112143424,128.7948810674807,125.62623147151253,125.7761688232422,214176700.0
2024-07-08,NVIDIA,127.43544631776729,130.7140492483546,126.98564191819273,128.1451416015625,237677300.0
2024-07-09,NVIDIA,130.29424856790877,133.76276548705792,128.59496354527897,131.3238067626953,285366600.0
2024-07-10,NVIDIA,133.9726664675838,135.04221608834806,132.36335454676214,134.852294921875,248978600.0
2024-07-11,NVIDIA,135.69193143030844,136.0917542249626,126.99565600235432,127.3455047607422,374782700.0
2024-07-12,NVIDIA,128.20511597204649,131.86355363035963,127.16556766728102,129.18470764160156,252680500.0
2024-07-15,NVIDIA,130.50412821022553,131.3337748661706,127.12557732818904,128.38504028320312,208326200.0
2024-07-16,NVIDIA,128.3850428883488,128.98477699663783,124.5266939745428,126.3059310913086,214769500.0
2024-07-17,NVIDIA,121.29807714631912,121.79786321418705,116.670060903269,117.93951416015624,390086200.0
2024-07-18,NVIDIA,121.79786974825338,122.34763750285344,116.51013195140489,121.03819274902344,320979500.0
2024-07-19,NVIDIA,120.29850995680886,121.547975177852,117.31978914047504,117.87954711914062,217223800.0
2024-07-22,NVIDIA,120.29851430002402,124.0169241522775,119.8087260510085,123.48715209960938,258068900.0
2024-07-23,NVIDIA,122.72746539631608,124.63665183286044,122.04775604012886,122.53754425048828,173911000.0
2024-07-24,NVIDIA,119.11900367331027,119.89866868030744,113.3914598904436,114.20111083984376,327776900.0
2024-07-25,NVIDIA,112.99163342891376,116.580093681362,106.25451947131738,112.2319564819336,460067000.0
2024-07-26,NVIDIA,116.14030081339652,116.15029104496566,111.53227218454634,113.01163482666016,293399100.0
2024-07-29,NVIDIA,113.64135918454429,116.23024736996388,111.2523823769322,111.54225158691406,248152100.0
2024-07-30,NVIDIA,111.47227535621278,111.94207545546908,102.49612232025332,103.68561553955078,486833300.0
2024-07-31,NVIDIA,112.85169271533528,118.28935980657482,110.8325527830194,116.9699249267578,473174200.0
2024-08-01,NVIDIA,117.47971689042026,120.10859659996096,106.76430191931924,109.16327667236328,523462300.0
2024-08-02,NVIDIA,103.7155981672913,108.6734746260821,101.32662157502604,107.22409057617188,482027500.0
2024-08-05,NVIDIA,92.02061773639092,103.36576873199635,90.6512086518513,100.4070281982422,552842400.0
2024-08-06,NVIDIA,103.79557030996848,107.66391734722713,100.50698458680512,104.20539855957033,409012100.0
2024-08-07,NVIDIA,107.76386930019544,108.75345120343056,98.64777632103672,98.86768341064452,411440400.0
2024-08-08,NVIDIA,101.9563565495048,105.45485898012504,97.47827008281362,104.92508697509766,391910000.0
2024-08-09,NVIDIA,105.59481125304626,106.55439969221392,103.38575750879605,104.70519256591795,290844200.0
2024-08-12,NVIDIA,106.27450881772208,111.02247644689008,106.21453693013632,108.97335052490234,325559900.0
2024-08-13,NVIDIA,112.3918952304853,116.18027460234956,111.53226256952767,116.0903091430664,312646700.0
2024-08-14,NVIDIA,118.47927673400956,118.54924647415793,114.0211861982408,118.02947235107422,339246400.0
2024-08-15,NVIDIA,118.7091971963176,123.18727640390335,117.41974813678404,122.80744171142578,318086700.0
2024-08-16,NVIDIA,121.88782549205813,124.94651370725,121.12814855340164,124.52669525146484,302589900.0
2024-08-19,NVIDIA,124.22684228567836,129.94439697265625,123.36720951099952,129.94439697265625,318333600.0
2024-08-20,NVIDIA,128.3450585172195,129.82443628728038,125.836137900623,127.195556640625,300087400.0
2024-08-21,NVIDIA,127.26552712895132,129.29466502006431,126.60581346882094,128.4450225830078,257883600.0
2024-08-22,NVIDIA,129.96438511048203,130.6940685649148,123.04733950988674,123.68706512451172,376189100.0
2024-08-23,NVIDIA,125.8061585348479,129.54456407840786,125.16643293270376,129.3146514892578,323230300.0
2024-08-26,NVIDIA,129.51456899800732,131.2038330961495,124.31678931451108,126.40589141845705,331964700.0
2024-08-27,NVIDIA,124.99650751528328,129.14472607274774,123.8270022374259,128.2451171875,303134600.0
2024-08-28,NVIDIA,128.06517977661952,128.2750966404244,122.5875286310627,125.55625915527344,448101100.0
2024-08-29,NVIDIA,121.30807947152184,124.37676573622444,116.660067343909,117.53968811035156,453023300.0
2024-08-30,NVIDIA,119.47886679934984,121.69791835838596,117.1698574006327,119.31893920898438,333751600.0
2024-09-03,NVIDIA,115.96037175405029,116.16028314135124,107.24410104783064,107.95379638671876,477155100.0
2024-09-04,NVIDIA,105.36490525672455,113.22153543398689,104.07545625261184,106.16455841064452,372470300.0
2024-09-05,NVIDIA,104.94507973247826,109.6030896936583,104.715182404582,107.16413116455078,306850700.0
2024-09-06,NVIDIA,107.9937809680718,108.10373451971928,100.9068101330344,102.7860107421875,413638100.0
2024-09-09,NVIDIA,104.83512245061276,106.50441370678206,103.64563679939364,106.42444610595705,273912000.0
2024-09-10,NVIDIA,107.76386463370493,109.35318822314704,104.90508784485718,108.05374145507812,268283700.0
2024-09-11,NVIDIA,109.34319126914345,117.13985668962944,107.37403301447968,116.85997772216795,441422400.0
2024-09-12,NVIDIA,116.80000446674823,120.74865704096976,115.34050510922768,119.0992202758789,366052700.0
2024-09-13,NVIDIA,119.03924482024104,119.9189408807045,117.55974801782452,119.05923461914062,238358300.0
2024-09-16,NVIDIA,116.75002709413774,118.13955072741236,114.32085850740886,116.74002838134766,248772300.0
2024-09-17,NVIDIA,118.12954900355818,118.75933823796504,114.79069593440208,115.55043029785156,231925900.0
2024-09-18,NVIDIA,115.85032597194726,117.6597039016726,113.181241841773,113.33119201660156,310318900.0
2024-09-19,NVIDIA,117.30982462581498,119.6190390017094,117.20986038538442,117.82965087890624,293506400.0
2024-09-20,NVIDIA,117.0199313836397,118.57940262799144,115.35050480567511,115.96029663085938,382462400.0
2024-09-23,NVIDIA,116.51010886475667,116.94995306986276,114.82068489843978,116.22020721435548,206228500.0
2024-09-24,NVIDIA,116.48011145817397,121.75831050299728,115.34050229413268,120.82862854003906,354966800.0
2024-09-25,NVIDIA,121.9782246233193,124.8972307941946,121.56836894761844,123.46772003173828,284692900.0
2024-09-26,NVIDIA,126.75659295249228,127.62629022604028,121.75830470715395,123.9975357055664,302582900.0
2024-09-27,NVIDIA,123.9275641535197,123.9875411739155,119.21917738287792,121.3584442138672,271009200.0
2024-09-30,NVIDIA,118.26949648274504,121.45840689022768,118.10955522149156,121.39842987060548,226553700.0
2024-10-01,NVIDIA,121.72830933905864,122.39808576451377,115.7503608309228,116.95994567871094,302094500.0
2024-10-02,NVIDIA,116.40014740227824,119.33913591399956,115.1005893150636,118.80931854248048,221845900.0
2024-10-03,NVIDIA,120.87860561160096,124.31743049345978,120.2988023230489,122.80794525146484,277118000.0
2024-10-04,NVIDIA,124.89723283717322,124.99719707970252,121.78829684578012,124.87723541259766,243678100.0
2024-10-07,NVIDIA,124.94721586781677,130.5952834922112,124.90722864393705,127.67628479003906,346250200.0
2024-10-08,NVIDIA,130.2153933149511,133.43429200303964,129.3756845929013,132.84449768066406,285722500.0
2024-10-09,NVIDIA,134.06409064908044,134.473953954377,131.33502948270424,132.60458374023438,246191600.0
2024-10-10,NVIDIA,131.86485368985453,134.9537923881041,130.95516150253064,134.76385498046875,242311300.0
2024-10-11,NVIDIA,133.9641223517835,135.73352074472976,133.61425131031754,134.7538604736328,170209500.0
2024-10-14,NVIDIA,136.42329237635488,139.5522259694365,136.25335239175735,138.0227508544922,232347700.0
2024-10-15,NVIDIA,137.82280508502745,138.52257769243778,128.6959404665834,131.55496215820312,377831000.0
2024-10-16,NVIDIA,133.9341283963689,136.57322399642072,131.53495612489098,135.6735382080078,264879700.0
2024-10-17,NVIDIA,139.29229632563835,140.8417687676179,136.82314065604464,136.88311767578125,306435900.0
2024-10-18,NVIDIA,138.62252759913224,138.85244459278235,137.23300404466042,137.9527587890625,176090200.0
2024-10-21,NVIDIA,138.0827206747143,143.6608123779297,137.95276029474488,143.6608123779297,264554500.0
2024-10-22,NVIDIA,142.86108785315807,144.37056551302095,141.73146975294682,143.5408477783203,226311600.0
2024-10-23,NVIDIA,141.9813779606296,142.38123492807873,137.41295033058282,139.51222229003906,285930000.0
2024-10-24,NVIDIA,140.7718017861216,141.30161913611144,138.41260905173522,140.3619384765625,172354900.0
2024-10-25,NVIDIA,140.8817548130095,144.08067171203157,140.75180968215267,141.49154663085938,205122100.0
2024-10-28,NVIDIA,142.95105547012693,143.09100694226274,140.00206821568727,140.47190856933594,173586700.0
2024-10-29,NVIDIA,140.2419668294209,142.21129364579818,138.8524432880062,141.20164489746094,157593600.0
2024-10-30,NVIDIA,139.49222584841445,140.28196395700422,136.76316465511044,139.29229736328125,179418100.0
2024-10-31,NVIDIA,137.55290880572403,137.56289989167158,132.06478241439223,132.7145538330078,270039600.0
2024-11-01,NVIDIA,134.65389558133728,137.2630029133037,134.52395044654537,135.35365295410156,207127800.0
2024-11-04,NVIDIA,137.16303982117785,138.91244079735898,135.52360180221356,136.00343322753906,187528200.0
2024-11-05,NVIDIA,137.40294177771256,140.3219403030432,137.28298774012364,139.8621063232422,160537400.0
2024-11-06,NVIDIA,142.9110784725191,146.43986910531262,141.91142072377156,145.56016540527344,242043900.0
2024-11-07,NVIDIA,146.3399024123027,148.87902647248674,146.11997647950326,148.8290557861328,207323300.0
2024-11-08,NVIDIA,148.719046162124,149.7187036326565,146.2098961488073,147.57943725585938,175665800.0
2024-11-11,NVIDIA,148.62909347800425,148.79904870323992,143.52085748188875,145.21026611328125,182325600.0
2024-11-12,NVIDIA,146.7297346202135,149.59874692031187,145.95999403229789,148.2392120361328,198634700.0
2024-11-13,NVIDIA,149.01898487542564,149.27889039349282,145.85005645366056,146.21994018554688,191903300.0
2024-11-14,NVIDIA,147.58946625444327,148.9490013737693,145.50018526515709,146.7097625732422,194463300.0
2024-11-15,NVIDIA,144.8203910682193,145.1902747512061,140.03203789439084,141.93138122558594,250132900.0
2024-11-18,NVIDIA,139.45223367342163,141.50153478170088,137.10303223771243,140.1020050048828,221205300.0
2024-11-19,NVIDIA,141.27163159656618,147.0796403153284,140.94174272954967,146.9596710205078,227834900.0
2024-11-20,NVIDIA,147.35954130772643,147.50948385732136,142.68113546401185,145.84005737304688,309871700.0
2024-11-21,NVIDIA,149.29888738883682,152.83766902515802,140.65183891204953,146.6197967529297,400946600.0
2024-11-22,NVIDIA,145.88003080645086,147.10962067545384,141.05169787065546,141.90139770507812,236406200.0
2024-11-25,NVIDIA,141.9413916908634,142.00136870780395,135.7735059739188,135.9734344482422,344941900.0
2024-11-26,NVIDIA,137.65285491316135,139.25231324946176,135.62355111044974,136.8731231689453,190287700.0
2024-11-27,NVIDIA,134.9637665583666,137.17301655731904,131.7548742168772,135.2936553955078,226370900.0
2024-11-29,NVIDIA,136.7331843976686,139.30231211006736,136.0034385187834,138.2026824951172,141863200.0
2024-12-02,NVIDIA,138.7824785355422,140.40191910756175,137.77282976281836,138.58255004882812,171682800.0
2024-12-03,NVIDIA,138.21267485883047,140.49189330582607,137.90278339727084,140.2119903564453,164414000.0
2024-12-04,NVIDIA,141.95139223046513,145.7400881706811,140.24197086598,145.09031677246094,231224300.0
2024-12-05,NVIDIA,145.07032934736787,146.49993108099994,143.9106428157812,145.0203399658203,172621200.0
2024-12-06,NVIDIA,144.5604751692698,145.66016529709515,141.27136605108353,142.40106201171875,188505600.0
2024-12-09,NVIDIA,138.93199359328304,139.91172129670065,137.0925004855475,138.77203369140625,189308600.0
2024-12-10,NVIDIA,138.97197539548316,141.7812196768295,133.7534018405272,135.03306579589844,210020900.0
2024-12-11,NVIDIA,137.32243273699547,140.13166176303284,135.173026862483,139.2718963623047,184905200.0
2024-12-12,NVIDIA,137.0425210395857,138.4021497948264,135.76287224107875,137.3024444580078,159211400.0
2024-12-13,NVIDIA,138.9020072444441,139.56183041879834,132.50374826625531,134.21328735351562,231514900.0
2024-12-16,NVIDIA,134.1432941479919,134.3632351978696,130.38432800805435,131.96389770507812,237951100.0
2024-12-17,NVIDIA,129.0546920799943,131.5540083659402,126.82530622422306,130.35433959960938,259410300.0
2024-12-18,NVIDIA,133.82339933223892,136.6626191312432,128.2449232385065,128.874755859375,277444500.0
2024-12-19,NVIDIA,131.72394769790225,133.99333094415113,129.51456085077075,130.6442413330078,209719200.0
2024-12-20,NVIDIA,129.7745000485284,135.24300545668208,128.1849385069714,134.6631622314453,306528600.0
2024-12-23,NVIDIA,136.2427181368804,139.75175245255647,135.08303180440203,139.6317901611328,176053500.0
2024-12-24,NVIDIA,139.9617148258363,141.86118913948326,138.61207790245493,140.18165588378906,105157000.0
2024-12-26,NVIDIA,139.66179080612986,140.811485448775,137.69232835527816,139.8917236328125,116205600.0
2024-12-27,NVIDIA,138.5121216661011,138.9819943823141,134.67317523350815,136.9725341796875,170582600.0
2024-12-30,NVIDIA,134.79311660884966,140.2316308377207,133.98334063995796,137.452392578125,167734700.0
2024-12-31,NVIDIA,137.99226367763055,138.0322612848829,133.79341493856927,134.25328063964844,155659200.0
2025-01-02,NVIDIA,135.96282022937498,138.8420377745335,134.59319964236553,138.27218627929688,198247200.0
2025-01-03,NVIDIA,139.9717090810043,144.86037131104774,139.69178686675932,144.4304962158203,229322500.0
2025-01-06,NVIDIA,148.54936300568127,152.11839407781596,147.77958455274808,149.38912963867188,265377400.0
2025-01-07,NVIDIA,152.98814312185272,153.08812187242287,139.97169998670535,140.10166931152344,351782200.0
2025-01-08,NVIDIA,142.54101155921632,143.91063203422854,137.5223800692543,140.07168579101562,227349900.0
2025-01-10,NVIDIA,137.41242079266553,139.88174676307978,134.18330808313058,135.8728485107422,207602500.0
2025-01-13,NVIDIA,129.95446851982027,133.4535116815908,129.4745887600242,133.19357299804688,204808900.0
2025-01-14,NVIDIA,136.01278831507346,136.3426998783518,130.01442953826418,131.7239532470703,195590500.0
2025-01-15,NVIDIA,133.61345527658474,136.4126928345012,131.25409986764885,136.2027587890625,185217300.0
2025-01-16,NVIDIA,138.60208327625168,138.7120538029648,133.4534978315376,133.53347778320312,209235600.0
2025-01-17,NVIDIA,136.65262268416788,138.462125274087,135.4229633158422,137.67234802246094,201188800.0
2025-01-21,NVIDIA,139.12194717769367,141.7912151745994,137.05250594430132,140.79148864746094,197749000.0
2025-01-22,NVIDIA,144.62045561465226,147.74958954273308,143.6307207753195,147.02980041503906,237651400.0
2025-01-23,NVIDIA,145.01034368405638,147.1897403093082,143.6807055002306,147.17974853515625,155915500.0
2025-01-24,NVIDIA,148.32943710709068,148.92927919460303,141.8412209584346,142.5810089111328,234657600.0
2025-01-27,NVIDIA,124.7658794397831,128.3648859520762,116.668088091544,118.38761901855467,818830900.0
2025-01-28,NVIDIA,121.77668294561497,128.96471894622445,116.21820602712089,128.95472717285156,579666400.0
2025-01-29,NVIDIA,126.46540553655986,126.85529827150768,120.01717249490753,123.66616821289062,467120600.0
2025-01-30,NVIDIA,123.0663417544434,124.96582380169085,118.06770880237578,124.6159210205078,392925500.0
2025-01-31,NVIDIA,123.74615511454752,127.81504199868698,119.15741376372098,120.03717041015624,388161100.0
2025-02-03,NVIDIA,114.71862375628316,118.53757894355684,112.97910166242248,116.62810516357422,371235700.0
2025-02-04,NVIDIA,116.92801344303116,121.16685177317856,116.66808241089754,118.6175537109375,256550000.0
2025-02-05,NVIDIA,121.7267002537778,124.96581196424484,120.72697375806383,124.79586029052734,262230800.0
2025-02-06,NVIDIA,127.38517104864236,128.7348081612174,125.1757760130246,128.6448211669922,251483600.0
2025-02-07,NVIDIA,129.184663567943,130.3343429768511,124.96581638636984,129.8044891357422,228186300.0
2025-02-10,NVIDIA,130.05441853152416,134.96307937585763,129.92446445785666,133.53347778320312,216989100.0
2025-02-11,NVIDIA,132.54374607533066,134.4432203933444,130.9841751187103,132.76368713378906,178902400.0
2025-02-12,NVIDIA,129.98445236307722,132.203846559633,129.04470695043975,131.10414123535156,160278600.0
2025-02-13,NVIDIA,131.52401516963508,136.46266649297655,131.13412244698262,135.25299072265625,197430000.0
2025-02-14,NVIDIA,136.44266486168982,139.21191146517995,135.46293718873886,138.81202697753906,195479600.0
2025-02-18,NVIDIA,141.23137649622348,143.40078131766987,137.89227816645598,139.36187744140625,219176600.0
2025-02-19,NVIDIA,139.47184726600554,141.32134750878612,137.18248014952957,139.19192504882812,167536000.0
2025-02-20,NVIDIA,139.991705837455,140.62153843760984,136.7525863640224,140.07168579101562,143903600.0
2025-02-21,NVIDIA,140.0017008694862,141.42132600995674,133.99334973043614,134.3932342529297,228217600.0
2025-02-24,NVIDIA,136.52266681200447,138.55211066034528,130.04444248958205,130.244384765625,251381100.0
2025-02-25,NVIDIA,129.94445760453814,130.16439867421266,124.40597902043103,126.59537506103516,271428700.0
2025-02-26,NVIDIA,129.95446947322534,133.69343728770713,128.4548795357506,131.24411010742188,322553800.0
2025-02-27,NVIDIA,134.963087446703,134.9730792207777,119.97718824289691,120.11714935302734,443175800.0
2025-02-28,NVIDIA,117.98771929899918,125.05578541630098,116.36816723503377,124.88583374023438,389091100.0
2025-03-03,NVIDIA,123.47622912906816,123.66617198823369,112.2492965435478,114.02880859375,411381400.0
2025-03-04,NVIDIA,110.6197462594264,119.27737437091366,110.07989299750376,115.95828247070312,398163300.0
2025-03-05,NVIDIA,117.54785129486386,118.2476568391524,114.47869104666964,117.26792907714844,284337900.0
2025-03-06,NVIDIA,113.49895407905146,115.31845609620828,110.18986163701832,110.53976440429688,321181900.0
2025-03-07,NVIDIA,111.21957864470976,113.44897220636766,107.5305852358904,112.65918731689452,341755500.0
2025-03-10,NVIDIA,109.8699441866197,111.81940781621752,105.43115607331026,106.95074462890624,366487400.0
2025-03-11,NVIDIA,106.960734969355,112.20929903890595,104.74134094243276,108.73025512695312,354865700.0
2025-03-12,NVIDIA,114.09929300935045,116.7388133095112,112.85951254411586,115.718994140625,323857500.0
2025-03-13,NVIDIA,117.00876245655115,117.73863334670654,113.76935252443204,115.55902862548828,299033100.0
2025-03-14,NVIDIA,118.5884764406672,121.85787967708788,118.12856083227834,121.64791870117188,277593500.0
2025-03-17,NVIDIA,122.71772499646224,122.86769930249316,118.00858060635532,119.50830841064452,255501500.0
2025-03-18,NVIDIA,117.97859103200136,118.998402615106,114.51921970184796,115.4090576171875,299686900.0
2025-03-19,NVIDIA,117.24871784817984,120.42814113812436,115.65901001721268,117.49867248535156,273426200.0
2025-03-20,NVIDIA,116.5288475567653,120.17817892707568,116.44886024718888,118.50848388671876,248829700.0
2025-03-21,NVIDIA,116.91877807414131,117.96858292451893,115.39904967929496,117.67863464355467,266498500.0
2025-03-24,NVIDIA,119.85824123014484,122.19782052957932,119.31833831489072,121.38796997070312,228452500.0
2025-03-25,NVIDIA,120.52812446850508,121.26798803028822,118.89841541478116,120.66809844970705,167447200.0
2025-03-26,NVIDIA,118.70845626054094,118.8184292799946,112.68954449720724,113.7393569946289,293463300.0
2025-03-27,NVIDIA,111.32979509417152,114.42923110356094,110.639925475043,111.40978240966795,236902100.0
2025-03-28,NVIDIA,111.46977019973694,112.84952470784616,109.05021109179135,109.6501007080078,229872500.0
2025-03-31,NVIDIA,105.11091847763528,110.93986229194256,103.63119133667838,108.3603286743164,299212700.0
2025-04-01,NVIDIA,108.50030342775528,110.17999886185883,106.45068001979016,110.13001251220705,222614000.0
2025-04-02,NVIDIA,107.2705266243207,111.95967777974948,106.77061737970816,110.39995574951172,220601200.0
2025-04-03,NVIDIA,103.49122110695384,105.61083156865357,101.58156399912866,101.78153228759766,338769400.0
2025-04-04,NVIDIA,98.8920562501484,100.1118284712542,92.09328707213024,94.29288482666016,532273800.0
2025-04-07,NVIDIA,87.444123819458,101.73153089146868,86.60427995314998,97.62227630615234,611041300.0
2025-04-08,NVIDIA,103.79115551332612,105.83078615825814,94.44285411172834,96.28252410888672,476243400.0
2025-04-09,NVIDIA,98.87205653888144,115.07911444025872,97.51230269046886,114.30925750732422,612918300.0
2025-04-10,NVIDIA,109.35015243101728,110.8398798648056,99.13200610877084,107.55047607421876,437812400.0
2025-04-11,NVIDIA,108.4803070767672,111.52975654810145,107.46049556472003,110.9098663330078,313417300.0
2025-04-14,NVIDIA,114.08928762467488,114.26925525660798,109.05020155855787,110.68990325927734,264705000.0
2025-04-15,NVIDIA,110.94986159507806,113.59938217981929,110.4799456735416,112.17963409423828,228966900.0
2025-04-16,NVIDIA,104.53103311878802,106.77062454919468,100.4317709352981,104.47103881835938,397016900.0
2025-04-17,NVIDIA,104.43103458781992,104.45103522860796,100.0318394876262,101.47157287597656,292517500.0
2025-04-21,NVIDIA,98.75207336541833,99.42195758129024,95.02275450080649,96.89241790771484,288501100.0
2025-04-22,NVIDIA,98.76206678289148,99.7918785816798,97.26233908492571,98.8720474243164,241004800.0
2025-04-23,NVIDIA,104.5010295750129,104.78098517141213,102.00148324580944,102.6913604736328,247526000.0
2025-04-24,NVIDIA,103.46121375263034,106.52065568558211,103.09127819009328,106.41067504882812,220815000.0
2025-04-25,NVIDIA,106.83061166162848,111.89969145813896,105.71081975581804,110.98986053466795,251064700.0
2025-04-28,NVIDIA,109.67009093365704,110.3499678015911,106.00075133412535,108.71026611328124,207708500.0
2025-04-29,NVIDIA,107.65045258784288,110.17999209067304,107.42049861195444,109.00020599365234,170444300.0
2025-04-30,NVIDIA,104.45104108413872,108.90023040771484,104.06111247501676,108.90023040771484,235044600.0
2025-05-01,NVIDIA,113.05947899879722,114.9191420385801,111.27980327057725,111.5897445678711,236121500.0
2025-05-02,NVIDIA,114.15928352450368,115.37906338859756,113.34943293159324,114.4792251586914,190194800.0
2025-05-05,NVIDIA,112.889508442552,114.64918347836972,112.63955382209964,113.7993392944336,133163200.0
2025-05-06,NVIDIA,111.45977773347964,114.71918078517233,110.79989381468876,113.51940155029295,158525600.0
2025-05-07,NVIDIA,113.02949042053456,117.65864757290292,112.25962586336117,117.03875732421876,206758800.0
2025-05-08,NVIDIA,118.22854670795566,118.658469001105,115.82898059800608,117.34870910644533,198428100.0
2025-05-09,NVIDIA,117.32869985728382,118.20854502226882,115.18908887008638,116.62882995605467,132972200.0
2025-05-12,NVIDIA,121.94786454961688,122.97767639160156,120.25816883140328,122.97767639160156,225023300.0
2025-05-13,NVIDIA,124.95732666651304,131.19619232916256,124.44741706637032,129.9064178466797,330430100.0
2025-05-14,NVIDIA,133.17581874633882,135.4154176381041,131.65609038206884,135.3154296875,281180800.0
2025-05-15,NVIDIA,134.2656162138544,136.2752611112406,132.6359224746836,134.80552673339844,226632600.0
2025-05-16,NVIDIA,136.19528579014883,136.32526708518697,133.43579205010155,135.37542724609375,226542500.0
2025-05-19,NVIDIA,132.36596428610483,135.84532822832756,132.36596428610483,135.54539489746094,193154600.0
2025-05-20,NVIDIA,134.26562607401144,134.55558199625042,132.59593092987555,134.35562133789062,161514200.0
2025-05-21,NVIDIA,133.0358430493297,137.3750515435132,130.5662902103225,131.7760772705078,270608700.0
2025-05-22,NVIDIA,132.20599574301846,134.22563338103308,131.5261264871436,132.80589294433594,187344000.0
2025-05-23,NVIDIA,129.97641506418768,132.65592152877483,129.13657112060253,131.26617431640625,198821300.0
2025-05-27,NVIDIA,134.1256417936587,135.63537744884945,133.2857979393918,135.47540283203125,192953600.0
2025-05-28,NVIDIA,136.00531758419635,137.22509744866613,134.76553707682788,134.78553771972656,304021100.0
2025-05-29,NVIDIA,142.22419152756274,143.46397204605128,137.88498259688382,139.1647491455078,369241900.0
2025-05-30,NVIDIA,138.6948289010735,139.59465948344436,132.8958783257386,135.10548400878906,333170900.0
2025-06-02,NVIDIA,135.46541564458173,138.09492795630163,135.37542038395227,137.35507202148438,197663100.0
2025-06-03,NVIDIA,138.75480693174418,141.97422364617418,137.9249557656252,141.19436645507812,225578800.0
2025-06-04,NVIDIA,142.1641966028205,142.36415725393297,139.5146683935161,141.8942413330078,167120800.0
2025-06-05,NVIDIA,142.14419665233672,143.97386636815438,138.80480646885346,139.964599609375,231397900.0
2025-06-06,NVIDIA,142.4841247816278,143.24399658328852,141.4843063108272,141.69427490234375,153986200.0
2025-06-09,NVIDIA,143.16402192873528,144.97369107987248,141.91424872977086,142.6041259765625,185114500.0
2025-06-10,NVIDIA,142.66410985007164,144.26381035974757,141.50431668274294,143.9338836669922,155881900.0
2025-06-11,NVIDIA,144.59379466225064,144.97375695921582,141.85409623212945,142.81399536132812,167694000.0
2025-06-12,NVIDIA,141.9540901919345,144.98374938964844,141.83410852298076,144.98374938964844,162365000.0
2025-06-13,NVIDIA,142.4640236398758,143.5639064320885,140.83421673860605,141.95408630371094,180820600.0
2025-06-16,NVIDIA,143.33393622751285,146.16360555156524,143.18394388862183,144.6737823486328,183133700.0
2025-06-17,NVIDIA,144.4738049491523,145.20371882793046,143.7638778428329,144.1038360595703,139108000.0
2025-06-18,NVIDIA,143.9938476821936,145.63366319028128,143.10394808189747,145.46368408203125,161494100.0
2025-06-20,NVIDIA,145.4336890163692,146.1836049259659,142.6339999024593,143.83387756347656,242956200.0
2025-06-23,NVIDIA,142.4840281213866,144.76377135076248,142.01407957999888,144.15383911132812,154308900.0
2025-06-24,NVIDIA,145.54367367470394,147.94341367999496,145.4836828445603,147.88340759277344,187566100.0
2025-06-25,NVIDIA,149.25328072295656,154.43269305532343,149.24327207878133,154.29270935058594,269146500.0
2025-06-26,NVIDIA,155.9625083392563,156.70243086817015,153.98273459501658,155.00262451171875,198145700.0
2025-06-27,NVIDIA,156.02250005395288,158.69221415352254,155.24258871826237,157.73231506347656,263234500.0
2025-06-30,NVIDIA,158.38224776867892,158.6422284044636,155.94253394670602,157.97230529785156,194580300.0
2025-07-01,NVIDIA,156.27249233706732,157.18239409932116,151.4730420343122,153.2828369140625,213143600.0
2025-07-02,NVIDIA,152.962850389823,157.58234297497486,152.95285700312823,157.2323760986328,171224100.0
2025-07-03,NVIDIA,158.35225101493015,160.96195919540767,157.7523273944205,159.3221435546875,143716100.0
2025-07-07,NVIDIA,158.18227071828886,159.29214695363126,157.3223664705724,158.22227478027344,140139000.0
2025-07-08,NVIDIA,159.31214783171163,160.20204749093682,158.3722507239072,159.98207092285156,138133000.0
2025-07-09,NVIDIA,161.20193770023792,164.40157611225678,161.14194686393122,162.86175537109375,183656400.0
2025-07-10,NVIDIA,164.30159583301895,164.48156834124046,161.5918927660757,164.0816192626953,167704100.0
2025-07-11,NVIDIA,163.70165728031435,167.87118822352508,163.4516852914618,164.90151977539062,193633300.0
2025-07-14,NVIDIA,165.35146259057728,165.4714595173457,162.00184716942397,164.05162048339844,136975800.0
2025-07-15,NVIDIA,171.17081299302788,172.38066881478494,169.18103056842588,170.6808624267578,230627400.0
2025-07-16,NVIDIA,171.04083672550954,171.73076187811773,168.88107501049606,171.35079956054688,158831500.0
2025-07-17,NVIDIA,172.00073538495317,174.1404950617398,170.81086624213197,172.98062133789062,160841100.0
2025-07-18,NVIDIA,173.62054394819432,174.23047621121117,171.24080573231237,172.39068603515625,146456400.0
2025-07-21,NVIDIA,172.73065099594356,173.36058531454748,170.9808470061149,171.36080932617188,123126100.0
2025-07-22,NVIDIA,171.32080634495316,171.37080379639443,164.5615689540832,167.01129150390625,193114300.0
2025-07-23,NVIDIA,169.511004310231,171.24080620570157,167.95118153678197,170.7608642578125,154082200.0
2025-07-24,NVIDIA,172.42067791171223,173.81052153075,171.28080627636527,173.7205352783203,128984600.0
2025-07-25,NVIDIA,173.59054858813744,174.70042482917586,172.9406275198062,173.48056030273438,122316800.0
2025-07-28,NVIDIA,174.00050427681666,176.98016607778243,173.9505068282037,176.73019409179688,140023500.0
2025-07-29,NVIDIA,177.94006357342778,179.35990260986108,175.00039060425894,175.49032592773438,154077500.0
2025-07-30,NVIDIA,176.49022309733303,179.869849375745,176.0202745228646,179.2499237060547,174312200.0
2025-07-31,NVIDIA,182.87950237318685,183.2794667127293,175.9102820488597,177.85006713867188,221685400.0
2025-08-01,NVIDIA,174.07048465468185,176.52020701181988,170.8708463561498,173.70053100585938,204529000.0
2025-08-04,NVIDIA,175.14037394842856,180.17980241597783,174.500446281802,179.97982788085938,148174600.0
2025-08-05,NVIDIA,179.59986897635343,180.23979665506656,175.8802845759961,178.24002075195312,156407600.0
2025-08-06,NVIDIA,176.31023710297544,179.87982901005608,176.23024423927978,179.39988708496094,137192300.0
2025-08-07,NVIDIA,181.5496539748588,183.85939259097617,178.77996020998395,180.74974060058597,151878400.0
2025-08-08,NVIDIA,181.52965464990967,183.27945850723472,180.3797743894202,182.6795196533203,123396700.0
2025-08-11,NVIDIA,182.02960317073044,183.8193958765311,180.22980182096376,182.0395965576172,138323200.0
2025-08-12,NVIDIA,182.9395060522284,184.4593247511904,179.43989822709233,183.1394805908203,145485700.0
2025-08-13,NVIDIA,182.5995244354664,183.9493792108361,179.32990196930365,181.56964111328125,179871700.0
2025-08-14,NVIDIA,179.7298534235828,182.99949119039164,179.43989264021437,181.9996032714844,129554000.0
2025-08-15,NVIDIA,181.85962676701385,181.87961354108583,178.02004541114613,180.4297790527344,156602200.0
2025-08-18,NVIDIA,180.5797631442712,182.9194971983916,180.56975450061333,181.98959350585935,132008000.0
2025-08-19,NVIDIA,182.4095478886331,182.4795473671856,175.47033846497254,175.6203155517578,185229200.0
2025-08-20,NVIDIA,175.1503706193276,175.9802794498554,168.7810892510499,175.38034057617188,215142700.0
2025-08-21,NVIDIA,174.83041312567687,176.88017120538285,173.79052111986658,174.96038818359375,140040900.0
2025-08-22,NVIDIA,172.59066018618677,178.56998587344157,171.18081451068767,177.97006225585938,172789400.0
2025-08-25,NVIDIA,178.33002804439553,181.88962682620624,176.5502286534902,179.78985595703125,163012800.0
2025-08-26,NVIDIA,180.0398187111229,182.36955942503775,178.78995879531527,181.7496337890625,168688200.0
2025-08-27,NVIDIA,181.95959791056248,182.46955051009172,179.07993109949993,181.57965087890625,235518900.0
2025-08-28,NVIDIA,180.79974711518173,184.44933204343067,176.39023757757425,180.1498107910156,281787800.0
2025-08-29,NVIDIA,178.09004428153852,178.130033086625,173.13059331145078,174.1604766845703,243257900.0
2025-09-02,NVIDIA,169.980952871088,172.36069109354864,167.20126556823303,170.7608642578125,231164900.0
2025-09-03,NVIDIA,171.0408442884315,172.3906992342715,168.86109570238054,170.60089111328125,164424900.0
2025-09-04,NVIDIA,170.55090333056648,171.8407521362954,169.39102958990665,171.64077758789062,141670100.0
2025-09-05,NVIDIA,168.01117837826322,169.0110663720669,164.05163046676552,167.0012969970703,224441400.0
2025-09-08,NVIDIA,167.5312283491485,170.940849905597,167.33125381142952,168.2911376953125,163769100.0
2025-09-09,NVIDIA,169.0710489481518,170.96083655380465,166.7213214317911,170.74085998535156,157548400.0
2025-09-10,NVIDIA,176.62020974984335,179.26990675759993,175.45034266016896,177.3101348876953,226852000.0
2025-09-11,NVIDIA,179.66999584989978,180.26996857097555,176.4701769393558,177.16014099121094,151159300.0
2025-09-12,NVIDIA,177.76010410307373,178.59005971058946,176.44017029123495,177.8101043701172,124911000.0
2025-09-15,NVIDIA,175.66021109761542,178.84004186496986,174.50027206258352,177.74009704589844,147061600.0
2025-09-16,NVIDIA,176.99014687805604,177.49011904437822,174.37029760906842,174.87026977539062,140737800.0
2025-09-17,NVIDIA,172.63039291663662,173.1903593144249,168.40063256525568,170.280517578125,211843800.0
2025-09-18,NVIDIA,173.9703101424577,177.09014682532762,172.95037791227023,176.23019409179688,191763300.0
2025-09-19,NVIDIA,175.7602124903078,178.07008136373162,175.17023376194967,176.66015625,237182100.0
2025-09-22,NVIDIA,175.29024236301854,184.53972732383275,174.70027887607205,183.5997772216797,269637000.0
2025-09-23,NVIDIA,181.9598706713119,182.409842567533,176.20019683221489,178.42005920410156,192559600.0
2025-09-24,NVIDIA,179.75999113536878,179.76998508551358,175.39022416770254,176.96014404296875,143564100.0
2025-09-25,NVIDIA,174.47028665549124,180.24996380236053,173.12037093203185,177.68011474609375,191586700.0
2025-09-26,NVIDIA,178.16008106951017,179.7599981152731,174.920255917913,178.18008422851562,148573700.0
2025-09-29,NVIDIA,180.4199550960203,183.9897638156017,180.30997586310093,181.8398895263672,193063500.0
2025-09-30,NVIDIA,182.06986121505477,187.3395719841704,181.4698885277926,186.56961059570312,236981000.0
2025-10-01,NVIDIA,185.22969505995903,188.1295275431824,183.88975804814035,187.2295837402344,173844900.0
2025-10-02,NVIDIA,189.5894532800495,191.0393695238543,188.049530449462,188.8794860839844,136805800.0
2025-10-03,NVIDIA,189.1794627061203,190.34939569471345,185.36967740169,187.6095428466797,137596900.0
2025-10-06,NVIDIA,185.4896720264872,187.21957143407985,183.3197946752433,185.5296630859375,157678100.0
2025-10-07,NVIDIA,186.21962980709276,189.0494741147918,183.9897582054133,185.0296936035156,140088000.0
2025-10-08,NVIDIA,186.55962017208088,189.58945025835604,186.52960780500516,189.09947204589844,130168900.0
2025-10-09,NVIDIA,192.21928773885008,195.28912405123697,191.04935474353755,192.5592803955078,182997200.0
2025-10-10,NVIDIA,193.49922565779727,195.6091088464203,182.0398719523004,183.1498107910156,268774400.0
2025-10-13,NVIDIA,187.9595379156231,190.09941818271824,185.94965529464977,188.3095245361328,153482800.0
2025-10-14,NVIDIA,184.75971529942103,184.78971240822688,179.68999030007896,180.0199737548828,205641400.0
2025-10-15,NVIDIA,184.7897166440438,184.85970481354863,177.2801249034248,179.8199920654297,214450500.0
2025-10-16,NVIDIA,182.21985578014733,183.26980040587236,179.76000120804414,181.7998809814453,179723300.0
2025-10-17,NVIDIA,180.1699689260444,184.0897642761056,179.74000017155936,183.20980834960935,173135200.0
2025-10-20,NVIDIA,183.1198152646831,185.18969215276272,181.71988400794237,182.6298370361328,128544700.0
2025-10-21,NVIDIA,182.77981647710283,182.77981647710283,179.78999271004406,181.14991760253903,124240200.0
2025-10-22,NVIDIA,181.1299112106735,183.42978616900905,176.7501502622395,180.26995849609372,162249600.0
2025-10-23,NVIDIA,180.40994799999945,183.01980322210497,179.7799782111653,182.1498565673828,111363700.0
2025-10-24,NVIDIA,183.8297551720498,187.45955783835475,183.48977777431884,186.24961853027344,131296700.0
2025-10-27,NVIDIA,189.979423148828,191.98930570001696,188.41949722334647,191.47933959960935,153452700.0
2025-10-28,NVIDIA,193.03926234185508,203.1386912540773,191.8993263782752,201.0188140869141,297986200.0
2025-10-29,NVIDIA,207.96842303697136,212.1781954922272,204.76860414707735,207.02847290039065,308829600.0
2025-10-30,NVIDIA,205.1385766163601,206.1485301715792,201.3987945248924,202.8787078857422,178864400.0
2025-10-31,NVIDIA,206.4385001794789,207.95841980607932,202.05875446792163,202.47872924804688,179802200.0
2025-11-03,NVIDIA,208.06841462190084,211.32822759164597,205.5485506791992,206.8684844970703,180267300.0
2025-11-04,NVIDIA,202.9886974067508,203.9586446199207,197.9189723693821,198.67893981933597,188919300.0
2025-11-05,NVIDIA,198.75894188581304,202.90870481768465,194.63916080574023,195.1991424560547,171350300.0
2025-11-06,NVIDIA,196.40906647995496,197.60899664277025,186.3696319662745,188.0695343017578,223029800.0
2025-11-07,NVIDIA,184.8897071775586,188.3095303364016,178.90005019006267,188.1395263671875,264942300.0
2025-11-10,NVIDIA,195.09914200543773,199.9288750287355,193.7792081445882,199.03892517089844,198897100.0
2025-11-11,NVIDIA,195.149134832034,195.4091148592836,191.28934919242403,193.1492462158203,176483300.0
2025-11-12,NVIDIA,195.7091063792789,195.8790950852001,191.1193655455878,193.78921508789065,154935300.0
2025-11-13,NVIDIA,191.03936321053533,191.42934088057365,183.8397672401686,186.8495941162109,207423100.0
2025-11-14,NVIDIA,182.8498180673128,190.9993581321044,180.56994624954729,190.15940856933597,186591900.0
2025-11-17,NVIDIA,185.9596450685713,188.98947511566345,184.30974305565783,186.5896148681641,173628900.0
2025-11-18,NVIDIA,183.36979105504545,184.7897101334883,179.63998782140993,181.3498992919922,213598900.0
2025-11-19,NVIDIA,184.7796984316032,187.8495347223247,182.8198161698128,186.50961303710935,247246400.0
2025-11-20,NVIDIA,195.9390891568929,195.9890894251709,179.83999453744622,180.62994384765625,343504800.0
2025-11-21,NVIDIA,181.22991004695135,184.5497171819005,172.92036011460985,178.8700408935547,346926200.0
2025-11-24,NVIDIA,179.48001348627363,183.4897847612219,176.47017128450955,182.5398406982422,256618300.0
2025-11-25,NVIDIA,174.90026276869568,178.15008177330986,169.54056066153746,177.8101043701172,320600300.0
2025-11-26,NVIDIA,181.61988829154,182.8998157763143,178.2300777211247,180.2499542236328,183852000.0
2025-11-28,NVIDIA,179.0000253919654,179.28000857805475,176.49017066740046,176.99014282226562,121332800.0
2025-12-01,NVIDIA,174.75027181562072,180.28997214473748,173.67033006996684,179.9099884033203,188131000.0
2025-12-02,NVIDIA,181.74987648908228,185.6496685428864,179.98997995570696,181.4499053955078,182632200.0
2025-12-03,NVIDIA,181.06992440272876,182.43984327721984,179.1000328161426,179.5800018310547,165138000.0
2025-12-04,NVIDIA,181.6199951171875,184.5200042724609,179.9600067138672,183.3800048828125,167364900.0
2025-12-05,NVIDIA,183.88999938964844,184.66000366210935,180.91000366210935,182.41000366210935,143971100.0
2025-12-08,NVIDIA,182.63999938964844,188.0,182.3999938964844,185.5500030517578,204378100.0
2025-12-09,NVIDIA,185.55999755859372,185.72000122070312,183.32000732421875,184.97000122070312,144719700.0
2025-12-10,NVIDIA,184.97000122070312,185.47999572753903,182.0399932861328,183.77999877929688,162785400.0
2025-12-11,NVIDIA,180.27999877929688,181.32000732421875,176.6199951171875,180.92999267578125,182136600.0
2025-12-12,NVIDIA,181.1100006103516,182.82000732421875,174.6199951171875,175.02000427246094,204274900.0
2025-12-15,NVIDIA,177.94000244140625,178.4199981689453,175.02999877929688,176.2899932861328,164775600.0
2025-12-16,NVIDIA,176.25999450683594,178.49000549316406,174.89999389648438,177.72000122070312,148588100.0
2025-12-17,NVIDIA,176.10000610351562,176.1300048828125,170.30999755859375,170.94000244140625,222775500.0
2025-12-18,NVIDIA,174.52999877929688,176.14999389648438,171.82000732421875,174.13999938964844,176096000.0
2025-12-19,NVIDIA,176.6699981689453,181.4499969482422,176.33999633789062,180.9900054931641,324925900.0
2025-12-22,NVIDIA,183.9199981689453,184.16000366210935,182.3500061035156,183.69000244140625,129064400.0
2025-12-23,NVIDIA,182.97000122070312,189.3300018310547,182.8999938964844,189.2100067138672,174873600.0
2025-12-24,NVIDIA,187.94000244140625,188.91000366210935,186.58999633789065,188.6100006103516,65528500.0
2025-12-26,NVIDIA,189.9199981689453,192.69000244140625,188.0,190.52999877929688,139740300.0
2025-12-29,NVIDIA,187.7100067138672,188.75999450683597,185.91000366210935,188.22000122070312,120006100.0
2025-12-30,NVIDIA,188.2400054931641,188.9900054931641,186.92999267578125,187.5399932861328,97362300.0
2025-12-31,NVIDIA,189.47000122070312,190.55999755859372,188.08999633789065,188.80999755859372,55754640.0
