Date,Open,High,Low,Close,Adj Close,Volume,Dividends,Stock Splits
2000-08-30,273.8999938964844,273.8999938964844,273.8999938964844,273.8999938964844,273.8999938964844,0,0.0,0.0
2000-08-31,274.79998779296875,278.29998779296875,274.79998779296875,278.29998779296875,278.29998779296875,0,0.0,0.0
2000-09-01,277.0,277.0,277.0,277.0,277.0,0,0.0,0.0
2000-09-05,275.79998779296875,275.79998779296875,275.79998779296875,275.79998779296875,275.79998779296875,2,0.0,0.0
2000-09-06,274.20001220703125,274.20001220703125,274.20001220703125,274.20001220703125,274.20001220703125,0,0.0,0.0
2000-09-07,274.0,274.0,274.0,274.0,274.0,125,0.0,0.0
2000-09-08,273.29998779296875,273.29998779296875,273.29998779296875,273.29998779296875,273.29998779296875,0,0.0,0.0
2000-09-11,273.1000061035156,273.1000061035156,273.1000061035156,273.1000061035156,273.1000061035156,0,0.0,0.0
2000-09-12,272.8999938964844,272.8999938964844,272.8999938964844,272.8999938964844,272.8999938964844,0,0.0,0.0
2000-09-13,272.79998779296875,272.79998779296875,272.79998779296875,272.79998779296875,272.79998779296875,0,0.0,0.0
2000-09-14,272.3999938964844,272.3999938964844,272.3999938964844,272.3999938964844,272.3999938964844,0,0.0,0.0
2000-09-15,272.29998779296875,272.29998779296875,272.29998779296875,272.29998779296875,272.29998779296875,0,0.0,0.0
2000-09-18,271.3999938964844,271.3999938964844,271.3999938964844,271.3999938964844,271.3999938964844,0,0.0,0.0
2000-09-19,271.8999938964844,271.8999938964844,271.8999938964844,271.8999938964844,271.8999938964844,0,0.0,0.0
2000-09-20,269.0,269.0,269.0,269.0,269.0,0,0.0,0.0
2000-09-21,270.29998779296875,270.29998779296875,270.29998779296875,270.29998779296875,270.29998779296875,0,0.0,0.0
2000-09-22,271.79998779296875,271.79998779296875,271.79998779296875,271.79998779296875,271.79998779296875,0,0.0,0.0
2000-09-25,274.1000061035156,274.1000061035156,274.1000061035156,274.1000061035156,274.1000061035156,0,0.0,0.0
2000-09-26,273.8999938964844,273.8999938964844,273.8999938964844,273.8999938964844,273.8999938964844,0,0.0,0.0
2000-09-27,278.3999938964844,278.3999938964844,278.3999938964844,278.3999938964844,278.3999938964844,3511,0.0,0.0
2000-09-28,277.5,277.5,275.1000061035156,275.6000061035156,275.6000061035156,631,0.0,0.0
2000-09-29,274.6000061035156,274.6000061035156,272.0,273.6000061035156,273.6000061035156,22,0.0,0.0
2000-10-02,272.79998779296875,273.5,272.5,273.1000061035156,273.1000061035156,161,0.0,0.0
2000-10-03,272.1000061035156,272.79998779296875,271.5,271.6000061035156,271.6000061035156,25,0.0,0.0
2000-10-04,270.5,271.0,270.1000061035156,270.29998779296875,270.29998779296875,11,0.0,0.0
2000-10-05,270.29998779296875,270.6000061035156,270.0,270.6000061035156,270.6000061035156,6,0.0,0.0
2000-10-06,269.79998779296875,270.20001220703125,269.29998779296875,269.29998779296875,269.29998779296875,2,0.0,0.0
2000-10-09,269.1000061035156,270.1000061035156,269.1000061035156,270.1000061035156,270.1000061035156,4,0.0,0.0
2000-10-10,272.3999938964844,272.3999938964844,272.3999938964844,272.3999938964844,272.3999938964844,13,0.0,0.0
2000-10-11,272.5,273.5,270.5,270.5,270.5,18,0.0,0.0
2000-10-12,274.0,276.3999938964844,274.0,276.3999938964844,276.3999938964844,3,0.0,0.0
2000-10-13,274.20001220703125,274.20001220703125,272.3999938964844,272.3999938964844,272.3999938964844,0,0.0,0.0
2000-10-16,271.5,271.5,271.5,271.5,271.5,5,0.0,0.0
2000-10-17,271.1000061035156,271.1000061035156,271.1000061035156,271.1000061035156,271.1000061035156,0,0.0,0.0
2000-10-18,270.29998779296875,270.29998779296875,270.29998779296875,270.29998779296875,270.29998779296875,0,0.0,0.0
2000-10-19,270.1000061035156,270.1000061035156,270.1000061035156,270.1000061035156,270.1000061035156,1,0.0,0.0
2000-10-20,271.20001220703125,271.20001220703125,271.20001220703125,271.20001220703125,271.20001220703125,32,0.0,0.0
2000-10-23,271.70001220703125,271.70001220703125,270.1000061035156,270.1000061035156,270.1000061035156,1,0.0,0.0
2000-10-24,269.79998779296875,270.1000061035156,269.79998779296875,270.1000061035156,270.1000061035156,16,0.0,0.0
2000-10-25,266.20001220703125,267.1000061035156,266.0,266.20001220703125,266.20001220703125,20,0.0,0.0
2000-10-26,266.0,267.0,264.8999938964844,264.8999938964844,264.8999938964844,0,0.0,0.0
2000-10-27,265.5,265.5,264.3999938964844,264.3999938964844,264.3999938964844,1,0.0,0.0
2000-10-30,264.29998779296875,264.29998779296875,264.29998779296875,264.29998779296875,264.29998779296875,2,0.0,0.0
2000-10-31,264.5,265.0,264.5,264.8999938964844,264.8999938964844,0,0.0,0.0
2000-11-01,263.8999938964844,263.8999938964844,263.8999938964844,263.8999938964844,263.8999938964844,0,0.0,0.0
2000-11-02,264.3999938964844,264.3999938964844,264.3999938964844,264.3999938964844,264.3999938964844,0,0.0,0.0
2000-11-03,264.6000061035156,264.6000061035156,264.6000061035156,264.6000061035156,264.6000061035156,0,0.0,0.0
2000-11-06,264.5,264.5,264.5,264.5,264.5,0,0.0,0.0
2000-11-07,264.29998779296875,264.29998779296875,264.29998779296875,264.29998779296875,264.29998779296875,0,0.0,0.0
2000-11-08,265.0,265.0,265.0,265.0,265.0,0,0.0,0.0
2000-11-09,265.79998779296875,265.79998779296875,265.79998779296875,265.79998779296875,265.79998779296875,0,0.0,0.0
2000-11-10,264.5,264.5,264.5,264.5,264.5,0,0.0,0.0
2000-11-13,264.29998779296875,264.29998779296875,264.29998779296875,264.29998779296875,264.29998779296875,100,0.0,0.0
2000-11-14,264.8999938964844,264.8999938964844,264.8999938964844,264.8999938964844,264.8999938964844,0,0.0,0.0
2000-11-15,265.1000061035156,265.1000061035156,265.1000061035156,265.1000061035156,265.1000061035156,0,0.0,0.0
2000-11-16,265.79998779296875,265.79998779296875,265.79998779296875,265.79998779296875,265.79998779296875,3,0.0,0.0
2000-11-17,265.20001220703125,265.70001220703125,265.20001220703125,265.70001220703125,265.70001220703125,7,0.0,0.0
2000-11-20,266.29998779296875,266.29998779296875,266.29998779296875,266.29998779296875,266.29998779296875,0,0.0,0.0
2000-11-21,265.70001220703125,265.70001220703125,265.70001220703125,265.70001220703125,265.70001220703125,0,0.0,0.0
2000-11-22,266.29998779296875,266.29998779296875,266.29998779296875,266.29998779296875,266.29998779296875,0,0.0,0.0
2000-11-27,270.1000061035156,270.1000061035156,270.1000061035156,270.1000061035156,270.1000061035156,0,0.0,0.0
2000-11-28,269.79998779296875,269.79998779296875,269.79998779296875,269.79998779296875,269.79998779296875,28696,0.0,0.0
2000-11-29,269.6000061035156,270.1000061035156,265.79998779296875,266.3999938964844,266.3999938964844,2849,0.0,0.0
2000-11-30,266.3999938964844,270.20001220703125,266.20001220703125,270.1000061035156,270.1000061035156,810,0.0,0.0
2000-12-01,269.70001220703125,272.0,268.5,268.70001220703125,268.70001220703125,332,0.0,0.0
2000-12-04,271.0,272.0,270.0,270.70001220703125,270.70001220703125,137,0.0,0.0
2000-12-05,270.8999938964844,271.0,269.8999938964844,270.3999938964844,270.3999938964844,407,0.0,0.0
2000-12-06,271.0,274.29998779296875,270.6000061035156,274.29998779296875,274.29998779296875,81,0.0,0.0
2000-12-07,274.29998779296875,276.0,272.6000061035156,273.20001220703125,273.20001220703125,36,0.0,0.0
2000-12-08,272.70001220703125,273.0,272.20001220703125,272.20001220703125,272.20001220703125,120,0.0,0.0
2000-12-11,270.70001220703125,270.70001220703125,269.20001220703125,270.20001220703125,270.20001220703125,15,0.0,0.0
2000-12-12,270.29998779296875,270.29998779296875,269.5,270.29998779296875,270.29998779296875,62,0.0,0.0
2000-12-13,270.0,270.0,268.1000061035156,268.6000061035156,268.6000061035156,30,0.0,0.0
2000-12-14,268.6000061035156,269.0,268.0,269.0,269.0,31,0.0,0.0
2000-12-15,269.20001220703125,270.3999938964844,269.20001220703125,270.3999938964844,270.3999938964844,63,0.0,0.0
2000-12-18,270.0,270.0,269.70001220703125,269.70001220703125,269.70001220703125,17,0.0,0.0
2000-12-19,269.70001220703125,269.70001220703125,269.0,269.70001220703125,269.70001220703125,203,0.0,0.0
2000-12-20,272.5,272.5,272.0,272.5,272.5,5,0.0,0.0
2000-12-21,273.0,273.70001220703125,273.0,273.70001220703125,273.70001220703125,110,0.0,0.0
2000-12-22,273.70001220703125,274.0,273.70001220703125,273.70001220703125,273.70001220703125,13,0.0,0.0
2000-12-26,273.20001220703125,274.79998779296875,273.20001220703125,274.1000061035156,274.1000061035156,0,0.0,0.0
2000-12-27,274.5,275.20001220703125,274.5,275.20001220703125,275.20001220703125,1,0.0,0.0
2000-12-28,273.20001220703125,273.20001220703125,271.70001220703125,271.70001220703125,271.70001220703125,1,0.0,0.0
2000-12-29,272.0,272.0,272.0,272.0,272.0,0,0.0,0.0
2001-01-02,268.3999938964844,268.3999938964844,268.3999938964844,268.3999938964844,268.3999938964844,0,0.0,0.0
2001-01-03,268.0,268.0,268.0,268.0,268.0,1,0.0,0.0
2001-01-04,267.29998779296875,267.29998779296875,267.29998779296875,267.29998779296875,267.29998779296875,1,0.0,0.0
2001-01-05,268.0,268.0,268.0,268.0,268.0,0,0.0,0.0
2001-01-08,268.0,268.0,268.0,268.0,268.0,0,0.0,0.0
2001-01-09,267.5,267.5,267.5,267.5,267.5,0,0.0,0.0
2001-01-10,264.70001220703125,264.70001220703125,264.70001220703125,264.70001220703125,264.70001220703125,0,0.0,0.0
2001-01-11,264.0,264.0,264.0,264.0,264.0,0,0.0,0.0
2001-01-12,263.8999938964844,263.8999938964844,263.8999938964844,263.8999938964844,263.8999938964844,0,0.0,0.0
2001-01-16,263.29998779296875,263.29998779296875,263.29998779296875,263.29998779296875,263.29998779296875,0,0.0,0.0
2001-01-17,263.20001220703125,263.20001220703125,263.20001220703125,263.20001220703125,263.20001220703125,0,0.0,0.0
2001-01-18,264.20001220703125,264.20001220703125,264.20001220703125,264.20001220703125,264.20001220703125,0,0.0,0.0
2001-01-19,264.29998779296875,264.29998779296875,264.29998779296875,264.29998779296875,264.29998779296875,0,0.0,0.0
2001-01-22,266.3999938964844,266.3999938964844,266.3999938964844,266.3999938964844,266.3999938964844,0,0.0,0.0
2001-01-23,266.1000061035156,266.1000061035156,266.1000061035156,266.1000061035156,266.1000061035156,0,0.0,0.0
2001-01-24,264.29998779296875,264.29998779296875,264.29998779296875,264.29998779296875,264.29998779296875,0,0.0,0.0
2001-01-25,264.5,264.5,264.5,264.5,264.5,0,0.0,0.0
2001-01-26,262.79998779296875,262.79998779296875,262.79998779296875,262.79998779296875,262.79998779296875,0,0.0,0.0
2001-01-29,262.79998779296875,262.79998779296875,262.79998779296875,262.79998779296875,262.79998779296875,15489,0.0,0.0
2001-01-30,262.8999938964844,266.6000061035156,262.8999938964844,265.5,265.5,1754,0.0,0.0
2001-01-31,265.20001220703125,266.0,263.70001220703125,265.6000061035156,265.6000061035156,566,0.0,0.0
2001-02-01,266.29998779296875,268.8999938964844,266.29998779296875,268.5,268.5,410,0.0,0.0
2001-02-02,268.0,268.20001220703125,266.5,267.1000061035156,267.1000061035156,107,0.0,0.0
2001-02-05,265.1000061035156,265.79998779296875,265.1000061035156,265.20001220703125,265.20001220703125,192,0.0,0.0
2001-02-06,263.8999938964844,263.8999938964844,261.79998779296875,263.29998779296875,263.29998779296875,25,0.0,0.0
2001-02-07,262.79998779296875,263.5,262.3999938964844,262.79998779296875,262.79998779296875,166,0.0,0.0
2001-02-08,263.5,263.5,259.79998779296875,260.1000061035156,260.1000061035156,13,0.0,0.0
2001-02-09,260.5,260.5,259.0,259.8999938964844,259.8999938964844,0,0.0,0.0
2001-02-12,262.5,262.5,260.1000061035156,260.70001220703125,260.70001220703125,17,0.0,0.0
2001-02-13,261.0,261.0,261.0,260.29998779296875,260.29998779296875,0,0.0,0.0
2001-02-14,260.0,260.0,259.3999938964844,259.3999938964844,259.3999938964844,30,0.0,0.0
2001-02-15,259.5,259.5,255.10000610351562,255.10000610351562,255.10000610351562,23,0.0,0.0
2001-02-16,255.0,258.5,255.0,258.20001220703125,258.20001220703125,2,0.0,0.0
2001-02-20,256.1000061035156,256.1000061035156,255.0,256.1000061035156,256.1000061035156,24,0.0,0.0
2001-02-21,256.70001220703125,258.20001220703125,256.6000061035156,258.20001220703125,258.20001220703125,40,0.0,0.0
2001-02-22,258.5,258.5,257.5,258.5,258.5,16,0.0,0.0
2001-02-23,260.0,260.8999938964844,259.6000061035156,260.8999938964844,260.8999938964844,0,0.0,0.0
2001-02-26,262.0,265.79998779296875,261.5,265.79998779296875,265.79998779296875,1,0.0,0.0
2001-02-27,267.0,267.3999938964844,267.0,267.3999938964844,267.3999938964844,0,0.0,0.0
2001-02-28,266.79998779296875,266.79998779296875,266.79998779296875,266.79998779296875,266.79998779296875,0,0.0,0.0
2001-03-01,265.20001220703125,265.20001220703125,265.20001220703125,265.20001220703125,265.20001220703125,0,0.0,0.0
2001-03-02,262.1000061035156,262.1000061035156,262.1000061035156,262.1000061035156,262.1000061035156,0,0.0,0.0
2001-03-05,262.5,262.5,262.5,262.5,262.5,11,0.0,0.0
2001-03-06,260.0,260.0,259.8999938964844,259.8999938964844,259.8999938964844,20,0.0,0.0
2001-03-07,259.0,261.3999938964844,259.0,261.3999938964844,261.3999938964844,0,0.0,0.0
2001-03-08,265.3999938964844,265.3999938964844,265.3999938964844,265.3999938964844,265.3999938964844,0,0.0,0.0
2001-03-09,270.79998779296875,270.79998779296875,270.79998779296875,270.79998779296875,270.79998779296875,0,0.0,0.0
2001-03-12,271.6000061035156,271.6000061035156,271.6000061035156,271.6000061035156,271.6000061035156,8,0.0,0.0
2001-03-13,266.79998779296875,266.79998779296875,266.79998779296875,266.79998779296875,266.79998779296875,0,0.0,0.0
2001-03-14,262.5,262.5,262.5,262.5,262.5,0,0.0,0.0
2001-03-15,260.0,260.0,260.0,260.0,260.0,2,0.0,0.0
2001-03-16,257.0,258.1000061035156,257.0,258.1000061035156,258.1000061035156,0,0.0,0.0
2001-03-19,259.79998779296875,259.79998779296875,259.79998779296875,259.79998779296875,259.79998779296875,0,0.0,0.0
2001-03-20,260.5,260.5,260.5,260.5,260.5,0,0.0,0.0
2001-03-21,261.8999938964844,261.8999938964844,261.8999938964844,261.8999938964844,261.8999938964844,0,0.0,0.0
2001-03-22,261.1000061035156,261.1000061035156,261.1000061035156,261.1000061035156,261.1000061035156,1,0.0,0.0
2001-03-23,261.5,261.5,261.5,261.5,261.5,0,0.0,0.0
2001-03-26,261.8999938964844,261.8999938964844,261.8999938964844,261.8999938964844,261.8999938964844,0,0.0,0.0
2001-03-27,261.0,261.0,261.0,261.0,261.0,0,0.0,0.0
2001-03-28,259.70001220703125,259.70001220703125,259.70001220703125,259.70001220703125,259.70001220703125,22994,0.0,0.0
2001-03-29,259.70001220703125,260.3999938964844,258.20001220703125,258.79998779296875,258.79998779296875,5646,0.0,0.0
2001-03-30,258.79998779296875,259.29998779296875,256.6000061035156,257.8999938964844,257.8999938964844,2479,0.0,0.0
2001-04-02,257.20001220703125,257.79998779296875,255.0,255.60000610351562,255.60000610351562,456,0.0,0.0
2001-04-03,255.5,258.6000061035156,255.5,256.79998779296875,256.79998779296875,326,0.0,0.0
2001-04-04,258.29998779296875,260.5,258.0,258.3999938964844,258.3999938964844,175,0.0,0.0
2001-04-05,259.1000061035156,259.1000061035156,257.70001220703125,258.1000061035156,258.1000061035156,150,0.0,0.0
2001-04-06,259.5,260.20001220703125,257.79998779296875,260.0,260.0,86,0.0,0.0
2001-04-09,260.5,260.5,258.0,258.29998779296875,258.29998779296875,28,0.0,0.0
2001-04-10,258.29998779296875,258.29998779296875,256.6000061035156,257.29998779296875,257.29998779296875,31,0.0,0.0
2001-04-11,257.70001220703125,260.0,256.5,258.70001220703125,258.70001220703125,95,0.0,0.0
2001-04-12,260.1000061035156,261.0,259.0,260.1000061035156,260.1000061035156,20,0.0,0.0
2001-04-16,260.5,263.79998779296875,260.29998779296875,263.29998779296875,263.29998779296875,71,0.0,0.0
2001-04-17,260.5,262.3999938964844,260.5,261.1000061035156,261.1000061035156,38,0.0,0.0
2001-04-18,260.0,262.29998779296875,259.5,261.29998779296875,261.29998779296875,0,0.0,0.0
2001-04-19,263.0,265.29998779296875,262.29998779296875,265.29998779296875,265.29998779296875,101,0.0,0.0
2001-04-20,264.70001220703125,265.0,263.5,264.79998779296875,264.79998779296875,16,0.0,0.0
2001-04-23,263.6000061035156,263.70001220703125,262.6000061035156,263.70001220703125,263.70001220703125,69,0.0,0.0
2001-04-24,265.0,265.0,264.0,264.1000061035156,264.1000061035156,64,0.0,0.0
2001-04-25,263.5,264.3999938964844,262.0,262.3999938964844,262.3999938964844,0,0.0,0.0
2001-04-26,264.3999938964844,264.3999938964844,263.5,264.3999938964844,264.3999938964844,1,0.0,0.0
2001-04-27,263.8999938964844,263.8999938964844,263.8999938964844,263.8999938964844,263.8999938964844,6,0.0,0.0
2001-04-30,264.0,264.0,264.0,264.0,264.0,0,0.0,0.0
2001-05-01,264.3999938964844,264.3999938964844,264.3999938964844,264.3999938964844,264.3999938964844,0,0.0,0.0
2001-05-02,265.3999938964844,265.3999938964844,265.3999938964844,265.3999938964844,265.3999938964844,0,0.0,0.0
2001-05-03,266.29998779296875,266.29998779296875,266.29998779296875,266.29998779296875,266.29998779296875,0,0.0,0.0
2001-05-04,266.1000061035156,266.1000061035156,266.1000061035156,266.1000061035156,266.1000061035156,0,0.0,0.0
2001-05-07,266.1000061035156,266.1000061035156,266.1000061035156,266.1000061035156,266.1000061035156,0,0.0,0.0
2001-05-08,265.1000061035156,265.1000061035156,265.1000061035156,265.1000061035156,265.1000061035156,0,0.0,0.0
2001-05-09,270.0,270.0,270.0,270.0,270.0,0,0.0,0.0
2001-05-10,269.1000061035156,269.1000061035156,269.1000061035156,269.1000061035156,269.1000061035156,0,0.0,0.0
2001-05-11,267.8999938964844,267.8999938964844,267.8999938964844,267.8999938964844,267.8999938964844,0,0.0,0.0
2001-05-14,268.29998779296875,268.29998779296875,268.29998779296875,268.29998779296875,268.29998779296875,0,0.0,0.0
2001-05-15,268.1000061035156,268.1000061035156,268.1000061035156,268.1000061035156,268.1000061035156,0,0.0,0.0
2001-05-16,272.0,272.0,272.0,272.0,272.0,0,0.0,0.0
2001-05-17,273.6000061035156,273.6000061035156,273.6000061035156,273.6000061035156,273.6000061035156,0,0.0,0.0
2001-05-18,287.3999938964844,287.3999938964844,287.3999938964844,287.3999938964844,287.3999938964844,0,0.0,0.0
2001-05-21,285.3999938964844,285.3999938964844,285.3999938964844,285.3999938964844,285.3999938964844,0,0.0,0.0
2001-05-22,285.1000061035156,285.1000061035156,285.1000061035156,285.1000061035156,285.1000061035156,0,0.0,0.0
2001-05-23,283.6000061035156,283.6000061035156,283.6000061035156,283.6000061035156,283.6000061035156,6,0.0,0.0
2001-05-24,279.1000061035156,279.1000061035156,279.1000061035156,279.1000061035156,279.1000061035156,6,0.0,0.0
2001-05-25,277.8999938964844,277.8999938964844,277.8999938964844,277.8999938964844,277.8999938964844,0,0.0,0.0
2001-05-29,273.79998779296875,273.79998779296875,273.79998779296875,273.79998779296875,273.79998779296875,28775,0.0,0.0
2001-05-30,274.3999938964844,275.0,264.20001220703125,265.70001220703125,265.70001220703125,2955,0.0,0.0
2001-05-31,265.1000061035156,268.1000061035156,264.79998779296875,265.29998779296875,265.29998779296875,1108,0.0,0.0
2001-06-01,264.70001220703125,266.8999938964844,264.5,266.3999938964844,266.3999938964844,251,0.0,0.0
2001-06-04,266.8999938964844,266.8999938964844,264.5,264.8999938964844,264.8999938964844,122,0.0,0.0
2001-06-05,265.0,265.8999938964844,264.5,265.70001220703125,265.70001220703125,126,0.0,0.0
2001-06-06,266.70001220703125,267.0,265.20001220703125,265.70001220703125,265.70001220703125,112,0.0,0.0
2001-06-07,266.29998779296875,266.5,265.0,266.0,266.0,119,0.0,0.0
2001-06-08,266.20001220703125,274.20001220703125,266.20001220703125,273.3999938964844,273.3999938964844,166,0.0,0.0
2001-06-11,271.1000061035156,271.20001220703125,266.5,267.8999938964844,267.8999938964844,131,0.0,0.0
2001-06-12,270.0,271.5,269.0,271.5,271.5,91,0.0,0.0
2001-06-13,271.8999938964844,272.5,270.0,272.0,272.0,38,0.0,0.0
2001-06-14,272.0,276.0,272.0,275.29998779296875,275.29998779296875,76,0.0,0.0
2001-06-15,274.29998779296875,274.70001220703125,271.20001220703125,271.20001220703125,271.20001220703125,20,0.0,0.0
2001-06-18,272.0,272.5,271.29998779296875,272.3999938964844,272.3999938964844,31,0.0,0.0
2001-06-19,273.0,273.3999938964844,273.0,273.3999938964844,273.3999938964844,21,0.0,0.0
2001-06-20,272.70001220703125,272.70001220703125,271.0,272.3999938964844,272.3999938964844,26,0.0,0.0
2001-06-21,271.79998779296875,272.6000061035156,271.79998779296875,272.6000061035156,272.6000061035156,12,0.0,0.0
2001-06-22,273.6000061035156,273.6000061035156,272.0,272.29998779296875,272.29998779296875,0,0.0,0.0
2001-06-25,275.0,275.0,273.70001220703125,273.70001220703125,273.70001220703125,8,0.0,0.0
2001-06-26,274.0,277.0,274.0,276.20001220703125,276.20001220703125,0,0.0,0.0
2001-06-27,275.70001220703125,275.70001220703125,272.1000061035156,272.1000061035156,272.1000061035156,0,0.0,0.0
2001-06-28,269.29998779296875,269.29998779296875,269.29998779296875,269.29998779296875,269.29998779296875,0,0.0,0.0
2001-06-29,270.6000061035156,270.6000061035156,270.6000061035156,270.6000061035156,270.6000061035156,0,0.0,0.0
2001-07-02,269.3999938964844,269.3999938964844,269.3999938964844,269.3999938964844,269.3999938964844,0,0.0,0.0
2001-07-03,267.6000061035156,267.6000061035156,267.6000061035156,267.6000061035156,267.6000061035156,1,0.0,0.0
2001-07-05,265.1000061035156,265.1000061035156,263.70001220703125,265.1000061035156,265.1000061035156,1,0.0,0.0
2001-07-06,265.8999938964844,265.8999938964844,265.8999938964844,265.8999938964844,265.8999938964844,70,0.0,0.0
2001-07-09,266.5,266.5,266.5,266.5,266.5,0,0.0,0.0
2001-07-10,266.20001220703125,266.20001220703125,266.20001220703125,266.20001220703125,266.20001220703125,5,0.0,0.0
2001-07-11,268.29998779296875,268.29998779296875,268.29998779296875,268.29998779296875,268.29998779296875,0,0.0,0.0
2001-07-12,266.6000061035156,266.6000061035156,266.6000061035156,266.6000061035156,266.6000061035156,0,0.0,0.0
2001-07-13,267.1000061035156,267.1000061035156,267.1000061035156,267.1000061035156,267.1000061035156,0,0.0,0.0
2001-07-16,266.8999938964844,266.8999938964844,266.8999938964844,266.8999938964844,266.8999938964844,0,0.0,0.0
2001-07-17,268.1000061035156,268.1000061035156,268.1000061035156,268.1000061035156,268.1000061035156,5,0.0,0.0
2001-07-18,270.3999938964844,270.3999938964844,270.3999938964844,270.3999938964844,270.3999938964844,0,0.0,0.0
2001-07-19,269.3999938964844,269.3999938964844,269.3999938964844,269.3999938964844,269.3999938964844,5,0.0,0.0
2001-07-20,269.8999938964844,269.8999938964844,269.8999938964844,269.8999938964844,269.8999938964844,0,0.0,0.0
2001-07-23,268.79998779296875,268.79998779296875,268.79998779296875,268.79998779296875,268.79998779296875,0,0.0,0.0
2001-07-24,269.70001220703125,269.70001220703125,269.70001220703125,269.70001220703125,269.70001220703125,0,0.0,0.0
2001-07-25,267.70001220703125,267.70001220703125,267.70001220703125,267.70001220703125,267.70001220703125,0,0.0,0.0
2001-07-26,266.20001220703125,266.20001220703125,266.20001220703125,266.20001220703125,266.20001220703125,0,0.0,0.0
2001-07-27,267.3999938964844,267.3999938964844,267.3999938964844,267.3999938964844,267.3999938964844,17975,0.0,0.0
2001-07-30,267.29998779296875,267.5,264.1000061035156,264.6000061035156,264.6000061035156,1912,0.0,0.0
2001-07-31,264.79998779296875,266.5,264.3999938964844,266.20001220703125,266.20001220703125,348,0.0,0.0
2001-08-01,266.20001220703125,268.1000061035156,265.79998779296875,267.3999938964844,267.3999938964844,284,0.0,0.0
2001-08-02,267.0,268.0,266.1000061035156,267.3999938964844,267.3999938964844,136,0.0,0.0
2001-08-03,267.0,268.5,266.5,267.8999938964844,267.8999938964844,234,0.0,0.0
2001-08-06,267.79998779296875,267.79998779296875,267.0,267.1000061035156,267.1000061035156,156,0.0,0.0
2001-08-07,267.0,267.20001220703125,265.8999938964844,267.20001220703125,267.20001220703125,291,0.0,0.0
2001-08-08,266.1000061035156,268.0,265.8999938964844,267.8999938964844,267.8999938964844,436,0.0,0.0
2001-08-09,268.0,274.0,268.0,273.3999938964844,273.3999938964844,107,0.0,0.0
2001-08-10,273.3999938964844,275.79998779296875,273.0,273.8999938964844,273.8999938964844,3,0.0,0.0
2001-08-13,275.20001220703125,275.70001220703125,275.20001220703125,275.70001220703125,275.70001220703125,8,0.0,0.0
2001-08-14,274.79998779296875,276.29998779296875,273.20001220703125,276.29998779296875,276.29998779296875,10,0.0,0.0
2001-08-15,275.0,276.0,275.0,275.70001220703125,275.70001220703125,2,0.0,0.0
2001-08-16,275.0,275.20001220703125,275.0,275.20001220703125,275.20001220703125,6,0.0,0.0
2001-08-17,277.6000061035156,279.29998779296875,277.20001220703125,279.29998779296875,279.29998779296875,26,0.0,0.0
2001-08-20,277.20001220703125,277.20001220703125,276.1000061035156,276.1000061035156,276.1000061035156,1,0.0,0.0
2001-08-21,275.0,275.0,275.0,275.0,275.0,2,0.0,0.0
2001-08-22,274.8999938964844,274.8999938964844,274.8999938964844,274.8999938964844,274.8999938964844,0,0.0,0.0
2001-08-23,275.29998779296875,275.29998779296875,275.29998779296875,275.29998779296875,275.29998779296875,0,0.0,0.0
2001-08-24,272.5,272.5,272.5,272.5,272.5,59,0.0,0.0
2001-08-27,272.5,272.6000061035156,272.3999938964844,272.6000061035156,272.6000061035156,56,0.0,0.0
2001-08-28,272.29998779296875,272.29998779296875,272.29998779296875,272.29998779296875,272.29998779296875,0,0.0,0.0
2001-08-29,274.20001220703125,274.20001220703125,273.70001220703125,273.70001220703125,273.70001220703125,0,0.0,0.0
2001-08-30,275.3999938964844,275.3999938964844,275.3999938964844,275.3999938964844,275.3999938964844,0,0.0,0.0
2001-08-31,274.3999938964844,274.3999938964844,274.3999938964844,274.3999938964844,274.3999938964844,0,0.0,0.0
2001-09-04,271.6000061035156,271.6000061035156,271.6000061035156,271.6000061035156,271.6000061035156,0,0.0,0.0
2001-09-05,272.0,272.0,272.0,272.0,272.0,0,0.0,0.0
2001-09-06,273.0,273.0,273.0,273.0,273.0,0,0.0,0.0
2001-09-07,273.1000061035156,273.1000061035156,273.0,273.1000061035156,273.1000061035156,0,0.0,0.0
2001-09-10,271.6000061035156,271.6000061035156,271.6000061035156,271.6000061035156,271.6000061035156,0,0.0,0.0
2001-09-14,290.20001220703125,290.20001220703125,290.20001220703125,290.20001220703125,290.20001220703125,0,0.0,0.0
2001-09-17,289.79998779296875,289.79998779296875,289.79998779296875,289.79998779296875,289.79998779296875,0,0.0,0.0
2001-09-18,288.1000061035156,288.1000061035156,288.1000061035156,288.1000061035156,288.1000061035156,0,0.0,0.0
2001-09-19,291.5,291.5,291.5,291.5,291.5,1,0.0,0.0
2001-09-20,289.5,289.5,289.0,289.0,289.0,1,0.0,0.0
2001-09-21,291.8999938964844,291.8999938964844,291.8999938964844,291.8999938964844,291.8999938964844,0,0.0,0.0
2001-09-24,289.79998779296875,289.79998779296875,289.70001220703125,289.70001220703125,289.70001220703125,0,0.0,0.0
2001-09-25,290.5,290.5,290.5,290.5,290.5,0,0.0,0.0
2001-09-26,293.29998779296875,293.29998779296875,293.29998779296875,293.29998779296875,293.29998779296875,1010,0.0,0.0
2001-09-27,293.5,293.5,289.0,291.70001220703125,291.70001220703125,942,0.0,0.0
2001-09-28,290.70001220703125,294.0,290.70001220703125,292.3999938964844,292.3999938964844,1183,0.0,0.0
2001-10-01,291.79998779296875,292.8999938964844,290.5,292.20001220703125,292.20001220703125,91,0.0,0.0
2001-10-02,292.1000061035156,292.1000061035156,289.8999938964844,289.8999938964844,289.8999938964844,157,0.0,0.0
2001-10-03,291.0,291.20001220703125,290.1000061035156,290.5,290.5,84,0.0,0.0
2001-10-04,290.0,292.0,290.0,290.5,290.5,20,0.0,0.0
2001-10-05,291.5,292.5,291.3999938964844,291.3999938964844,291.3999938964844,10,0.0,0.0
2001-10-08,292.0,292.5,292.0,292.3999938964844,292.3999938964844,10,0.0,0.0
2001-10-09,292.70001220703125,292.70001220703125,288.8999938964844,288.8999938964844,288.8999938964844,17,0.0,0.0
2001-10-10,287.5,287.5,284.0,285.70001220703125,285.70001220703125,71,0.0,0.0
2001-10-11,283.5,283.5,280.5,281.79998779296875,281.79998779296875,140,0.0,0.0
2001-10-12,282.20001220703125,284.8999938964844,282.20001220703125,284.8999938964844,284.8999938964844,27,0.0,0.0
2001-10-15,282.70001220703125,282.70001220703125,282.1000061035156,282.1000061035156,282.1000061035156,51,0.0,0.0
2001-10-16,282.20001220703125,282.79998779296875,281.70001220703125,282.29998779296875,282.29998779296875,140,0.0,0.0
2001-10-17,282.20001220703125,283.3999938964844,282.20001220703125,283.3999938964844,283.3999938964844,7,0.0,0.0
2001-10-18,282.5,282.5,279.20001220703125,279.20001220703125,279.20001220703125,7,0.0,0.0
2001-10-19,279.5,280.1000061035156,279.0,280.1000061035156,280.1000061035156,4,0.0,0.0
2001-10-22,275.5,275.5,275.5,275.5,275.5,4,0.0,0.0
2001-10-23,277.0,277.0,276.1000061035156,276.1000061035156,276.1000061035156,42,0.0,0.0
2001-10-24,275.8999938964844,275.8999938964844,275.8999938964844,275.8999938964844,275.8999938964844,1,0.0,0.0
2001-10-25,277.79998779296875,277.79998779296875,277.79998779296875,277.79998779296875,277.79998779296875,1,0.0,0.0
2001-10-26,277.8999938964844,277.8999938964844,277.8999938964844,277.8999938964844,277.8999938964844,1,0.0,0.0
2001-10-29,278.5,279.1000061035156,278.5,279.1000061035156,279.1000061035156,6,0.0,0.0
2001-10-30,281.20001220703125,281.20001220703125,279.5,280.6000061035156,280.6000061035156,2,0.0,0.0
2001-10-31,279.5,280.5,279.5,279.5,279.5,0,0.0,0.0
2001-11-01,279.70001220703125,279.70001220703125,279.70001220703125,279.70001220703125,279.70001220703125,0,0.0,0.0
2001-11-02,279.79998779296875,279.79998779296875,279.79998779296875,279.79998779296875,279.79998779296875,0,0.0,0.0
2001-11-05,278.5,278.5,278.5,278.5,278.5,0,0.0,0.0
2001-11-06,279.70001220703125,279.70001220703125,279.70001220703125,279.70001220703125,279.70001220703125,90,0.0,0.0
2001-11-07,280.5,281.0,280.5,281.0,281.0,5,0.0,0.0
2001-11-08,278.0,278.0,276.79998779296875,276.79998779296875,276.79998779296875,1,0.0,0.0
2001-11-09,277.20001220703125,277.3999938964844,277.20001220703125,277.3999938964844,277.3999938964844,0,0.0,0.0
2001-11-12,278.29998779296875,278.29998779296875,278.29998779296875,278.29998779296875,278.29998779296875,4,0.0,0.0
2001-11-13,277.79998779296875,277.79998779296875,277.79998779296875,277.79998779296875,277.79998779296875,0,0.0,0.0
2001-11-14,277.79998779296875,277.79998779296875,277.79998779296875,277.79998779296875,277.79998779296875,0,0.0,0.0
2001-11-15,275.1000061035156,275.1000061035156,275.1000061035156,275.1000061035156,275.1000061035156,0,0.0,0.0
2001-11-16,274.70001220703125,274.70001220703125,274.70001220703125,274.70001220703125,274.70001220703125,0,0.0,0.0
2001-11-19,272.70001220703125,272.70001220703125,272.70001220703125,272.70001220703125,272.70001220703125,0,0.0,0.0
2001-11-20,273.0,273.0,273.0,273.0,273.0,0,0.0,0.0
2001-11-21,272.8999938964844,272.8999938964844,272.8999938964844,272.8999938964844,272.8999938964844,0,0.0,0.0
2001-11-26,272.29998779296875,272.29998779296875,272.29998779296875,272.29998779296875,272.29998779296875,0,0.0,0.0
2001-11-27,273.20001220703125,273.20001220703125,273.20001220703125,273.20001220703125,273.20001220703125,0,0.0,0.0
2001-11-28,274.1000061035156,274.1000061035156,274.1000061035156,274.1000061035156,274.1000061035156,22395,0.0,0.0
2001-11-29,274.1000061035156,275.3999938964844,273.0,273.5,273.5,4710,0.0,0.0
2001-11-30,273.20001220703125,275.5,272.6000061035156,273.8999938964844,273.8999938964844,744,0.0,0.0
2001-12-03,273.5,277.5,273.5,276.8999938964844,276.8999938964844,389,0.0,0.0
2001-12-04,276.8999938964844,277.20001220703125,275.0,275.3999938964844,275.3999938964844,214,0.0,0.0
2001-12-05,275.29998779296875,275.6000061035156,273.0,273.70001220703125,273.70001220703125,198,0.0,0.0
2001-12-06,274.20001220703125,274.29998779296875,273.1000061035156,274.20001220703125,274.20001220703125,73,0.0,0.0
2001-12-07,274.1000061035156,274.3999938964844,273.29998779296875,273.8999938964844,273.8999938964844,478,0.0,0.0
2001-12-10,272.5,273.20001220703125,271.20001220703125,272.20001220703125,272.20001220703125,357,0.0,0.0
2001-12-11,272.5,272.5,271.5,272.20001220703125,272.20001220703125,79,0.0,0.0
2001-12-12,272.70001220703125,273.79998779296875,272.5,273.79998779296875,273.79998779296875,57,0.0,0.0
2001-12-13,274.0,274.3999938964844,273.5,273.8999938964844,273.8999938964844,44,0.0,0.0
2001-12-14,275.0,278.5,275.0,278.0,278.0,51,0.0,0.0
2001-12-17,278.20001220703125,278.20001220703125,277.0,277.70001220703125,277.70001220703125,17,0.0,0.0
2001-12-18,280.3999938964844,281.29998779296875,278.29998779296875,280.3999938964844,280.3999938964844,119,0.0,0.0
2001-12-19,280.0,280.0,275.5,275.5,275.5,18,0.0,0.0
2001-12-20,276.5,276.5,276.0,276.0,276.0,18,0.0,0.0
2001-12-21,276.0,278.6000061035156,276.0,278.0,278.0,39,0.0,0.0
2001-12-26,278.29998779296875,280.8999938964844,278.29998779296875,279.70001220703125,279.70001220703125,0,0.0,0.0
2001-12-27,278.0,278.5,277.20001220703125,277.3999938964844,277.3999938964844,2,0.0,0.0
2001-12-28,276.5,276.5,276.5,276.5,276.5,2,0.0,0.0
2001-12-31,276.79998779296875,278.70001220703125,276.79998779296875,278.70001220703125,278.70001220703125,2,0.0,0.0
2002-01-02,278.8999938964844,278.8999938964844,278.8999938964844,278.8999938964844,278.8999938964844,2,0.0,0.0
2002-01-03,278.20001220703125,278.20001220703125,278.20001220703125,278.20001220703125,278.20001220703125,2,0.0,0.0
2002-01-04,278.8999938964844,278.8999938964844,278.8999938964844,278.8999938964844,278.8999938964844,2,0.0,0.0
2002-01-07,278.6000061035156,279.0,278.6000061035156,278.6000061035156,278.6000061035156,1,0.0,0.0
2002-01-08,278.8999938964844,278.8999938964844,278.8999938964844,278.8999938964844,278.8999938964844,1,0.0,0.0
2002-01-09,283.3999938964844,283.3999938964844,283.3999938964844,283.3999938964844,283.3999938964844,1,0.0,0.0
2002-01-10,287.1000061035156,287.1000061035156,287.1000061035156,287.1000061035156,287.1000061035156,2,0.0,0.0
2002-01-11,287.3999938964844,287.3999938964844,287.3999938964844,287.3999938964844,287.3999938964844,2,0.0,0.0
2002-01-14,285.3999938964844,285.3999938964844,285.3999938964844,285.3999938964844,285.3999938964844,2,0.0,0.0
2002-01-15,284.3999938964844,284.3999938964844,284.3999938964844,284.3999938964844,284.3999938964844,2,0.0,0.0
2002-01-16,287.29998779296875,287.29998779296875,287.29998779296875,287.29998779296875,287.29998779296875,2,0.0,0.0
2002-01-17,284.3999938964844,284.3999938964844,284.3999938964844,284.3999938964844,284.3999938964844,2,0.0,0.0
2002-01-18,283.1000061035156,283.1000061035156,283.1000061035156,283.1000061035156,283.1000061035156,2,0.0,0.0
2002-01-22,281.5,281.5,281.5,281.5,281.5,2,0.0,0.0
2002-01-23,278.6000061035156,278.6000061035156,278.6000061035156,278.6000061035156,278.6000061035156,2,0.0,0.0
2002-01-24,278.1000061035156,278.1000061035156,278.1000061035156,278.1000061035156,278.1000061035156,2,0.0,0.0
2002-01-25,278.79998779296875,278.79998779296875,278.79998779296875,278.79998779296875,278.79998779296875,2,0.0,0.0
2002-01-28,278.29998779296875,278.29998779296875,278.29998779296875,278.29998779296875,278.29998779296875,2,0.0,0.0
2002-01-29,281.3999938964844,281.3999938964844,281.3999938964844,281.3999938964844,281.3999938964844,23818,0.0,0.0
2002-01-30,281.8999938964844,283.20001220703125,280.5,281.8999938964844,281.8999938964844,3680,0.0,0.0
2002-01-31,281.0,282.79998779296875,280.79998779296875,282.1000061035156,282.1000061035156,1082,0.0,0.0
2002-02-01,282.29998779296875,287.5,282.20001220703125,286.0,286.0,536,0.0,0.0
2002-02-04,286.0,290.0,285.3999938964844,289.29998779296875,289.29998779296875,336,0.0,0.0
2002-02-05,290.0,298.20001220703125,290.0,298.20001220703125,298.20001220703125,1043,0.0,0.0
2002-02-06,297.29998779296875,308.0,296.20001220703125,297.5,297.5,239,0.0,0.0
2002-02-07,297.20001220703125,301.5,296.20001220703125,299.70001220703125,299.70001220703125,264,0.0,0.0
2002-02-08,304.5,307.3999938964844,302.79998779296875,303.5,303.5,187,0.0,0.0
2002-02-11,303.5,303.5,297.5,300.1000061035156,300.1000061035156,362,0.0,0.0
2002-02-12,299.0,300.70001220703125,297.0,300.70001220703125,300.70001220703125,454,0.0,0.0
2002-02-13,300.5,300.70001220703125,296.70001220703125,299.3999938964844,299.3999938964844,229,0.0,0.0
2002-02-14,300.0,300.5,299.3999938964844,299.70001220703125,299.70001220703125,20,0.0,0.0
2002-02-15,300.5,301.6000061035156,298.3999938964844,298.3999938964844,298.3999938964844,62,0.0,0.0
2002-02-19,297.0,297.29998779296875,293.20001220703125,293.20001220703125,293.20001220703125,35,0.0,0.0
2002-02-20,294.1000061035156,294.20001220703125,290.79998779296875,292.29998779296875,292.29998779296875,24,0.0,0.0
2002-02-21,291.79998779296875,293.3999938964844,291.79998779296875,293.20001220703125,293.20001220703125,13,0.0,0.0
2002-02-22,293.20001220703125,293.20001220703125,292.5,293.20001220703125,293.20001220703125,151,0.0,0.0
2002-02-25,292.70001220703125,293.0,291.5,292.70001220703125,292.70001220703125,0,0.0,0.0
2002-02-26,294.0,298.0,293.20001220703125,298.0,298.0,4,0.0,0.0
2002-02-27,295.29998779296875,296.29998779296875,295.29998779296875,296.29998779296875,296.29998779296875,5,0.0,0.0
2002-02-28,296.0,296.70001220703125,296.0,296.70001220703125,296.70001220703125,0,0.0,0.0
2002-03-01,298.0,298.0,298.0,298.0,298.0,0,0.0,0.0
2002-03-04,296.70001220703125,296.70001220703125,296.70001220703125,296.70001220703125,296.70001220703125,5,0.0,0.0
2002-03-05,298.0,298.0,294.0,294.0,294.0,0,0.0,0.0
2002-03-06,293.5,293.5,293.3999938964844,293.5,293.5,0,0.0,0.0
2002-03-07,290.1000061035156,290.1000061035156,290.1000061035156,290.1000061035156,290.1000061035156,76,0.0,0.0
2002-03-08,290.1000061035156,290.1000061035156,290.1000061035156,290.1000061035156,290.1000061035156,0,0.0,0.0
2002-03-11,291.1000061035156,291.1000061035156,291.1000061035156,291.1000061035156,291.1000061035156,44,0.0,0.0
2002-03-12,293.6000061035156,293.6000061035156,293.6000061035156,293.6000061035156,293.6000061035156,0,0.0,0.0
2002-03-13,293.6000061035156,293.6000061035156,293.6000061035156,293.6000061035156,293.6000061035156,0,0.0,0.0
2002-03-14,291.0,291.0,291.0,291.0,291.0,0,0.0,0.0
2002-03-15,289.8999938964844,289.8999938964844,289.8999938964844,289.8999938964844,289.8999938964844,0,0.0,0.0
2002-03-18,292.1000061035156,292.1000061035156,292.1000061035156,292.1000061035156,292.1000061035156,0,0.0,0.0
2002-03-19,292.79998779296875,292.79998779296875,292.79998779296875,292.79998779296875,292.79998779296875,0,0.0,0.0
2002-03-20,292.1000061035156,292.1000061035156,292.1000061035156,292.1000061035156,292.1000061035156,6,0.0,0.0
2002-03-21,292.79998779296875,292.79998779296875,292.79998779296875,292.79998779296875,292.79998779296875,0,0.0,0.0
2002-03-22,297.29998779296875,297.29998779296875,297.29998779296875,297.29998779296875,297.29998779296875,0,0.0,0.0
2002-03-25,297.3999938964844,297.3999938964844,297.3999938964844,297.3999938964844,297.3999938964844,0,0.0,0.0
2002-03-26,296.6000061035156,296.6000061035156,296.6000061035156,296.6000061035156,296.6000061035156,24896,0.0,0.0
2002-03-27,296.79998779296875,303.1000061035156,296.29998779296875,302.20001220703125,302.20001220703125,4104,0.0,0.0
2002-03-28,302.79998779296875,304.5,300.5,302.6000061035156,302.6000061035156,334,0.0,0.0
2002-04-01,302.6000061035156,303.20001220703125,300.70001220703125,303.20001220703125,303.20001220703125,436,0.0,0.0
2002-04-02,303.0,306.79998779296875,302.5,305.8999938964844,305.8999938964844,276,0.0,0.0
2002-04-03,306.0,306.0,302.0,302.6000061035156,302.6000061035156,251,0.0,0.0
2002-04-04,302.6000061035156,302.6000061035156,299.0,301.1000061035156,301.1000061035156,86,0.0,0.0
2002-04-05,300.70001220703125,302.5,298.70001220703125,300.1000061035156,300.1000061035156,97,0.0,0.0
2002-04-08,299.0,301.5,299.0,300.5,300.5,133,0.0,0.0
2002-04-09,300.0,300.0,298.5,298.79998779296875,298.79998779296875,66,0.0,0.0
2002-04-10,298.0,302.5,297.70001220703125,301.70001220703125,301.70001220703125,42,0.0,0.0
2002-04-11,301.70001220703125,303.20001220703125,301.5,302.20001220703125,302.20001220703125,108,0.0,0.0
2002-04-12,301.5,302.1000061035156,300.5,302.1000061035156,302.1000061035156,118,0.0,0.0
2002-04-15,303.29998779296875,303.29998779296875,299.8999938964844,300.0,300.0,132,0.0,0.0
2002-04-16,299.20001220703125,299.20001220703125,297.5,298.79998779296875,298.79998779296875,39,0.0,0.0
2002-04-17,298.79998779296875,303.29998779296875,298.79998779296875,302.1000061035156,302.1000061035156,11,0.0,0.0
2002-04-18,303.6000061035156,306.0,303.6000061035156,304.5,304.5,68,0.0,0.0
2002-04-19,302.5,302.5,301.8999938964844,302.29998779296875,302.29998779296875,30,0.0,0.0
2002-04-22,304.1000061035156,304.1000061035156,303.0,303.0,303.0,40,0.0,0.0
2002-04-23,302.8999938964844,304.0,302.79998779296875,304.0,304.0,120,0.0,0.0
2002-04-24,305.0,305.70001220703125,304.29998779296875,304.29998779296875,304.29998779296875,173,0.0,0.0
2002-04-25,305.3999938964844,309.29998779296875,305.3999938964844,308.1000061035156,308.1000061035156,0,0.0,0.0
2002-04-26,308.3999938964844,312.5,306.5,311.6000061035156,311.6000061035156,0,0.0,0.0
2002-04-29,311.20001220703125,311.20001220703125,311.20001220703125,311.20001220703125,311.20001220703125,0,0.0,0.0
2002-04-30,308.8999938964844,308.8999938964844,308.8999938964844,308.8999938964844,308.8999938964844,0,0.0,0.0
2002-05-01,309.1000061035156,309.1000061035156,309.1000061035156,309.1000061035156,309.1000061035156,0,0.0,0.0
2002-05-02,308.29998779296875,308.29998779296875,308.29998779296875,308.29998779296875,308.29998779296875,0,0.0,0.0
2002-05-03,312.20001220703125,312.20001220703125,312.20001220703125,312.20001220703125,312.20001220703125,0,0.0,0.0
2002-05-06,311.20001220703125,311.20001220703125,311.20001220703125,311.20001220703125,311.20001220703125,0,0.0,0.0
2002-05-07,311.6000061035156,311.6000061035156,311.6000061035156,311.6000061035156,311.6000061035156,0,0.0,0.0
2002-05-08,308.20001220703125,308.20001220703125,308.20001220703125,308.20001220703125,308.20001220703125,2,0.0,0.0
2002-05-09,307.5,309.5,307.5,309.5,309.5,0,0.0,0.0
2002-05-10,311.0,311.0,311.0,311.0,311.0,0,0.0,0.0
2002-05-13,311.0,311.0,310.6000061035156,310.6000061035156,310.6000061035156,7,0.0,0.0
2002-05-14,307.5,307.5,306.79998779296875,307.29998779296875,307.29998779296875,0,0.0,0.0
2002-05-15,308.70001220703125,308.70001220703125,308.70001220703125,308.70001220703125,308.70001220703125,0,0.0,0.0
2002-05-16,309.79998779296875,309.79998779296875,309.79998779296875,309.79998779296875,309.79998779296875,0,0.0,0.0
2002-05-17,310.6000061035156,310.6000061035156,310.6000061035156,310.6000061035156,310.6000061035156,0,0.0,0.0
2002-05-20,315.70001220703125,315.70001220703125,315.70001220703125,315.70001220703125,315.70001220703125,0,0.0,0.0
2002-05-21,315.79998779296875,315.79998779296875,315.79998779296875,315.79998779296875,315.79998779296875,0,0.0,0.0
2002-05-22,318.0,318.0,318.0,318.0,318.0,0,0.0,0.0
2002-05-23,322.5,322.5,322.5,322.5,322.5,0,0.0,0.0
2002-05-24,320.3999938964844,320.3999938964844,320.3999938964844,320.3999938964844,320.3999938964844,0,0.0,0.0
2002-05-28,323.8999938964844,323.8999938964844,323.8999938964844,323.8999938964844,323.8999938964844,0,0.0,0.0
2002-05-29,325.3999938964844,325.3999938964844,325.3999938964844,325.3999938964844,325.3999938964844,22051,0.0,0.0
2002-05-30,325.3999938964844,326.70001220703125,323.5,325.5,325.5,6764,0.0,0.0
2002-05-31,325.0,329.0,324.20001220703125,326.5,326.5,919,0.0,0.0
2002-06-03,326.6000061035156,328.5,325.0,326.70001220703125,326.70001220703125,1866,0.0,0.0
2002-06-04,327.0,330.29998779296875,327.0,327.79998779296875,327.79998779296875,996,0.0,0.0
2002-06-05,327.29998779296875,327.29998779296875,320.1000061035156,321.20001220703125,321.20001220703125,190,0.0,0.0
2002-06-06,321.1000061035156,326.0,321.1000061035156,324.8999938964844,324.8999938964844,422,0.0,0.0
2002-06-07,325.5,327.5,323.8999938964844,324.6000061035156,324.6000061035156,237,0.0,0.0
2002-06-10,323.0,323.8999938964844,318.0,318.70001220703125,318.70001220703125,171,0.0,0.0
2002-06-11,319.29998779296875,319.70001220703125,316.0,319.70001220703125,319.70001220703125,602,0.0,0.0
2002-06-12,319.6000061035156,322.29998779296875,318.79998779296875,320.29998779296875,320.29998779296875,71,0.0,0.0
2002-06-13,320.1000061035156,320.1000061035156,317.0,317.70001220703125,317.70001220703125,67,0.0,0.0
2002-06-14,321.20001220703125,321.5,319.1000061035156,319.1000061035156,319.1000061035156,43,0.0,0.0
2002-06-17,318.0,318.79998779296875,317.29998779296875,317.3999938964844,317.3999938964844,329,0.0,0.0
2002-06-18,317.0,319.20001220703125,317.0,319.20001220703125,319.20001220703125,19,0.0,0.0
2002-06-19,320.20001220703125,320.6000061035156,319.79998779296875,319.79998779296875,319.79998779296875,116,0.0,0.0
2002-06-20,321.29998779296875,324.5,321.29998779296875,323.20001220703125,323.20001220703125,52,0.0,0.0
2002-06-21,322.8999938964844,325.20001220703125,322.20001220703125,324.6000061035156,324.6000061035156,329,0.0,0.0
2002-06-24,326.5,327.29998779296875,324.0,324.29998779296875,324.29998779296875,294,0.0,0.0
2002-06-25,323.70001220703125,323.70001220703125,318.0,320.20001220703125,320.20001220703125,0,0.0,0.0
2002-06-26,322.1000061035156,324.0,320.5,320.5,320.5,13,0.0,0.0
2002-06-27,320.29998779296875,320.29998779296875,319.20001220703125,319.20001220703125,319.20001220703125,0,0.0,0.0
2002-06-28,313.5,313.5,313.5,313.5,313.5,0,0.0,0.0
2002-07-01,314.0,314.0,314.0,314.0,314.0,20,0.0,0.0
2002-07-02,315.0,315.29998779296875,312.79998779296875,312.79998779296875,312.79998779296875,0,0.0,0.0
2002-07-03,311.0,311.0,310.8999938964844,310.8999938964844,310.8999938964844,2,0.0,0.0
2002-07-08,313.29998779296875,313.29998779296875,312.1000061035156,312.1000061035156,312.1000061035156,10,0.0,0.0
2002-07-09,313.3999938964844,316.1000061035156,312.6000061035156,316.1000061035156,316.1000061035156,0,0.0,0.0
2002-07-10,314.70001220703125,314.70001220703125,314.70001220703125,314.70001220703125,314.70001220703125,0,0.0,0.0
2002-07-11,317.20001220703125,317.20001220703125,317.20001220703125,317.20001220703125,317.20001220703125,0,0.0,0.0
2002-07-12,315.6000061035156,315.6000061035156,315.6000061035156,315.6000061035156,315.6000061035156,2,0.0,0.0
2002-07-15,320.5,320.5,319.0,319.6000061035156,319.6000061035156,18,0.0,0.0
2002-07-16,318.20001220703125,318.20001220703125,317.20001220703125,317.20001220703125,317.20001220703125,0,0.0,0.0
2002-07-17,317.3999938964844,317.3999938964844,317.3999938964844,317.3999938964844,317.3999938964844,24,0.0,0.0
2002-07-18,317.0,317.0,317.0,317.0,317.0,29,0.0,0.0
2002-07-19,323.8999938964844,323.8999938964844,323.8999938964844,323.8999938964844,323.8999938964844,403,0.0,0.0
2002-07-22,323.6000061035156,323.6000061035156,323.6000061035156,323.6000061035156,323.6000061035156,0,0.0,0.0
2002-07-23,312.70001220703125,312.70001220703125,312.70001220703125,312.70001220703125,312.70001220703125,0,0.0,0.0
2002-07-24,311.5,311.5,311.5,311.5,311.5,0,0.0,0.0
2002-07-25,309.79998779296875,309.79998779296875,309.79998779296875,309.79998779296875,309.79998779296875,3,0.0,0.0
2002-07-26,303.3999938964844,303.3999938964844,303.3999938964844,303.3999938964844,303.3999938964844,0,0.0,0.0
2002-07-29,302.5,302.5,300.79998779296875,302.5,302.5,23830,0.0,0.0
2002-07-30,301.5,305.20001220703125,301.5,303.70001220703125,303.70001220703125,3224,0.0,0.0
2002-07-31,303.70001220703125,305.29998779296875,301.79998779296875,303.20001220703125,303.20001220703125,965,0.0,0.0
2002-08-01,303.20001220703125,304.79998779296875,298.0,304.0,304.0,217,0.0,0.0
2002-08-02,303.6000061035156,307.8999938964844,303.6000061035156,307.0,307.0,392,0.0,0.0
2002-08-05,307.5,309.6000061035156,306.5,307.79998779296875,307.79998779296875,139,0.0,0.0
2002-08-06,307.5,307.5,304.79998779296875,305.5,305.5,52,0.0,0.0
2002-08-07,308.0,315.5,307.8999938964844,314.29998779296875,314.29998779296875,177,0.0,0.0
2002-08-08,314.6000061035156,314.6000061035156,310.29998779296875,310.3999938964844,310.3999938964844,86,0.0,0.0
2002-08-09,310.0,315.0,310.0,314.20001220703125,314.20001220703125,29,0.0,0.0
2002-08-12,313.79998779296875,318.0,313.79998779296875,314.1000061035156,314.1000061035156,8,0.0,0.0
2002-08-13,313.6000061035156,315.0,313.6000061035156,314.20001220703125,314.20001220703125,68,0.0,0.0
2002-08-14,317.0,317.0,311.0,311.79998779296875,311.79998779296875,152,0.0,0.0
2002-08-15,311.6000061035156,316.5,311.1000061035156,314.29998779296875,314.29998779296875,132,0.0,0.0
2002-08-16,313.1000061035156,315.0,312.20001220703125,313.70001220703125,313.70001220703125,725,0.0,0.0
2002-08-19,313.1000061035156,313.1000061035156,305.5,306.0,306.0,118,0.0,0.0
2002-08-20,307.3999938964844,308.70001220703125,306.20001220703125,308.70001220703125,308.70001220703125,219,0.0,0.0
2002-08-21,307.5,308.0,306.0,307.6000061035156,307.6000061035156,105,0.0,0.0
2002-08-22,305.79998779296875,306.6000061035156,304.8999938964844,306.6000061035156,306.6000061035156,378,0.0,0.0
2002-08-23,305.5,306.70001220703125,305.20001220703125,306.70001220703125,306.70001220703125,53,0.0,0.0
2002-08-26,310.5,310.5,309.3999938964844,309.3999938964844,309.3999938964844,153,0.0,0.0
2002-08-27,308.5,312.8999938964844,308.5,312.29998779296875,312.29998779296875,0,0.0,0.0
2002-08-28,311.8999938964844,312.5,309.3999938964844,309.3999938964844,309.3999938964844,17,0.0,0.0
2002-08-29,312.0,312.8999938964844,312.0,312.8999938964844,312.8999938964844,0,0.0,0.0
2002-08-30,312.3999938964844,312.3999938964844,312.3999938964844,312.3999938964844,312.3999938964844,36,0.0,0.0
2002-09-03,312.5,313.3999938964844,312.5,313.3999938964844,313.3999938964844,0,0.0,0.0
2002-09-04,314.8999938964844,314.8999938964844,314.8999938964844,314.8999938964844,314.8999938964844,0,0.0,0.0
2002-09-05,318.20001220703125,318.20001220703125,318.20001220703125,318.20001220703125,318.20001220703125,7,0.0,0.0
2002-09-06,320.0,320.0,319.8999938964844,319.8999938964844,319.8999938964844,0,0.0,0.0
2002-09-09,321.29998779296875,321.29998779296875,321.29998779296875,321.29998779296875,321.29998779296875,0,0.0,0.0
2002-09-10,317.8999938964844,317.8999938964844,317.8999938964844,317.8999938964844,317.8999938964844,0,0.0,0.0
2002-09-11,316.6000061035156,316.6000061035156,316.6000061035156,316.6000061035156,316.6000061035156,0,0.0,0.0
2002-09-12,318.8999938964844,318.8999938964844,318.8999938964844,318.8999938964844,318.8999938964844,0,0.0,0.0
2002-09-13,319.0,319.0,316.6000061035156,316.6000061035156,316.6000061035156,0,0.0,0.0
2002-09-16,317.1000061035156,317.1000061035156,317.1000061035156,317.1000061035156,317.1000061035156,0,0.0,0.0
2002-09-17,317.0,317.0,317.0,317.0,317.0,0,0.0,0.0
2002-09-18,320.6000061035156,320.6000061035156,320.6000061035156,320.6000061035156,320.6000061035156,0,0.0,0.0
2002-09-19,322.6000061035156,322.6000061035156,322.6000061035156,322.6000061035156,322.6000061035156,0,0.0,0.0
2002-09-20,321.8999938964844,321.8999938964844,321.8999938964844,321.8999938964844,321.8999938964844,7,0.0,0.0
2002-09-23,323.0,323.0,323.0,323.0,323.0,0,0.0,0.0
2002-09-24,325.8999938964844,325.8999938964844,325.8999938964844,325.8999938964844,325.8999938964844,0,0.0,0.0
2002-09-25,322.20001220703125,322.20001220703125,322.20001220703125,322.20001220703125,322.20001220703125,0,0.0,0.0
2002-09-26,320.29998779296875,320.29998779296875,320.29998779296875,320.29998779296875,320.29998779296875,3485,0.0,0.0
2002-09-27,319.6000061035156,321.20001220703125,319.0,319.70001220703125,319.70001220703125,858,0.0,0.0
2002-09-30,320.70001220703125,324.20001220703125,320.3999938964844,323.8999938964844,323.8999938964844,43,0.0,0.0
2002-10-01,322.0,322.0,320.8999938964844,320.8999938964844,320.8999938964844,2837,0.0,0.0
2002-10-02,319.6000061035156,321.5,319.6000061035156,321.5,321.5,41,0.0,0.0
2002-10-03,321.0,322.8999938964844,321.0,321.1000061035156,321.1000061035156,9,0.0,0.0
2002-10-04,321.3999938964844,322.1000061035156,321.3999938964844,322.1000061035156,322.1000061035156,117,0.0,0.0
2002-10-07,322.0,322.20001220703125,321.8999938964844,321.8999938964844,321.8999938964844,12,0.0,0.0
2002-10-08,319.0,319.70001220703125,318.20001220703125,318.20001220703125,318.20001220703125,5,0.0,0.0
2002-10-09,318.20001220703125,319.6000061035156,318.20001220703125,319.6000061035156,319.6000061035156,35,0.0,0.0
2002-10-10,319.0,319.29998779296875,316.5,316.5,316.5,10,0.0,0.0
2002-10-11,316.70001220703125,317.0,316.29998779296875,316.29998779296875,316.29998779296875,18,0.0,0.0
2002-10-14,318.0,318.0,317.79998779296875,317.79998779296875,317.79998779296875,6,0.0,0.0
2002-10-15,315.5,315.5,312.6000061035156,312.6000061035156,312.6000061035156,31,0.0,0.0
2002-10-16,314.5,314.5,314.0,314.0,314.0,539,0.0,0.0
2002-10-17,314.0,314.0,311.5,311.6000061035156,311.6000061035156,17,0.0,0.0
2002-10-18,312.20001220703125,313.20001220703125,311.79998779296875,312.70001220703125,312.70001220703125,17,0.0,0.0
2002-10-21,310.8999938964844,313.0,310.8999938964844,310.8999938964844,310.8999938964844,12,0.0,0.0
2002-10-22,313.29998779296875,313.29998779296875,312.29998779296875,313.0,313.0,12,0.0,0.0
2002-10-23,313.29998779296875,313.29998779296875,312.0,312.0,312.0,80,0.0,0.0
2002-10-24,311.70001220703125,311.70001220703125,309.79998779296875,310.70001220703125,310.70001220703125,10,0.0,0.0
2002-10-25,314.0,314.0,312.79998779296875,313.3999938964844,313.3999938964844,26,0.0,0.0
2002-10-28,314.0,315.20001220703125,314.0,315.20001220703125,315.20001220703125,0,0.0,0.0
2002-10-29,317.70001220703125,317.70001220703125,316.0,317.70001220703125,317.70001220703125,13,0.0,0.0
2002-10-30,316.5,316.5,316.0,316.5,316.5,2,0.0,0.0
2002-10-31,318.0,318.0,318.0,318.0,318.0,0,0.0,0.0
2002-11-01,318.79998779296875,318.79998779296875,318.79998779296875,318.79998779296875,318.79998779296875,0,0.0,0.0
2002-11-04,318.29998779296875,318.29998779296875,318.29998779296875,318.29998779296875,318.29998779296875,0,0.0,0.0
2002-11-05,318.20001220703125,318.20001220703125,318.20001220703125,318.20001220703125,318.20001220703125,0,0.0,0.0
2002-11-06,317.5,317.5,317.5,317.5,317.5,0,0.0,0.0
2002-11-07,320.5,320.5,320.5,320.5,320.5,2,0.0,0.0
2002-11-08,321.5,321.5,321.29998779296875,321.29998779296875,321.29998779296875,0,0.0,0.0
2002-11-11,321.20001220703125,321.20001220703125,321.20001220703125,321.20001220703125,321.20001220703125,0,0.0,0.0
2002-11-12,324.5,324.5,324.5,324.5,324.5,4,0.0,0.0
2002-11-13,318.70001220703125,318.70001220703125,317.5,318.70001220703125,318.70001220703125,0,0.0,0.0
2002-11-14,318.79998779296875,318.79998779296875,317.8999938964844,317.8999938964844,317.8999938964844,0,0.0,0.0
2002-11-15,320.70001220703125,320.70001220703125,320.70001220703125,320.70001220703125,320.70001220703125,0,0.0,0.0
2002-11-18,319.20001220703125,319.20001220703125,319.20001220703125,319.20001220703125,319.20001220703125,0,0.0,0.0
2002-11-19,318.6000061035156,318.6000061035156,318.6000061035156,318.6000061035156,318.6000061035156,0,0.0,0.0
2002-11-20,317.3999938964844,317.3999938964844,317.3999938964844,317.3999938964844,317.3999938964844,0,0.0,0.0
2002-11-21,317.3999938964844,317.3999938964844,317.3999938964844,317.3999938964844,317.3999938964844,2,0.0,0.0
2002-11-22,317.3999938964844,320.70001220703125,317.20001220703125,320.70001220703125,320.70001220703125,4,0.0,0.0
2002-11-25,316.5,317.79998779296875,316.5,317.79998779296875,317.79998779296875,50896,0.0,0.0
2002-11-26,318.1000061035156,318.8999938964844,317.1000061035156,317.70001220703125,317.70001220703125,0,0.0,0.0
2002-11-27,318.0,318.5,316.70001220703125,316.79998779296875,316.79998779296875,3643,0.0,0.0
2002-12-02,318.1000061035156,318.5,315.5,317.6000061035156,317.6000061035156,750,0.0,0.0
2002-12-03,317.3999938964844,321.20001220703125,317.1000061035156,320.20001220703125,320.20001220703125,628,0.0,0.0
2002-12-04,319.79998779296875,323.0,319.79998779296875,322.20001220703125,322.20001220703125,395,0.0,0.0
2002-12-05,321.70001220703125,324.79998779296875,321.0,324.79998779296875,324.79998779296875,859,0.0,0.0
2002-12-06,324.29998779296875,328.0,324.29998779296875,326.29998779296875,326.29998779296875,134,0.0,0.0
2002-12-09,325.70001220703125,326.6000061035156,324.79998779296875,325.79998779296875,325.79998779296875,124,0.0,0.0
2002-12-10,326.0,326.20001220703125,323.0,323.5,323.5,274,0.0,0.0
2002-12-11,323.20001220703125,325.0,323.20001220703125,324.79998779296875,324.79998779296875,224,0.0,0.0
2002-12-12,333.0,333.0,326.5,331.3999938964844,331.3999938964844,234,0.0,0.0
2002-12-13,331.0,336.0,330.29998779296875,333.20001220703125,333.20001220703125,64,0.0,0.0
2002-12-16,334.0,337.0,332.5,337.0,337.0,175,0.0,0.0
2002-12-17,337.5,342.0,336.5,337.3999938964844,337.3999938964844,27,0.0,0.0
2002-12-18,337.29998779296875,342.5,337.0,342.1000061035156,342.1000061035156,84,0.0,0.0
2002-12-19,344.3999938964844,349.20001220703125,342.5,345.8999938964844,345.8999938964844,48,0.0,0.0
2002-12-20,346.0,346.0,340.0,340.5,340.5,57,0.0,0.0
2002-12-23,344.5,345.1000061035156,342.0,345.1000061035156,345.1000061035156,227,0.0,0.0
2002-12-24,346.1000061035156,347.70001220703125,346.0,346.79998779296875,346.79998779296875,43,0.0,0.0
2002-12-26,346.0,350.3999938964844,346.0,348.8999938964844,348.8999938964844,0,0.0,0.0
2002-12-27,348.79998779296875,350.5,347.20001220703125,349.20001220703125,349.20001220703125,95,0.0,0.0
2002-12-30,350.3999938964844,350.3999938964844,343.3999938964844,343.3999938964844,343.3999938964844,11,0.0,0.0
2002-12-31,343.6000061035156,347.6000061035156,341.0,347.6000061035156,347.6000061035156,0,0.0,0.0
2003-01-02,346.1000061035156,346.1000061035156,346.1000061035156,346.1000061035156,346.1000061035156,3,0.0,0.0
2003-01-03,345.20001220703125,351.20001220703125,345.20001220703125,351.20001220703125,351.20001220703125,0,0.0,0.0
2003-01-06,351.70001220703125,351.70001220703125,351.1000061035156,351.70001220703125,351.70001220703125,2,0.0,0.0
2003-01-07,349.29998779296875,349.29998779296875,347.29998779296875,347.29998779296875,347.29998779296875,4,0.0,0.0
2003-01-08,346.79998779296875,353.8999938964844,346.29998779296875,353.8999938964844,353.8999938964844,0,0.0,0.0
2003-01-09,353.29998779296875,353.29998779296875,353.29998779296875,353.29998779296875,353.29998779296875,2,0.0,0.0
2003-01-10,354.20001220703125,354.5,354.20001220703125,354.5,354.5,1,0.0,0.0
2003-01-13,352.0,354.70001220703125,352.0,354.70001220703125,354.70001220703125,0,0.0,0.0
2003-01-14,352.0,352.0,352.0,352.0,352.0,1,0.0,0.0
2003-01-15,350.0,350.70001220703125,350.0,350.70001220703125,350.70001220703125,0,0.0,0.0
2003-01-16,357.70001220703125,357.70001220703125,357.70001220703125,357.70001220703125,357.70001220703125,0,0.0,0.0
2003-01-17,356.6000061035156,356.6000061035156,356.6000061035156,356.6000061035156,356.6000061035156,0,0.0,0.0
2003-01-21,357.29998779296875,357.29998779296875,356.20001220703125,357.29998779296875,357.29998779296875,20,0.0,0.0
2003-01-22,360.5,360.5,359.0,359.70001220703125,359.70001220703125,0,0.0,0.0
2003-01-23,364.5,364.5,364.5,364.5,364.5,1,0.0,0.0
2003-01-24,368.20001220703125,368.20001220703125,367.0,368.20001220703125,368.20001220703125,44,0.0,0.0
2003-01-27,371.0,372.0,369.3999938964844,369.3999938964844,369.3999938964844,28,0.0,0.0
2003-01-28,369.0,370.0,369.0,370.0,370.0,0,0.0,0.0
2003-01-29,366.29998779296875,366.29998779296875,366.29998779296875,366.29998779296875,366.29998779296875,834,0.0,0.0
2003-01-30,366.0,370.0,362.6000061035156,368.6000061035156,368.6000061035156,6537,0.0,0.0
2003-01-31,368.79998779296875,371.5,367.0,368.29998779296875,368.29998779296875,821,0.0,0.0
2003-02-03,368.0,372.0,368.0,370.79998779296875,370.79998779296875,1358,0.0,0.0
2003-02-04,371.3999938964844,379.5,371.20001220703125,379.0,379.0,833,0.0,0.0
2003-02-05,379.0,388.8999938964844,374.0,376.3999938964844,376.3999938964844,730,0.0,0.0
2003-02-06,370.0,377.0,368.3999938964844,370.1000061035156,370.1000061035156,179,0.0,0.0
2003-02-07,370.5,374.5,367.5,369.8999938964844,369.8999938964844,572,0.0,0.0
2003-02-10,370.3999938964844,372.0,363.70001220703125,363.70001220703125,363.70001220703125,611,0.0,0.0
2003-02-11,363.20001220703125,365.3999938964844,361.79998779296875,362.5,362.5,801,0.0,0.0
2003-02-12,363.79998779296875,364.6000061035156,352.6000061035156,352.6000061035156,352.6000061035156,221,0.0,0.0
2003-02-13,352.3999938964844,359.0,349.0,357.3999938964844,357.3999938964844,207,0.0,0.0
2003-02-14,354.8999938964844,357.6000061035156,349.8999938964844,351.8999938964844,351.8999938964844,518,0.0,0.0
2003-02-18,347.79998779296875,348.0,342.0,344.20001220703125,344.20001220703125,319,0.0,0.0
2003-02-19,344.0,350.0,344.0,349.8999938964844,349.8999938964844,160,0.0,0.0
2003-02-20,351.70001220703125,355.0,350.0,353.1000061035156,353.1000061035156,202,0.0,0.0
2003-02-21,352.5,353.79998779296875,351.79998779296875,351.79998779296875,351.79998779296875,83,0.0,0.0
2003-02-24,353.8999938964844,358.0,353.0,356.29998779296875,356.29998779296875,115,0.0,0.0
2003-02-25,357.3999938964844,359.0,352.0,352.29998779296875,352.29998779296875,0,0.0,0.0
2003-02-26,353.0,356.0,351.5,354.0,354.0,3,0.0,0.0
2003-02-27,346.1000061035156,346.1000061035156,346.1000061035156,346.1000061035156,346.1000061035156,0,0.0,0.0
2003-02-28,350.20001220703125,350.20001220703125,350.20001220703125,350.20001220703125,350.20001220703125,16,0.0,0.0
2003-03-03,349.20001220703125,349.20001220703125,349.20001220703125,349.20001220703125,349.20001220703125,0,0.0,0.0
2003-03-04,353.20001220703125,353.20001220703125,353.20001220703125,353.20001220703125,353.20001220703125,0,0.0,0.0
2003-03-05,353.1000061035156,353.1000061035156,353.1000061035156,353.1000061035156,353.1000061035156,0,0.0,0.0
2003-03-06,356.79998779296875,356.79998779296875,356.79998779296875,356.79998779296875,356.79998779296875,0,0.0,0.0
2003-03-07,350.79998779296875,350.79998779296875,350.79998779296875,350.79998779296875,350.79998779296875,0,0.0,0.0
2003-03-10,354.70001220703125,354.70001220703125,354.70001220703125,354.70001220703125,354.70001220703125,0,0.0,0.0
2003-03-11,350.5,350.5,350.5,350.5,350.5,0,0.0,0.0
2003-03-12,346.5,346.5,346.5,346.5,346.5,1,0.0,0.0
2003-03-13,342.70001220703125,342.70001220703125,335.8999938964844,335.8999938964844,335.8999938964844,1,0.0,0.0
2003-03-14,336.5,336.5,336.5,336.5,336.5,4,0.0,0.0
2003-03-17,343.0,343.0,337.1000061035156,337.1000061035156,337.1000061035156,24,0.0,0.0
2003-03-18,336.0,340.1000061035156,336.0,337.6000061035156,337.6000061035156,5,0.0,0.0
2003-03-19,336.1000061035156,336.1000061035156,336.1000061035156,336.1000061035156,336.1000061035156,0,0.0,0.0
2003-03-20,332.8999938964844,332.8999938964844,332.8999938964844,332.8999938964844,332.8999938964844,0,0.0,0.0
2003-03-21,326.0,326.0,326.0,326.0,326.0,0,0.0,0.0
2003-03-24,329.5,329.5,329.5,329.5,329.5,5,0.0,0.0
2003-03-25,328.3999938964844,328.3999938964844,328.3999938964844,328.3999938964844,328.3999938964844,13,0.0,0.0
2003-03-26,330.29998779296875,330.29998779296875,330.29998779296875,330.29998779296875,330.29998779296875,0,0.0,0.0
2003-03-27,328.70001220703125,328.70001220703125,328.70001220703125,328.70001220703125,328.70001220703125,0,0.0,0.0
2003-03-28,331.5,331.5,328.70001220703125,328.70001220703125,328.70001220703125,4021,0.0,0.0
2003-03-31,331.6000061035156,336.3999938964844,331.6000061035156,335.8999938964844,335.8999938964844,2026,0.0,0.0
2003-04-01,336.0,338.3999938964844,333.79998779296875,334.29998779296875,334.29998779296875,434,0.0,0.0
2003-04-02,334.3999938964844,335.70001220703125,327.5,329.6000061035156,329.6000061035156,293,0.0,0.0
2003-04-03,329.70001220703125,329.70001220703125,323.20001220703125,324.8999938964844,324.8999938964844,636,0.0,0.0
2003-04-04,324.70001220703125,325.5,323.0,325.29998779296875,325.29998779296875,154,0.0,0.0
2003-04-07,321.0,323.5,319.29998779296875,321.5,321.5,55,0.0,0.0
2003-04-08,322.29998779296875,323.8999938964844,321.5,322.20001220703125,322.20001220703125,860,0.0,0.0
2003-04-09,323.0,327.0,322.0,325.6000061035156,325.6000061035156,163,0.0,0.0
2003-04-10,327.0,327.29998779296875,324.3999938964844,326.70001220703125,326.70001220703125,45,0.0,0.0
2003-04-11,326.5,327.8999938964844,323.3999938964844,327.8999938964844,327.8999938964844,139,0.0,0.0
2003-04-14,325.6000061035156,326.0,324.20001220703125,324.20001220703125,324.20001220703125,25,0.0,0.0
2003-04-15,324.5,325.8999938964844,322.5,324.8999938964844,324.8999938964844,149,0.0,0.0
2003-04-16,325.5,325.79998779296875,323.5,325.79998779296875,325.79998779296875,0,0.0,0.0
2003-04-17,326.0,328.29998779296875,326.0,327.20001220703125,327.20001220703125,16,0.0,0.0
2003-04-21,329.70001220703125,333.5,329.5,333.5,333.5,0,0.0,0.0
2003-04-22,333.5,336.5,333.20001220703125,334.3999938964844,334.3999938964844,22,0.0,0.0
2003-04-23,334.29998779296875,334.70001220703125,331.5,331.5,331.5,77,0.0,0.0
2003-04-24,332.6000061035156,335.20001220703125,331.79998779296875,334.79998779296875,334.79998779296875,21,0.0,0.0
2003-04-25,333.3999938964844,334.5,333.29998779296875,333.3999938964844,333.3999938964844,0,0.0,0.0
2003-04-28,335.0,335.0,334.5,334.5,334.5,1,0.0,0.0
2003-04-29,333.0,333.0,333.0,333.70001220703125,333.70001220703125,1,0.0,0.0
2003-04-30,337.0,337.0,337.0,339.1000061035156,339.1000061035156,6,0.0,0.0
2003-05-01,339.0,339.0,339.0,342.1000061035156,342.1000061035156,1,0.0,0.0
2003-05-02,342.1000061035156,342.20001220703125,342.20001220703125,341.0,341.0,1,0.0,0.0
2003-05-05,342.29998779296875,342.29998779296875,342.29998779296875,342.29998779296875,342.29998779296875,1,0.0,0.0
2003-05-06,342.5,342.5,342.5,342.5,342.5,5,0.0,0.0
2003-05-07,342.1000061035156,342.1000061035156,342.1000061035156,341.8999938964844,341.8999938964844,5,0.0,0.0
2003-05-08,344.6000061035156,344.6000061035156,344.6000061035156,348.3999938964844,348.3999938964844,6,0.0,0.0
2003-05-09,348.29998779296875,348.20001220703125,348.20001220703125,348.6000061035156,348.6000061035156,1,0.0,0.0
2003-05-12,351.6000061035156,351.6000061035156,351.6000061035156,351.6000061035156,351.6000061035156,1,0.0,0.0
2003-05-13,350.0,350.0,350.0,350.0,350.0,1,0.0,0.0
2003-05-14,350.1000061035156,350.1000061035156,350.1000061035156,352.29998779296875,352.29998779296875,1,0.0,0.0
2003-05-15,352.6000061035156,352.6000061035156,352.6000061035156,352.6000061035156,352.6000061035156,1,0.0,0.0
2003-05-16,352.6000061035156,352.70001220703125,352.70001220703125,354.70001220703125,354.70001220703125,1,0.0,0.0
2003-05-19,364.20001220703125,364.20001220703125,364.20001220703125,364.20001220703125,364.20001220703125,1,0.0,0.0
2003-05-20,366.29998779296875,366.29998779296875,366.29998779296875,366.29998779296875,366.29998779296875,1,0.0,0.0
2003-05-21,366.3999938964844,366.3999938964844,366.3999938964844,372.0,372.0,1,0.0,0.0
2003-05-22,368.1000061035156,368.1000061035156,368.1000061035156,368.1000061035156,368.1000061035156,1,0.0,0.0
2003-05-23,368.79998779296875,368.79998779296875,368.79998779296875,368.79998779296875,368.79998779296875,1,0.0,0.0
2003-05-27,367.79998779296875,367.79998779296875,367.79998779296875,367.79998779296875,367.79998779296875,68840,0.0,0.0
2003-05-28,367.0,367.29998779296875,358.6000061035156,365.20001220703125,365.20001220703125,57228,0.0,0.0
2003-05-29,365.1000061035156,370.0,360.20001220703125,369.6000061035156,369.6000061035156,33180,0.0,0.0
2003-05-30,368.6000061035156,369.6000061035156,360.5,364.5,364.5,4747,0.0,0.0
2003-06-02,360.0,367.0,360.0,366.0,366.0,1955,0.0,0.0
2003-06-03,365.0,366.8999938964844,363.0,365.20001220703125,365.20001220703125,987,0.0,0.0
2003-06-04,366.1000061035156,366.1000061035156,361.5,362.6000061035156,362.6000061035156,452,0.0,0.0
2003-06-05,361.79998779296875,370.0,360.8999938964844,368.6000061035156,368.6000061035156,1831,0.0,0.0
2003-06-06,368.1000061035156,368.1000061035156,362.0,363.70001220703125,363.70001220703125,942,0.0,0.0
2003-06-09,362.79998779296875,366.1000061035156,361.20001220703125,361.79998779296875,361.79998779296875,453,0.0,0.0
2003-06-10,359.5,362.29998779296875,351.5,352.20001220703125,352.20001220703125,1371,0.0,0.0
2003-06-11,352.20001220703125,356.1000061035156,352.20001220703125,355.5,355.5,558,0.0,0.0
2003-06-12,354.5,355.6000061035156,351.0,353.29998779296875,353.29998779296875,114,0.0,0.0
2003-06-13,353.70001220703125,357.0,352.29998779296875,356.6000061035156,356.6000061035156,82,0.0,0.0
2003-06-16,359.1000061035156,359.29998779296875,356.5,359.0,359.0,560,0.0,0.0
2003-06-17,359.8999938964844,365.0,359.8999938964844,363.20001220703125,363.20001220703125,146,0.0,0.0
2003-06-18,360.70001220703125,361.0,356.79998779296875,357.20001220703125,357.20001220703125,67,0.0,0.0
2003-06-19,356.0,363.0,356.0,361.29998779296875,361.29998779296875,29,0.0,0.0
2003-06-20,362.29998779296875,362.29998779296875,356.0,356.29998779296875,356.29998779296875,93,0.0,0.0
2003-06-23,355.8999938964844,357.29998779296875,351.5,353.0,353.0,178,0.0,0.0
2003-06-24,354.0,354.0,346.29998779296875,346.29998779296875,346.29998779296875,83,0.0,0.0
2003-06-25,348.1000061035156,349.8999938964844,347.70001220703125,349.29998779296875,349.29998779296875,514,0.0,0.0
2003-06-26,346.5,345.5,343.3999938964844,343.8999938964844,343.8999938964844,1,0.0,0.0
2003-06-27,345.20001220703125,345.20001220703125,345.20001220703125,345.20001220703125,345.20001220703125,3,0.0,0.0
2003-06-30,345.29998779296875,345.29998779296875,345.29998779296875,346.0,346.0,3,0.0,0.0
2003-07-01,351.3999938964844,351.3999938964844,351.3999938964844,351.3999938964844,351.3999938964844,3,0.0,0.0
2003-07-02,351.3999938964844,351.3999938964844,351.3999938964844,351.29998779296875,351.29998779296875,3,0.0,0.0
2003-07-03,351.0,351.0,351.0,351.0,351.0,3,0.0,0.0
2003-07-07,351.0,351.0,351.0,348.1000061035156,348.1000061035156,3,0.0,0.0
2003-07-08,344.1000061035156,344.1000061035156,344.1000061035156,344.1000061035156,344.1000061035156,3,0.0,0.0
2003-07-09,343.6000061035156,343.6000061035156,343.6000061035156,343.6000061035156,343.6000061035156,3,0.0,0.0
2003-07-10,343.6000061035156,343.6000061035156,343.6000061035156,344.29998779296875,344.29998779296875,3,0.0,0.0
2003-07-11,344.0,344.0,344.0,344.79998779296875,344.79998779296875,1,0.0,0.0
2003-07-14,344.5,346.8999938964844,346.8999938964844,347.70001220703125,347.70001220703125,120,0.0,0.0
2003-07-15,347.70001220703125,347.70001220703125,347.70001220703125,342.1000061035156,342.1000061035156,120,0.0,0.0
2003-07-16,342.1000061035156,342.1000061035156,342.1000061035156,343.1000061035156,343.1000061035156,100,0.0,0.0
2003-07-17,343.1000061035156,343.1000061035156,343.1000061035156,344.20001220703125,344.20001220703125,100,0.0,0.0
2003-07-18,343.5,344.29998779296875,344.29998779296875,347.20001220703125,347.20001220703125,100,0.0,0.0
2003-07-21,350.8999938964844,350.8999938964844,350.8999938964844,350.8999938964844,350.8999938964844,100,0.0,0.0
2003-07-22,350.8999938964844,350.8999938964844,350.8999938964844,350.6000061035156,350.6000061035156,100,0.0,0.0
2003-07-23,350.6000061035156,350.6000061035156,350.6000061035156,358.6000061035156,358.6000061035156,100,0.0,0.0
2003-07-24,358.6000061035156,358.70001220703125,358.70001220703125,362.20001220703125,362.20001220703125,100,0.0,0.0
2003-07-25,362.70001220703125,362.70001220703125,362.70001220703125,362.70001220703125,362.70001220703125,100,0.0,0.0
2003-07-28,362.70001220703125,362.70001220703125,362.70001220703125,364.79998779296875,364.79998779296875,100,0.0,0.0
2003-07-29,364.70001220703125,364.79998779296875,364.79998779296875,361.70001220703125,361.70001220703125,48032,0.0,0.0
2003-07-30,361.1000061035156,362.0,354.5,356.20001220703125,356.20001220703125,34582,0.0,0.0
2003-07-31,354.70001220703125,357.5,353.0,354.0,354.0,2554,0.0,0.0
2003-08-01,354.1000061035156,355.1000061035156,346.0,346.1000061035156,346.1000061035156,2275,0.0,0.0
2003-08-04,346.5,350.79998779296875,346.29998779296875,349.20001220703125,349.20001220703125,1783,0.0,0.0
2003-08-05,349.1000061035156,349.79998779296875,348.20001220703125,349.6000061035156,349.6000061035156,102,0.0,0.0
2003-08-06,352.0,352.20001220703125,349.0,350.79998779296875,350.79998779296875,384,0.0,0.0
2003-08-07,351.0,353.3999938964844,350.1000061035156,352.5,352.5,407,0.0,0.0
2003-08-08,354.0,357.5,352.0,356.29998779296875,356.29998779296875,151,0.0,0.0
2003-08-11,359.6000061035156,361.0,358.70001220703125,361.70001220703125,361.70001220703125,45,0.0,0.0
2003-08-12,359.6000061035156,359.6000061035156,358.1000061035156,358.5,358.5,25,0.0,0.0
2003-08-13,357.20001220703125,363.79998779296875,357.20001220703125,362.1000061035156,362.1000061035156,15,0.0,0.0
2003-08-14,363.79998779296875,366.0,363.0,366.0,366.0,15,0.0,0.0
2003-08-15,366.0,366.0,363.5,363.20001220703125,363.20001220703125,25,0.0,0.0
2003-08-18,360.0,360.0,358.0,358.3999938964844,358.3999938964844,21,0.0,0.0
2003-08-19,357.0,361.29998779296875,357.0,361.6000061035156,361.6000061035156,91,0.0,0.0
2003-08-20,361.1000061035156,367.0,361.1000061035156,365.6000061035156,365.6000061035156,86,0.0,0.0
2003-08-21,364.6000061035156,364.6000061035156,362.70001220703125,360.6000061035156,360.6000061035156,49,0.0,0.0
2003-08-22,362.0,363.5,362.0,363.1000061035156,363.1000061035156,37,0.0,0.0
2003-08-25,364.0,364.0,361.0,361.29998779296875,361.29998779296875,26,0.0,0.0
2003-08-26,361.5,366.5,361.0,365.79998779296875,365.79998779296875,187,0.0,0.0
2003-08-27,365.8999938964844,375.0,370.5,373.5,373.5,6,0.0,0.0
2003-08-28,369.0,369.0,369.0,370.5,370.5,7,0.0,0.0
2003-08-29,375.0,375.0,375.0,375.70001220703125,375.70001220703125,6,0.0,0.0
2003-09-02,375.0,375.0,375.0,373.20001220703125,373.20001220703125,8,0.0,0.0
2003-09-03,373.8999938964844,373.8999938964844,373.8999938964844,373.8999938964844,373.8999938964844,8,0.0,0.0
2003-09-04,372.8999938964844,372.8999938964844,372.8999938964844,372.8999938964844,372.8999938964844,8,0.0,0.0
2003-09-05,377.6000061035156,377.6000061035156,377.6000061035156,377.6000061035156,377.6000061035156,8,0.0,0.0
2003-09-08,375.1000061035156,375.1000061035156,375.1000061035156,375.1000061035156,375.1000061035156,8,0.0,0.0
2003-09-09,381.70001220703125,381.70001220703125,381.70001220703125,381.70001220703125,381.70001220703125,8,0.0,0.0
2003-09-10,380.0,380.0,380.0,380.0,380.0,8,0.0,0.0
2003-09-11,378.0,378.0,378.0,379.70001220703125,379.70001220703125,1,0.0,0.0
2003-09-12,375.79998779296875,375.79998779296875,375.79998779296875,375.79998779296875,375.79998779296875,1,0.0,0.0
2003-09-15,375.3999938964844,375.3999938964844,375.3999938964844,374.5,374.5,1,0.0,0.0
2003-09-16,373.5,373.5,373.5,373.5,373.5,1,0.0,0.0
2003-09-17,376.20001220703125,376.20001220703125,376.20001220703125,376.20001220703125,376.20001220703125,1,0.0,0.0
2003-09-18,376.6000061035156,376.6000061035156,376.6000061035156,376.6000061035156,376.6000061035156,1,0.0,0.0
2003-09-19,381.79998779296875,381.79998779296875,381.79998779296875,381.79998779296875,381.79998779296875,1,0.0,0.0
2003-09-22,387.20001220703125,387.20001220703125,387.20001220703125,387.20001220703125,387.20001220703125,1,0.0,0.0
2003-09-23,385.8999938964844,385.8999938964844,385.8999938964844,385.8999938964844,385.8999938964844,1,0.0,0.0
2003-09-24,387.5,387.5,387.5,387.5,387.5,1,0.0,0.0
2003-09-25,385.0,385.0,385.0,385.0,385.0,1,0.0,0.0
2003-09-26,380.79998779296875,380.79998779296875,380.79998779296875,380.79998779296875,380.79998779296875,7322,0.0,0.0
2003-09-29,381.0,385.0,380.1000061035156,382.3999938964844,382.3999938964844,5080,0.0,0.0
2003-09-30,382.29998779296875,388.70001220703125,382.29998779296875,385.3999938964844,385.3999938964844,3738,0.0,0.0
2003-10-01,385.5,386.29998779296875,383.0,384.29998779296875,384.29998779296875,83,0.0,0.0
2003-10-02,385.1000061035156,385.1000061035156,380.5,383.1000061035156,383.1000061035156,146,0.0,0.0
2003-10-03,383.0,384.5,368.0,369.3999938964844,369.3999938964844,708,0.0,0.0
2003-10-06,371.5,373.29998779296875,370.70001220703125,372.70001220703125,372.70001220703125,93,0.0,0.0
2003-10-07,374.6000061035156,376.79998779296875,374.6000061035156,377.20001220703125,377.20001220703125,89,0.0,0.0
2003-10-08,376.70001220703125,377.79998779296875,376.0,375.3999938964844,375.3999938964844,89,0.0,0.0
2003-10-09,373.5,373.5,369.0,369.20001220703125,369.20001220703125,1556,0.0,0.0
2003-10-10,370.79998779296875,370.79998779296875,370.79998779296875,373.6000061035156,373.6000061035156,96,0.0,0.0
2003-10-13,371.29998779296875,371.29998779296875,370.0,375.20001220703125,375.20001220703125,13,0.0,0.0
2003-10-14,373.5,375.79998779296875,373.5,375.70001220703125,375.70001220703125,35,0.0,0.0
2003-10-15,374.0,374.0,374.0,372.6000061035156,372.6000061035156,2,0.0,0.0
2003-10-16,372.70001220703125,372.70001220703125,372.70001220703125,372.70001220703125,372.70001220703125,18,0.0,0.0
2003-10-17,369.5,369.5,369.5,371.79998779296875,371.79998779296875,2,0.0,0.0
2003-10-20,373.5,374.5,373.0,374.0,374.0,9,0.0,0.0
2003-10-21,378.70001220703125,382.0,377.6000061035156,381.70001220703125,381.70001220703125,98,0.0,0.0
2003-10-22,376.5,386.6000061035156,385.0,386.5,386.5,178,0.0,0.0
2003-10-23,386.0,387.79998779296875,384.6000061035156,384.70001220703125,384.70001220703125,28,0.0,0.0
2003-10-24,384.70001220703125,394.0,384.1000061035156,388.8999938964844,388.8999938964844,62,0.0,0.0
2003-10-27,387.79998779296875,389.0,387.0,387.8999938964844,387.8999938964844,54,0.0,0.0
2003-10-28,385.0,385.5,383.0,383.20001220703125,383.20001220703125,229,0.0,0.0
2003-10-29,383.0,387.0,380.79998779296875,386.79998779296875,386.79998779296875,2,0.0,0.0
2003-10-30,387.1000061035156,387.1000061035156,387.1000061035156,384.29998779296875,384.29998779296875,2,0.0,0.0
2003-10-31,384.5,384.5,384.5,384.5,384.5,2,0.0,0.0
2003-11-03,382.79998779296875,383.0,382.79998779296875,377.0,377.0,3,0.0,0.0
2003-11-04,377.0,377.0,377.0,379.8999938964844,379.8999938964844,3,0.0,0.0
2003-11-05,382.6000061035156,382.6000061035156,382.6000061035156,382.6000061035156,382.6000061035156,3,0.0,0.0
2003-11-06,380.6000061035156,380.6000061035156,380.6000061035156,380.6000061035156,380.6000061035156,3,0.0,0.0
2003-11-07,383.29998779296875,383.29998779296875,383.29998779296875,383.29998779296875,383.29998779296875,3,0.0,0.0
2003-11-10,386.6000061035156,386.6000061035156,386.6000061035156,386.6000061035156,386.6000061035156,3,0.0,0.0
2003-11-11,388.70001220703125,388.70001220703125,388.70001220703125,388.1000061035156,388.1000061035156,3,0.0,0.0
2003-11-12,391.70001220703125,396.5,396.0,394.8999938964844,394.8999938964844,1,0.0,0.0
2003-11-13,396.0,396.0,396.0,394.1000061035156,394.1000061035156,101,0.0,0.0
2003-11-14,397.79998779296875,397.79998779296875,397.79998779296875,397.79998779296875,397.79998779296875,101,0.0,0.0
2003-11-17,397.6000061035156,398.0,398.0,391.5,391.5,101,0.0,0.0
2003-11-18,397.6000061035156,397.6000061035156,397.6000061035156,397.6000061035156,397.6000061035156,101,0.0,0.0
2003-11-19,397.70001220703125,397.70001220703125,397.70001220703125,394.8999938964844,394.8999938964844,101,0.0,0.0
2003-11-20,393.70001220703125,393.70001220703125,393.70001220703125,393.70001220703125,393.70001220703125,101,0.0,0.0
2003-11-21,394.0,395.79998779296875,394.0,396.0,396.0,2,0.0,0.0
2003-11-24,391.5,391.5,391.5,391.5,391.5,77377,0.0,0.0
2003-11-25,391.5,393.20001220703125,389.5,391.1000061035156,391.1000061035156,74334,0.0,0.0
2003-11-26,390.70001220703125,402.0,390.6000061035156,396.79998779296875,396.79998779296875,12662,0.0,0.0
2003-12-01,397.20001220703125,402.8999938964844,397.0,402.70001220703125,402.70001220703125,1664,0.0,0.0
2003-12-02,402.0,406.0,399.5,403.70001220703125,403.70001220703125,1519,0.0,0.0
2003-12-03,403.20001220703125,404.0,401.5,403.8999938964844,403.8999938964844,2672,0.0,0.0
2003-12-04,403.8999938964844,405.0,400.0,403.29998779296875,403.29998779296875,304,0.0,0.0
2003-12-05,402.5,406.79998779296875,400.0,406.3999938964844,406.3999938964844,655,0.0,0.0
2003-12-08,409.0,409.5,405.29998779296875,406.6000061035156,406.6000061035156,221,0.0,0.0
2003-12-09,407.0,409.1000061035156,406.5,408.20001220703125,408.20001220703125,1224,0.0,0.0
2003-12-10,406.8999938964844,412.0,405.79998779296875,406.20001220703125,406.20001220703125,842,0.0,0.0
2003-12-11,405.79998779296875,407.0,402.70001220703125,404.6000061035156,404.6000061035156,101,0.0,0.0
2003-12-12,406.1000061035156,409.8999938964844,406.1000061035156,409.3999938964844,409.3999938964844,171,0.0,0.0
2003-12-15,401.6000061035156,411.0,401.6000061035156,409.20001220703125,409.20001220703125,86,0.0,0.0
2003-12-16,410.0,410.0,407.0,407.70001220703125,407.70001220703125,39,0.0,0.0
2003-12-17,409.1000061035156,410.79998779296875,407.70001220703125,412.0,412.0,185,0.0,0.0
2003-12-18,413.20001220703125,413.20001220703125,408.0,410.3999938964844,410.3999938964844,85,0.0,0.0
2003-12-19,410.79998779296875,411.20001220703125,408.1000061035156,409.20001220703125,409.20001220703125,94,0.0,0.0
2003-12-22,409.6000061035156,411.5,409.6000061035156,410.6000061035156,410.6000061035156,52,0.0,0.0
2003-12-23,410.3999938964844,411.5,409.79998779296875,411.0,411.0,185,0.0,0.0
2003-12-24,411.5,413.20001220703125,410.5,412.29998779296875,412.29998779296875,165,0.0,0.0
2003-12-29,414.1000061035156,415.79998779296875,413.0,414.79998779296875,414.79998779296875,1,0.0,0.0
2003-12-30,416.8999938964844,416.8999938964844,416.8999938964844,416.8999938964844,416.8999938964844,1,0.0,0.0
2003-12-31,416.8999938964844,417.20001220703125,417.20001220703125,415.70001220703125,415.70001220703125,1,0.0,0.0
2004-01-05,415.70001220703125,422.5,422.5,424.3999938964844,424.3999938964844,20,0.0,0.0
2004-01-06,424.3999938964844,424.29998779296875,424.29998779296875,422.79998779296875,422.79998779296875,20,0.0,0.0
2004-01-07,423.0,423.0,423.0,421.8999938964844,421.8999938964844,20,0.0,0.0
2004-01-08,421.8999938964844,422.0,422.0,424.0,424.0,20,0.0,0.0
2004-01-09,424.0,423.8999938964844,423.8999938964844,426.3999938964844,426.3999938964844,20,0.0,0.0
2004-01-12,425.79998779296875,428.20001220703125,425.79998779296875,426.29998779296875,426.29998779296875,3,0.0,0.0
2004-01-13,425.3999938964844,425.8999938964844,423.0,423.70001220703125,423.70001220703125,12,0.0,0.0
2004-01-14,421.70001220703125,421.70001220703125,421.70001220703125,421.70001220703125,421.70001220703125,12,0.0,0.0
2004-01-15,421.79998779296875,422.0,422.0,408.3999938964844,408.3999938964844,12,0.0,0.0
2004-01-16,408.29998779296875,408.29998779296875,408.29998779296875,406.70001220703125,406.70001220703125,12,0.0,0.0
2004-01-20,406.70001220703125,406.70001220703125,406.70001220703125,412.70001220703125,412.70001220703125,12,0.0,0.0
2004-01-21,412.6000061035156,412.6000061035156,412.6000061035156,411.1000061035156,411.1000061035156,2,0.0,0.0
2004-01-22,411.29998779296875,411.29998779296875,411.29998779296875,410.0,410.0,2,0.0,0.0
2004-01-23,407.8999938964844,407.8999938964844,407.8999938964844,407.8999938964844,407.8999938964844,2,0.0,0.0
2004-01-26,406.6000061035156,406.6000061035156,406.6000061035156,406.6000061035156,406.6000061035156,2,0.0,0.0
2004-01-27,410.0,410.0,410.0,410.0,410.0,2,0.0,0.0
2004-01-28,414.5,414.5,414.5,414.5,414.5,76523,0.0,0.0
2004-01-29,412.0,412.0,396.5,398.5,398.5,42434,0.0,0.0
2004-01-30,398.0,402.6000061035156,398.0,402.20001220703125,402.20001220703125,13533,0.0,0.0
2004-02-02,403.0,403.29998779296875,394.0,398.70001220703125,398.70001220703125,2646,0.0,0.0
2004-02-03,398.5,403.0,398.5,399.20001220703125,399.20001220703125,490,0.0,0.0
2004-02-04,399.79998779296875,401.29998779296875,398.5,401.0,401.0,977,0.0,0.0
2004-02-05,399.3999938964844,400.29998779296875,397.5,398.1000061035156,398.1000061035156,131,0.0,0.0
2004-02-06,397.0,407.0,397.0,403.6000061035156,403.6000061035156,313,0.0,0.0
2004-02-09,403.79998779296875,407.5,403.79998779296875,406.79998779296875,406.79998779296875,101,0.0,0.0
2004-02-10,407.29998779296875,410.5,407.29998779296875,406.3999938964844,406.3999938964844,71,0.0,0.0
2004-02-11,407.79998779296875,412.0,406.0,410.20001220703125,410.20001220703125,134,0.0,0.0
2004-02-12,411.8999938964844,413.5,410.0,413.70001220703125,413.70001220703125,146,0.0,0.0
2004-02-13,412.70001220703125,416.0,408.0,410.29998779296875,410.29998779296875,146,0.0,0.0
2004-02-17,414.0,415.3999938964844,413.3999938964844,416.0,416.0,146,0.0,0.0
2004-02-18,414.79998779296875,415.29998779296875,412.0,412.29998779296875,412.29998779296875,146,0.0,0.0
2004-02-19,411.0,411.29998779296875,409.0,409.79998779296875,409.79998779296875,63,0.0,0.0
2004-02-20,409.0,409.0,395.0,397.5,397.5,109,0.0,0.0
2004-02-23,399.0,400.20001220703125,399.0,399.0,399.0,162,0.0,0.0
2004-02-24,401.6000061035156,403.20001220703125,399.0,404.5,404.5,77,0.0,0.0
2004-02-25,404.79998779296875,404.79998779296875,395.0,395.79998779296875,395.79998779296875,31,0.0,0.0
2004-02-26,395.1000061035156,395.1000061035156,395.1000061035156,395.79998779296875,395.79998779296875,40,0.0,0.0
2004-02-27,395.1000061035156,395.0,395.0,396.3999938964844,396.3999938964844,2,0.0,0.0
2004-03-01,396.3999938964844,396.3999938964844,396.3999938964844,399.29998779296875,399.29998779296875,2,0.0,0.0
2004-03-02,397.5,398.79998779296875,393.5,393.5,393.5,104,0.0,0.0
2004-03-03,391.1000061035156,391.29998779296875,391.1000061035156,392.3999938964844,392.3999938964844,4,0.0,0.0
2004-03-04,394.79998779296875,394.79998779296875,393.0,392.8999938964844,392.8999938964844,86,0.0,0.0
2004-03-05,401.0,401.0,401.0,401.29998779296875,401.29998779296875,1,0.0,0.0
2004-03-08,399.5,399.5,399.0,400.6000061035156,400.6000061035156,11,0.0,0.0
2004-03-09,401.70001220703125,402.3999938964844,401.20001220703125,404.20001220703125,404.20001220703125,5,0.0,0.0
2004-03-10,400.0,400.0,400.0,400.0,400.0,1,0.0,0.0
2004-03-11,399.20001220703125,399.1000061035156,399.1000061035156,400.70001220703125,400.70001220703125,5,0.0,0.0
2004-03-12,395.29998779296875,395.29998779296875,395.29998779296875,395.29998779296875,395.29998779296875,5,0.0,0.0
2004-03-15,399.3999938964844,399.3999938964844,399.3999938964844,399.3999938964844,399.3999938964844,5,0.0,0.0
2004-03-16,402.0,402.0,402.0,402.3999938964844,402.3999938964844,8,0.0,0.0
2004-03-17,402.5,404.0,404.0,406.8999938964844,406.8999938964844,8,0.0,0.0
2004-03-18,411.1000061035156,411.1000061035156,411.1000061035156,411.1000061035156,411.1000061035156,8,0.0,0.0
2004-03-19,412.0,412.0,412.0,412.5,412.5,16,0.0,0.0
2004-03-22,417.3999938964844,417.3999938964844,417.3999938964844,417.3999938964844,417.3999938964844,2,0.0,0.0
2004-03-23,417.3999938964844,417.3999938964844,417.3999938964844,419.79998779296875,419.79998779296875,2,0.0,0.0
2004-03-24,417.20001220703125,417.20001220703125,417.20001220703125,417.20001220703125,417.20001220703125,2,0.0,0.0
2004-03-25,416.0,417.0,416.0,416.70001220703125,416.70001220703125,8,0.0,0.0
2004-03-26,422.0,422.0,422.0,422.1000061035156,422.1000061035156,8,0.0,0.0
2004-03-29,422.1000061035156,422.1000061035156,422.1000061035156,417.1000061035156,417.1000061035156,64296,0.0,0.0
2004-03-30,416.5,424.3999938964844,416.5,421.70001220703125,421.70001220703125,36663,0.0,0.0
2004-03-31,421.0,428.0,420.6000061035156,427.29998779296875,427.29998779296875,4496,0.0,0.0
2004-04-01,427.20001220703125,432.0,424.5,427.79998779296875,427.79998779296875,1561,0.0,0.0
2004-04-02,426.6000061035156,429.0,417.5,421.6000061035156,421.6000061035156,1455,0.0,0.0
2004-04-05,421.6000061035156,421.6000061035156,414.0,415.3999938964844,415.3999938964844,572,0.0,0.0
2004-04-06,415.6000061035156,419.79998779296875,415.6000061035156,418.8999938964844,418.8999938964844,202,0.0,0.0
2004-04-07,418.8999938964844,423.6000061035156,417.79998779296875,422.79998779296875,422.79998779296875,381,0.0,0.0
2004-04-08,423.29998779296875,423.29998779296875,419.0,419.8999938964844,419.8999938964844,790,0.0,0.0
2004-04-12,421.1000061035156,422.1000061035156,418.0,420.1000061035156,420.1000061035156,39,0.0,0.0
2004-04-13,417.79998779296875,417.79998779296875,406.0,407.0,407.0,496,0.0,0.0
2004-04-14,407.29998779296875,407.8999938964844,399.0,399.79998779296875,399.79998779296875,161,0.0,0.0
2004-04-15,401.0,401.0,396.5,397.70001220703125,397.70001220703125,333,0.0,0.0
2004-04-16,399.6000061035156,402.20001220703125,398.5,401.0,401.0,177,0.0,0.0
2004-04-19,404.6000061035156,404.6000061035156,400.20001220703125,400.6000061035156,400.6000061035156,76,0.0,0.0
2004-04-20,400.29998779296875,400.29998779296875,396.79998779296875,397.70001220703125,397.70001220703125,49,0.0,0.0
2004-04-21,393.3999938964844,395.0,390.0,390.79998779296875,390.79998779296875,63,0.0,0.0
2004-04-22,390.5,393.5,390.5,393.29998779296875,393.29998779296875,50,0.0,0.0
2004-04-23,393.0,396.79998779296875,393.0,395.1000061035156,395.1000061035156,41,0.0,0.0
2004-04-26,396.5,396.70001220703125,396.29998779296875,396.0,396.0,45,0.0,0.0
2004-04-27,397.70001220703125,399.0,395.79998779296875,398.6000061035156,398.6000061035156,61,0.0,0.0
2004-04-28,395.5,396.0,384.1000061035156,385.3999938964844,385.3999938964844,19,0.0,0.0
2004-04-29,380.0,386.0,380.0,386.6000061035156,386.6000061035156,6,0.0,0.0
2004-04-30,389.0,389.0,389.0,387.0,387.0,2,0.0,0.0
2004-05-03,387.0,387.0,387.0,387.0,387.0,4,0.0,0.0
2004-05-04,392.0,392.0,392.0,391.3999938964844,391.3999938964844,2,0.0,0.0
2004-05-05,391.3999938964844,391.3999938964844,391.3999938964844,393.3999938964844,393.3999938964844,0,0.0,0.0
2004-05-06,387.20001220703125,387.20001220703125,387.20001220703125,388.0,388.0,1,0.0,0.0
2004-05-07,388.1000061035156,377.0,377.0,378.70001220703125,378.70001220703125,3,0.0,0.0
2004-05-10,378.6000061035156,378.6000061035156,378.6000061035156,378.29998779296875,378.29998779296875,0,0.0,0.0
2004-05-11,376.8999938964844,376.8999938964844,376.8999938964844,376.8999938964844,376.8999938964844,0,0.0,0.0
2004-05-12,377.3999938964844,377.3999938964844,377.3999938964844,377.3999938964844,377.3999938964844,0,0.0,0.0
2004-05-13,377.3999938964844,377.3999938964844,377.3999938964844,374.79998779296875,374.79998779296875,20,0.0,0.0
2004-05-14,377.0,377.0,377.0,377.0,377.0,5,0.0,0.0
2004-05-17,379.5,379.5,379.5,379.5,379.5,0,0.0,0.0
2004-05-18,375.79998779296875,375.79998779296875,375.79998779296875,375.79998779296875,375.79998779296875,0,0.0,0.0
2004-05-19,382.8999938964844,382.8999938964844,382.8999938964844,382.8999938964844,382.8999938964844,0,0.0,0.0
2004-05-20,382.79998779296875,382.79998779296875,382.79998779296875,378.3999938964844,378.3999938964844,0,0.0,0.0
2004-05-21,384.79998779296875,384.79998779296875,384.79998779296875,384.79998779296875,384.79998779296875,0,0.0,0.0
2004-05-24,385.6000061035156,385.6000061035156,385.6000061035156,385.6000061035156,385.6000061035156,0,0.0,0.0
2004-05-25,388.29998779296875,388.29998779296875,388.29998779296875,388.29998779296875,388.29998779296875,0,0.0,0.0
2004-05-26,388.29998779296875,388.29998779296875,388.29998779296875,388.29998779296875,388.29998779296875,81917,0.0,0.0
2004-05-27,388.20001220703125,395.8999938964844,388.1000061035156,394.8999938964844,394.8999938964844,53047,0.0,0.0
2004-05-28,395.29998779296875,396.29998779296875,392.6000061035156,394.0,394.0,9836,0.0,0.0
2004-06-01,393.8999938964844,399.0,393.29998779296875,394.6000061035156,394.6000061035156,1864,0.0,0.0
2004-06-02,394.5,397.5,390.0,390.70001220703125,390.70001220703125,937,0.0,0.0
2004-06-03,390.70001220703125,393.0,387.3999938964844,388.1000061035156,388.1000061035156,601,0.0,0.0
2004-06-04,388.3999938964844,391.5,385.5,390.8999938964844,390.8999938964844,234,0.0,0.0
2004-06-07,392.6000061035156,394.0,392.0,393.79998779296875,393.79998779296875,130,0.0,0.0
2004-06-08,393.79998779296875,395.0,390.29998779296875,391.0,391.0,611,0.0,0.0
2004-06-09,391.6000061035156,391.6000061035156,383.0,384.5,384.5,543,0.0,0.0
2004-06-10,385.29998779296875,385.5,384.5,385.8999938964844,385.8999938964844,71,0.0,0.0
2004-06-14,383.6000061035156,385.29998779296875,383.0,383.6000061035156,383.6000061035156,209,0.0,0.0
2004-06-15,383.1000061035156,388.5,383.0,388.1000061035156,388.1000061035156,51,0.0,0.0
2004-06-16,386.5,386.5,383.5,384.6000061035156,384.6000061035156,102,0.0,0.0
2004-06-17,385.29998779296875,385.29998779296875,385.29998779296875,388.8999938964844,388.8999938964844,17,0.0,0.0
2004-06-18,392.0,396.3999938964844,393.0,395.1000061035156,395.1000061035156,108,0.0,0.0
2004-06-21,394.6000061035156,394.6000061035156,393.20001220703125,394.0,394.0,133,0.0,0.0
2004-06-22,394.0,396.5,394.0,395.0,395.0,56,0.0,0.0
2004-06-23,395.5,397.20001220703125,394.5,395.0,395.0,50,0.0,0.0
2004-06-24,394.6000061035156,403.70001220703125,394.6000061035156,403.1000061035156,403.1000061035156,148,0.0,0.0
2004-06-25,402.29998779296875,403.6000061035156,401.29998779296875,402.8999938964844,402.8999938964844,189,0.0,0.0
2004-06-28,403.0,405.0,401.29998779296875,401.0,401.0,2,0.0,0.0
2004-06-29,400.20001220703125,400.20001220703125,398.0,392.5,392.5,5,0.0,0.0
2004-06-30,395.3999938964844,395.3999938964844,394.29998779296875,392.6000061035156,392.6000061035156,146,0.0,0.0
2004-07-01,396.0,396.0,396.0,396.0,396.0,146,0.0,0.0
2004-07-02,396.0,397.20001220703125,397.20001220703125,398.29998779296875,398.29998779296875,20,0.0,0.0
2004-07-06,398.29998779296875,393.0,393.0,392.6000061035156,392.6000061035156,20,0.0,0.0
2004-07-07,397.79998779296875,397.79998779296875,397.79998779296875,402.29998779296875,402.29998779296875,6,0.0,0.0
2004-07-08,407.79998779296875,407.79998779296875,407.79998779296875,407.79998779296875,407.79998779296875,6,0.0,0.0
2004-07-09,407.70001220703125,407.8999938964844,407.8999938964844,407.5,407.5,15,0.0,0.0
2004-07-12,407.5,407.5,407.5,408.1000061035156,408.1000061035156,15,0.0,0.0
2004-07-13,408.1000061035156,408.1000061035156,408.1000061035156,402.0,402.0,15,0.0,0.0
2004-07-14,402.0,402.0,402.0,405.3999938964844,405.3999938964844,15,0.0,0.0
2004-07-15,404.20001220703125,404.20001220703125,404.20001220703125,404.20001220703125,404.20001220703125,15,0.0,0.0
2004-07-16,404.20001220703125,404.1000061035156,404.1000061035156,406.6000061035156,406.6000061035156,15,0.0,0.0
2004-07-19,406.6000061035156,406.6000061035156,406.6000061035156,405.6000061035156,405.6000061035156,15,0.0,0.0
2004-07-20,405.6000061035156,405.6000061035156,405.6000061035156,401.8999938964844,401.8999938964844,15,0.0,0.0
2004-07-21,401.79998779296875,401.8999938964844,401.8999938964844,397.1000061035156,397.1000061035156,15,0.0,0.0
2004-07-22,395.20001220703125,395.20001220703125,395.20001220703125,395.20001220703125,395.20001220703125,15,0.0,0.0
2004-07-23,395.20001220703125,391.0,391.0,390.5,390.5,4,0.0,0.0
2004-07-26,389.8999938964844,389.8999938964844,389.8999938964844,390.29998779296875,390.29998779296875,1,0.0,0.0
2004-07-27,390.29998779296875,390.20001220703125,390.20001220703125,387.0,387.0,0,0.0,0.0
2004-07-28,387.0,387.0,387.0,389.0,389.0,69175,0.0,0.0
2004-07-29,389.0,391.0,385.0,387.0,387.0,42070,0.0,0.0
2004-07-30,388.20001220703125,392.0,387.0,391.0,391.0,4977,0.0,0.0
2004-08-02,394.0,394.5,391.0,391.70001220703125,391.70001220703125,1102,0.0,0.0
2004-08-03,392.0,394.79998779296875,388.79998779296875,394.0,394.0,2692,0.0,0.0
2004-08-04,393.6000061035156,393.6000061035156,390.5,392.20001220703125,392.20001220703125,149,0.0,0.0
2004-08-05,393.0,393.5,391.0,392.29998779296875,392.29998779296875,108,0.0,0.0
2004-08-06,392.5,401.5,391.0,399.79998779296875,399.79998779296875,132,0.0,0.0
2004-08-09,399.1000061035156,400.70001220703125,398.5,400.70001220703125,400.70001220703125,318,0.0,0.0
2004-08-10,399.29998779296875,401.29998779296875,398.5,400.0,400.0,92,0.0,0.0
2004-08-11,399.5,399.5,393.29998779296875,395.5,395.5,185,0.0,0.0
2004-08-12,395.70001220703125,396.0,393.5,394.29998779296875,394.29998779296875,69,0.0,0.0
2004-08-13,394.29998779296875,399.5,393.5,398.8999938964844,398.8999938964844,64,0.0,0.0
2004-08-16,399.0,403.0,399.0,402.8999938964844,402.8999938964844,288,0.0,0.0
2004-08-17,402.5,404.0,400.29998779296875,404.3999938964844,404.3999938964844,208,0.0,0.0
2004-08-18,403.0,404.5,402.70001220703125,404.29998779296875,404.29998779296875,61,0.0,0.0
2004-08-19,404.29998779296875,407.8999938964844,404.29998779296875,407.1000061035156,407.1000061035156,128,0.0,0.0
2004-08-20,407.0,412.79998779296875,407.0,413.20001220703125,413.20001220703125,254,0.0,0.0
2004-08-23,411.29998779296875,411.79998779296875,409.70001220703125,410.5,410.5,18,0.0,0.0
2004-08-24,410.5,407.0,404.0,403.0,403.0,33,0.0,0.0
2004-08-25,405.29998779296875,407.0,405.20001220703125,407.8999938964844,407.8999938964844,164,0.0,0.0
2004-08-26,409.0,409.0,406.20001220703125,407.3999938964844,407.3999938964844,28,0.0,0.0
2004-08-27,407.3999938964844,408.0,403.0,403.29998779296875,403.29998779296875,19,0.0,0.0
2004-08-30,407.0,407.8999938964844,404.70001220703125,407.79998779296875,407.79998779296875,114,0.0,0.0
2004-08-31,410.3999938964844,410.3999938964844,410.3999938964844,410.3999938964844,410.3999938964844,114,0.0,0.0
2004-09-01,407.29998779296875,407.29998779296875,407.29998779296875,408.79998779296875,408.79998779296875,0,0.0,0.0
2004-09-02,407.5,406.3999938964844,406.3999938964844,406.0,406.0,34,0.0,0.0
2004-09-03,400.5,400.5,400.5,400.5,400.5,34,0.0,0.0
2004-09-07,398.0,398.0,398.0,397.3999938964844,397.3999938964844,60,0.0,0.0
2004-09-08,396.79998779296875,396.79998779296875,396.79998779296875,399.3999938964844,399.3999938964844,20,0.0,0.0
2004-09-09,398.8999938964844,398.8999938964844,398.8999938964844,398.5,398.5,20,0.0,0.0
2004-09-10,401.0,402.0,401.0,401.8999938964844,401.8999938964844,120,0.0,0.0
2004-09-13,404.1000061035156,404.1000061035156,404.1000061035156,404.1000061035156,404.1000061035156,120,0.0,0.0
2004-09-14,405.1000061035156,405.1000061035156,405.1000061035156,405.70001220703125,405.70001220703125,43,0.0,0.0
2004-09-15,407.0,404.0,404.0,405.0,405.0,24,0.0,0.0
2004-09-16,404.70001220703125,404.70001220703125,404.70001220703125,404.70001220703125,404.70001220703125,24,0.0,0.0
2004-09-17,405.79998779296875,405.79998779296875,405.79998779296875,405.79998779296875,405.79998779296875,24,0.0,0.0
2004-09-20,403.6000061035156,403.6000061035156,403.6000061035156,405.29998779296875,405.29998779296875,44,0.0,0.0
2004-09-21,408.29998779296875,408.29998779296875,408.29998779296875,408.29998779296875,408.29998779296875,44,0.0,0.0
2004-09-22,407.20001220703125,407.20001220703125,407.20001220703125,407.20001220703125,407.20001220703125,44,0.0,0.0
2004-09-23,410.8999938964844,410.8999938964844,410.8999938964844,410.8999938964844,410.8999938964844,44,0.0,0.0
2004-09-24,408.1000061035156,408.1000061035156,408.1000061035156,408.1000061035156,408.1000061035156,44,0.0,0.0
2004-09-27,409.1000061035156,409.1000061035156,409.1000061035156,409.1000061035156,409.1000061035156,44,0.0,0.0
2004-09-28,410.79998779296875,410.79998779296875,410.79998779296875,412.5,412.5,9143,0.0,0.0
2004-09-29,412.0,414.0,411.6000061035156,413.0,413.0,5052,0.0,0.0
2004-09-30,412.8999938964844,418.79998779296875,412.70001220703125,418.70001220703125,418.70001220703125,1162,0.0,0.0
2004-10-01,419.1000061035156,419.1000061035156,417.0,419.5,419.5,167,0.0,0.0
2004-10-04,419.0,415.0,411.5,414.0,414.0,327,0.0,0.0
2004-10-05,415.29998779296875,419.29998779296875,415.0,418.20001220703125,418.20001220703125,164,0.0,0.0
2004-10-06,417.5,419.0,417.0,418.3999938964844,418.3999938964844,186,0.0,0.0
2004-10-07,418.0,419.0,417.5,418.0,418.0,93,0.0,0.0
2004-10-08,418.70001220703125,425.0,418.0,423.1000061035156,423.1000061035156,75,0.0,0.0
2004-10-11,422.20001220703125,422.20001220703125,421.0,422.0,422.0,20,0.0,0.0
2004-10-12,419.1000061035156,419.1000061035156,413.5,415.1000061035156,415.1000061035156,299,0.0,0.0
2004-10-13,411.0,411.79998779296875,410.29998779296875,413.20001220703125,413.20001220703125,74,0.0,0.0
2004-10-14,416.0,418.79998779296875,415.20001220703125,418.1000061035156,418.1000061035156,101,0.0,0.0
2004-10-15,418.29998779296875,419.70001220703125,417.79998779296875,418.70001220703125,418.70001220703125,51,0.0,0.0
2004-10-18,419.0,419.0,417.1000061035156,416.20001220703125,416.20001220703125,6,0.0,0.0
2004-10-19,420.70001220703125,420.70001220703125,420.70001220703125,420.29998779296875,420.29998779296875,3,0.0,0.0
2004-10-20,420.29998779296875,425.1000061035156,420.29998779296875,423.5,423.5,7,0.0,0.0
2004-10-21,423.5,423.5,422.0,424.3999938964844,424.3999938964844,9,0.0,0.0
2004-10-22,424.6000061035156,424.6000061035156,424.6000061035156,424.6000061035156,424.6000061035156,193,0.0,0.0
2004-10-25,429.0,430.0,428.5,429.0,429.0,128,0.0,0.0
2004-10-26,429.1000061035156,429.1000061035156,425.3999938964844,426.79998779296875,426.79998779296875,55,0.0,0.0
2004-10-27,429.5,429.70001220703125,423.5,424.79998779296875,424.79998779296875,50,0.0,0.0
2004-10-28,425.1000061035156,425.1000061035156,425.1000061035156,425.1000061035156,425.1000061035156,319,0.0,0.0
2004-10-29,428.5,428.5,428.5,428.5,428.5,319,0.0,0.0
2004-11-01,427.29998779296875,427.29998779296875,427.29998779296875,427.29998779296875,427.29998779296875,319,0.0,0.0
2004-11-02,427.20001220703125,427.20001220703125,427.20001220703125,420.0,420.0,319,0.0,0.0
2004-11-03,424.6000061035156,424.6000061035156,424.6000061035156,424.6000061035156,424.6000061035156,319,0.0,0.0
2004-11-04,430.1000061035156,430.1000061035156,430.1000061035156,430.1000061035156,430.1000061035156,319,0.0,0.0
2004-11-05,433.6000061035156,433.6000061035156,433.6000061035156,433.6000061035156,433.6000061035156,319,0.0,0.0
2004-11-08,432.70001220703125,432.70001220703125,432.70001220703125,432.70001220703125,432.70001220703125,319,0.0,0.0
2004-11-09,434.0,434.0,434.0,435.70001220703125,435.70001220703125,2,0.0,0.0
2004-11-10,434.5,434.5,434.5,434.0,434.0,2,0.0,0.0
2004-11-11,434.8999938964844,434.8999938964844,434.8999938964844,434.8999938964844,434.8999938964844,2,0.0,0.0
2004-11-12,437.8999938964844,437.8999938964844,437.8999938964844,437.8999938964844,437.8999938964844,0,0.0,0.0
2004-11-15,437.0,437.0,437.0,437.0,437.0,0,0.0,0.0
2004-11-16,440.20001220703125,440.20001220703125,440.20001220703125,440.20001220703125,440.20001220703125,0,0.0,0.0
2004-11-17,444.79998779296875,444.79998779296875,444.79998779296875,444.79998779296875,444.79998779296875,0,0.0,0.0
2004-11-18,442.6000061035156,442.6000061035156,442.6000061035156,442.6000061035156,442.6000061035156,1,0.0,0.0
2004-11-19,446.79998779296875,446.79998779296875,446.79998779296875,446.79998779296875,446.79998779296875,0,0.0,0.0
2004-11-22,446.8999938964844,446.8999938964844,446.8999938964844,448.79998779296875,448.79998779296875,0,0.0,0.0
2004-11-23,447.79998779296875,447.79998779296875,447.79998779296875,447.79998779296875,447.79998779296875,0,0.0,0.0
2004-11-24,449.29998779296875,449.29998779296875,449.29998779296875,449.29998779296875,449.29998779296875,110725,0.0,0.0
2004-11-29,450.79998779296875,454.79998779296875,449.29998779296875,453.70001220703125,453.70001220703125,56709,0.0,0.0
2004-11-30,453.79998779296875,454.1000061035156,448.29998779296875,451.29998779296875,451.29998779296875,14253,0.0,0.0
2004-12-01,451.6000061035156,456.0,450.5,454.0,454.0,2682,0.0,0.0
2004-12-02,454.0,456.5,447.0,450.3999938964844,450.3999938964844,1419,0.0,0.0
2004-12-03,450.3999938964844,455.5,448.5,456.0,456.0,1231,0.0,0.0
2004-12-06,454.3999938964844,456.1000061035156,451.5,454.20001220703125,454.20001220703125,674,0.0,0.0
2004-12-07,453.0,455.5,451.5,452.0,452.0,550,0.0,0.0
2004-12-08,449.0,450.0,434.0,437.20001220703125,437.20001220703125,2065,0.0,0.0
2004-12-09,437.5,440.6000061035156,432.6000061035156,435.79998779296875,435.79998779296875,1347,0.0,0.0
2004-12-10,436.5,437.1000061035156,432.6000061035156,433.8999938964844,433.8999938964844,209,0.0,0.0
2004-12-13,437.0,439.5,436.0,438.8999938964844,438.8999938964844,628,0.0,0.0
2004-12-14,438.8999938964844,438.8999938964844,435.3999938964844,435.8999938964844,435.8999938964844,199,0.0,0.0
2004-12-15,435.70001220703125,442.0,435.70001220703125,440.79998779296875,440.79998779296875,356,0.0,0.0
2004-12-16,440.79998779296875,442.6000061035156,437.0,436.8999938964844,436.8999938964844,232,0.0,0.0
2004-12-17,436.79998779296875,440.0,436.79998779296875,441.6000061035156,441.6000061035156,94,0.0,0.0
2004-12-20,442.5,444.0,442.0,442.3999938964844,442.3999938964844,461,0.0,0.0
2004-12-21,443.0,443.20001220703125,441.1000061035156,441.79998779296875,441.79998779296875,57,0.0,0.0
2004-12-22,442.1000061035156,442.70001220703125,439.0,440.29998779296875,440.29998779296875,70,0.0,0.0
2004-12-23,441.29998779296875,442.6000061035156,441.0,441.8999938964844,441.8999938964844,98,0.0,0.0
2004-12-27,444.0,445.8999938964844,443.0,445.20001220703125,445.20001220703125,348,0.0,0.0
2004-12-28,445.5,445.5,443.0,444.29998779296875,444.29998779296875,2,0.0,0.0
2004-12-29,440.5,440.5,440.5,436.0,436.0,3,0.0,0.0
2004-12-30,437.70001220703125,439.0,438.8999938964844,437.5,437.5,3,0.0,0.0
2005-01-03,431.0,431.0,431.0,428.70001220703125,428.70001220703125,4,0.0,0.0
2005-01-04,428.5,428.5,428.5,428.5,428.5,108,0.0,0.0
2005-01-05,425.70001220703125,425.70001220703125,425.70001220703125,426.6000061035156,426.6000061035156,2,0.0,0.0
2005-01-06,421.0,421.0,421.0,421.0,421.0,1,0.0,0.0
2005-01-07,423.70001220703125,423.70001220703125,418.70001220703125,418.8999938964844,418.8999938964844,1,0.0,0.0
2005-01-10,419.1000061035156,419.1000061035156,419.1000061035156,419.1000061035156,419.1000061035156,1,0.0,0.0
2005-01-11,421.8999938964844,421.8999938964844,421.8999938964844,421.8999938964844,421.8999938964844,1,0.0,0.0
2005-01-12,423.79998779296875,423.79998779296875,423.79998779296875,426.1000061035156,426.1000061035156,1,0.0,0.0
2005-01-13,424.70001220703125,424.70001220703125,424.70001220703125,424.5,424.5,1,0.0,0.0
2005-01-14,422.0,423.20001220703125,422.0,422.70001220703125,422.70001220703125,20,0.0,0.0
2005-01-18,423.20001220703125,423.20001220703125,423.20001220703125,423.20001220703125,423.20001220703125,20,0.0,0.0
2005-01-19,426.5,426.5,426.5,423.0,423.0,20,0.0,0.0
2005-01-20,421.79998779296875,421.79998779296875,421.79998779296875,422.3999938964844,422.3999938964844,20,0.0,0.0
2005-01-21,425.8999938964844,425.8999938964844,425.8999938964844,426.70001220703125,426.70001220703125,20,0.0,0.0
2005-01-24,426.8999938964844,426.8999938964844,426.8999938964844,426.8999938964844,426.8999938964844,20,0.0,0.0
2005-01-25,422.0,422.0,422.0,422.0,422.0,20,0.0,0.0
2005-01-26,426.8999938964844,426.8999938964844,426.8999938964844,426.8999938964844,426.8999938964844,20,0.0,0.0
2005-01-27,426.29998779296875,426.29998779296875,426.29998779296875,426.29998779296875,426.29998779296875,66923,0.0,0.0
2005-01-28,426.1000061035156,427.5,424.0,425.79998779296875,425.79998779296875,41282,0.0,0.0
2005-01-31,426.0,426.5,419.29998779296875,421.79998779296875,421.79998779296875,6857,0.0,0.0
2005-02-01,422.20001220703125,422.29998779296875,419.20001220703125,420.79998779296875,420.79998779296875,1461,0.0,0.0
2005-02-02,420.8999938964844,422.29998779296875,419.79998779296875,421.1000061035156,421.1000061035156,426,0.0,0.0
2005-02-03,421.29998779296875,421.29998779296875,414.70001220703125,416.6000061035156,416.6000061035156,574,0.0,0.0
2005-02-04,416.3999938964844,417.79998779296875,413.70001220703125,414.0,414.0,320,0.0,0.0
2005-02-07,414.1000061035156,416.0,412.5,413.6000061035156,413.6000061035156,534,0.0,0.0
2005-02-08,413.6000061035156,413.6000061035156,410.1000061035156,412.6000061035156,412.6000061035156,1432,0.0,0.0
2005-02-09,412.20001220703125,413.79998779296875,410.29998779296875,412.8999938964844,412.8999938964844,1300,0.0,0.0
2005-02-10,412.0,418.5,412.5,417.20001220703125,417.20001220703125,397,0.0,0.0
2005-02-11,416.79998779296875,422.0,417.6000061035156,420.5,420.5,801,0.0,0.0
2005-02-14,420.0,425.6000061035156,422.29998779296875,425.79998779296875,425.79998779296875,55,0.0,0.0
2005-02-15,425.8999938964844,426.20001220703125,424.0,425.8999938964844,425.8999938964844,113,0.0,0.0
2005-02-16,426.0,425.0,422.79998779296875,425.5,425.5,146,0.0,0.0
2005-02-17,425.5,428.0,425.29998779296875,427.29998779296875,427.29998779296875,712,0.0,0.0
2005-02-18,426.70001220703125,427.1000061035156,426.70001220703125,427.1000061035156,427.1000061035156,14,0.0,0.0
2005-02-22,426.5,435.0,426.5,434.5,434.5,53,0.0,0.0
2005-02-23,434.0,435.5,433.20001220703125,434.8999938964844,434.8999938964844,107,0.0,0.0
2005-02-24,436.0,436.0,432.5,434.5,434.5,6,0.0,0.0
2005-02-25,434.5,436.0,436.0,434.8999938964844,434.8999938964844,1,0.0,0.0
2005-02-28,435.5,435.5,435.5,436.5,436.5,16,0.0,0.0
2005-03-01,435.0,433.0,433.0,432.8999938964844,432.8999938964844,1,0.0,0.0
2005-03-02,433.3999938964844,433.3999938964844,433.3999938964844,432.79998779296875,432.79998779296875,1,0.0,0.0
2005-03-03,429.8999938964844,429.8999938964844,429.8999938964844,429.8999938964844,429.8999938964844,1,0.0,0.0
2005-03-04,434.20001220703125,434.20001220703125,434.20001220703125,434.20001220703125,434.20001220703125,0,0.0,0.0
2005-03-07,435.0,435.0,435.0,435.0,435.0,0,0.0,0.0
2005-03-08,440.29998779296875,440.29998779296875,440.29998779296875,440.29998779296875,440.29998779296875,0,0.0,0.0
2005-03-09,442.1000061035156,442.1000061035156,442.1000061035156,442.1000061035156,442.1000061035156,0,0.0,0.0
2005-03-10,442.79998779296875,442.79998779296875,442.79998779296875,442.79998779296875,442.79998779296875,1,0.0,0.0
2005-03-11,446.3999938964844,446.3999938964844,446.3999938964844,446.20001220703125,446.20001220703125,0,0.0,0.0
2005-03-14,441.1000061035156,441.1000061035156,441.1000061035156,441.1000061035156,441.1000061035156,0,0.0,0.0
2005-03-15,440.8999938964844,440.8999938964844,440.8999938964844,440.8999938964844,440.8999938964844,0,0.0,0.0
2005-03-16,443.70001220703125,443.70001220703125,443.70001220703125,443.70001220703125,443.70001220703125,0,0.0,0.0
2005-03-17,438.70001220703125,438.70001220703125,438.70001220703125,438.70001220703125,438.70001220703125,0,0.0,0.0
2005-03-18,439.29998779296875,439.29998779296875,439.29998779296875,439.29998779296875,439.29998779296875,0,0.0,0.0
2005-03-21,431.1000061035156,431.1000061035156,431.1000061035156,431.1000061035156,431.1000061035156,100,0.0,0.0
2005-03-22,431.29998779296875,431.29998779296875,431.29998779296875,431.29998779296875,431.29998779296875,16,0.0,0.0
2005-03-23,425.20001220703125,425.20001220703125,425.20001220703125,425.20001220703125,425.20001220703125,0,0.0,0.0
2005-03-24,424.70001220703125,424.70001220703125,424.70001220703125,424.70001220703125,424.70001220703125,0,0.0,0.0
2005-03-28,425.8999938964844,425.8999938964844,425.8999938964844,425.8999938964844,425.8999938964844,0,0.0,0.0
2005-03-29,426.0,426.0,426.0,426.0,426.0,0,0.0,0.0
2005-03-31,428.70001220703125,428.70001220703125,428.70001220703125,428.70001220703125,428.70001220703125,3051,0.0,0.0
2005-04-01,428.29998779296875,428.5,424.5,425.8999938964844,425.8999938964844,552,0.0,0.0
2005-04-04,426.0,426.29998779296875,422.70001220703125,423.8999938964844,423.8999938964844,486,0.0,0.0
2005-04-05,423.79998779296875,425.5,423.6000061035156,424.5,424.5,313,0.0,0.0
2005-04-06,424.8999938964844,427.70001220703125,424.1000061035156,427.1000061035156,427.1000061035156,62,0.0,0.0
2005-04-07,426.5,428.5,426.5,426.5,426.5,181,0.0,0.0
2005-04-08,425.20001220703125,427.29998779296875,424.79998779296875,426.8999938964844,426.8999938964844,49,0.0,0.0
2005-04-11,426.0,429.79998779296875,426.0,428.6000061035156,428.6000061035156,26,0.0,0.0
2005-04-12,428.1000061035156,430.20001220703125,426.5,427.6000061035156,427.6000061035156,148,0.0,0.0
2005-04-13,428.0,430.0,427.5,429.29998779296875,429.29998779296875,27,0.0,0.0
2005-04-14,429.5,429.5,423.5,424.0,424.0,116,0.0,0.0
2005-04-15,423.20001220703125,425.6000061035156,423.20001220703125,424.8999938964844,424.8999938964844,73,0.0,0.0
2005-04-18,423.6000061035156,427.5,423.6000061035156,427.5,427.5,29,0.0,0.0
2005-04-19,426.79998779296875,433.0,426.79998779296875,432.8999938964844,432.8999938964844,128,0.0,0.0
2005-04-20,433.6000061035156,435.79998779296875,432.3999938964844,435.29998779296875,435.29998779296875,42,0.0,0.0
2005-04-21,434.1000061035156,435.0,432.29998779296875,433.0,433.0,52,0.0,0.0
2005-04-22,433.5,435.79998779296875,433.5,434.29998779296875,434.29998779296875,88,0.0,0.0
2005-04-25,432.70001220703125,434.3999938964844,432.70001220703125,434.6000061035156,434.6000061035156,19,0.0,0.0
2005-04-26,438.0,438.20001220703125,435.8999938964844,437.8999938964844,437.8999938964844,169,0.0,0.0
2005-04-27,436.3999938964844,437.0,433.6000061035156,433.0,433.0,19,0.0,0.0
2005-04-29,435.0,435.0,435.0,435.0,435.0,0,0.0,0.0
2005-05-02,429.5,429.5,429.5,429.5,429.5,0,0.0,0.0
2005-05-03,426.70001220703125,426.70001220703125,426.70001220703125,426.70001220703125,426.70001220703125,0,0.0,0.0
2005-05-04,429.0,429.0,429.0,429.0,429.0,17,0.0,0.0
2005-05-05,429.79998779296875,429.79998779296875,429.79998779296875,429.79998779296875,429.79998779296875,0,0.0,0.0
2005-05-06,429.79998779296875,429.79998779296875,429.79998779296875,426.1000061035156,426.1000061035156,0,0.0,0.0
2005-05-09,426.20001220703125,426.20001220703125,426.20001220703125,426.20001220703125,426.20001220703125,0,0.0,0.0
2005-05-10,426.20001220703125,426.20001220703125,426.20001220703125,427.20001220703125,427.20001220703125,0,0.0,0.0
2005-05-11,427.20001220703125,427.20001220703125,427.20001220703125,427.20001220703125,427.20001220703125,0,0.0,0.0
2005-05-12,421.6000061035156,421.6000061035156,421.6000061035156,421.6000061035156,421.6000061035156,0,0.0,0.0
2005-05-13,420.20001220703125,420.20001220703125,420.20001220703125,420.20001220703125,420.20001220703125,0,0.0,0.0
2005-05-16,418.8999938964844,418.8999938964844,418.8999938964844,418.8999938964844,418.8999938964844,0,0.0,0.0
2005-05-17,419.3999938964844,419.3999938964844,419.3999938964844,419.3999938964844,419.3999938964844,0,0.0,0.0
2005-05-18,421.5,421.5,421.5,421.5,421.5,0,0.0,0.0
2005-05-19,421.20001220703125,421.20001220703125,421.20001220703125,420.5,420.5,0,0.0,0.0
2005-05-20,420.20001220703125,416.5,416.5,417.3999938964844,417.3999938964844,4,0.0,0.0
2005-05-23,416.6000061035156,416.6000061035156,416.6000061035156,416.6000061035156,416.6000061035156,4,0.0,0.0
2005-05-24,417.5,417.5,417.5,417.5,417.5,4,0.0,0.0
2005-05-25,418.79998779296875,418.79998779296875,418.79998779296875,418.79998779296875,418.79998779296875,4,0.0,0.0
2005-05-26,418.79998779296875,418.1000061035156,418.1000061035156,418.0,418.0,72619,0.0,0.0
2005-05-27,417.79998779296875,420.0,417.3999938964844,419.79998779296875,419.79998779296875,51363,0.0,0.0
2005-05-31,418.0,420.20001220703125,413.20001220703125,416.29998779296875,416.29998779296875,7494,0.0,0.0
2005-06-01,416.3999938964844,417.29998779296875,414.0,415.29998779296875,415.29998779296875,2816,0.0,0.0
2005-06-02,415.79998779296875,423.5,415.79998779296875,422.70001220703125,422.70001220703125,1984,0.0,0.0
2005-06-03,422.20001220703125,425.5,421.70001220703125,423.70001220703125,423.70001220703125,416,0.0,0.0
2005-06-06,423.6000061035156,427.79998779296875,422.6000061035156,426.5,426.5,558,0.0,0.0
2005-06-07,426.70001220703125,426.70001220703125,424.0,424.79998779296875,424.79998779296875,232,0.0,0.0
2005-06-08,425.6000061035156,425.8999938964844,424.5,424.70001220703125,424.70001220703125,171,0.0,0.0
2005-06-09,423.70001220703125,424.0,422.0,424.20001220703125,424.20001220703125,101,0.0,0.0
2005-06-10,423.79998779296875,428.5,422.0,427.3999938964844,427.3999938964844,65,0.0,0.0
2005-06-13,428.29998779296875,431.5,428.29998779296875,429.29998779296875,429.29998779296875,66,0.0,0.0
2005-06-14,428.20001220703125,428.20001220703125,426.5,427.5,427.5,73,0.0,0.0
2005-06-15,427.5,428.29998779296875,427.5,429.1000061035156,429.1000061035156,20,0.0,0.0
2005-06-16,429.5,436.79998779296875,429.5,436.20001220703125,436.20001220703125,157,0.0,0.0
2005-06-17,436.1000061035156,439.29998779296875,436.1000061035156,438.29998779296875,438.29998779296875,29,0.0,0.0
2005-06-20,440.0,440.3999938964844,438.0,438.3999938964844,438.3999938964844,18,0.0,0.0
2005-06-21,438.3999938964844,439.0,439.0,438.8999938964844,438.8999938964844,5,0.0,0.0
2005-06-22,438.79998779296875,438.5,437.5,438.1000061035156,438.1000061035156,169,0.0,0.0
2005-06-23,438.29998779296875,442.5,438.29998779296875,441.70001220703125,441.70001220703125,29,0.0,0.0
2005-06-24,441.5,441.5,438.5,440.5,440.5,31,0.0,0.0
2005-06-27,440.70001220703125,440.70001220703125,439.5,440.29998779296875,440.29998779296875,10,0.0,0.0
2005-06-28,436.0,437.5,436.0,436.3999938964844,436.3999938964844,0,0.0,0.0
2005-06-30,435.8999938964844,435.8999938964844,435.8999938964844,435.8999938964844,435.8999938964844,0,0.0,0.0
2005-07-01,427.79998779296875,427.79998779296875,427.79998779296875,427.79998779296875,427.79998779296875,0,0.0,0.0
2005-07-05,422.8999938964844,422.8999938964844,422.8999938964844,422.8999938964844,422.8999938964844,0,0.0,0.0
2005-07-06,423.5,423.79998779296875,423.5,423.5,423.5,16,0.0,0.0
2005-07-07,423.5,423.5,423.5,423.29998779296875,423.29998779296875,125,0.0,0.0
2005-07-08,422.8999938964844,422.8999938964844,422.8999938964844,422.8999938964844,422.8999938964844,0,0.0,0.0
2005-07-11,425.5,425.5,425.5,425.5,425.5,0,0.0,0.0
2005-07-12,426.29998779296875,426.29998779296875,426.29998779296875,426.29998779296875,426.29998779296875,0,0.0,0.0
2005-07-13,423.8999938964844,423.8999938964844,423.8999938964844,423.8999938964844,423.8999938964844,70,0.0,0.0
2005-07-14,419.6000061035156,419.6000061035156,419.6000061035156,419.6000061035156,419.6000061035156,70,0.0,0.0
2005-07-15,420.70001220703125,420.70001220703125,420.70001220703125,420.70001220703125,420.70001220703125,0,0.0,0.0
2005-07-18,420.3999938964844,420.3999938964844,420.3999938964844,420.5,420.5,0,0.0,0.0
2005-07-19,420.0,420.0,420.0,419.70001220703125,419.70001220703125,0,0.0,0.0
2005-07-20,419.70001220703125,419.70001220703125,419.70001220703125,421.70001220703125,421.70001220703125,0,0.0,0.0
2005-07-21,425.3999938964844,425.3999938964844,425.3999938964844,425.3999938964844,425.3999938964844,0,0.0,0.0
2005-07-22,425.3999938964844,425.3999938964844,425.3999938964844,424.70001220703125,424.70001220703125,0,0.0,0.0
2005-07-25,425.70001220703125,425.70001220703125,425.70001220703125,425.70001220703125,425.70001220703125,2,0.0,0.0
2005-07-26,423.3999938964844,423.3999938964844,423.3999938964844,423.3999938964844,423.3999938964844,2,0.0,0.0
2005-07-27,424.70001220703125,424.70001220703125,424.70001220703125,424.70001220703125,424.70001220703125,2,0.0,0.0
2005-07-28,424.70001220703125,424.70001220703125,424.70001220703125,427.29998779296875,427.29998779296875,40680,0.0,0.0
2005-07-29,427.70001220703125,430.5,427.0,429.8999938964844,429.8999938964844,3607,0.0,0.0
2005-08-01,430.0,432.29998779296875,429.1000061035156,431.8999938964844,431.8999938964844,776,0.0,0.0
2005-08-02,431.70001220703125,433.0,430.70001220703125,431.8999938964844,431.8999938964844,206,0.0,0.0
2005-08-03,431.5,437.5,430.70001220703125,436.8999938964844,436.8999938964844,270,0.0,0.0
2005-08-04,436.5,439.0,436.1000061035156,437.8999938964844,437.8999938964844,91,0.0,0.0
2005-08-05,437.70001220703125,438.5,437.0,437.20001220703125,437.20001220703125,91,0.0,0.0
2005-08-08,437.0,437.0,434.0,434.70001220703125,434.70001220703125,51,0.0,0.0
2005-08-09,432.5,434.3999938964844,432.5,434.20001220703125,434.20001220703125,52,0.0,0.0
2005-08-10,434.8999938964844,437.0,434.8999938964844,436.5,436.5,187,0.0,0.0
2005-08-11,437.20001220703125,446.5,437.20001220703125,445.5,445.5,306,0.0,0.0
2005-08-12,445.79998779296875,449.5,444.5,445.8999938964844,445.8999938964844,169,0.0,0.0
2005-08-15,441.3999938964844,442.5,441.3999938964844,442.20001220703125,442.20001220703125,61,0.0,0.0
2005-08-16,441.70001220703125,442.5,441.70001220703125,446.1000061035156,446.1000061035156,234,0.0,0.0
2005-08-17,442.5,443.29998779296875,439.5,439.8999938964844,439.8999938964844,276,0.0,0.0
2005-08-18,440.3999938964844,440.3999938964844,438.5,439.5,439.5,46,0.0,0.0
2005-08-19,439.1000061035156,439.6000061035156,438.0,437.20001220703125,437.20001220703125,73,0.0,0.0
2005-08-22,437.0,439.0,437.0,438.1000061035156,438.1000061035156,12,0.0,0.0
2005-08-23,438.79998779296875,438.79998779296875,438.5,439.3999938964844,439.3999938964844,2,0.0,0.0
2005-08-24,439.70001220703125,439.70001220703125,437.0,437.29998779296875,437.29998779296875,29,0.0,0.0
2005-08-25,438.5,438.5,438.0,438.3999938964844,438.3999938964844,54,0.0,0.0
2005-08-26,438.3999938964844,439.0,438.3999938964844,437.3999938964844,437.3999938964844,52,0.0,0.0
2005-08-29,438.5,439.5,437.29998779296875,437.0,437.0,37,0.0,0.0
2005-08-30,438.5,439.5,437.29998779296875,431.20001220703125,431.20001220703125,0,0.0,0.0
2005-08-31,431.20001220703125,431.20001220703125,431.20001220703125,433.79998779296875,433.79998779296875,10,0.0,0.0
2005-09-01,438.5,442.5,438.5,442.29998779296875,442.29998779296875,4,0.0,0.0
2005-09-02,444.20001220703125,444.20001220703125,444.20001220703125,444.20001220703125,444.20001220703125,4,0.0,0.0
2005-09-06,444.3999938964844,444.3999938964844,444.3999938964844,444.3999938964844,444.3999938964844,4,0.0,0.0
2005-09-07,444.70001220703125,444.70001220703125,444.70001220703125,444.8999938964844,444.8999938964844,1006,0.0,0.0
2005-09-08,446.70001220703125,446.70001220703125,446.70001220703125,446.70001220703125,446.70001220703125,6,0.0,0.0
2005-09-09,449.0,449.0,449.0,449.0,449.0,6,0.0,0.0
2005-09-12,449.70001220703125,449.70001220703125,449.70001220703125,449.70001220703125,449.70001220703125,6,0.0,0.0
2005-09-13,446.1000061035156,446.1000061035156,446.1000061035156,446.1000061035156,446.1000061035156,6,0.0,0.0
2005-09-14,449.79998779296875,449.79998779296875,449.79998779296875,449.79998779296875,449.79998779296875,6,0.0,0.0
2005-09-15,455.5,455.5,455.5,455.5,455.5,6,0.0,0.0
2005-09-16,459.5,459.5,459.5,459.5,459.5,6,0.0,0.0
2005-09-19,466.70001220703125,466.70001220703125,466.70001220703125,466.70001220703125,466.70001220703125,6,0.0,0.0
2005-09-20,466.20001220703125,466.20001220703125,466.20001220703125,466.20001220703125,466.20001220703125,2,0.0,0.0
2005-09-21,468.8999938964844,468.8999938964844,468.8999938964844,468.8999938964844,468.8999938964844,2,0.0,0.0
2005-09-22,467.5,467.5,467.5,466.6000061035156,466.6000061035156,2,0.0,0.0
2005-09-23,467.20001220703125,466.79998779296875,466.79998779296875,463.5,463.5,2,0.0,0.0
2005-09-26,463.8999938964844,463.8999938964844,463.8999938964844,465.8999938964844,465.8999938964844,2,0.0,0.0
2005-09-27,462.6000061035156,462.6000061035156,462.6000061035156,462.6000061035156,462.6000061035156,2,0.0,0.0
2005-09-28,469.70001220703125,469.70001220703125,469.70001220703125,469.70001220703125,469.70001220703125,2,0.0,0.0
2005-09-29,469.70001220703125,469.70001220703125,469.70001220703125,472.20001220703125,472.20001220703125,7799,0.0,0.0
2005-09-30,472.70001220703125,474.0,468.5,469.0,469.0,2926,0.0,0.0
2005-10-03,467.79998779296875,468.0,464.20001220703125,466.1000061035156,466.1000061035156,493,0.0,0.0
2005-10-04,466.79998779296875,468.79998779296875,465.29998779296875,466.1000061035156,466.1000061035156,210,0.0,0.0
2005-10-05,465.0,465.0,463.5,466.1000061035156,466.1000061035156,226,0.0,0.0
2005-10-06,465.6000061035156,471.6000061035156,465.6000061035156,471.8999938964844,471.8999938964844,243,0.0,0.0
2005-10-07,473.0,475.5,470.0,474.70001220703125,474.70001220703125,96,0.0,0.0
2005-10-10,474.79998779296875,477.29998779296875,473.6000061035156,475.1000061035156,475.1000061035156,248,0.0,0.0
2005-10-11,475.20001220703125,477.5,475.20001220703125,477.1000061035156,477.1000061035156,99,0.0,0.0
2005-10-12,478.5,478.5,473.29998779296875,473.8999938964844,473.8999938964844,49,0.0,0.0
2005-10-13,472.0,472.0,468.29998779296875,471.1000061035156,471.1000061035156,48,0.0,0.0
2005-10-14,469.29998779296875,469.29998779296875,467.0,469.20001220703125,469.20001220703125,113,0.0,0.0
2005-10-17,473.0,475.0,473.0,474.1000061035156,474.1000061035156,18,0.0,0.0
2005-10-18,472.0,472.5,472.0,472.1000061035156,472.1000061035156,13,0.0,0.0
2005-10-19,471.0,471.0,465.0,463.5,463.5,46,0.0,0.0
2005-10-20,465.0,465.0,460.5,461.0,461.0,9,0.0,0.0
2005-10-21,462.0,462.0,462.0,467.0,467.0,9,0.0,0.0
2005-10-24,465.5,465.5,465.5,465.0,465.0,2,0.0,0.0
2005-10-25,465.0,474.0,465.0,472.79998779296875,472.79998779296875,18,0.0,0.0
2005-10-26,472.5,473.5,471.5,471.20001220703125,471.20001220703125,159,0.0,0.0
2005-10-27,471.0,475.5,471.0,473.79998779296875,473.79998779296875,2,0.0,0.0
2005-10-28,473.5,473.5,471.6000061035156,473.0,473.0,4,0.0,0.0
2005-10-31,471.1000061035156,471.1000061035156,471.1000061035156,465.1000061035156,465.1000061035156,1,0.0,0.0
2005-11-01,463.0,463.0,460.0,458.79998779296875,458.79998779296875,5,0.0,0.0
2005-11-02,462.79998779296875,462.79998779296875,462.79998779296875,462.79998779296875,462.79998779296875,2,0.0,0.0
2005-11-03,460.1000061035156,460.1000061035156,460.1000061035156,460.1000061035156,460.1000061035156,2,0.0,0.0
2005-11-04,455.29998779296875,455.29998779296875,455.29998779296875,456.29998779296875,456.29998779296875,2,0.0,0.0
2005-11-07,459.0,459.0,459.0,459.0,459.0,0,0.0,0.0
2005-11-08,458.5,458.5,458.5,460.8999938964844,460.8999938964844,10,0.0,0.0
2005-11-09,466.29998779296875,466.29998779296875,466.29998779296875,466.29998779296875,466.29998779296875,100,0.0,0.0
2005-11-10,466.6000061035156,466.6000061035156,466.6000061035156,466.6000061035156,466.6000061035156,100,0.0,0.0
2005-11-11,468.29998779296875,468.29998779296875,468.29998779296875,468.29998779296875,468.29998779296875,0,0.0,0.0
2005-11-14,468.29998779296875,468.29998779296875,468.29998779296875,468.20001220703125,468.20001220703125,0,0.0,0.0
2005-11-15,468.1000061035156,468.1000061035156,468.1000061035156,468.1000061035156,468.1000061035156,50,0.0,0.0
2005-11-16,478.29998779296875,478.29998779296875,478.29998779296875,478.29998779296875,478.29998779296875,0,0.0,0.0
2005-11-17,476.0,486.0,486.0,486.20001220703125,486.20001220703125,38,0.0,0.0
2005-11-18,485.6000061035156,485.6000061035156,485.6000061035156,485.6000061035156,485.6000061035156,38,0.0,0.0
2005-11-21,485.6000061035156,485.6000061035156,485.6000061035156,489.0,489.0,38,0.0,0.0
2005-11-22,489.0,489.0,489.0,492.6000061035156,492.6000061035156,0,0.0,0.0
2005-11-23,492.6000061035156,492.6000061035156,492.6000061035156,492.1000061035156,492.1000061035156,0,0.0,0.0
2005-11-28,502.20001220703125,502.20001220703125,502.20001220703125,498.29998779296875,498.29998779296875,109050,0.0,0.0
2005-11-29,498.70001220703125,502.29998779296875,494.29998779296875,499.1000061035156,499.1000061035156,42519,0.0,0.0
2005-11-30,500.0,500.0,492.29998779296875,494.6000061035156,494.6000061035156,5688,0.0,0.0
2005-12-01,494.20001220703125,503.0,490.5,502.5,502.5,2665,0.0,0.0
2005-12-02,503.0,507.0,500.0,503.29998779296875,503.29998779296875,1610,0.0,0.0
2005-12-05,504.5,509.70001220703125,503.5,508.8999938964844,508.8999938964844,431,0.0,0.0
2005-12-06,509.20001220703125,511.20001220703125,504.5,510.20001220703125,510.20001220703125,720,0.0,0.0
2005-12-07,510.70001220703125,517.0,509.29998779296875,514.2999877929688,514.2999877929688,985,0.0,0.0
2005-12-08,514.5999755859375,520.0,512.0,519.2999877929688,519.2999877929688,337,0.0,0.0
2005-12-09,520.4000244140625,531.0,520.0,527.0,527.0,472,0.0,0.0
2005-12-12,526.5,538.5,526.5,528.4000244140625,528.4000244140625,995,0.0,0.0
2005-12-13,528.4000244140625,530.7000122070312,520.0,521.0,521.0,583,0.0,0.0
2005-12-14,521.0,521.0,506.0,506.5,506.5,712,0.0,0.0
2005-12-15,506.0,509.0,501.0,503.8999938964844,503.8999938964844,378,0.0,0.0
2005-12-16,503.8999938964844,508.0,495.20001220703125,503.3999938964844,503.3999938964844,276,0.0,0.0
2005-12-19,509.5,509.5,504.5,503.6000061035156,503.6000061035156,150,0.0,0.0
2005-12-20,506.8999938964844,506.8999938964844,496.0,494.6000061035156,494.6000061035156,120,0.0,0.0
2005-12-21,495.5,495.5,490.1000061035156,493.0,493.0,56,0.0,0.0
2005-12-22,494.0,503.0,494.0,502.70001220703125,502.70001220703125,1632,0.0,0.0
2005-12-23,502.29998779296875,505.70001220703125,502.29998779296875,503.0,503.0,37,0.0,0.0
2005-12-27,508.70001220703125,509.0,506.0,508.0,508.0,57,0.0,0.0
2005-12-28,506.8999938964844,517.2999877929688,516.9000244140625,514.2000122070312,514.2000122070312,20,0.0,0.0
2005-12-29,515.7000122070312,515.7000122070312,515.7000122070312,515.7000122070312,515.7000122070312,2,0.0,0.0
2005-12-30,515.7000122070312,515.7000122070312,515.7000122070312,517.0999755859375,517.0999755859375,2,0.0,0.0
2006-01-03,518.5999755859375,528.5,518.5999755859375,530.7000122070312,530.7000122070312,7,0.0,0.0
2006-01-04,533.5999755859375,533.5999755859375,533.5,533.9000244140625,533.9000244140625,8,0.0,0.0
2006-01-05,529.0,529.0,526.0,526.2999877929688,526.2999877929688,10,0.0,0.0
2006-01-06,539.7000122070312,539.7000122070312,539.7000122070312,539.7000122070312,539.7000122070312,10,0.0,0.0
2006-01-09,539.7000122070312,539.7000122070312,539.7000122070312,549.0999755859375,549.0999755859375,10,0.0,0.0
2006-01-10,544.2999877929688,544.2999877929688,544.2999877929688,544.2999877929688,544.2999877929688,2,0.0,0.0
2006-01-11,548.7999877929688,548.7999877929688,548.7999877929688,548.7999877929688,548.7999877929688,0,0.0,0.0
2006-01-12,548.2999877929688,548.2999877929688,548.2999877929688,548.2999877929688,548.2999877929688,0,0.0,0.0
2006-01-13,547.0999755859375,547.0999755859375,547.0999755859375,556.0999755859375,556.0999755859375,0,0.0,0.0
2006-01-17,553.4000244140625,553.4000244140625,553.4000244140625,553.4000244140625,553.4000244140625,0,0.0,0.0
2006-01-18,543.7000122070312,543.7000122070312,543.7000122070312,543.7000122070312,543.7000122070312,0,0.0,0.0
2006-01-19,543.7000122070312,552.0,551.0,558.4000244140625,558.4000244140625,22,0.0,0.0
2006-01-20,558.4000244140625,558.4000244140625,558.4000244140625,553.5,553.5,22,0.0,0.0
2006-01-23,555.0,555.0,555.0,558.2999877929688,558.2999877929688,1,0.0,0.0
2006-01-24,555.0,555.0,555.0,557.7000122070312,557.7000122070312,2,0.0,0.0
2006-01-25,562.2000122070312,562.2000122070312,562.2000122070312,562.2000122070312,562.2000122070312,2,0.0,0.0
2006-01-26,559.7000122070312,559.7000122070312,559.7000122070312,559.7000122070312,559.7000122070312,2,0.0,0.0
2006-01-27,558.7000122070312,558.7000122070312,558.7000122070312,558.7000122070312,558.7000122070312,79958,0.0,0.0
2006-01-30,559.2000122070312,566.0,557.5999755859375,565.7999877929688,565.7999877929688,35179,0.0,0.0
2006-01-31,566.5,572.7000122070312,565.0,570.7999877929688,570.7999877929688,6749,0.0,0.0
2006-02-01,570.7999877929688,571.5999755859375,563.0,569.4000244140625,569.4000244140625,3768,0.0,0.0
2006-02-02,569.7999877929688,575.2999877929688,568.0,572.5,572.5,887,0.0,0.0
2006-02-03,571.5,574.2000122070312,565.0,567.4000244140625,567.4000244140625,686,0.0,0.0
2006-02-06,568.4000244140625,574.0,567.5,570.2000122070312,570.2000122070312,649,0.0,0.0
2006-02-07,569.5,571.0,550.5999755859375,551.0,551.0,1276,0.0,0.0
2006-02-08,551.0,553.2999877929688,545.5,550.0999755859375,550.0999755859375,762,0.0,0.0
2006-02-09,549.9000244140625,566.0,549.9000244140625,564.5,564.5,227,0.0,0.0
2006-02-10,561.9000244140625,561.9000244140625,548.0,550.2000122070312,550.2000122070312,222,0.0,0.0
2006-02-13,548.5,549.5,540.0,539.0,539.0,645,0.0,0.0
2006-02-14,538.0,546.0,535.5,545.9000244140625,545.9000244140625,142,0.0,0.0
2006-02-15,544.9000244140625,545.0,538.0,539.7000122070312,539.7000122070312,150,0.0,0.0
2006-02-16,539.0,546.0,537.2000122070312,546.0,546.0,96,0.0,0.0
2006-02-17,548.0,552.5,546.0,551.7999877929688,551.7999877929688,55,0.0,0.0
2006-02-21,550.5,556.5,550.5,553.9000244140625,553.9000244140625,86,0.0,0.0
2006-02-22,552.5999755859375,554.7999877929688,551.0,553.9000244140625,553.9000244140625,253,0.0,0.0
2006-02-23,554.5,555.5,548.5,548.4000244140625,548.4000244140625,174,0.0,0.0
2006-02-24,547.5,560.0,547.5,558.7999877929688,558.7999877929688,14,0.0,0.0
2006-02-27,556.0999755859375,556.0999755859375,552.5,554.7000122070312,554.7000122070312,24,0.0,0.0
2006-02-28,553.0999755859375,558.0,553.0999755859375,561.5999755859375,561.5999755859375,49,0.0,0.0
2006-03-01,562.5,564.5,562.5,563.5,563.5,1,0.0,0.0
2006-03-02,568.2000122070312,568.2000122070312,568.2000122070312,568.2000122070312,568.2000122070312,1,0.0,0.0
2006-03-03,569.7999877929688,569.7999877929688,568.7000122070312,566.0,566.0,2,0.0,0.0
2006-03-06,554.7999877929688,554.7999877929688,554.7999877929688,554.9000244140625,554.9000244140625,2,0.0,0.0
2006-03-07,554.5,554.5,554.0,552.7000122070312,552.7000122070312,3,0.0,0.0
2006-03-08,540.0,540.0,540.0,542.5,542.5,3,0.0,0.0
2006-03-09,545.0,545.2000122070312,544.2999877929688,545.5,545.5,25,0.0,0.0
2006-03-10,539.9000244140625,539.9000244140625,539.9000244140625,539.9000244140625,539.9000244140625,3,0.0,0.0
2006-03-13,541.0,542.5,541.0,546.0999755859375,546.0999755859375,4,0.0,0.0
2006-03-14,551.7000122070312,551.7000122070312,551.7000122070312,551.7000122070312,551.7000122070312,4,0.0,0.0
2006-03-15,553.0999755859375,553.0999755859375,553.0999755859375,553.0999755859375,553.0999755859375,4,0.0,0.0
2006-03-16,554.4000244140625,554.4000244140625,554.4000244140625,554.4000244140625,554.4000244140625,4,0.0,0.0
2006-03-17,554.0999755859375,554.0999755859375,554.0999755859375,554.0999755859375,554.0999755859375,4,0.0,0.0
2006-03-20,555.2000122070312,555.2000122070312,555.2000122070312,555.2000122070312,555.2000122070312,4,0.0,0.0
2006-03-21,552.4000244140625,552.4000244140625,552.4000244140625,552.4000244140625,552.4000244140625,4,0.0,0.0
2006-03-22,550.9000244140625,550.9000244140625,550.9000244140625,550.9000244140625,550.9000244140625,300,0.0,0.0
2006-03-23,550.0999755859375,550.0999755859375,550.0999755859375,550.0999755859375,550.0999755859375,547,0.0,0.0
2006-03-24,560.0,560.0,560.0,560.0,560.0,547,0.0,0.0
2006-03-27,567.0,567.0,567.0,567.0,567.0,547,0.0,0.0
2006-03-28,566.5999755859375,566.5999755859375,566.5999755859375,566.5999755859375,566.5999755859375,547,0.0,0.0
2006-03-29,573.0,573.0,573.0,573.0,573.0,64190,0.0,0.0
2006-03-30,572.5999755859375,587.4000244140625,571.2999877929688,586.7000122070312,586.7000122070312,25210,0.0,0.0
2006-03-31,586.0,589.5999755859375,579.0,581.7999877929688,581.7999877929688,2845,0.0,0.0
2006-04-03,582.0,592.0,582.0,589.4000244140625,589.4000244140625,729,0.0,0.0
2006-04-04,588.0,590.5,585.5,586.0,586.0,1293,0.0,0.0
2006-04-05,587.0,590.7999877929688,582.5999755859375,587.9000244140625,587.9000244140625,736,0.0,0.0
2006-04-06,588.0,595.5999755859375,588.0,595.2000122070312,595.2000122070312,855,0.0,0.0
2006-04-07,595.5,598.2999877929688,585.5,588.4000244140625,588.4000244140625,450,0.0,0.0
2006-04-10,589.0,599.0,589.0,597.5999755859375,597.5999755859375,316,0.0,0.0
2006-04-11,602.0,604.0,595.0,595.2000122070312,595.2000122070312,697,0.0,0.0
2006-04-12,597.2999877929688,600.0,597.2999877929688,597.5,597.5,38,0.0,0.0
2006-04-13,596.5,597.5,592.0,596.5,596.5,107,0.0,0.0
2006-04-17,605.0,616.5,605.0,615.4000244140625,615.4000244140625,1125,0.0,0.0
2006-04-18,614.5999755859375,620.5,614.5999755859375,620.0,620.0,502,0.0,0.0
2006-04-19,620.5,632.0,620.5,632.5999755859375,632.5999755859375,99,0.0,0.0
2006-04-20,640.0,642.0,611.0,619.7999877929688,619.7999877929688,537,0.0,0.0
2006-04-21,615.0,637.0,611.2000122070312,632.2000122070312,632.2000122070312,222,0.0,0.0
2006-04-24,634.0,634.0,620.0,620.5999755859375,620.5999755859375,288,0.0,0.0
2006-04-25,620.5999755859375,632.0,620.5999755859375,631.0,631.0,112,0.0,0.0
2006-04-26,635.0,639.5,635.0,638.7999877929688,638.7999877929688,3,0.0,0.0
2006-04-27,636.5,636.5,636.5,633.2999877929688,633.2999877929688,6,0.0,0.0
2006-04-28,651.7999877929688,651.7999877929688,651.7999877929688,651.7999877929688,651.7999877929688,6,0.0,0.0
2006-05-01,658.0,658.0,658.0,657.5,657.5,9,0.0,0.0
2006-05-02,666.0,666.0,666.0,664.7000122070312,664.7000122070312,2,0.0,0.0
2006-05-03,669.2000122070312,669.2000122070312,669.2000122070312,665.9000244140625,665.9000244140625,1,0.0,0.0
2006-05-04,674.2000122070312,674.2000122070312,674.2000122070312,674.2000122070312,674.2000122070312,1,0.0,0.0
2006-05-05,682.2000122070312,682.2000122070312,682.2000122070312,682.2000122070312,682.2000122070312,1,0.0,0.0
2006-05-08,679.0,679.0,679.0,677.7999877929688,677.7999877929688,2,0.0,0.0
2006-05-09,679.0,679.0,679.0,699.4000244140625,699.4000244140625,8,0.0,0.0
2006-05-10,695.5,695.5,695.5,703.7000122070312,703.7000122070312,4,0.0,0.0
2006-05-11,723.0,723.0,723.0,719.7999877929688,719.7999877929688,10,0.0,0.0
2006-05-12,714.0,714.0,706.0,710.2999877929688,710.2999877929688,32,0.0,0.0
2006-05-15,710.2999877929688,710.2999877929688,710.2999877929688,683.5999755859375,683.5999755859375,32,0.0,0.0
2006-05-16,710.2999877929688,710.2999877929688,710.2999877929688,691.5,691.5,0,0.0,0.0
2006-05-17,690.5,690.5,690.5,690.5,690.5,0,0.0,0.0
2006-05-18,679.5999755859375,679.5999755859375,679.5999755859375,679.5999755859375,679.5999755859375,0,0.0,0.0
2006-05-19,679.5999755859375,679.5999755859375,679.5999755859375,656.7000122070312,656.7000122070312,0,0.0,0.0
2006-05-22,656.5,656.5,656.5,657.0,657.0,0,0.0,0.0
2006-05-23,673.0,673.0,673.0,673.0,673.0,0,0.0,0.0
2006-05-24,637.0,637.0,637.0,637.0,637.0,0,0.0,0.0
2006-05-25,648.2999877929688,648.2999877929688,648.2999877929688,648.4000244140625,648.4000244140625,0,0.0,0.0
2006-05-26,648.4000244140625,648.4000244140625,648.4000244140625,650.9000244140625,650.9000244140625,80564,0.0,0.0
2006-05-30,650.7000122070312,664.5,648.2000122070312,653.9000244140625,653.9000244140625,51461,0.0,0.0
2006-05-31,651.0,658.5,638.0,642.5,642.5,5034,0.0,0.0
2006-06-01,642.7999877929688,645.0999755859375,620.0,627.5999755859375,627.5999755859375,1682,0.0,0.0
2006-06-02,628.0,637.5,622.5999755859375,635.5,635.5,1151,0.0,0.0
2006-06-05,635.5,645.0,635.5,643.2000122070312,643.2000122070312,613,0.0,0.0
2006-06-06,643.4000244140625,643.4000244140625,625.0,629.4000244140625,629.4000244140625,361,0.0,0.0
2006-06-07,629.2000122070312,629.7999877929688,617.5,627.4000244140625,627.4000244140625,793,0.0,0.0
2006-06-08,627.5999755859375,627.5999755859375,608.5,609.0999755859375,609.0999755859375,532,0.0,0.0
2006-06-09,610.0,615.7999877929688,606.9000244140625,608.2000122070312,608.2000122070312,73,0.0,0.0
2006-06-12,606.0,610.0,606.0,606.7999877929688,606.7999877929688,19,0.0,0.0
2006-06-13,571.2000122070312,605.5999755859375,568.0,562.5,562.5,207,0.0,0.0
2006-06-14,555.0,571.0,555.0,562.2999877929688,562.2999877929688,243,0.0,0.0
2006-06-15,557.2999877929688,577.0,557.2999877929688,566.5,566.5,135,0.0,0.0
2006-06-16,566.5,574.7000122070312,572.0,578.0,578.0,4,0.0,0.0
2006-06-19,568.7999877929688,568.7999877929688,568.7999877929688,568.7999877929688,568.7999877929688,6,0.0,0.0
2006-06-20,571.0,571.0,568.0,576.9000244140625,576.9000244140625,4,0.0,0.0
2006-06-21,572.0,585.0,572.0,587.5,587.5,60,0.0,0.0
2006-06-22,588.0,588.0,587.0,582.2000122070312,582.2000122070312,14,0.0,0.0
2006-06-23,583.9000244140625,584.0,574.0,584.7999877929688,584.7999877929688,19,0.0,0.0
2006-06-26,583.0,584.0,580.0,584.7999877929688,584.7999877929688,119,0.0,0.0
2006-06-27,589.0,589.0,589.0,581.5999755859375,581.5999755859375,39,0.0,0.0
2006-06-28,585.5,586.0,580.0,578.2999877929688,578.2999877929688,1,0.0,0.0
2006-06-29,586.5,586.5,586.5,586.5,586.5,104,0.0,0.0
2006-06-30,560.9000244140625,614.5,609.0,613.5,613.5,18,0.0,0.0
2006-07-05,631.0,631.0,631.0,627.2999877929688,627.2999877929688,94,0.0,0.0
2006-07-06,624.0,624.0,624.0,634.0999755859375,634.0999755859375,6,0.0,0.0
2006-07-07,634.2999877929688,634.2999877929688,634.2999877929688,632.7999877929688,632.7999877929688,6,0.0,0.0
2006-07-10,632.7999877929688,632.7999877929688,632.7999877929688,624.0999755859375,624.0999755859375,6,0.0,0.0
2006-07-11,632.7999877929688,632.7999877929688,632.7999877929688,641.2000122070312,641.2000122070312,6,0.0,0.0
2006-07-12,632.7999877929688,632.7999877929688,632.7999877929688,649.4000244140625,649.4000244140625,6,0.0,0.0
2006-07-13,652.9000244140625,652.9000244140625,652.9000244140625,652.9000244140625,652.9000244140625,6,0.0,0.0
2006-07-14,666.5999755859375,666.5999755859375,666.5999755859375,666.5999755859375,666.5999755859375,6,0.0,0.0
2006-07-17,675.0999755859375,677.0,675.0999755859375,650.5999755859375,650.5999755859375,40,0.0,0.0
2006-07-18,628.2999877929688,628.2999877929688,628.2999877929688,628.2999877929688,628.2999877929688,40,0.0,0.0
2006-07-19,641.5999755859375,641.5999755859375,641.5999755859375,641.5999755859375,641.5999755859375,40,0.0,0.0
2006-07-20,641.5999755859375,641.5999755859375,641.5999755859375,631.7000122070312,631.7000122070312,40,0.0,0.0
2006-07-21,631.7000122070312,631.7000122070312,631.7000122070312,619.5999755859375,619.5999755859375,600,0.0,0.0
2006-07-24,619.5999755859375,619.5999755859375,619.5999755859375,612.7000122070312,612.7000122070312,600,0.0,0.0
2006-07-25,612.7000122070312,612.7000122070312,612.7000122070312,617.5999755859375,617.5999755859375,600,0.0,0.0
2006-07-26,621.5999755859375,621.5999755859375,621.5999755859375,621.5999755859375,621.5999755859375,1,0.0,0.0
2006-07-27,632.4000244140625,632.4000244140625,632.4000244140625,632.4000244140625,632.4000244140625,66412,0.0,0.0
2006-07-28,632.5,636.5999755859375,625.0,634.7999877929688,634.7999877929688,27652,0.0,0.0
2006-07-31,634.5,646.5,627.0,634.2000122070312,634.2000122070312,3183,0.0,0.0
2006-08-01,635.4000244140625,646.5,629.5,646.2999877929688,646.2999877929688,1360,0.0,0.0
2006-08-02,645.7999877929688,656.0,644.7000122070312,651.5999755859375,651.5999755859375,414,0.0,0.0
2006-08-03,651.0,651.0,638.0,644.9000244140625,644.9000244140625,429,0.0,0.0
2006-08-04,646.0,653.5,643.0,644.0,644.0,97,0.0,0.0
2006-08-07,651.2000122070312,652.0,646.5,647.7999877929688,647.7999877929688,139,0.0,0.0
2006-08-08,646.7999877929688,646.7999877929688,640.0,645.7000122070312,645.7000122070312,43,0.0,0.0
2006-08-09,645.0,654.5,638.5,650.5,650.5,65,0.0,0.0
2006-08-10,650.2000122070312,651.2999877929688,634.0,634.9000244140625,634.9000244140625,127,0.0,0.0
2006-08-11,638.0,642.2999877929688,626.0,633.5,633.5,596,0.0,0.0
2006-08-14,629.9000244140625,629.9000244140625,620.0,628.5,628.5,147,0.0,0.0
2006-08-15,625.0,625.5,622.0,622.5,622.5,124,0.0,0.0
2006-08-16,631.0,631.0,627.0,628.7000122070312,628.7000122070312,206,0.0,0.0
2006-08-17,627.5,628.5,615.5,615.4000244140625,615.4000244140625,295,0.0,0.0
2006-08-18,614.2000122070312,617.0,609.0,612.0999755859375,612.0999755859375,102,0.0,0.0
2006-08-21,613.5999755859375,626.5,613.5999755859375,625.7000122070312,625.7000122070312,117,0.0,0.0
2006-08-22,626.0,628.0,623.5,624.5999755859375,624.5999755859375,19,0.0,0.0
2006-08-23,624.5999755859375,628.0,623.2000122070312,623.7000122070312,623.7000122070312,20,0.0,0.0
2006-08-24,621.5999755859375,624.5,618.0,619.5,619.5,35,0.0,0.0
2006-08-25,622.5,623.5,621.7999877929688,622.0,622.0,173,0.0,0.0
2006-08-28,621.7000122070312,621.7000122070312,614.0,615.2999877929688,615.2999877929688,46,0.0,0.0
2006-08-29,616.7999877929688,616.7999877929688,610.5,610.7000122070312,610.7000122070312,2,0.0,0.0
2006-08-30,615.5999755859375,618.0,611.7999877929688,617.7000122070312,617.7000122070312,26,0.0,0.0
2006-08-31,625.9000244140625,625.9000244140625,625.9000244140625,625.9000244140625,625.9000244140625,26,0.0,0.0
2006-09-01,624.4000244140625,624.4000244140625,624.4000244140625,624.4000244140625,624.4000244140625,26,0.0,0.0
2006-09-04,624.4000244140625,624.4000244140625,624.4000244140625,624.4000244140625,624.4000244140625,26,0.0,0.0
2006-09-05,638.5,638.5,638.5,638.5,638.5,23,0.0,0.0
2006-09-06,633.5,633.5,633.5,633.5,633.5,102,0.0,0.0
2006-09-07,617.0,617.0,617.0,617.0,617.0,102,0.0,0.0
2006-09-08,609.5999755859375,609.5999755859375,609.5999755859375,609.5999755859375,609.5999755859375,102,0.0,0.0
2006-09-11,590.0,590.0,590.0,590.0,590.0,0,0.0,0.0
2006-09-12,591.0,591.0,591.0,586.9000244140625,586.9000244140625,10,0.0,0.0
2006-09-13,589.0999755859375,589.0999755859375,589.0999755859375,589.0999755859375,589.0999755859375,10,0.0,0.0
2006-09-14,579.2999877929688,579.2999877929688,579.2999877929688,579.2999877929688,579.2999877929688,0,0.0,0.0
2006-09-15,576.4000244140625,576.4000244140625,576.4000244140625,576.4000244140625,576.4000244140625,0,0.0,0.0
2006-09-18,586.2000122070312,586.2000122070312,586.2000122070312,586.2000122070312,586.2000122070312,0,0.0,0.0
2006-09-19,576.7999877929688,576.7999877929688,576.7999877929688,576.7999877929688,576.7999877929688,0,0.0,0.0
2006-09-20,584.0,584.0,584.0,580.0,580.0,2,0.0,0.0
2006-09-21,582.2000122070312,582.2000122070312,582.2000122070312,582.2000122070312,582.2000122070312,0,0.0,0.0
2006-09-22,589.4000244140625,589.4000244140625,589.4000244140625,589.4000244140625,589.4000244140625,0,0.0,0.0
2006-09-25,589.9000244140625,589.9000244140625,589.9000244140625,589.9000244140625,589.9000244140625,0,0.0,0.0
2006-09-26,591.2000122070312,591.2000122070312,591.2000122070312,591.2000122070312,591.2000122070312,0,0.0,0.0
2006-09-27,597.2999877929688,597.2999877929688,597.2999877929688,597.2999877929688,597.2999877929688,7818,0.0,0.0
2006-09-28,597.7000122070312,606.2000122070312,597.7000122070312,605.0,605.0,8709,0.0,0.0
2006-09-29,605.0999755859375,605.0999755859375,595.0,598.5999755859375,598.5999755859375,662,0.0,0.0
2006-10-02,598.9000244140625,604.0,598.0,597.7000122070312,597.7000122070312,109,0.0,0.0
2006-10-03,591.0,591.9000244140625,580.0,576.2999877929688,576.2999877929688,160,0.0,0.0
2006-10-04,573.9000244140625,577.0,561.0,562.0,562.0,4584,0.0,0.0
2006-10-05,565.9000244140625,575.0,565.9000244140625,571.0,571.0,22,0.0,0.0
2006-10-06,572.0,572.5,560.5,572.4000244140625,572.4000244140625,24,0.0,0.0
2006-10-09,578.0,578.0,578.0,578.4000244140625,578.4000244140625,93,0.0,0.0
2006-10-10,574.5,574.5,568.0,571.9000244140625,571.9000244140625,136,0.0,0.0
2006-10-11,578.0,578.0,578.0,572.2999877929688,572.2999877929688,1,0.0,0.0
2006-10-12,575.0,575.0,575.0,576.2999877929688,576.2999877929688,5,0.0,0.0
2006-10-13,585.5,585.5,585.5,588.7999877929688,588.7999877929688,8,0.0,0.0
2006-10-16,593.5,594.5,593.5,594.7000122070312,594.7000122070312,210,0.0,0.0
2006-10-17,598.5,598.5,588.5,589.7000122070312,589.7000122070312,14,0.0,0.0
2006-10-18,592.5,594.0,591.5,588.9000244140625,588.9000244140625,18,0.0,0.0
2006-10-19,588.9000244140625,588.9000244140625,588.7000122070312,599.0,599.0,103,0.0,0.0
2006-10-20,597.5,597.5,597.0,593.0,593.0,4,0.0,0.0
2006-10-23,579.7000122070312,579.7000122070312,579.7000122070312,579.7000122070312,579.7000122070312,4,0.0,0.0
2006-10-24,576.5,576.5,576.5,584.4000244140625,584.4000244140625,501,0.0,0.0
2006-10-25,587.5999755859375,587.5999755859375,587.5999755859375,587.5999755859375,587.5999755859375,199,0.0,0.0
2006-10-26,595.0,595.5,595.0,596.7999877929688,596.7999877929688,26,0.0,0.0
2006-10-27,598.2000122070312,598.2000122070312,598.2000122070312,598.2000122070312,598.2000122070312,5,0.0,0.0
2006-10-30,608.5,608.9000244140625,608.0,604.7000122070312,604.7000122070312,13,0.0,0.0
2006-10-31,604.0999755859375,604.0999755859375,604.0999755859375,604.0999755859375,604.0999755859375,0,0.0,0.0
2006-11-01,612.5,612.5,612.5,616.5999755859375,616.5999755859375,6,0.0,0.0
2006-11-02,625.4000244140625,625.4000244140625,625.4000244140625,625.4000244140625,625.4000244140625,6,0.0,0.0
2006-11-03,626.9000244140625,626.9000244140625,626.9000244140625,626.9000244140625,626.9000244140625,0,0.0,0.0
2006-11-06,625.7999877929688,625.7999877929688,625.7999877929688,625.7999877929688,625.7999877929688,0,0.0,0.0
2006-11-07,625.7000122070312,625.7000122070312,625.7000122070312,625.7000122070312,625.7000122070312,0,0.0,0.0
2006-11-08,616.4000244140625,616.4000244140625,616.4000244140625,616.4000244140625,616.4000244140625,0,0.0,0.0
2006-11-09,617.0,617.0,617.0,635.0,635.0,2,0.0,0.0
2006-11-10,628.4000244140625,628.4000244140625,628.4000244140625,628.4000244140625,628.4000244140625,2,0.0,0.0
2006-11-13,629.0,629.0,629.0,624.2000122070312,624.2000122070312,1,0.0,0.0
2006-11-14,620.5,620.5,620.5,623.7999877929688,623.7999877929688,1,0.0,0.0
2006-11-15,622.5,622.5,622.5,622.5,622.5,0,0.0,0.0
2006-11-16,620.5999755859375,620.5999755859375,620.5999755859375,620.5999755859375,620.5999755859375,0,0.0,0.0
2006-11-17,617.5,617.5,617.5,621.5,621.5,10,0.0,0.0
2006-11-20,621.5,621.5,621.5,621.2000122070312,621.2000122070312,0,0.0,0.0
2006-11-21,628.0999755859375,628.0999755859375,628.0999755859375,628.2000122070312,628.2000122070312,0,0.0,0.0
2006-11-22,628.7000122070312,628.7000122070312,628.7000122070312,628.7000122070312,628.7000122070312,0,0.0,0.0
2006-11-24,628.7000122070312,628.7000122070312,628.7000122070312,628.7000122070312,628.7000122070312,0,0.0,0.0
2006-11-28,637.2000122070312,637.2000122070312,637.2000122070312,637.2000122070312,637.2000122070312,82649,0.0,0.0
2006-11-29,638.4000244140625,640.2999877929688,634.5,635.5,635.5,29111,0.0,0.0
2006-11-30,635.0,648.0,635.0,646.9000244140625,646.9000244140625,2327,0.0,0.0
2006-12-01,645.7000122070312,649.7000122070312,643.5,644.7000122070312,644.7000122070312,728,0.0,0.0
2006-12-04,647.0999755859375,648.0,640.5,645.2000122070312,645.2000122070312,562,0.0,0.0
2006-12-05,644.2999877929688,648.0,640.5,642.2999877929688,642.2999877929688,214,0.0,0.0
2006-12-06,640.5,640.5,631.0,630.5,630.5,247,0.0,0.0
2006-12-07,628.2999877929688,632.5,625.0,631.9000244140625,631.9000244140625,316,0.0,0.0
2006-12-08,633.2999877929688,636.5,626.0,626.0999755859375,626.0999755859375,104,0.0,0.0
2006-12-11,623.0,629.7000122070312,622.4000244140625,630.0,630.0,467,0.0,0.0
2006-12-12,630.2999877929688,630.5,627.5,627.0,627.0,222,0.0,0.0
2006-12-13,634.7999877929688,632.5,624.0,627.9000244140625,627.9000244140625,81,0.0,0.0
2006-12-14,628.0,628.5,627.5,626.5999755859375,626.5999755859375,43,0.0,0.0
2006-12-15,625.5,627.7000122070312,613.0,615.0,615.0,118,0.0,0.0
2006-12-18,614.0,616.5,612.0,614.0,614.0,57,0.0,0.0
2006-12-19,620.9000244140625,620.9000244140625,616.5,621.5999755859375,621.5999755859375,40,0.0,0.0
2006-12-20,621.4000244140625,622.7000122070312,619.7000122070312,620.5999755859375,620.5999755859375,385,0.0,0.0
2006-12-21,620.7999877929688,620.7999877929688,618.0,618.2000122070312,618.2000122070312,22,0.0,0.0
2006-12-22,619.0,619.0,618.7000122070312,619.0999755859375,619.0999755859375,122,0.0,0.0
2006-12-26,625.0999755859375,628.0,623.0,623.7000122070312,623.7000122070312,58,0.0,0.0
2006-12-27,627.2000122070312,627.2000122070312,627.2000122070312,627.2000122070312,627.2000122070312,3,0.0,0.0
2006-12-28,627.0999755859375,627.0999755859375,626.0,634.0999755859375,634.0999755859375,17,0.0,0.0
2006-12-29,635.2000122070312,635.2000122070312,635.2000122070312,635.2000122070312,635.2000122070312,17,0.0,0.0
2007-01-02,635.2000122070312,635.2000122070312,635.2000122070312,635.2000122070312,635.2000122070312,17,0.0,0.0
2007-01-03,640.4000244140625,640.4000244140625,628.5,627.0999755859375,627.0999755859375,38,0.0,0.0
2007-01-04,624.5,624.5,624.5,623.9000244140625,623.9000244140625,4,0.0,0.0
2007-01-05,623.7000122070312,623.7000122070312,617.2999877929688,604.9000244140625,604.9000244140625,531,0.0,0.0
2007-01-08,607.5,607.5,607.5,607.5,607.5,1000,0.0,0.0
2007-01-09,607.0,607.0,607.0,613.0999755859375,613.0999755859375,2,0.0,0.0
2007-01-10,611.5999755859375,611.5999755859375,611.5999755859375,611.5999755859375,611.5999755859375,2,0.0,0.0
2007-01-11,612.4000244140625,612.4000244140625,612.4000244140625,612.4000244140625,612.4000244140625,0,0.0,0.0
2007-01-12,616.2000122070312,616.2000122070312,616.2000122070312,625.5,625.5,1,0.0,0.0
2007-01-16,623.5999755859375,623.5999755859375,623.5999755859375,624.5999755859375,624.5999755859375,2,0.0,0.0
2007-01-17,630.5,632.5999755859375,630.5,632.0999755859375,632.0999755859375,2,0.0,0.0
2007-01-18,627.0999755859375,627.0999755859375,627.0999755859375,627.0999755859375,627.0999755859375,2,0.0,0.0
2007-01-19,633.5,633.5,633.5,635.5,635.5,2,0.0,0.0
2007-01-22,633.2999877929688,633.2999877929688,633.2999877929688,633.2999877929688,633.2999877929688,2,0.0,0.0
2007-01-23,642.2000122070312,642.2000122070312,642.2000122070312,645.2000122070312,645.2000122070312,1,0.0,0.0
2007-01-24,640.2999877929688,640.2999877929688,640.2999877929688,647.5999755859375,647.5999755859375,1,0.0,0.0
2007-01-25,647.7999877929688,647.7999877929688,647.7999877929688,647.7999877929688,647.7999877929688,1,0.0,0.0
2007-01-26,644.5,644.5,644.5,644.5,644.5,2,0.0,0.0
2007-01-29,643.0999755859375,643.0999755859375,643.0999755859375,643.0999755859375,643.0999755859375,71048,0.0,0.0
2007-01-30,643.0,647.5,640.7999877929688,644.2000122070312,644.2000122070312,25819,0.0,0.0
2007-01-31,646.5,655.5,641.7999877929688,652.0,652.0,3048,0.0,0.0
2007-02-01,652.9000244140625,661.5,652.5999755859375,657.4000244140625,657.4000244140625,1198,0.0,0.0
2007-02-02,655.7000122070312,659.2999877929688,642.0,646.2000122070312,646.2000122070312,449,0.0,0.0
2007-02-05,649.0,651.0,647.0,650.9000244140625,650.9000244140625,196,0.0,0.0
2007-02-06,648.2000122070312,659.0,648.0999755859375,653.5999755859375,653.5999755859375,169,0.0,0.0
2007-02-07,654.7999877929688,655.5,650.4000244140625,652.2999877929688,652.2999877929688,156,0.0,0.0
2007-02-08,650.0,659.2999877929688,649.0999755859375,658.0,658.0,463,0.0,0.0
2007-02-09,659.0999755859375,669.5,658.0,667.5,667.5,127,0.0,0.0
2007-02-12,664.2999877929688,665.9000244140625,661.0,662.5999755859375,662.5999755859375,65,0.0,0.0
2007-02-13,664.2999877929688,669.0,663.7999877929688,663.9000244140625,663.9000244140625,41,0.0,0.0
2007-02-14,666.7000122070312,672.0,666.7000122070312,667.4000244140625,667.4000244140625,167,0.0,0.0
2007-02-15,668.5,668.5,663.0,667.2999877929688,667.2999877929688,93,0.0,0.0
2007-02-16,664.5,668.4000244140625,664.5,668.7999877929688,668.7999877929688,93,0.0,0.0
2007-02-20,671.0,671.0,658.2999877929688,657.0999755859375,657.0999755859375,26,0.0,0.0
2007-02-21,660.4000244140625,682.2999877929688,657.5,680.2000122070312,680.2000122070312,33,0.0,0.0
2007-02-22,676.5,679.2999877929688,676.5,679.4000244140625,679.4000244140625,344,0.0,0.0
2007-02-23,678.2999877929688,685.2999877929688,674.0,683.0999755859375,683.0999755859375,146,0.0,0.0
2007-02-26,684.5999755859375,687.5999755859375,683.7999877929688,686.5,686.5,34,0.0,0.0
2007-02-27,684.0,687.7000122070312,668.5,683.9000244140625,683.9000244140625,150,0.0,0.0
2007-02-28,665.5999755859375,674.5,662.0,669.4000244140625,669.4000244140625,6,0.0,0.0
2007-03-01,673.0,673.0,673.0,662.2999877929688,662.2999877929688,1,0.0,0.0
2007-03-02,641.5,641.5,641.5,641.5,641.5,24,0.0,0.0
2007-03-05,640.2000122070312,640.2000122070312,640.0,636.7000122070312,636.7000122070312,17,0.0,0.0
2007-03-06,643.7000122070312,644.5,641.2999877929688,643.7999877929688,643.7999877929688,15,0.0,0.0
2007-03-07,650.5999755859375,650.5999755859375,650.5999755859375,650.5999755859375,650.5999755859375,13,0.0,0.0
2007-03-08,653.4000244140625,653.4000244140625,653.4000244140625,653.4000244140625,653.4000244140625,13,0.0,0.0
2007-03-09,650.0,650.0,650.0,650.0,650.0,320,0.0,0.0
2007-03-12,648.0,648.0,648.0,648.4000244140625,648.4000244140625,8,0.0,0.0
2007-03-13,647.5999755859375,647.5999755859375,647.5999755859375,647.5999755859375,647.5999755859375,20,0.0,0.0
2007-03-14,640.9000244140625,640.9000244140625,640.9000244140625,640.9000244140625,640.9000244140625,8,0.0,0.0
2007-03-15,645.7000122070312,645.7000122070312,645.7000122070312,645.7000122070312,645.7000122070312,8,0.0,0.0
2007-03-16,652.9000244140625,652.9000244140625,652.7000122070312,652.5999755859375,652.5999755859375,15,0.0,0.0
2007-03-19,653.0999755859375,653.0999755859375,653.0999755859375,653.0999755859375,653.0999755859375,15,0.0,0.0
2007-03-20,657.9000244140625,657.9000244140625,657.9000244140625,657.9000244140625,657.9000244140625,0,0.0,0.0
2007-03-21,659.0,659.0,659.0,659.0,659.0,0,0.0,0.0
2007-03-22,663.4000244140625,663.4000244140625,663.4000244140625,663.4000244140625,663.4000244140625,27,0.0,0.0
2007-03-23,656.7000122070312,656.7000122070312,656.7000122070312,656.7000122070312,656.7000122070312,200,0.0,0.0
2007-03-26,663.4000244140625,663.4000244140625,663.4000244140625,663.4000244140625,663.4000244140625,0,0.0,0.0
2007-03-27,662.0999755859375,662.0999755859375,662.0999755859375,662.0999755859375,662.0999755859375,0,0.0,0.0
2007-03-28,666.5,666.5,666.5,666.5,666.5,10244,0.0,0.0
2007-03-29,665.9000244140625,666.2000122070312,654.5999755859375,661.5,661.5,37425,0.0,0.0
2007-03-30,661.2000122070312,667.7000122070312,659.0999755859375,663.0,663.0,4623,0.0,0.0
2007-04-02,665.5,665.5,656.0999755859375,665.7000122070312,665.7000122070312,1468,0.0,0.0
2007-04-03,663.0999755859375,667.2999877929688,662.2000122070312,664.0,664.0,291,0.0,0.0
2007-04-04,664.0,675.0,664.0,672.0999755859375,672.0999755859375,1718,0.0,0.0
2007-04-05,674.2000122070312,676.0,671.5,674.2000122070312,674.2000122070312,226,0.0,0.0
2007-04-09,671.0999755859375,677.5,671.0999755859375,671.9000244140625,671.9000244140625,35,0.0,0.0
2007-04-10,673.9000244140625,681.5,673.9000244140625,676.5,676.5,29,0.0,0.0
2007-04-11,678.2999877929688,680.2999877929688,674.7999877929688,676.7999877929688,676.7999877929688,31,0.0,0.0
2007-04-12,677.0,677.5,673.0999755859375,675.0999755859375,675.0999755859375,63,0.0,0.0
2007-04-13,680.2000122070312,683.5999755859375,680.2000122070312,685.4000244140625,685.4000244140625,25,0.0,0.0
2007-04-16,685.0999755859375,690.0999755859375,685.0999755859375,690.0999755859375,690.0999755859375,55,0.0,0.0
2007-04-17,689.0,689.4000244140625,687.2000122070312,688.2000122070312,688.2000122070312,29,0.0,0.0
2007-04-18,689.0999755859375,690.5999755859375,687.0,689.0999755859375,689.0999755859375,13,0.0,0.0
2007-04-19,681.9000244140625,685.7000122070312,681.9000244140625,684.2999877929688,684.2999877929688,58,0.0,0.0
2007-04-20,690.0999755859375,692.5,690.0999755859375,692.0,692.0,24,0.0,0.0
2007-04-23,689.0,689.0,688.0,690.5999755859375,690.5999755859375,16,0.0,0.0
2007-04-24,689.4000244140625,691.2999877929688,683.0,684.2000122070312,684.2000122070312,220,0.0,0.0
2007-04-25,686.5,686.5,683.7999877929688,684.0999755859375,684.0999755859375,17,0.0,0.0
2007-04-26,684.5,686.7999877929688,673.5,674.9000244140625,674.9000244140625,51,0.0,0.0
2007-04-27,673.0,678.2999877929688,673.0,678.7000122070312,678.7000122070312,55,0.0,0.0
2007-04-30,677.4000244140625,680.0,677.2999877929688,680.5,680.5,12,0.0,0.0
2007-05-01,673.7000122070312,673.7000122070312,673.0,674.4000244140625,674.4000244140625,6,0.0,0.0
2007-05-02,672.2999877929688,672.2999877929688,672.2999877929688,672.2999877929688,672.2999877929688,0,0.0,0.0
2007-05-03,681.7999877929688,681.7999877929688,681.7999877929688,681.7999877929688,681.7999877929688,0,0.0,0.0
2007-05-04,687.2000122070312,687.2000122070312,687.2000122070312,687.2000122070312,687.2000122070312,0,0.0,0.0
2007-05-07,688.0,688.0,688.0,688.0,688.0,1,0.0,0.0
2007-05-08,685.0999755859375,685.0999755859375,685.0999755859375,685.0999755859375,685.0999755859375,1,0.0,0.0
2007-05-09,680.2999877929688,680.2999877929688,680.2999877929688,680.2999877929688,680.2999877929688,1,0.0,0.0
2007-05-10,651.0,651.0,651.0,665.0999755859375,665.0999755859375,0,0.0,0.0
2007-05-11,670.5999755859375,670.5999755859375,670.5999755859375,670.5999755859375,670.5999755859375,0,0.0,0.0
2007-05-14,668.5,668.5,668.5,668.5,668.5,0,0.0,0.0
2007-05-15,673.0,673.0,673.0,673.0,673.0,0,0.0,0.0
2007-05-16,660.2000122070312,660.2000122070312,660.2000122070312,660.2000122070312,660.2000122070312,0,0.0,0.0
2007-05-17,656.2000122070312,656.2000122070312,656.2000122070312,656.2000122070312,656.2000122070312,0,0.0,0.0
2007-05-18,661.0,661.0,661.0,661.0,661.0,0,0.0,0.0
2007-05-21,660.7000122070312,661.4000244140625,660.0,662.9000244140625,662.9000244140625,6,0.0,0.0
2007-05-22,659.0999755859375,659.0999755859375,659.0999755859375,659.0999755859375,659.0999755859375,6,0.0,0.0
2007-05-23,661.9000244140625,661.9000244140625,661.9000244140625,661.9000244140625,661.9000244140625,6,0.0,0.0
2007-05-24,654.0,656.0,654.0,653.0,653.0,5,0.0,0.0
2007-05-25,655.9000244140625,655.9000244140625,655.7000122070312,655.0999755859375,655.0999755859375,5,0.0,0.0
2007-05-29,657.0999755859375,657.0999755859375,657.0999755859375,657.0999755859375,657.0999755859375,100718,0.0,0.0
2007-05-30,655.7000122070312,658.4000244140625,651.5,653.0999755859375,653.0999755859375,49921,0.0,0.0
2007-05-31,652.5,662.0,652.5,661.0,661.0,8065,0.0,0.0
2007-06-01,661.5,672.0,660.7999877929688,671.2000122070312,671.2000122070312,1496,0.0,0.0
2007-06-04,671.2000122070312,673.7000122070312,668.9000244140625,670.7000122070312,670.7000122070312,612,0.0,0.0
2007-06-05,672.0999755859375,674.0,669.2999877929688,669.5999755859375,669.5999755859375,242,0.0,0.0
2007-06-06,670.4000244140625,670.9000244140625,665.4000244140625,669.2999877929688,669.2999877929688,489,0.0,0.0
2007-06-07,671.4000244140625,671.4000244140625,658.2999877929688,660.0999755859375,660.0999755859375,282,0.0,0.0
2007-06-08,658.5,659.5999755859375,645.2000122070312,645.5,645.5,261,0.0,0.0
2007-06-11,649.2000122070312,654.4000244140625,649.2000122070312,654.2999877929688,654.2999877929688,91,0.0,0.0
2007-06-12,653.7999877929688,653.7999877929688,646.9000244140625,648.5,648.5,61,0.0,0.0
2007-06-13,646.5999755859375,651.5,644.2999877929688,648.2000122070312,648.2000122070312,82,0.0,0.0
2007-06-14,652.5999755859375,652.7999877929688,650.0,651.5999755859375,651.5999755859375,15,0.0,0.0
2007-06-15,651.0,655.2000122070312,650.7000122070312,654.5,654.5,28,0.0,0.0
2007-06-18,657.9000244140625,658.2000122070312,655.7000122070312,655.7999877929688,655.7999877929688,57,0.0,0.0
2007-06-19,656.2000122070312,660.2000122070312,653.0,660.7000122070312,660.7000122070312,36,0.0,0.0
2007-06-20,660.7999877929688,660.7999877929688,658.0,656.0999755859375,656.0999755859375,8,0.0,0.0
2007-06-21,648.5999755859375,648.5999755859375,648.5999755859375,650.5999755859375,650.5999755859375,6,0.0,0.0
2007-06-22,649.9000244140625,649.9000244140625,649.9000244140625,653.5,653.5,3,0.0,0.0
2007-06-25,650.0,650.5,650.0,651.2999877929688,651.2999877929688,21,0.0,0.0
2007-06-26,647.5999755859375,647.5999755859375,640.0,642.0999755859375,642.0999755859375,60,0.0,0.0
2007-06-27,640.4000244140625,643.5,640.4000244140625,641.7000122070312,641.7000122070312,43,0.0,0.0
2007-06-28,643.9000244140625,648.4000244140625,643.9000244140625,647.5,647.5,89,0.0,0.0
2007-06-29,647.5,649.2000122070312,647.5,648.0999755859375,648.0999755859375,45,0.0,0.0
2007-07-02,656.7999877929688,656.7999877929688,656.7999877929688,656.5,656.5,1,0.0,0.0
2007-07-03,655.7000122070312,655.7000122070312,655.7000122070312,652.9000244140625,652.9000244140625,1,0.0,0.0
2007-07-05,648.4000244140625,648.4000244140625,648.4000244140625,648.4000244140625,648.4000244140625,18,0.0,0.0
2007-07-06,652.7000122070312,652.7000122070312,652.7000122070312,652.7000122070312,652.7000122070312,18,0.0,0.0
2007-07-09,660.5,660.5,660.5,660.5,660.5,0,0.0,0.0
2007-07-10,662.5,662.5,662.5,662.5,662.5,0,0.0,0.0
2007-07-11,660.2999877929688,660.2999877929688,660.2999877929688,660.2999877929688,660.2999877929688,6,0.0,0.0
2007-07-12,665.0,665.0,665.0,666.7000122070312,666.7000122070312,2,0.0,0.0
2007-07-13,666.7000122070312,666.7000122070312,666.7000122070312,665.7999877929688,665.7999877929688,8,0.0,0.0
2007-07-16,667.0999755859375,667.0999755859375,667.0999755859375,665.0,665.0,1,0.0,0.0
2007-07-17,664.7000122070312,664.7000122070312,664.7000122070312,664.7000122070312,664.7000122070312,0,0.0,0.0
2007-07-18,672.5999755859375,672.5999755859375,672.5999755859375,672.5999755859375,672.5999755859375,0,0.0,0.0
2007-07-19,677.2000122070312,677.2000122070312,677.2000122070312,677.2000122070312,677.2000122070312,0,0.0,0.0
2007-07-20,683.9000244140625,683.9000244140625,683.9000244140625,683.9000244140625,683.9000244140625,0,0.0,0.0
2007-07-23,680.7999877929688,680.7999877929688,680.7999877929688,680.7999877929688,680.7999877929688,0,0.0,0.0
2007-07-24,684.2000122070312,684.2000122070312,684.2000122070312,684.2000122070312,684.2000122070312,0,0.0,0.0
2007-07-25,673.2999877929688,673.2999877929688,673.2999877929688,673.2999877929688,673.2999877929688,0,0.0,0.0
2007-07-26,662.5,662.5,662.5,662.5,662.5,0,0.0,0.0
2007-07-27,660.0,660.0,660.0,660.0,660.0,95749,0.0,0.0
2007-07-30,659.9000244140625,665.2000122070312,659.2999877929688,664.0999755859375,664.0999755859375,36526,0.0,0.0
2007-07-31,665.0,668.2999877929688,662.5999755859375,666.9000244140625,666.9000244140625,5769,0.0,0.0
2007-08-01,663.2000122070312,666.2999877929688,658.5,663.5999755859375,663.5999755859375,2026,0.0,0.0
2007-08-02,666.7000122070312,666.7000122070312,662.7999877929688,664.5999755859375,664.5999755859375,1062,0.0,0.0
2007-08-03,665.7999877929688,674.4000244140625,665.7000122070312,672.5,672.5,575,0.0,0.0
2007-08-06,672.0999755859375,672.0999755859375,668.7999877929688,671.5,671.5,212,0.0,0.0
2007-08-07,670.0,670.0,666.5,670.5999755859375,670.5999755859375,313,0.0,0.0
2007-08-08,674.7000122070312,676.2000122070312,674.0,674.5,674.5,136,0.0,0.0
2007-08-09,667.7999877929688,667.7999877929688,661.4000244140625,661.4000244140625,661.4000244140625,377,0.0,0.0
2007-08-10,659.5,673.4000244140625,659.5,670.2999877929688,670.2999877929688,1101,0.0,0.0
2007-08-13,669.9000244140625,671.0,668.5999755859375,669.7000122070312,669.7000122070312,52,0.0,0.0
2007-08-14,665.0,670.5,665.0,668.5999755859375,668.5999755859375,106,0.0,0.0
2007-08-15,665.0,669.7000122070312,662.5,668.9000244140625,668.9000244140625,845,0.0,0.0
2007-08-16,665.2000122070312,665.2000122070312,642.9000244140625,648.2999877929688,648.2999877929688,130,0.0,0.0
2007-08-17,648.4000244140625,657.7000122070312,648.4000244140625,656.9000244140625,656.9000244140625,219,0.0,0.0
2007-08-20,658.5999755859375,660.0,658.5999755859375,656.7000122070312,656.7000122070312,189,0.0,0.0
2007-08-21,657.9000244140625,658.4000244140625,657.5,656.7000122070312,656.7000122070312,9,0.0,0.0
2007-08-22,658.9000244140625,661.0999755859375,658.9000244140625,659.0999755859375,659.0999755859375,303,0.0,0.0
2007-08-23,663.5999755859375,663.7000122070312,663.2000122070312,658.9000244140625,658.9000244140625,135,0.0,0.0
2007-08-24,662.0999755859375,668.7999877929688,662.0999755859375,668.0,668.0,208,0.0,0.0
2007-08-27,667.9000244140625,668.0,666.0,666.7999877929688,666.7999877929688,77,0.0,0.0
2007-08-28,665.5,665.9000244140625,664.2000122070312,664.4000244140625,664.4000244140625,22,0.0,0.0
2007-08-29,667.0,667.7000122070312,667.0,666.2999877929688,666.2999877929688,78,0.0,0.0
2007-08-30,665.5,666.5,665.5,665.0,665.0,186,0.0,0.0
2007-08-31,672.5,672.7999877929688,672.5,673.0,673.0,186,0.0,0.0
2007-09-04,682.5,682.5,682.5,682.5,682.5,0,0.0,0.0
2007-09-05,678.5999755859375,679.0999755859375,678.5999755859375,681.7000122070312,681.7000122070312,80,0.0,0.0
2007-09-06,692.2000122070312,692.4000244140625,692.2000122070312,695.5999755859375,695.5999755859375,2,0.0,0.0
2007-09-07,700.7999877929688,700.7999877929688,700.7999877929688,700.7999877929688,700.7999877929688,1,0.0,0.0
2007-09-10,704.5,705.0,702.0,703.2999877929688,703.2999877929688,43,0.0,0.0
2007-09-11,703.5,703.5,702.7999877929688,712.2000122070312,712.2000122070312,55,0.0,0.0
2007-09-12,713.9000244140625,713.9000244140625,712.5,711.9000244140625,711.9000244140625,6,0.0,0.0
2007-09-13,706.9000244140625,707.4000244140625,706.9000244140625,709.5,709.5,19,0.0,0.0
2007-09-14,717.2000122070312,717.2000122070312,714.9000244140625,709.5999755859375,709.5999755859375,33,0.0,0.0
2007-09-17,719.0999755859375,719.0999755859375,719.0999755859375,715.7999877929688,715.7999877929688,36,0.0,0.0
2007-09-18,715.7999877929688,715.7999877929688,715.7999877929688,715.7999877929688,715.7999877929688,104,0.0,0.0
2007-09-19,724.5999755859375,724.5999755859375,724.5999755859375,722.0,722.0,12,0.0,0.0
2007-09-20,732.4000244140625,732.4000244140625,732.4000244140625,732.4000244140625,732.4000244140625,12,0.0,0.0
2007-09-21,731.4000244140625,731.4000244140625,731.4000244140625,731.4000244140625,731.4000244140625,6,0.0,0.0
2007-09-24,732.0999755859375,732.0999755859375,732.0999755859375,732.0999755859375,732.0999755859375,150,0.0,0.0
2007-09-25,731.5999755859375,731.5999755859375,731.5999755859375,731.5999755859375,731.5999755859375,60,0.0,0.0
2007-09-26,728.2999877929688,728.2999877929688,728.2999877929688,728.2999877929688,728.2999877929688,12901,0.0,0.0
2007-09-27,728.2000122070312,735.5,727.4000244140625,732.7000122070312,732.7000122070312,11841,0.0,0.0
2007-09-28,733.7000122070312,745.7000122070312,733.7000122070312,742.7999877929688,742.7999877929688,2004,0.0,0.0
2007-10-01,745.0999755859375,747.4000244140625,741.7999877929688,747.2000122070312,747.2000122070312,644,0.0,0.0
2007-10-02,746.5,746.5,726.5,729.7999877929688,729.7999877929688,319,0.0,0.0
2007-10-03,727.5999755859375,732.5,726.7000122070312,729.2999877929688,729.2999877929688,61,0.0,0.0
2007-10-04,725.0999755859375,736.7999877929688,724.2999877929688,737.7999877929688,737.7999877929688,17,0.0,0.0
2007-10-05,731.0,741.7000122070312,731.0,741.2999877929688,741.2999877929688,6,0.0,0.0
2007-10-08,735.2000122070312,737.0,732.4000244140625,732.7999877929688,732.7999877929688,88,0.0,0.0
2007-10-09,736.0999755859375,736.5,735.5,737.4000244140625,737.4000244140625,44,0.0,0.0
2007-10-10,740.9000244140625,741.0,740.7000122070312,740.4000244140625,740.4000244140625,32,0.0,0.0
2007-10-11,747.4000244140625,749.7000122070312,746.0,751.2999877929688,751.2999877929688,180,0.0,0.0
2007-10-12,750.4000244140625,750.4000244140625,748.7000122070312,748.7000122070312,748.7000122070312,371,0.0,0.0
2007-10-15,758.0,759.5999755859375,757.9000244140625,757.0999755859375,757.0999755859375,344,0.0,0.0
2007-10-16,762.4000244140625,762.4000244140625,756.0999755859375,757.0,757.0,151,0.0,0.0
2007-10-17,760.0,760.0,757.0,757.5,757.5,45,0.0,0.0
2007-10-18,765.7999877929688,765.7999877929688,765.7999877929688,764.0999755859375,764.0999755859375,9,0.0,0.0
2007-10-19,765.2000122070312,765.2000122070312,762.7000122070312,764.0,764.0,7,0.0,0.0
2007-10-22,766.7000122070312,766.7000122070312,751.9000244140625,755.7999877929688,755.7999877929688,60,0.0,0.0
2007-10-23,755.7000122070312,756.0,756.0,759.0,759.0,7,0.0,0.0
2007-10-24,758.2000122070312,758.2000122070312,753.5,761.5999755859375,761.5999755859375,55,0.0,0.0
2007-10-25,767.9000244140625,767.9000244140625,767.9000244140625,767.2999877929688,767.2999877929688,10,0.0,0.0
2007-10-26,771.4000244140625,783.4000244140625,771.4000244140625,783.9000244140625,783.9000244140625,81,0.0,0.0
2007-10-29,793.7999877929688,793.7999877929688,787.2999877929688,789.0999755859375,789.0999755859375,9,0.0,0.0
2007-10-30,785.5,785.5,780.7000122070312,784.2999877929688,784.2999877929688,168,0.0,0.0
2007-10-31,789.2999877929688,795.4000244140625,789.2999877929688,792.0,792.0,12,0.0,0.0
2007-11-01,785.2999877929688,791.2999877929688,785.2999877929688,790.7000122070312,790.7000122070312,4,0.0,0.0
2007-11-02,794.0999755859375,806.5,794.0999755859375,805.7000122070312,805.7000122070312,4,0.0,0.0
2007-11-05,804.5999755859375,804.5999755859375,804.2000122070312,808.0999755859375,808.0999755859375,17,0.0,0.0
2007-11-06,821.9000244140625,825.2999877929688,821.9000244140625,820.7999877929688,820.7999877929688,4,0.0,0.0
2007-11-07,830.0,831.2000122070312,830.0,831.0,831.0,3,0.0,0.0
2007-11-08,829.7999877929688,841.2999877929688,829.7999877929688,835.2000122070312,835.2000122070312,8,0.0,0.0
2007-11-09,835.7000122070312,835.7999877929688,831.7000122070312,832.5,832.5,7,0.0,0.0
2007-11-12,803.9000244140625,803.9000244140625,798.7000122070312,805.7999877929688,805.7999877929688,3,0.0,0.0
2007-11-13,804.2999877929688,804.2999877929688,800.0,797.2000122070312,797.2000122070312,6,0.0,0.0
2007-11-14,816.7000122070312,817.0,816.7000122070312,813.0,813.0,11,0.0,0.0
2007-11-15,794.5,794.5,793.7000122070312,785.9000244140625,785.9000244140625,0,0.0,0.0
2007-11-16,785.7000122070312,785.7000122070312,785.7000122070312,785.7000122070312,785.7000122070312,0,0.0,0.0
2007-11-19,777.5999755859375,777.5999755859375,777.5999755859375,776.7999877929688,776.7999877929688,1,0.0,0.0
2007-11-20,792.9000244140625,802.5,792.9000244140625,790.2999877929688,790.2999877929688,5,0.0,0.0
2007-11-21,797.5999755859375,797.5999755859375,797.5999755859375,797.5999755859375,797.5999755859375,5,0.0,0.0
2007-11-23,824.0,824.0,824.0,824.0,824.0,6,0.0,0.0
2007-11-26,826.0,826.0,826.0,826.0,826.0,6,0.0,0.0
2007-11-27,823.2000122070312,824.7999877929688,812.5,813.7000122070312,813.7000122070312,32,0.0,0.0
2007-11-28,800.0999755859375,800.0999755859375,800.0999755859375,800.0999755859375,800.0999755859375,165342,0.0,0.0
2007-11-29,804.0,807.7999877929688,791.9000244140625,795.2999877929688,795.2999877929688,66669,0.0,0.0
2007-11-30,795.0,798.5999755859375,778.4000244140625,782.2000122070312,782.2000122070312,7212,0.0,0.0
2007-12-03,783.9000244140625,794.5999755859375,777.0,788.2999877929688,788.2999877929688,3728,0.0,0.0
2007-12-04,794.0,805.0,787.2000122070312,801.2999877929688,801.2999877929688,925,0.0,0.0
2007-12-05,802.2000122070312,803.9000244140625,791.7000122070312,797.5,797.5,389,0.0,0.0
2007-12-06,794.4000244140625,804.7999877929688,786.5,801.2000122070312,801.2000122070312,332,0.0,0.0
2007-12-07,800.7000122070312,801.2000122070312,792.0,794.4000244140625,794.4000244140625,218,0.0,0.0
2007-12-10,799.2999877929688,809.7000122070312,799.2999877929688,807.7000122070312,807.7000122070312,274,0.0,0.0
2007-12-11,808.0999755859375,812.0,796.0,811.4000244140625,811.4000244140625,347,0.0,0.0
2007-12-12,809.7000122070312,815.9000244140625,809.5999755859375,813.5,813.5,291,0.0,0.0
2007-12-13,810.2999877929688,810.2999877929688,792.7000122070312,799.0,799.0,200,0.0,0.0
2007-12-14,800.2999877929688,803.5,789.5999755859375,793.2999877929688,793.2999877929688,196,0.0,0.0
2007-12-17,793.5,794.5,788.4000244140625,794.7999877929688,794.7999877929688,115,0.0,0.0
2007-12-18,793.0,804.7999877929688,793.0,803.0,803.0,72,0.0,0.0
2007-12-19,799.2000122070312,804.0,799.0999755859375,801.0999755859375,801.0999755859375,68,0.0,0.0
2007-12-20,799.5,800.0,794.2000122070312,799.2000122070312,799.2000122070312,114,0.0,0.0
2007-12-21,800.0,812.5,800.0,811.5999755859375,811.5999755859375,64,0.0,0.0
2007-12-24,811.5,814.0999755859375,809.7999877929688,812.7999877929688,812.7999877929688,41,0.0,0.0
2007-12-26,815.7000122070312,826.9000244140625,815.7000122070312,826.0,826.0,36,0.0,0.0
2007-12-27,824.7999877929688,832.5,824.7999877929688,828.5999755859375,828.5999755859375,160,0.0,0.0
2007-12-28,826.5999755859375,840.2000122070312,826.5999755859375,839.5999755859375,839.5999755859375,107,0.0,0.0
2007-12-31,843.2000122070312,843.2000122070312,843.2000122070312,834.9000244140625,834.9000244140625,4,0.0,0.0
2008-01-02,848.7000122070312,857.7999877929688,846.4000244140625,857.0,857.0,130,0.0,0.0
2008-01-03,863.0,865.5,856.2999877929688,866.4000244140625,866.4000244140625,181,0.0,0.0
2008-01-04,861.4000244140625,865.5,860.2000122070312,863.0999755859375,863.0999755859375,28,0.0,0.0
2008-01-07,860.9000244140625,860.9000244140625,857.4000244140625,859.5999755859375,859.5999755859375,4,0.0,0.0
2008-01-08,861.5999755859375,879.4000244140625,861.5999755859375,878.0,878.0,21,0.0,0.0
2008-01-09,885.0,885.0,876.0,879.5,879.5,48,0.0,0.0
2008-01-10,882.0,891.4000244140625,881.2000122070312,891.7000122070312,891.7000122070312,6,0.0,0.0
2008-01-11,889.7999877929688,899.7000122070312,889.7000122070312,896.0999755859375,896.0999755859375,183,0.0,0.0
2008-01-14,907.2999877929688,907.2999877929688,905.0,901.5999755859375,901.5999755859375,89,0.0,0.0
2008-01-15,887.5999755859375,887.5999755859375,887.5999755859375,901.0,901.0,101,0.0,0.0
2008-01-16,880.5,885.7999877929688,880.5,880.5999755859375,880.5999755859375,102,0.0,0.0
2008-01-17,888.2000122070312,888.2000122070312,876.7999877929688,879.5,879.5,11,0.0,0.0
2008-01-18,871.7999877929688,886.7999877929688,871.0,880.7999877929688,880.7999877929688,30,0.0,0.0
2008-01-22,878.7000122070312,891.0,863.2000122070312,889.5999755859375,889.5999755859375,30,0.0,0.0
2008-01-23,885.0,895.7000122070312,880.0,882.5,882.5,49,0.0,0.0
2008-01-24,890.9000244140625,906.5999755859375,890.9000244140625,905.5,905.5,6,0.0,0.0
2008-01-25,910.5,910.5,910.5,910.5,910.5,6,0.0,0.0
2008-01-28,916.5999755859375,922.0,914.5,927.0999755859375,927.0999755859375,25,0.0,0.0
2008-01-29,925.0,925.0,925.0,925.0999755859375,925.0999755859375,157692,0.0,0.0
2008-01-30,924.4000244140625,936.2999877929688,915.2999877929688,920.5999755859375,920.5999755859375,68820,0.0,0.0
2008-01-31,928.2000122070312,928.5999755859375,918.2999877929688,922.7000122070312,922.7000122070312,4289,0.0,0.0
2008-02-01,924.7999877929688,936.2000122070312,903.7000122070312,908.7000122070312,908.7000122070312,2152,0.0,0.0
2008-02-04,903.7000122070312,912.0,892.5,904.9000244140625,904.9000244140625,1493,0.0,0.0
2008-02-05,905.0999755859375,905.2000122070312,884.7000122070312,885.9000244140625,885.9000244140625,476,0.0,0.0
2008-02-06,887.9000244140625,910.0,887.5,900.7000122070312,900.7000122070312,430,0.0,0.0
2008-02-07,900.5999755859375,909.2999877929688,896.4000244140625,906.0999755859375,906.0999755859375,463,0.0,0.0
2008-02-08,915.2999877929688,920.0,911.5,918.4000244140625,918.4000244140625,339,0.0,0.0
2008-02-11,920.7000122070312,926.9000244140625,917.5,922.9000244140625,922.9000244140625,181,0.0,0.0
2008-02-12,921.0,924.7999877929688,904.2000122070312,907.4000244140625,907.4000244140625,278,0.0,0.0
2008-02-13,903.0,909.4000244140625,897.2000122070312,906.5,906.5,89,0.0,0.0
2008-02-14,904.0,911.0,904.0,907.4000244140625,907.4000244140625,128,0.0,0.0
2008-02-15,910.0999755859375,913.5999755859375,898.7000122070312,902.7999877929688,902.7999877929688,128,0.0,0.0
2008-02-19,904.2999877929688,928.7999877929688,900.5,926.5999755859375,926.5999755859375,174,0.0,0.0
2008-02-20,926.5,945.0,919.5999755859375,934.5999755859375,934.5999755859375,73,0.0,0.0
2008-02-21,940.0999755859375,953.4000244140625,940.0999755859375,946.0999755859375,946.0999755859375,138,0.0,0.0
2008-02-22,944.9000244140625,948.5,942.5,944.7000122070312,944.7000122070312,79,0.0,0.0
2008-02-25,946.5,948.9000244140625,933.0,937.5999755859375,937.5999755859375,312,0.0,0.0
2008-02-26,931.2999877929688,949.0,931.2999877929688,946.0999755859375,946.0999755859375,224,0.0,0.0
2008-02-27,960.0,960.0,955.0,958.2000122070312,958.2000122070312,215,0.0,0.0
2008-02-28,957.4000244140625,972.0999755859375,954.4000244140625,964.5,964.5,238,0.0,0.0
2008-02-29,971.4000244140625,973.0999755859375,963.5,972.0999755859375,972.0999755859375,39,0.0,0.0
2008-03-03,984.2000122070312,986.9000244140625,979.7000122070312,981.5,981.5,26,0.0,0.0
2008-03-04,982.4000244140625,984.5,963.7999877929688,963.9000244140625,963.9000244140625,41,0.0,0.0
2008-03-05,965.0,992.7000122070312,963.9000244140625,986.2000122070312,986.2000122070312,45,0.0,0.0
2008-03-06,984.2999877929688,987.7000122070312,973.4000244140625,975.0,975.0,46,0.0,0.0
2008-03-07,982.7999877929688,984.9000244140625,972.4000244140625,972.2000122070312,972.2000122070312,96,0.0,0.0
2008-03-10,975.5,976.7999877929688,964.7000122070312,969.9000244140625,969.9000244140625,92,0.0,0.0
2008-03-11,975.7000122070312,976.7000122070312,971.5,974.2000122070312,974.2000122070312,12,0.0,0.0
2008-03-12,973.5999755859375,979.2999877929688,973.5,978.7999877929688,978.7999877929688,6,0.0,0.0
2008-03-13,983.7000122070312,998.5,983.7000122070312,992.2999877929688,992.2999877929688,10,0.0,0.0
2008-03-14,993.9000244140625,1004.5999755859375,993.0,998.2000122070312,998.2000122070312,27,0.0,0.0
2008-03-17,1005.0,1014.5999755859375,996.4000244140625,1001.4000244140625,1001.4000244140625,82,0.0,0.0
2008-03-18,1003.5999755859375,1010.0,978.2000122070312,1003.2000122070312,1003.2000122070312,30,0.0,0.0
2008-03-19,979.2999877929688,979.2999877929688,938.4000244140625,944.7000122070312,944.7000122070312,84,0.0,0.0
2008-03-20,939.9000244140625,943.2000122070312,917.7000122070312,919.5999755859375,919.5999755859375,34,0.0,0.0
2008-03-24,915.5,922.0,915.2000122070312,918.2999877929688,918.2999877929688,71,0.0,0.0
2008-03-25,931.5,933.9000244140625,927.2000122070312,934.5999755859375,934.5999755859375,102,0.0,0.0
2008-03-26,949.5999755859375,949.5999755859375,949.5999755859375,949.0,949.0,1,0.0,0.0
2008-03-27,947.4000244140625,951.7000122070312,945.7000122070312,948.7999877929688,948.7999877929688,145634,0.0,0.0
2008-03-28,947.5,951.0999755859375,921.7999877929688,930.5999755859375,930.5999755859375,64013,0.0,0.0
2008-03-31,931.0,940.0999755859375,912.0,916.2000122070312,916.2000122070312,5980,0.0,0.0
2008-04-01,915.0,919.7999877929688,871.7999877929688,882.9000244140625,882.9000244140625,3204,0.0,0.0
2008-04-02,884.0,906.5,881.2000122070312,895.2000122070312,895.2000122070312,2367,0.0,0.0
2008-04-03,901.2000122070312,907.5,889.5999755859375,905.0,905.0,984,0.0,0.0
2008-04-04,904.7000122070312,914.9000244140625,898.7999877929688,909.0,909.0,279,0.0,0.0
2008-04-07,915.2999877929688,927.2000122070312,912.2999877929688,922.7000122070312,922.7000122070312,2086,0.0,0.0
2008-04-08,924.2000122070312,925.2999877929688,909.2999877929688,914.0,914.0,405,0.0,0.0
2008-04-09,916.0,935.5,904.0999755859375,933.5999755859375,933.5999755859375,390,0.0,0.0
2008-04-10,931.2999877929688,939.2000122070312,922.4000244140625,928.2999877929688,928.2999877929688,409,0.0,0.0
2008-04-11,919.5999755859375,931.2000122070312,919.5999755859375,923.5999755859375,923.5999755859375,141,0.0,0.0
2008-04-14,917.0,929.4000244140625,915.5999755859375,925.4000244140625,925.4000244140625,153,0.0,0.0
2008-04-15,924.2999877929688,936.0,924.2999877929688,928.7000122070312,928.7000122070312,168,0.0,0.0
2008-04-16,927.2000122070312,948.7000122070312,927.2000122070312,945.0999755859375,945.0999755859375,161,0.0,0.0
2008-04-17,927.2000122070312,947.9000244140625,938.7000122070312,939.7999877929688,939.7999877929688,209,0.0,0.0
2008-04-18,936.0,936.0,907.2000122070312,912.2000122070312,912.2000122070312,145,0.0,0.0
2008-04-21,922.5,924.5999755859375,914.0999755859375,914.7000122070312,914.7000122070312,449,0.0,0.0
2008-04-22,920.5999755859375,922.7999877929688,916.2000122070312,922.2999877929688,922.2999877929688,625,0.0,0.0
2008-04-23,916.7999877929688,921.5,898.7999877929688,906.2000122070312,906.2000122070312,111,0.0,0.0
2008-04-24,902.4000244140625,904.7999877929688,885.0999755859375,886.7999877929688,886.7999877929688,80,0.0,0.0
2008-04-25,878.2000122070312,893.5999755859375,878.0999755859375,887.2000122070312,887.2000122070312,77,0.0,0.0
2008-04-28,887.0,893.7999877929688,887.0,892.9000244140625,892.9000244140625,339,0.0,0.0
2008-04-29,890.5999755859375,890.5999755859375,869.5999755859375,874.2000122070312,874.2000122070312,136,0.0,0.0
2008-04-30,868.7000122070312,875.2000122070312,863.0,862.7999877929688,862.7999877929688,88,0.0,0.0
2008-05-01,855.0,873.5,849.5999755859375,848.9000244140625,848.9000244140625,28,0.0,0.0
2008-05-02,853.2999877929688,857.7000122070312,853.2999877929688,856.0999755859375,856.0999755859375,6,0.0,0.0
2008-05-05,861.2000122070312,872.7999877929688,861.2000122070312,872.2999877929688,872.2999877929688,35,0.0,0.0
2008-05-06,872.2999877929688,881.4000244140625,872.2999877929688,876.0,876.0,47,0.0,0.0
2008-05-07,868.0,869.4000244140625,864.7999877929688,869.5999755859375,869.5999755859375,43,0.0,0.0
2008-05-08,871.0,883.2999877929688,867.0999755859375,880.5999755859375,880.5999755859375,71,0.0,0.0
2008-05-09,883.9000244140625,884.7000122070312,883.9000244140625,884.5,884.5,25,0.0,0.0
2008-05-12,879.2000122070312,886.5,879.2000122070312,883.7000122070312,883.7000122070312,56,0.0,0.0
2008-05-13,862.9000244140625,870.4000244140625,862.9000244140625,868.5,868.5,17,0.0,0.0
2008-05-14,862.7999877929688,868.5999755859375,862.7999877929688,865.4000244140625,865.4000244140625,41,0.0,0.0
2008-05-15,865.7999877929688,886.2999877929688,865.7999877929688,879.0,879.0,121,0.0,0.0
2008-05-16,892.0,904.2000122070312,892.0,899.0,899.0,85,0.0,0.0
2008-05-19,905.0,905.0,905.0,905.0,905.0,2,0.0,0.0
2008-05-20,919.5,919.5,919.5,919.5,919.5,2,0.0,0.0
2008-05-21,923.5,924.0,923.2000122070312,928.0,928.0,3,0.0,0.0
2008-05-22,917.5999755859375,917.5999755859375,917.5999755859375,917.9000244140625,917.9000244140625,1,0.0,0.0
2008-05-23,916.9000244140625,925.5999755859375,916.0,925.5999755859375,925.5999755859375,1,0.0,0.0
2008-05-27,912.0,912.0,906.5,907.7000122070312,907.7000122070312,25,0.0,0.0
2008-05-28,900.5,900.5,900.5,900.5,900.5,149889,0.0,0.0
2008-05-29,903.0,903.2000122070312,872.0999755859375,877.2000122070312,877.2000122070312,64624,0.0,0.0
2008-05-30,880.2000122070312,888.5,868.5999755859375,887.2999877929688,887.2999877929688,6671,0.0,0.0
2008-06-02,887.2999877929688,898.0,881.7999877929688,892.9000244140625,892.9000244140625,2132,0.0,0.0
2008-06-03,889.7999877929688,896.0999755859375,874.5999755859375,881.5999755859375,881.5999755859375,2079,0.0,0.0
2008-06-04,879.5,886.0999755859375,876.0,879.9000244140625,879.9000244140625,612,0.0,0.0
2008-06-05,876.0999755859375,878.7999877929688,865.4000244140625,871.7999877929688,871.7999877929688,340,0.0,0.0
2008-06-06,878.5,901.0,877.7000122070312,895.4000244140625,895.4000244140625,230,0.0,0.0
2008-06-09,900.7000122070312,908.9000244140625,890.5,894.7000122070312,894.7000122070312,1930,0.0,0.0
2008-06-10,886.5999755859375,886.5999755859375,866.0,867.9000244140625,867.9000244140625,457,0.0,0.0
2008-06-11,869.5,882.0,869.5,879.7000122070312,879.7000122070312,146,0.0,0.0
2008-06-12,873.5999755859375,873.5999755859375,858.2000122070312,869.2000122070312,869.2000122070312,135,0.0,0.0
2008-06-13,870.2999877929688,870.2999877929688,860.5,870.2999877929688,870.2999877929688,361,0.0,0.0
2008-06-16,872.5,893.0,871.2999877929688,883.5999755859375,883.5999755859375,70,0.0,0.0
2008-06-17,883.4000244140625,887.0,876.2999877929688,884.2999877929688,884.2999877929688,62,0.0,0.0
2008-06-18,888.0,891.9000244140625,885.0999755859375,890.9000244140625,890.9000244140625,135,0.0,0.0
2008-06-19,888.5999755859375,906.5,888.5999755859375,901.7000122070312,901.7000122070312,44,0.0,0.0
2008-06-20,903.7999877929688,907.2999877929688,901.0,901.2999877929688,901.2999877929688,21,0.0,0.0
2008-06-23,903.4000244140625,903.4000244140625,879.2000122070312,884.7999877929688,884.7999877929688,54,0.0,0.0
2008-06-24,889.5999755859375,891.2000122070312,885.5,889.2000122070312,889.2000122070312,64,0.0,0.0
2008-06-25,883.5999755859375,883.7999877929688,876.4000244140625,880.0,880.0,97,0.0,0.0
2008-06-26,909.5999755859375,912.5999755859375,909.5999755859375,913.0999755859375,913.0999755859375,182,0.0,0.0
2008-06-27,913.0999755859375,927.5999755859375,910.7000122070312,929.2999877929688,929.2999877929688,167,0.0,0.0
2008-06-30,927.7000122070312,933.7000122070312,922.2999877929688,926.2000122070312,926.2000122070312,144,0.0,0.0
2008-07-01,943.5999755859375,945.7999877929688,938.0,942.5,942.5,32,0.0,0.0
2008-07-02,938.7999877929688,944.7999877929688,933.0999755859375,944.7999877929688,944.7999877929688,58,0.0,0.0
2008-07-03,944.7999877929688,944.7999877929688,928.0,931.9000244140625,931.9000244140625,58,0.0,0.0
2008-07-07,931.4000244140625,931.4000244140625,915.4000244140625,927.2999877929688,927.2999877929688,141,0.0,0.0
2008-07-08,922.7999877929688,922.7999877929688,919.2000122070312,921.9000244140625,921.9000244140625,37,0.0,0.0
2008-07-09,919.7999877929688,928.2000122070312,919.7999877929688,927.2999877929688,927.2999877929688,31,0.0,0.0
2008-07-10,928.0999755859375,942.0999755859375,928.0999755859375,940.9000244140625,940.9000244140625,18,0.0,0.0
2008-07-11,948.2000122070312,965.7000122070312,948.2000122070312,959.5,959.5,58,0.0,0.0
2008-07-14,964.7000122070312,974.5999755859375,955.0,972.7000122070312,972.7000122070312,55,0.0,0.0
2008-07-15,983.5,986.2000122070312,976.0,977.7000122070312,977.7000122070312,12,0.0,0.0
2008-07-16,960.0,960.0,960.0,961.7999877929688,961.7999877929688,1,0.0,0.0
2008-07-17,957.2999877929688,976.2000122070312,957.2999877929688,970.0,970.0,37,0.0,0.0
2008-07-18,956.7999877929688,957.0,956.7999877929688,957.2999877929688,957.2999877929688,2,0.0,0.0
2008-07-21,964.5,964.5,963.5,963.0999755859375,963.0999755859375,2,0.0,0.0
2008-07-22,973.0,974.9000244140625,973.0,948.0,948.0,3,0.0,0.0
2008-07-23,935.0,935.0,924.2000122070312,922.4000244140625,922.4000244140625,203,0.0,0.0
2008-07-24,920.9000244140625,926.4000244140625,920.9000244140625,922.0,922.0,47,0.0,0.0
2008-07-25,928.4000244140625,929.2000122070312,921.2000122070312,926.5999755859375,926.5999755859375,35,0.0,0.0
2008-07-28,928.7999877929688,931.0999755859375,927.0,927.5999755859375,927.5999755859375,28,0.0,0.0
2008-07-29,916.2000122070312,917.7000122070312,916.2000122070312,916.4000244140625,916.4000244140625,147310,0.0,0.0
2008-07-30,917.9000244140625,919.0999755859375,893.2999877929688,902.9000244140625,902.9000244140625,93759,0.0,0.0
2008-07-31,906.9000244140625,925.5999755859375,906.0999755859375,913.9000244140625,913.9000244140625,8550,0.0,0.0
2008-08-01,904.9000244140625,916.0999755859375,902.0999755859375,909.0,909.0,1834,0.0,0.0
2008-08-04,912.7000122070312,915.2999877929688,894.4000244140625,900.0999755859375,900.0999755859375,2415,0.0,0.0
2008-08-05,895.4000244140625,895.4000244140625,873.2999877929688,878.5999755859375,878.5999755859375,790,0.0,0.0
2008-08-06,880.7000122070312,885.5999755859375,875.0,875.5999755859375,875.5999755859375,1330,0.0,0.0
2008-08-07,882.2000122070312,883.7999877929688,870.2999877929688,870.7000122070312,870.7000122070312,335,0.0,0.0
2008-08-08,868.7999877929688,869.5,851.0999755859375,857.7999877929688,857.7999877929688,303,0.0,0.0
2008-08-11,858.2999877929688,863.4000244140625,818.0,821.5,821.5,286,0.0,0.0
2008-08-12,826.4000244140625,826.4000244140625,803.5999755859375,808.2000122070312,808.2000122070312,99,0.0,0.0
2008-08-13,810.9000244140625,829.0999755859375,810.9000244140625,825.0,825.0,155,0.0,0.0
2008-08-14,831.4000244140625,831.9000244140625,805.0,808.2000122070312,808.2000122070312,67,0.0,0.0
2008-08-15,796.9000244140625,799.2000122070312,780.9000244140625,786.0,786.0,134,0.0,0.0
2008-08-18,792.0,801.7000122070312,792.0,799.7000122070312,799.7000122070312,22,0.0,0.0
2008-08-19,789.5999755859375,814.5,789.5999755859375,811.0999755859375,811.0999755859375,48,0.0,0.0
2008-08-20,814.9000244140625,814.9000244140625,804.7000122070312,810.2999877929688,810.2999877929688,87,0.0,0.0
2008-08-21,825.7999877929688,835.5999755859375,825.7999877929688,833.0,833.0,99,0.0,0.0
2008-08-22,832.2999877929688,836.5999755859375,823.0999755859375,827.4000244140625,827.4000244140625,21,0.0,0.0
2008-08-25,819.7999877929688,819.7999877929688,819.7999877929688,819.7999877929688,819.7999877929688,44,0.0,0.0
2008-08-26,826.0,826.0,826.0,822.2000122070312,822.2000122070312,142,0.0,0.0
2008-08-27,830.2999877929688,830.2999877929688,825.2999877929688,828.0999755859375,828.0999755859375,423,0.0,0.0
2008-08-28,828.0,842.5999755859375,824.5,830.9000244140625,830.9000244140625,503,0.0,0.0
2008-08-29,831.7000122070312,833.0,831.7000122070312,829.2999877929688,829.2999877929688,116,0.0,0.0
2008-09-02,829.9000244140625,840.7000122070312,790.7999877929688,805.0,805.0,185,0.0,0.0
2008-09-03,805.5999755859375,805.5999755859375,791.5999755859375,802.7000122070312,802.7000122070312,28,0.0,0.0
2008-09-04,801.4000244140625,809.0999755859375,794.9000244140625,797.9000244140625,797.9000244140625,76,0.0,0.0
2008-09-05,794.7000122070312,809.0,794.0,797.5999755859375,797.5999755859375,85,0.0,0.0
2008-09-08,811.0,813.2000122070312,796.4000244140625,797.5,797.5,88,0.0,0.0
2008-09-09,802.0,802.0,780.0,787.0999755859375,787.0999755859375,29,0.0,0.0
2008-09-10,776.5999755859375,781.0,752.7999877929688,757.9000244140625,757.9000244140625,56,0.0,0.0
2008-09-11,756.5999755859375,756.5999755859375,739.0,741.2999877929688,741.2999877929688,25,0.0,0.0
2008-09-12,750.5,756.0,750.5,760.2999877929688,760.2999877929688,12,0.0,0.0
2008-09-15,778.0999755859375,778.5999755859375,764.0,783.0999755859375,783.0999755859375,19,0.0,0.0
2008-09-16,777.7000122070312,777.7000122070312,777.0,776.5,776.5,2,0.0,0.0
2008-09-17,782.9000244140625,808.0,782.9000244140625,846.5999755859375,846.5999755859375,26,0.0,0.0
2008-09-18,869.9000244140625,910.9000244140625,836.0,892.7000122070312,892.7000122070312,59,0.0,0.0
2008-09-19,860.5999755859375,860.5999755859375,860.5999755859375,860.5999755859375,860.5999755859375,112,0.0,0.0
2008-09-22,888.7999877929688,908.0999755859375,888.7999877929688,903.9000244140625,903.9000244140625,20,0.0,0.0
2008-09-23,892.4000244140625,898.9000244140625,886.0,885.5,885.5,184,0.0,0.0
2008-09-24,879.5,891.2999877929688,879.5,889.0,889.0,185,0.0,0.0
2008-09-25,891.5,891.5,884.5,877.7000122070312,877.7000122070312,92,0.0,0.0
2008-09-26,884.2000122070312,890.2000122070312,884.2000122070312,882.9000244140625,882.9000244140625,13695,0.0,0.0
2008-09-29,871.2999877929688,919.0,866.4000244140625,888.2000122070312,888.2000122070312,2943,0.0,0.0
2008-09-30,904.7999877929688,912.5,855.0,874.2000122070312,874.2000122070312,879,0.0,0.0
2008-10-01,878.0,889.0999755859375,869.2000122070312,880.7000122070312,880.7000122070312,304,0.0,0.0
2008-10-02,870.4000244140625,870.4000244140625,829.2999877929688,839.0,839.0,462,0.0,0.0
2008-10-03,832.5,844.2999877929688,823.0,828.9000244140625,828.9000244140625,228,0.0,0.0
2008-10-06,828.7999877929688,868.7999877929688,826.0,862.7000122070312,862.7000122070312,510,0.0,0.0
2008-10-07,862.0999755859375,883.0,858.2000122070312,878.4000244140625,878.4000244140625,41,0.0,0.0
2008-10-08,879.7000122070312,915.5,877.7000122070312,903.0999755859375,903.0999755859375,310,0.0,0.0
2008-10-09,902.7000122070312,919.7000122070312,883.0,883.0999755859375,883.0999755859375,76,0.0,0.0
2008-10-10,925.7000122070312,925.7000122070312,843.0,855.4000244140625,855.4000244140625,104,0.0,0.0
2008-10-13,861.0999755859375,861.0999755859375,830.2999877929688,838.9000244140625,838.9000244140625,186,0.0,0.0
2008-10-14,848.0999755859375,848.0999755859375,833.5,836.2999877929688,836.2999877929688,48,0.0,0.0
2008-10-15,839.5,848.7000122070312,831.5999755859375,835.5,835.5,120,0.0,0.0
2008-10-16,846.0,846.0,790.0,801.5,801.5,34,0.0,0.0
2008-10-17,798.0,807.0,773.7999877929688,785.0999755859375,785.0999755859375,55,0.0,0.0
2008-10-20,803.7999877929688,803.7999877929688,787.5,787.5999755859375,787.5999755859375,19,0.0,0.0
2008-10-21,793.7000122070312,793.7000122070312,767.7000122070312,766.0999755859375,766.0999755859375,83,0.0,0.0
2008-10-22,771.7000122070312,771.7000122070312,721.0,733.2999877929688,733.2999877929688,244,0.0,0.0
2008-10-23,705.0,719.7999877929688,705.0,713.2999877929688,713.2999877929688,37,0.0,0.0
2008-10-24,715.2999877929688,734.2000122070312,681.0,729.0999755859375,729.0999755859375,99,0.0,0.0
2008-10-27,742.7999877929688,744.5,712.0,741.7000122070312,741.7000122070312,268,0.0,0.0
2008-10-28,731.0,748.7999877929688,730.5999755859375,739.2999877929688,739.2999877929688,6,0.0,0.0
2008-10-29,750.7999877929688,750.7999877929688,750.7999877929688,752.7999877929688,752.7999877929688,90,0.0,0.0
2008-10-30,760.5,774.0,739.0999755859375,737.2000122070312,737.2000122070312,24,0.0,0.0
2008-10-31,731.4000244140625,736.0,718.4000244140625,716.7999877929688,716.7999877929688,17,0.0,0.0
2008-11-03,728.7999877929688,731.5,728.7000122070312,725.4000244140625,725.4000244140625,16,0.0,0.0
2008-11-04,726.0,760.0,726.0,756.0,756.0,30,0.0,0.0
2008-11-05,757.4000244140625,757.4000244140625,739.0,741.2999877929688,741.2999877929688,22,0.0,0.0
2008-11-06,743.4000244140625,759.0,731.9000244140625,731.2000122070312,731.2000122070312,30,0.0,0.0
2008-11-07,731.5,743.0,727.2000122070312,733.2000122070312,733.2000122070312,17,0.0,0.0
2008-11-10,749.0,753.5999755859375,747.9000244140625,745.5999755859375,745.5999755859375,42,0.0,0.0
2008-11-11,734.2000122070312,735.5999755859375,729.7999877929688,732.0,732.0,39,0.0,0.0
2008-11-12,730.4000244140625,734.7000122070312,722.5,717.7000122070312,717.7000122070312,71,0.0,0.0
2008-11-13,714.2999877929688,715.5,707.0,704.9000244140625,704.9000244140625,922,0.0,0.0
2008-11-14,726.5,747.0999755859375,726.5,742.4000244140625,742.4000244140625,9,0.0,0.0
2008-11-17,741.9000244140625,741.9000244140625,741.9000244140625,741.9000244140625,741.9000244140625,9,0.0,0.0
2008-11-18,738.0,744.9000244140625,734.0,732.5999755859375,732.5999755859375,13,0.0,0.0
2008-11-19,736.0,758.7999877929688,735.0,735.9000244140625,735.9000244140625,55,0.0,0.0
2008-11-20,740.5,750.0,739.5,748.5999755859375,748.5999755859375,62,0.0,0.0
2008-11-21,771.2999877929688,784.0999755859375,771.2000122070312,791.7000122070312,791.7000122070312,20,0.0,0.0
2008-11-24,819.9000244140625,824.0,819.9000244140625,819.4000244140625,819.4000244140625,3,0.0,0.0
2008-11-25,818.4000244140625,818.4000244140625,818.4000244140625,818.4000244140625,818.4000244140625,158862,0.0,0.0
2008-11-26,819.0999755859375,822.0,806.7999877929688,808.5,808.5,158862,0.0,0.0
2008-11-28,811.0999755859375,819.0,808.2000122070312,816.2000122070312,816.2000122070312,6325,0.0,0.0
2008-12-01,817.2000122070312,817.2999877929688,766.0,774.5999755859375,774.5999755859375,2791,0.0,0.0
2008-12-02,765.2999877929688,786.0,759.7000122070312,781.2999877929688,781.2999877929688,1393,0.0,0.0
2008-12-03,780.0,781.9000244140625,762.9000244140625,768.7999877929688,768.7999877929688,439,0.0,0.0
2008-12-04,770.0,780.4000244140625,761.7000122070312,763.7999877929688,763.7999877929688,606,0.0,0.0
2008-12-05,764.5,769.5999755859375,740.0,750.5,750.5,888,0.0,0.0
2008-12-08,755.0,780.2000122070312,754.2000122070312,767.4000244140625,767.4000244140625,573,0.0,0.0
2008-12-09,775.0,776.5,762.2999877929688,772.4000244140625,772.4000244140625,101,0.0,0.0
2008-12-10,784.0999755859375,811.0,783.0999755859375,807.0999755859375,807.0999755859375,235,0.0,0.0
2008-12-11,803.4000244140625,832.0999755859375,801.0,824.9000244140625,824.9000244140625,260,0.0,0.0
2008-12-12,821.5,827.0,813.7999877929688,818.9000244140625,818.9000244140625,182,0.0,0.0
2008-12-15,828.0,842.0,824.0,835.4000244140625,835.4000244140625,470,0.0,0.0
2008-12-16,839.0,859.0,831.5999755859375,841.7000122070312,841.7000122070312,73,0.0,0.0
2008-12-17,854.4000244140625,880.7999877929688,849.2999877929688,867.5,867.5,122,0.0,0.0
2008-12-18,862.4000244140625,873.0,852.0,859.5999755859375,859.5999755859375,242,0.0,0.0
2008-12-19,846.5999755859375,852.0999755859375,833.2999877929688,836.4000244140625,836.4000244140625,106,0.0,0.0
2008-12-22,848.5,851.0,844.0,846.2000122070312,846.2000122070312,235,0.0,0.0
2008-12-23,848.0,848.0,835.0,837.2000122070312,837.2000122070312,176,0.0,0.0
2008-12-24,838.9000244140625,848.9000244140625,838.5,847.0999755859375,847.0999755859375,19,0.0,0.0
2008-12-26,847.0,872.4000244140625,845.7999877929688,870.4000244140625,870.4000244140625,88,0.0,0.0
2008-12-29,882.9000244140625,882.9000244140625,875.0,874.5999755859375,874.5999755859375,426,0.0,0.0
2008-12-30,878.0999755859375,878.0999755859375,866.5,869.2999877929688,869.2999877929688,139,0.0,0.0
2008-12-31,860.0,883.5999755859375,858.4000244140625,883.5999755859375,883.5999755859375,35,0.0,0.0
2009-01-02,881.5,881.5,868.9000244140625,878.7999877929688,878.7999877929688,46,0.0,0.0
2009-01-05,882.0,883.5,847.0,857.2000122070312,857.2000122070312,35,0.0,0.0
2009-01-06,855.0999755859375,867.5999755859375,840.0,865.4000244140625,865.4000244140625,113,0.0,0.0
2009-01-07,862.0,867.0,837.7000122070312,841.0999755859375,841.0999755859375,101,0.0,0.0
2009-01-08,837.9000244140625,861.0,837.9000244140625,853.9000244140625,853.9000244140625,255,0.0,0.0
2009-01-09,855.9000244140625,862.0999755859375,855.9000244140625,854.2999877929688,854.2999877929688,123,0.0,0.0
2009-01-12,844.4000244140625,844.4000244140625,815.4000244140625,820.2999877929688,820.2999877929688,72,0.0,0.0
2009-01-13,825.5999755859375,825.5999755859375,815.7000122070312,820.0999755859375,820.0999755859375,20,0.0,0.0
2009-01-14,825.9000244140625,827.0999755859375,814.0,808.2000122070312,808.2000122070312,5,0.0,0.0
2009-01-15,805.5999755859375,808.7999877929688,805.5999755859375,806.7000122070312,806.7000122070312,16,0.0,0.0
2009-01-16,834.0,842.5,834.0,839.2999877929688,839.2999877929688,64,0.0,0.0
2009-01-20,838.7000122070312,862.7000122070312,824.0,854.5999755859375,854.5999755859375,20,0.0,0.0
2009-01-21,850.5,852.5999755859375,843.7999877929688,849.5999755859375,849.5999755859375,37,0.0,0.0
2009-01-22,856.7999877929688,860.9000244140625,846.2000122070312,858.2000122070312,858.2000122070312,57,0.0,0.0
2009-01-23,875.0,899.0999755859375,875.0,895.2999877929688,895.2999877929688,52,0.0,0.0
2009-01-26,907.2999877929688,911.5999755859375,901.2000122070312,908.5,908.5,18,0.0,0.0
2009-01-27,902.7999877929688,903.0,895.2000122070312,899.2000122070312,899.2000122070312,48,0.0,0.0
2009-01-28,886.0999755859375,894.5999755859375,883.7000122070312,888.0999755859375,888.0999755859375,137271,0.0,0.0
2009-01-29,888.0999755859375,909.7000122070312,874.2000122070312,905.0999755859375,905.0999755859375,66607,0.0,0.0
2009-01-30,909.7999877929688,930.2999877929688,902.0,927.2999877929688,927.2999877929688,10460,0.0,0.0
2009-02-02,924.2999877929688,928.7999877929688,902.2000122070312,906.7000122070312,906.7000122070312,3220,0.0,0.0
2009-02-03,903.2000122070312,913.2999877929688,889.7999877929688,892.0,892.0,1451,0.0,0.0
2009-02-04,900.0999755859375,909.2000122070312,897.0,901.5999755859375,901.5999755859375,465,0.0,0.0
2009-02-05,906.2999877929688,924.4000244140625,904.4000244140625,913.5999755859375,913.5999755859375,770,0.0,0.0
2009-02-06,914.5,918.5,909.5,913.9000244140625,913.9000244140625,334,0.0,0.0
2009-02-09,910.0,911.0,891.7999877929688,892.4000244140625,892.4000244140625,984,0.0,0.0
2009-02-10,898.0,917.5,892.0,913.7000122070312,913.7000122070312,252,0.0,0.0
2009-02-11,913.7000122070312,947.2000122070312,912.2000122070312,943.7999877929688,943.7999877929688,892,0.0,0.0
2009-02-12,938.7999877929688,952.7999877929688,936.4000244140625,948.5,948.5,335,0.0,0.0
2009-02-13,947.2999877929688,947.2999877929688,934.2000122070312,941.5,941.5,137,0.0,0.0
2009-02-17,939.5,973.7999877929688,937.2999877929688,967.0,967.0,1639,0.0,0.0
2009-02-18,968.4000244140625,988.0,962.2000122070312,977.7000122070312,977.7000122070312,422,0.0,0.0
2009-02-19,982.7000122070312,986.2000122070312,972.0,976.0999755859375,976.0999755859375,202,0.0,0.0
2009-02-20,974.0,1004.9000244140625,971.5999755859375,1001.7999877929688,1001.7999877929688,219,0.0,0.0
2009-02-23,995.5999755859375,996.5,980.0,994.5999755859375,994.5999755859375,215,0.0,0.0
2009-02-24,988.0,991.5999755859375,963.2000122070312,969.0999755859375,969.0999755859375,243,0.0,0.0
2009-02-25,963.2999877929688,977.5,953.0999755859375,965.7000122070312,965.7000122070312,1019,0.0,0.0
2009-02-26,953.0,956.0,933.0,941.7999877929688,941.7999877929688,687,0.0,0.0
2009-02-27,943.4000244140625,963.2000122070312,928.0999755859375,941.5,941.5,730,0.0,0.0
2009-03-02,945.0,963.2000122070312,924.5,939.0,939.0,474,0.0,0.0
2009-03-03,927.0,931.7999877929688,906.4000244140625,912.9000244140625,912.9000244140625,362,0.0,0.0
2009-03-04,914.9000244140625,923.2000122070312,900.0999755859375,906.0,906.0,155,0.0,0.0
2009-03-05,912.0,932.5999755859375,908.9000244140625,927.0,927.0,141,0.0,0.0
2009-03-06,933.5,944.5,931.7999877929688,942.0999755859375,942.0999755859375,308,0.0,0.0
2009-03-09,940.5,940.5,914.5,917.7000122070312,917.7000122070312,838,0.0,0.0
2009-03-10,921.5999755859375,921.7999877929688,892.0999755859375,895.5999755859375,895.5999755859375,120,0.0,0.0
2009-03-11,894.7000122070312,912.4000244140625,894.0999755859375,910.4000244140625,910.4000244140625,221,0.0,0.0
2009-03-12,909.2000122070312,927.5,908.0,923.7000122070312,923.7000122070312,118,0.0,0.0
2009-03-13,924.4000244140625,937.0,924.4000244140625,929.7999877929688,929.7999877929688,69,0.0,0.0
2009-03-16,926.4000244140625,929.5999755859375,916.7000122070312,921.5999755859375,921.5999755859375,139,0.0,0.0
2009-03-17,923.2000122070312,924.4000244140625,912.4000244140625,916.4000244140625,916.4000244140625,48,0.0,0.0
2009-03-18,915.4000244140625,944.0,885.0,888.7000122070312,888.7000122070312,120,0.0,0.0
2009-03-19,938.0,960.7999877929688,933.7999877929688,958.2999877929688,958.2999877929688,360,0.0,0.0
2009-03-20,960.5999755859375,960.5999755859375,954.0,955.7999877929688,955.7999877929688,23,0.0,0.0
2009-03-23,950.7000122070312,952.5999755859375,937.9000244140625,952.0999755859375,952.0999755859375,30,0.0,0.0
2009-03-24,923.2999877929688,923.2999877929688,923.2999877929688,923.2999877929688,923.2999877929688,1494,0.0,0.0
2009-03-25,921.2000122070312,936.5,920.7999877929688,935.4000244140625,935.4000244140625,97,0.0,0.0
2009-03-26,939.5999755859375,943.0,937.5999755859375,939.5999755859375,939.5999755859375,66,0.0,0.0
2009-03-27,923.0,923.0,923.0,923.0,923.0,106869,0.0,0.0
2009-03-30,924.5999755859375,932.5,908.5999755859375,915.5,915.5,58837,0.0,0.0
2009-03-31,918.0,924.5,911.5999755859375,922.5999755859375,922.5999755859375,7403,0.0,0.0
2009-04-01,918.5999755859375,932.5,916.9000244140625,926.0999755859375,926.0999755859375,3659,0.0,0.0
2009-04-02,926.9000244140625,930.2999877929688,894.9000244140625,907.4000244140625,907.4000244140625,3389,0.0,0.0
2009-04-03,904.5999755859375,910.2999877929688,891.2999877929688,895.5999755859375,895.5999755859375,1616,0.0,0.0
2009-04-06,895.0,895.0,865.0999755859375,871.5,871.5,1078,0.0,0.0
2009-04-07,872.2000122070312,884.7000122070312,872.2000122070312,882.2000122070312,882.2000122070312,395,0.0,0.0
2009-04-08,884.0,889.0999755859375,879.0,884.7999877929688,884.7999877929688,119,0.0,0.0
2009-04-09,882.4000244140625,886.0999755859375,874.7000122070312,882.2000122070312,882.2000122070312,360,0.0,0.0
2009-04-13,882.5,899.4000244140625,882.5,894.7000122070312,894.7000122070312,418,0.0,0.0
2009-04-14,896.0999755859375,897.7999877929688,887.4000244140625,890.9000244140625,890.9000244140625,362,0.0,0.0
2009-04-15,890.0,895.2999877929688,888.9000244140625,892.7999877929688,892.7999877929688,665,0.0,0.0
2009-04-16,890.9000244140625,893.4000244140625,872.7999877929688,879.2999877929688,879.2999877929688,632,0.0,0.0
2009-04-17,874.0,875.7000122070312,865.0,867.4000244140625,867.4000244140625,212,0.0,0.0
2009-04-20,868.7999877929688,889.0,866.0999755859375,887.0,887.0,655,0.0,0.0
2009-04-21,886.9000244140625,895.0999755859375,880.7000122070312,882.0999755859375,882.0999755859375,230,0.0,0.0
2009-04-22,883.0999755859375,893.0,883.0,891.7999877929688,891.7999877929688,330,0.0,0.0
2009-04-23,893.5999755859375,909.0,892.5999755859375,905.9000244140625,905.9000244140625,234,0.0,0.0
2009-04-24,911.2000122070312,913.5999755859375,906.7000122070312,913.5999755859375,913.5999755859375,438,0.0,0.0
2009-04-27,918.0,918.0,906.2999877929688,907.4000244140625,907.4000244140625,1179,0.0,0.0
2009-04-28,899.7000122070312,899.7000122070312,890.0999755859375,892.7999877929688,892.7999877929688,308,0.0,0.0
2009-04-29,890.0999755859375,902.5,887.7999877929688,899.7999877929688,899.7999877929688,809,0.0,0.0
2009-04-30,898.2000122070312,898.9000244140625,881.2999877929688,890.7000122070312,890.7000122070312,212,0.0,0.0
2009-05-01,884.0,889.2000122070312,881.5,887.5999755859375,887.5999755859375,506,0.0,0.0
2009-05-04,885.7999877929688,907.5,885.7999877929688,901.5999755859375,901.5999755859375,83,0.0,0.0
2009-05-05,903.5,912.2999877929688,902.0,903.7000122070312,903.7000122070312,69,0.0,0.0
2009-05-06,901.2999877929688,911.0999755859375,901.2999877929688,910.5,910.5,30,0.0,0.0
2009-05-07,922.4000244140625,924.0,910.4000244140625,915.0,915.0,64,0.0,0.0
2009-05-08,910.0999755859375,915.2999877929688,910.0999755859375,914.4000244140625,914.4000244140625,156,0.0,0.0
2009-05-11,913.0999755859375,914.4000244140625,913.0999755859375,913.0,913.0,2,0.0,0.0
2009-05-12,918.5,923.5,916.0999755859375,923.5,923.5,24,0.0,0.0
2009-05-13,922.0,929.7000122070312,921.2000122070312,925.5,925.5,71,0.0,0.0
2009-05-14,922.5999755859375,922.5999755859375,922.5999755859375,928.0,928.0,1,0.0,0.0
2009-05-15,925.2000122070312,931.5999755859375,925.2000122070312,930.9000244140625,930.9000244140625,45,0.0,0.0
2009-05-18,929.5999755859375,932.9000244140625,918.7000122070312,921.2999877929688,921.2999877929688,71,0.0,0.0
2009-05-19,926.2999877929688,926.2999877929688,926.2999877929688,926.2999877929688,926.2999877929688,71,0.0,0.0
2009-05-20,933.0,940.5,931.0,937.0,937.0,67,0.0,0.0
2009-05-21,939.0999755859375,943.9000244140625,937.4000244140625,950.7999877929688,950.7999877929688,71,0.0,0.0
2009-05-22,956.9000244140625,958.7000122070312,956.9000244140625,958.5,958.5,12,0.0,0.0
2009-05-26,953.0,953.5,944.0,953.0999755859375,953.0999755859375,20,0.0,0.0
2009-05-27,947.2000122070312,956.0,947.2000122070312,953.2000122070312,953.2000122070312,151332,0.0,0.0
2009-05-28,948.5999755859375,964.9000244140625,944.0,961.5,961.5,74257,0.0,0.0
2009-05-29,959.2000122070312,980.4000244140625,959.0,978.7999877929688,978.7999877929688,7607,0.0,0.0
2009-06-01,978.7999877929688,988.0999755859375,973.0,978.5999755859375,978.5999755859375,2883,0.0,0.0
2009-06-02,974.7000122070312,986.5,969.7999877929688,983.2000122070312,983.2000122070312,2345,0.0,0.0
2009-06-03,981.7000122070312,990.2999877929688,961.0,964.5,964.5,1187,0.0,0.0
2009-06-04,963.5999755859375,982.0,960.9000244140625,981.2000122070312,981.2000122070312,600,0.0,0.0
2009-06-05,981.4000244140625,983.0,954.0,961.7000122070312,961.7000122070312,714,0.0,0.0
2009-06-08,958.0,960.0999755859375,944.4000244140625,951.7000122070312,951.7000122070312,580,0.0,0.0
2009-06-09,953.5,963.7000122070312,948.4000244140625,954.0,954.0,684,0.0,0.0
2009-06-10,956.0,966.0,949.2000122070312,954.0,954.0,698,0.0,0.0
2009-06-11,954.2999877929688,961.9000244140625,943.0999755859375,961.2999877929688,961.2999877929688,583,0.0,0.0
2009-06-12,955.9000244140625,956.5,935.7999877929688,940.0999755859375,940.0999755859375,166,0.0,0.0
2009-06-15,938.5,938.5,926.9000244140625,926.9000244140625,926.9000244140625,258,0.0,0.0
2009-06-16,930.9000244140625,938.5999755859375,930.9000244140625,931.5999755859375,931.5999755859375,149,0.0,0.0
2009-06-17,931.5,937.7999877929688,930.4000244140625,935.4000244140625,935.4000244140625,29,0.0,0.0
2009-06-18,942.0,942.0,931.0,934.0,934.0,91,0.0,0.0
2009-06-19,932.0,936.5,932.0,935.5999755859375,935.5999755859375,73,0.0,0.0
2009-06-22,925.0,926.2000122070312,919.0,920.5999755859375,920.5999755859375,134,0.0,0.0
2009-06-23,921.9000244140625,926.5,917.2999877929688,923.9000244140625,923.9000244140625,181,0.0,0.0
2009-06-24,925.4000244140625,942.7000122070312,922.9000244140625,934.0999755859375,934.0999755859375,588,0.0,0.0
2009-06-25,932.2999877929688,939.0999755859375,932.2999877929688,939.0999755859375,939.0999755859375,72,0.0,0.0
2009-06-26,945.2999877929688,946.0,939.5999755859375,940.7000122070312,940.7000122070312,185,0.0,0.0
2009-06-29,940.2000122070312,942.5,934.7999877929688,940.4000244140625,940.4000244140625,445,0.0,0.0
2009-06-30,941.4000244140625,943.9000244140625,925.2999877929688,927.0999755859375,927.0999755859375,128,0.0,0.0
2009-07-01,929.2999877929688,944.2000122070312,928.0,941.0,941.0,88,0.0,0.0
2009-07-02,941.4000244140625,941.5,926.5999755859375,930.7000122070312,930.7000122070312,67,0.0,0.0
2009-07-06,933.5,933.5,920.2000122070312,924.0,924.0,108,0.0,0.0
2009-07-07,924.2000122070312,931.7000122070312,921.2000122070312,928.7999877929688,928.7999877929688,57,0.0,0.0
2009-07-08,919.5999755859375,919.5999755859375,905.5999755859375,909.0,909.0,41,0.0,0.0
2009-07-09,907.2000122070312,917.4000244140625,907.2000122070312,915.9000244140625,915.9000244140625,74,0.0,0.0
2009-07-10,910.7000122070312,913.5,908.5,912.2000122070312,912.2000122070312,40,0.0,0.0
2009-07-13,911.5,922.2000122070312,908.4000244140625,922.2000122070312,922.2000122070312,30,0.0,0.0
2009-07-14,920.2000122070312,926.2000122070312,920.2000122070312,922.5,922.5,64,0.0,0.0
2009-07-15,928.9000244140625,941.0,928.2999877929688,939.0999755859375,939.0999755859375,67,0.0,0.0
2009-07-16,938.4000244140625,938.4000244140625,934.7999877929688,935.0999755859375,935.0999755859375,63,0.0,0.0
2009-07-17,936.9000244140625,937.7999877929688,931.7999877929688,937.2000122070312,937.2000122070312,34,0.0,0.0
2009-07-20,954.0999755859375,954.5,950.9000244140625,948.5,948.5,5,0.0,0.0
2009-07-21,948.5999755859375,948.5999755859375,945.7999877929688,946.5999755859375,946.5999755859375,15,0.0,0.0
2009-07-22,949.2000122070312,953.0,946.4000244140625,953.0,953.0,71,0.0,0.0
2009-07-23,954.2000122070312,954.2000122070312,949.7999877929688,954.5,954.5,47,0.0,0.0
2009-07-24,950.2999877929688,952.7999877929688,950.2999877929688,952.7999877929688,952.7999877929688,77,0.0,0.0
2009-07-27,955.0999755859375,957.0999755859375,953.2999877929688,953.2999877929688,953.2999877929688,5,0.0,0.0
2009-07-28,949.5,949.5,937.5,939.0,939.0,10,0.0,0.0
2009-07-29,927.2000122070312,927.2000122070312,927.2000122070312,927.2000122070312,927.2000122070312,129090,0.0,0.0
2009-07-30,929.2000122070312,937.0,928.4000244140625,934.9000244140625,934.9000244140625,36620,0.0,0.0
2009-07-31,934.4000244140625,958.0999755859375,932.0,953.7000122070312,953.7000122070312,10747,0.0,0.0
2009-08-03,952.5999755859375,964.0,952.4000244140625,956.5999755859375,956.5999755859375,2602,0.0,0.0
2009-08-04,956.5999755859375,969.5,950.7999877929688,967.5,967.5,565,0.0,0.0
2009-08-05,967.5999755859375,968.0999755859375,959.7999877929688,964.2000122070312,964.2000122070312,742,0.0,0.0
2009-08-06,964.0999755859375,971.0999755859375,956.5,960.7000122070312,960.7000122070312,543,0.0,0.0
2009-08-07,964.2999877929688,964.2999877929688,954.5999755859375,957.2999877929688,957.2999877929688,641,0.0,0.0
2009-08-10,955.0,956.0999755859375,943.5,945.0,945.0,395,0.0,0.0
2009-08-11,947.2000122070312,949.7000122070312,943.0999755859375,945.7999877929688,945.7999877929688,106,0.0,0.0
2009-08-12,947.5,951.5,943.0,950.7000122070312,950.7000122070312,102,0.0,0.0
2009-08-13,952.5999755859375,960.0999755859375,952.2999877929688,954.7000122070312,954.7000122070312,104,0.0,0.0
2009-08-14,957.4000244140625,957.4000244140625,942.0999755859375,947.0,947.0,141,0.0,0.0
2009-08-17,947.4000244140625,947.4000244140625,931.5,934.2999877929688,934.2999877929688,128,0.0,0.0
2009-08-18,938.5999755859375,938.5999755859375,935.5,937.7000122070312,937.7000122070312,276,0.0,0.0
2009-08-19,941.7999877929688,944.9000244140625,933.4000244140625,943.2999877929688,943.2999877929688,194,0.0,0.0
2009-08-20,942.9000244140625,945.7000122070312,940.0999755859375,940.2999877929688,940.2999877929688,35,0.0,0.0
2009-08-21,957.0,957.5999755859375,952.5999755859375,953.2000122070312,953.2000122070312,53,0.0,0.0
2009-08-24,953.5,957.0,941.2999877929688,942.2999877929688,942.2999877929688,198,0.0,0.0
2009-08-25,946.2999877929688,954.5,943.5,944.5,944.5,143,0.0,0.0
2009-08-26,947.5,948.2000122070312,940.2999877929688,944.2999877929688,944.2999877929688,128,0.0,0.0
2009-08-27,944.2000122070312,949.4000244140625,942.9000244140625,945.5,945.5,193,0.0,0.0
2009-08-28,949.2999877929688,962.2000122070312,948.0999755859375,957.0,957.0,182,0.0,0.0
2009-08-31,959.5,959.5,944.7999877929688,951.7000122070312,951.7000122070312,21,0.0,0.0
2009-09-01,954.2000122070312,956.5,948.7000122070312,954.7000122070312,954.7000122070312,17,0.0,0.0
2009-09-02,954.0,978.7999877929688,954.0,976.5999755859375,976.5999755859375,65,0.0,0.0
2009-09-03,978.0999755859375,995.7999877929688,978.0999755859375,995.7999877929688,995.7999877929688,55,0.0,0.0
2009-09-04,992.5999755859375,995.0,985.5,994.9000244140625,994.9000244140625,75,0.0,0.0
2009-09-08,993.5,1006.9000244140625,993.2000122070312,997.9000244140625,997.9000244140625,90,0.0,0.0
2009-09-09,1002.0,1002.7999877929688,988.7999877929688,995.2999877929688,995.2999877929688,84,0.0,0.0
2009-09-10,996.2000122070312,997.2000122070312,987.2999877929688,995.4000244140625,995.4000244140625,51,0.0,0.0
2009-09-11,999.7000122070312,1011.9000244140625,999.7000122070312,1004.9000244140625,1004.9000244140625,198,0.0,0.0
2009-09-14,1002.9000244140625,1003.7999877929688,998.5,999.9000244140625,999.9000244140625,91,0.0,0.0
2009-09-15,998.0,1008.0,994.9000244140625,1005.0,1005.0,118,0.0,0.0
2009-09-16,1014.7000122070312,1019.7999877929688,1014.7000122070312,1018.9000244140625,1018.9000244140625,92,0.0,0.0
2009-09-17,1017.2000122070312,1019.5,1011.5999755859375,1012.2999877929688,1012.2999877929688,48,0.0,0.0
2009-09-18,1013.9000244140625,1017.5999755859375,1009.2000122070312,1009.2000122070312,1009.2000122070312,26,0.0,0.0
2009-09-21,1003.7000122070312,1003.7000122070312,998.0,1003.7000122070312,1003.7000122070312,26,0.0,0.0
2009-09-22,1011.5,1019.4000244140625,1011.5,1014.2000122070312,1014.2000122070312,67,0.0,0.0
2009-09-23,1014.4000244140625,1015.2000122070312,1008.2000122070312,1013.0,1013.0,212,0.0,0.0
2009-09-24,1015.0,1015.0,993.9000244140625,997.5,997.5,123,0.0,0.0
2009-09-25,997.2999877929688,997.4000244140625,986.7000122070312,990.2000122070312,990.2000122070312,70,0.0,0.0
2009-09-28,993.2000122070312,993.2000122070312,991.4000244140625,992.5,992.5,6999,0.0,0.0
2009-09-29,990.5,995.7000122070312,984.7000122070312,993.0999755859375,993.0999755859375,5742,0.0,0.0
2009-09-30,992.5,1009.0,992.5,1008.0,1008.0,1393,0.0,0.0
2009-10-01,1007.4000244140625,1008.7999877929688,998.0,999.5,999.5,213,0.0,0.0
2009-10-02,998.7999877929688,1007.2999877929688,986.7999877929688,1003.2000122070312,1003.2000122070312,247,0.0,0.0
2009-10-05,1004.0999755859375,1017.5999755859375,1003.0,1016.7000122070312,1016.7000122070312,180,0.0,0.0
2009-10-06,1019.5,1043.800048828125,1018.2999877929688,1038.5999755859375,1038.5999755859375,180,0.0,0.0
2009-10-07,1038.300048828125,1048.199951171875,1038.300048828125,1043.300048828125,1043.300048828125,180,0.0,0.0
2009-10-08,1045.800048828125,1060.4000244140625,1045.0999755859375,1055.4000244140625,1055.4000244140625,160,0.0,0.0
2009-10-09,1049.300048828125,1051.5,1044.0,1047.800048828125,1047.800048828125,175,0.0,0.0
2009-10-12,1049.0,1058.4000244140625,1049.0,1056.699951171875,1056.699951171875,209,0.0,0.0
2009-10-13,1064.0,1068.4000244140625,1056.5,1064.199951171875,1064.199951171875,183,0.0,0.0
2009-10-14,1064.0,1070.199951171875,1057.5999755859375,1063.9000244140625,1063.9000244140625,140,0.0,0.0
2009-10-15,1062.199951171875,1062.199951171875,1048.0,1049.800048828125,1049.800048828125,179,0.0,0.0
2009-10-16,1051.5,1056.199951171875,1043.699951171875,1050.699951171875,1050.699951171875,76,0.0,0.0
2009-10-19,1053.5999755859375,1061.199951171875,1049.199951171875,1057.300048828125,1057.300048828125,157,0.0,0.0
2009-10-20,1065.5,1066.199951171875,1054.0,1057.800048828125,1057.800048828125,231,0.0,0.0
2009-10-21,1053.699951171875,1064.0,1047.5,1063.699951171875,1063.699951171875,35,0.0,0.0
2009-10-22,1061.199951171875,1061.199951171875,1051.5,1057.800048828125,1057.800048828125,173,0.0,0.0
2009-10-23,1063.800048828125,1065.9000244140625,1050.199951171875,1055.5999755859375,1055.5999755859375,116,0.0,0.0
2009-10-26,1055.5999755859375,1055.5999755859375,1039.9000244140625,1042.0999755859375,1042.0999755859375,76,0.0,0.0
2009-10-27,1039.5,1042.0999755859375,1034.699951171875,1034.699951171875,1034.699951171875,100,0.0,0.0
2009-10-28,1042.0999755859375,1042.0999755859375,1028.0,1029.9000244140625,1029.9000244140625,307,0.0,0.0
2009-10-29,1035.199951171875,1047.300048828125,1032.4000244140625,1046.4000244140625,1046.4000244140625,234,0.0,0.0
2009-10-30,1045.5,1045.800048828125,1035.5999755859375,1039.699951171875,1039.699951171875,148,0.0,0.0
2009-11-02,1053.4000244140625,1061.800048828125,1043.5,1053.4000244140625,1053.4000244140625,41,0.0,0.0
2009-11-03,1084.300048828125,1087.0,1056.800048828125,1084.300048828125,1084.300048828125,196,0.0,0.0
2009-11-04,1086.699951171875,1097.4000244140625,1082.199951171875,1086.699951171875,1086.699951171875,114,0.0,0.0
2009-11-05,1088.699951171875,1092.300048828125,1086.0,1088.699951171875,1088.699951171875,63,0.0,0.0
2009-11-06,1095.0999755859375,1100.0,1090.199951171875,1095.0999755859375,1095.0999755859375,102,0.0,0.0
2009-11-09,1098.5999755859375,1109.300048828125,1098.5999755859375,1100.800048828125,1100.800048828125,102,0.0,0.0
2009-11-10,1100.9000244140625,1108.5999755859375,1098.199951171875,1101.9000244140625,1101.9000244140625,92,0.0,0.0
2009-11-11,1114.0,1117.5999755859375,1106.300048828125,1114.0,1114.0,104,0.0,0.0
2009-11-12,1106.0,1121.300048828125,1104.300048828125,1106.0,1106.0,68,0.0,0.0
2009-11-13,1116.0999755859375,1118.199951171875,1105.0,1116.0999755859375,1116.0999755859375,56,0.0,0.0
2009-11-16,1138.5999755859375,1140.5,1127.199951171875,1138.5999755859375,1138.5999755859375,64,0.0,0.0
2009-11-17,1138.800048828125,1140.4000244140625,1131.300048828125,1138.800048828125,1138.800048828125,67,0.0,0.0
2009-11-18,1140.699951171875,1149.4000244140625,1136.5,1140.699951171875,1140.699951171875,77,0.0,0.0
2009-11-19,1141.4000244140625,1144.800048828125,1135.5,1141.4000244140625,1141.4000244140625,20,0.0,0.0
2009-11-20,1146.4000244140625,1147.9000244140625,1137.300048828125,1146.4000244140625,1146.4000244140625,18,0.0,0.0
2009-11-23,1164.300048828125,1163.0,1164.300048828125,1164.300048828125,1164.300048828125,3,0.0,0.0
2009-11-24,1165.5,1169.800048828125,1167.5,1165.5,1165.5,26,0.0,0.0
2009-11-25,1186.9000244140625,1186.9000244140625,1186.9000244140625,1186.9000244140625,1186.9000244140625,205513,0.0,0.0
2009-11-27,1190.800048828125,1195.0,1130.0999755859375,1174.199951171875,1174.199951171875,112015,0.0,0.0
2009-11-30,1179.9000244140625,1183.699951171875,1163.699951171875,1181.0999755859375,1181.0999755859375,14549,0.0,0.0
2009-12-01,1181.0,1202.699951171875,1176.0,1199.0999755859375,1199.0999755859375,3787,0.0,0.0
2009-12-02,1196.4000244140625,1217.300048828125,1196.300048828125,1212.0,1212.0,2145,0.0,0.0
2009-12-03,1218.0,1226.4000244140625,1204.5999755859375,1217.4000244140625,1217.4000244140625,1530,0.0,0.0
2009-12-04,1207.800048828125,1211.199951171875,1147.0,1168.800048828125,1168.800048828125,4288,0.0,0.0
2009-12-07,1157.5999755859375,1165.5,1136.300048828125,1163.4000244140625,1163.4000244140625,3669,0.0,0.0
2009-12-08,1159.5,1169.300048828125,1125.300048828125,1142.800048828125,1142.800048828125,784,0.0,0.0
2009-12-09,1130.300048828125,1147.0,1116.5,1120.4000244140625,1120.4000244140625,2256,0.0,0.0
2009-12-10,1125.699951171875,1134.800048828125,1122.199951171875,1125.699951171875,1125.699951171875,344,0.0,0.0
2009-12-11,1132.699951171875,1141.4000244140625,1110.800048828125,1119.4000244140625,1119.4000244140625,912,0.0,0.0
2009-12-14,1123.300048828125,1127.5,1114.5,1123.300048828125,1123.300048828125,230,0.0,0.0
2009-12-15,1127.9000244140625,1128.5999755859375,1111.9000244140625,1122.4000244140625,1122.4000244140625,242,0.0,0.0
2009-12-16,1125.699951171875,1140.0,1122.4000244140625,1135.5,1135.5,205,0.0,0.0
2009-12-17,1141.5,1141.5,1095.699951171875,1106.800048828125,1106.800048828125,422,0.0,0.0
2009-12-18,1110.800048828125,1115.199951171875,1097.800048828125,1110.800048828125,1110.800048828125,404,0.0,0.0
2009-12-21,1095.4000244140625,1119.199951171875,1090.800048828125,1095.4000244140625,1095.4000244140625,248,0.0,0.0
2009-12-22,1095.300048828125,1097.4000244140625,1075.0,1086.0,1086.0,480,0.0,0.0
2009-12-23,1093.300048828125,1094.5999755859375,1080.0,1093.300048828125,1093.300048828125,168,0.0,0.0
2009-12-24,1092.0,1105.300048828125,1092.0,1104.0999755859375,1104.0999755859375,127,0.0,0.0
2009-12-28,1107.199951171875,1111.9000244140625,1102.800048828125,1107.199951171875,1107.199951171875,350,0.0,0.0
2009-12-29,1097.0,1105.199951171875,1097.0,1097.0,1097.0,1038,0.0,0.0
2009-12-30,1091.5,1097.0999755859375,1086.0,1091.5,1091.5,399,0.0,0.0
2009-12-31,1095.199951171875,1106.0999755859375,1094.0,1095.199951171875,1095.199951171875,149,0.0,0.0
2010-01-04,1117.699951171875,1122.300048828125,1097.0999755859375,1117.699951171875,1117.699951171875,184,0.0,0.0
2010-01-05,1118.0999755859375,1126.5,1115.0,1118.0999755859375,1118.0999755859375,53,0.0,0.0
2010-01-06,1135.9000244140625,1139.199951171875,1120.699951171875,1135.9000244140625,1135.9000244140625,363,0.0,0.0
2010-01-07,1133.0999755859375,1133.0999755859375,1129.199951171875,1133.0999755859375,1133.0999755859375,56,0.0,0.0
2010-01-08,1138.199951171875,1138.199951171875,1122.699951171875,1138.199951171875,1138.199951171875,54,0.0,0.0
2010-01-11,1150.699951171875,1161.199951171875,1143.0,1150.699951171875,1150.699951171875,177,0.0,0.0
2010-01-12,1128.9000244140625,1157.199951171875,1127.199951171875,1128.9000244140625,1128.9000244140625,51,0.0,0.0
2010-01-13,1136.4000244140625,1136.4000244140625,1121.0,1136.4000244140625,1136.4000244140625,58,0.0,0.0
2010-01-14,1137.0,1145.9000244140625,1132.800048828125,1142.5999755859375,1142.5999755859375,81,0.0,0.0
2010-01-15,1132.800048828125,1133.4000244140625,1127.199951171875,1130.0999755859375,1130.0999755859375,50,0.0,0.0
2010-01-19,1139.699951171875,1139.699951171875,1130.5,1139.699951171875,1139.699951171875,22,0.0,0.0
2010-01-20,1123.300048828125,1133.0,1109.800048828125,1112.300048828125,1112.300048828125,28,0.0,0.0
2010-01-21,1102.699951171875,1107.5,1090.199951171875,1102.699951171875,1102.699951171875,99,0.0,0.0
2010-01-22,1089.199951171875,1095.4000244140625,1083.0,1089.199951171875,1089.199951171875,58,0.0,0.0
2010-01-25,1095.199951171875,1095.199951171875,1095.199951171875,1095.199951171875,1095.199951171875,8,0.0,0.0
2010-01-26,1097.9000244140625,1097.9000244140625,1097.9000244140625,1097.9000244140625,1097.9000244140625,4,0.0,0.0
2010-01-27,1084.4000244140625,1084.4000244140625,1084.4000244140625,1084.4000244140625,1084.4000244140625,206694,0.0,0.0
2010-01-28,1087.800048828125,1095.699951171875,1073.199951171875,1083.5999755859375,1083.5999755859375,101168,0.0,0.0
2010-01-29,1085.0,1090.800048828125,1074.5,1083.0,1083.0,11456,0.0,0.0
2010-02-01,1081.0,1107.300048828125,1076.800048828125,1104.300048828125,1104.300048828125,2452,0.0,0.0
2010-02-02,1117.4000244140625,1118.5,1100.199951171875,1117.4000244140625,1117.4000244140625,3326,0.0,0.0
2010-02-03,1115.800048828125,1124.9000244140625,1108.5999755859375,1111.4000244140625,1111.4000244140625,853,0.0,0.0
2010-02-04,1110.0,1110.699951171875,1059.0,1062.4000244140625,1062.4000244140625,1426,0.0,0.0
2010-02-05,1052.199951171875,1068.5,1045.199951171875,1052.199951171875,1052.199951171875,1956,0.0,0.0
2010-02-08,1065.699951171875,1073.4000244140625,1061.5999755859375,1065.699951171875,1065.699951171875,549,0.0,0.0
2010-02-09,1076.699951171875,1082.0,1063.0999755859375,1076.699951171875,1076.699951171875,387,0.0,0.0
2010-02-10,1075.800048828125,1081.0999755859375,1063.300048828125,1075.800048828125,1075.800048828125,640,0.0,0.0
2010-02-11,1076.800048828125,1097.0999755859375,1075.5999755859375,1094.199951171875,1094.199951171875,1491,0.0,0.0
2010-02-12,1089.5,1092.0,1079.800048828125,1089.5,1089.5,197,0.0,0.0
2010-02-16,1119.300048828125,1120.4000244140625,1092.4000244140625,1119.300048828125,1119.300048828125,928,0.0,0.0
2010-02-17,1119.5,1127.0,1108.5,1119.5,1119.5,1083,0.0,0.0
2010-02-18,1118.0,1123.699951171875,1100.800048828125,1118.0,1118.0,989,0.0,0.0
2010-02-19,1121.300048828125,1126.199951171875,1099.699951171875,1121.300048828125,1121.300048828125,137,0.0,0.0
2010-02-22,1112.5999755859375,1127.4000244140625,1110.0,1112.5999755859375,1112.5999755859375,124,0.0,0.0
2010-02-23,1116.4000244140625,1118.300048828125,1102.5999755859375,1102.699951171875,1102.699951171875,152,0.0,0.0
2010-02-24,1096.5,1096.5,1096.5,1096.5,1096.5,751,0.0,0.0
2010-02-25,1107.800048828125,1108.199951171875,1088.699951171875,1107.800048828125,1107.800048828125,386,0.0,0.0
2010-02-26,1106.800048828125,1118.300048828125,1106.800048828125,1118.300048828125,1118.300048828125,382,0.0,0.0
2010-03-01,1119.300048828125,1121.9000244140625,1113.5999755859375,1117.800048828125,1117.800048828125,184,0.0,0.0
2010-03-02,1136.9000244140625,1137.4000244140625,1115.699951171875,1136.9000244140625,1136.9000244140625,155,0.0,0.0
2010-03-03,1142.699951171875,1145.0,1133.699951171875,1142.699951171875,1142.699951171875,170,0.0,0.0
2010-03-04,1132.5999755859375,1139.0,1128.5999755859375,1132.5999755859375,1132.5999755859375,118,0.0,0.0
2010-03-05,1134.800048828125,1134.800048828125,1134.800048828125,1134.800048828125,1134.800048828125,129,0.0,0.0
2010-03-08,1123.5999755859375,1123.5999755859375,1123.5999755859375,1123.5999755859375,1123.5999755859375,17,0.0,0.0
2010-03-09,1122.0,1124.0,1113.0999755859375,1122.0,1122.0,27,0.0,0.0
2010-03-10,1107.800048828125,1127.0999755859375,1106.9000244140625,1107.800048828125,1107.800048828125,21,0.0,0.0
2010-03-11,1108.0,1108.0,1108.0,1108.0,1108.0,46,0.0,0.0
2010-03-12,1101.5,1117.4000244140625,1099.9000244140625,1101.5,1101.5,135,0.0,0.0
2010-03-15,1105.0999755859375,1107.0999755859375,1101.4000244140625,1105.0999755859375,1105.0999755859375,21,0.0,0.0
2010-03-16,1122.199951171875,1127.0,1114.5,1122.199951171875,1122.199951171875,66,0.0,0.0
2010-03-17,1124.0,1131.4000244140625,1118.0,1124.0,1124.0,29,0.0,0.0
2010-03-18,1127.4000244140625,1127.800048828125,1121.0999755859375,1127.4000244140625,1127.4000244140625,86,0.0,0.0
2010-03-19,1107.4000244140625,1107.4000244140625,1107.4000244140625,1107.4000244140625,1107.4000244140625,54,0.0,0.0
2010-03-22,1099.300048828125,1099.300048828125,1099.300048828125,1099.300048828125,1099.300048828125,71,0.0,0.0
2010-03-23,1103.5,1103.5,1103.5,1103.5,1103.5,16,0.0,0.0
2010-03-24,1088.5999755859375,1092.4000244140625,1085.5,1088.5999755859375,1088.5999755859375,9,0.0,0.0
2010-03-25,1092.699951171875,1092.699951171875,1086.699951171875,1092.699951171875,1092.699951171875,8,0.0,0.0
2010-03-26,1104.199951171875,1104.199951171875,1104.199951171875,1104.199951171875,1104.199951171875,5,0.0,0.0
2010-03-29,1110.300048828125,1110.300048828125,1110.300048828125,1110.300048828125,1110.300048828125,158733,0.0,0.0
2010-03-30,1109.699951171875,1112.9000244140625,1101.0999755859375,1104.5,1104.5,56533,0.0,0.0
2010-03-31,1103.0999755859375,1118.699951171875,1102.0,1113.300048828125,1113.300048828125,5950,0.0,0.0
2010-04-01,1125.0999755859375,1127.699951171875,1111.300048828125,1125.0999755859375,1125.0999755859375,2696,0.0,0.0
2010-04-05,1122.300048828125,1133.300048828125,1119.9000244140625,1132.9000244140625,1132.9000244140625,567,0.0,0.0
2010-04-06,1130.800048828125,1138.5,1122.699951171875,1135.0999755859375,1135.0999755859375,2490,0.0,0.0
2010-04-07,1152.300048828125,1153.0,1132.5999755859375,1152.300048828125,1152.300048828125,1342,0.0,0.0
2010-04-08,1152.199951171875,1152.300048828125,1144.0,1152.199951171875,1152.199951171875,254,0.0,0.0
2010-04-09,1161.0999755859375,1164.800048828125,1150.5,1161.0999755859375,1161.0999755859375,505,0.0,0.0
2010-04-12,1161.5999755859375,1169.0,1154.5999755859375,1161.5999755859375,1161.5999755859375,483,0.0,0.0
2010-04-13,1152.800048828125,1157.0,1145.0,1152.800048828125,1152.800048828125,278,0.0,0.0
2010-04-14,1159.0,1160.5999755859375,1151.199951171875,1159.0,1159.0,162,0.0,0.0
2010-04-15,1157.5,1159.800048828125,1151.0,1159.699951171875,1159.699951171875,179,0.0,0.0
2010-04-16,1136.300048828125,1160.0,1130.4000244140625,1136.300048828125,1136.300048828125,483,0.0,0.0
2010-04-19,1135.199951171875,1137.0999755859375,1124.0,1135.199951171875,1135.199951171875,145,0.0,0.0
2010-04-20,1138.5999755859375,1145.800048828125,1136.0,1138.5999755859375,1138.5999755859375,80,0.0,0.0
2010-04-21,1148.199951171875,1150.0,1138.4000244140625,1148.199951171875,1148.199951171875,68,0.0,0.0
2010-04-22,1142.300048828125,1144.0,1133.5999755859375,1142.300048828125,1142.300048828125,213,0.0,0.0
2010-04-23,1153.0999755859375,1153.0999755859375,1153.0999755859375,1153.0999755859375,1153.0999755859375,40,0.0,0.0
2010-04-26,1160.0999755859375,1160.0999755859375,1151.4000244140625,1153.5,1153.5,108,0.0,0.0
2010-04-27,1152.800048828125,1170.699951171875,1148.5999755859375,1161.699951171875,1161.699951171875,213,0.0,0.0
2010-04-28,1171.300048828125,1171.300048828125,1171.300048828125,1171.300048828125,1171.300048828125,299,0.0,0.0
2010-04-29,1168.4000244140625,1171.199951171875,1164.0,1168.4000244140625,1168.4000244140625,166,0.0,0.0
2010-04-30,1180.0999755859375,1181.300048828125,1170.0,1180.0999755859375,1180.0999755859375,146,0.0,0.0
2010-05-03,1178.5999755859375,1187.5,1177.300048828125,1182.699951171875,1182.699951171875,90,0.0,0.0
2010-05-04,1168.5999755859375,1191.800048828125,1168.300048828125,1168.5999755859375,1168.5999755859375,94,0.0,0.0
2010-05-05,1174.5999755859375,1177.199951171875,1159.199951171875,1174.5999755859375,1174.5999755859375,98,0.0,0.0
2010-05-06,1196.9000244140625,1210.5999755859375,1175.9000244140625,1196.9000244140625,1196.9000244140625,79,0.0,0.0
2010-05-07,1210.0,1210.800048828125,1194.5999755859375,1210.0,1210.0,112,0.0,0.0
2010-05-10,1200.4000244140625,1203.800048828125,1189.199951171875,1200.4000244140625,1200.4000244140625,118,0.0,0.0
2010-05-11,1219.9000244140625,1233.5,1201.5,1219.9000244140625,1219.9000244140625,201,0.0,0.0
2010-05-12,1242.699951171875,1246.5,1227.0999755859375,1242.699951171875,1242.699951171875,213,0.0,0.0
2010-05-13,1235.300048828125,1240.0,1228.699951171875,1228.800048828125,1228.800048828125,37,0.0,0.0
2010-05-14,1227.4000244140625,1227.4000244140625,1227.4000244140625,1227.4000244140625,1227.4000244140625,99,0.0,0.0
2010-05-17,1233.300048828125,1235.9000244140625,1225.199951171875,1227.699951171875,1227.699951171875,49,0.0,0.0
2010-05-18,1214.300048828125,1216.0999755859375,1208.199951171875,1214.300048828125,1214.300048828125,73,0.0,0.0
2010-05-19,1192.5999755859375,1192.5999755859375,1192.5999755859375,1192.5999755859375,1192.5999755859375,75,0.0,0.0
2010-05-20,1187.800048828125,1191.800048828125,1179.4000244140625,1187.800048828125,1187.800048828125,297,0.0,0.0
2010-05-21,1175.699951171875,1175.699951171875,1175.699951171875,1175.699951171875,1175.699951171875,177,0.0,0.0
2010-05-24,1193.800048828125,1193.800048828125,1193.800048828125,1193.800048828125,1193.800048828125,14,0.0,0.0
2010-05-25,1197.800048828125,1200.0,1195.5999755859375,1197.800048828125,1197.800048828125,9,0.0,0.0
2010-05-26,1213.300048828125,1213.300048828125,1213.300048828125,1213.300048828125,1213.300048828125,237497,0.0,0.0
2010-05-27,1211.699951171875,1218.5,1205.4000244140625,1211.9000244140625,1211.9000244140625,109434,0.0,0.0
2010-05-28,1210.4000244140625,1214.800048828125,1201.0999755859375,1212.199951171875,1212.199951171875,12895,0.0,0.0
2010-06-01,1224.800048828125,1228.199951171875,1209.300048828125,1224.800048828125,1224.800048828125,4547,0.0,0.0
2010-06-02,1220.5999755859375,1225.800048828125,1213.199951171875,1220.5999755859375,1220.5999755859375,2799,0.0,0.0
2010-06-03,1208.300048828125,1224.0,1201.0,1208.300048828125,1208.300048828125,1552,0.0,0.0
2010-06-04,1207.5999755859375,1220.4000244140625,1196.9000244140625,1216.199951171875,1216.199951171875,1070,0.0,0.0
2010-06-07,1239.300048828125,1244.699951171875,1211.0,1239.300048828125,1239.300048828125,859,0.0,0.0
2010-06-08,1241.5,1252.0999755859375,1234.0999755859375,1244.0,1244.0,763,0.0,0.0
2010-06-09,1237.0,1238.199951171875,1222.0,1228.5,1228.5,446,0.0,0.0
2010-06-10,1232.800048828125,1233.5,1215.0999755859375,1220.800048828125,1220.800048828125,488,0.0,0.0
2010-06-11,1228.9000244140625,1229.5999755859375,1218.0,1228.9000244140625,1228.9000244140625,481,0.0,0.0
2010-06-14,1223.199951171875,1232.699951171875,1217.699951171875,1223.300048828125,1223.300048828125,989,0.0,0.0
2010-06-15,1222.5999755859375,1236.0,1222.4000244140625,1233.199951171875,1233.199951171875,251,0.0,0.0
2010-06-16,1229.300048828125,1229.300048828125,1229.300048828125,1229.300048828125,1229.300048828125,318,0.0,0.0
2010-06-17,1233.9000244140625,1251.0999755859375,1233.9000244140625,1247.5,1247.5,266,0.0,0.0
2010-06-18,1247.699951171875,1261.5,1242.9000244140625,1257.199951171875,1257.199951171875,130,0.0,0.0
2010-06-21,1257.4000244140625,1264.800048828125,1232.0,1239.699951171875,1239.699951171875,219,0.0,0.0
2010-06-22,1239.9000244140625,1242.800048828125,1232.0999755859375,1239.9000244140625,1239.9000244140625,172,0.0,0.0
2010-06-23,1233.9000244140625,1245.0999755859375,1226.9000244140625,1234.0999755859375,1234.0999755859375,100,0.0,0.0
2010-06-24,1236.4000244140625,1248.0999755859375,1230.699951171875,1245.5,1245.5,253,0.0,0.0
2010-06-25,1246.699951171875,1256.9000244140625,1243.699951171875,1255.800048828125,1255.800048828125,159,0.0,0.0
2010-06-28,1238.199951171875,1238.199951171875,1238.199951171875,1238.199951171875,1238.199951171875,351,0.0,0.0
2010-06-29,1242.0,1245.0,1228.5,1242.0,1242.0,417,0.0,0.0
2010-06-30,1245.5,1246.199951171875,1236.699951171875,1245.5,1245.5,73,0.0,0.0
2010-07-01,1206.300048828125,1242.4000244140625,1204.5,1206.300048828125,1206.300048828125,50,0.0,0.0
2010-07-02,1201.4000244140625,1211.5999755859375,1200.800048828125,1207.4000244140625,1207.4000244140625,169,0.0,0.0
2010-07-06,1207.300048828125,1211.800048828125,1190.5,1194.800048828125,1194.800048828125,52,0.0,0.0
2010-07-07,1198.5999755859375,1198.5999755859375,1198.5999755859375,1198.5999755859375,1198.5999755859375,18,0.0,0.0
2010-07-08,1195.800048828125,1203.300048828125,1189.300048828125,1195.800048828125,1195.800048828125,93,0.0,0.0
2010-07-09,1209.5999755859375,1213.0,1195.0,1209.5999755859375,1209.5999755859375,22,0.0,0.0
2010-07-12,1198.5,1198.5,1198.5,1198.5,1198.5,45,0.0,0.0
2010-07-13,1213.300048828125,1217.4000244140625,1205.199951171875,1213.300048828125,1213.300048828125,53,0.0,0.0
2010-07-14,1212.0,1213.800048828125,1202.4000244140625,1206.800048828125,1206.800048828125,54,0.0,0.0
2010-07-15,1208.0999755859375,1208.0999755859375,1208.0999755859375,1208.0999755859375,1208.0999755859375,32,0.0,0.0
2010-07-16,1188.0,1188.0,1188.0,1188.0,1188.0,46,0.0,0.0
2010-07-19,1181.699951171875,1182.199951171875,1180.0,1181.699951171875,1181.699951171875,4,0.0,0.0
2010-07-20,1191.5,1191.5,1191.5,1191.5,1191.5,8,0.0,0.0
2010-07-21,1191.5999755859375,1194.5,1184.0999755859375,1191.5999755859375,1191.5999755859375,24,0.0,0.0
2010-07-22,1195.5,1196.0,1194.4000244140625,1195.5,1195.5,79,0.0,0.0
2010-07-23,1187.699951171875,1198.5999755859375,1187.699951171875,1187.699951171875,1187.699951171875,32,0.0,0.0
2010-07-26,1183.0,1183.0,1183.0,1183.0,1183.0,37,0.0,0.0
2010-07-27,1158.0,1158.0,1158.0,1158.0,1158.0,29,0.0,0.0
2010-07-28,1160.4000244140625,1160.4000244140625,1160.4000244140625,1160.4000244140625,1160.4000244140625,206828,0.0,0.0
2010-07-29,1163.800048828125,1169.199951171875,1158.699951171875,1168.4000244140625,1168.4000244140625,54384,0.0,0.0
2010-07-30,1168.199951171875,1183.0999755859375,1166.0,1181.699951171875,1181.699951171875,5466,0.0,0.0
2010-08-02,1183.4000244140625,1191.800048828125,1174.699951171875,1183.4000244140625,1183.4000244140625,2504,0.0,0.0
2010-08-03,1185.199951171875,1190.5,1180.0,1185.199951171875,1185.199951171875,598,0.0,0.0
2010-08-04,1186.300048828125,1203.0,1186.300048828125,1193.699951171875,1193.699951171875,1068,0.0,0.0
2010-08-05,1197.199951171875,1199.300048828125,1190.0,1197.199951171875,1197.199951171875,214,0.0,0.0
2010-08-06,1203.300048828125,1211.0,1195.300048828125,1203.4000244140625,1203.4000244140625,347,0.0,0.0
2010-08-09,1205.800048828125,1209.5,1199.800048828125,1200.699951171875,1200.699951171875,658,0.0,0.0
2010-08-10,1196.199951171875,1206.5,1191.0,1196.199951171875,1196.199951171875,713,0.0,0.0
2010-08-11,1197.5,1208.0,1193.0,1197.5,1197.5,351,0.0,0.0
2010-08-12,1214.800048828125,1215.5,1199.0,1214.800048828125,1214.800048828125,289,0.0,0.0
2010-08-13,1214.9000244140625,1214.9000244140625,1214.9000244140625,1214.9000244140625,1214.9000244140625,138,0.0,0.0
2010-08-16,1224.5,1225.4000244140625,1218.0,1224.5,1224.5,252,0.0,0.0
2010-08-17,1226.5999755859375,1227.4000244140625,1224.0,1226.5999755859375,1226.5999755859375,84,0.0,0.0
2010-08-18,1229.699951171875,1231.5999755859375,1218.0,1229.699951171875,1229.699951171875,169,0.0,0.0
2010-08-19,1233.800048828125,1237.5999755859375,1228.800048828125,1233.800048828125,1233.800048828125,46,0.0,0.0
2010-08-20,1227.199951171875,1232.800048828125,1223.0,1227.199951171875,1227.199951171875,236,0.0,0.0
2010-08-23,1226.9000244140625,1228.9000244140625,1222.9000244140625,1226.9000244140625,1226.9000244140625,56,0.0,0.0
2010-08-24,1231.800048828125,1234.0,1211.5,1231.800048828125,1231.800048828125,300,0.0,0.0
2010-08-25,1239.5,1240.699951171875,1230.699951171875,1239.5,1239.5,298,0.0,0.0
2010-08-26,1235.4000244140625,1243.300048828125,1235.0,1235.4000244140625,1235.4000244140625,104,0.0,0.0
2010-08-27,1236.0,1236.0,1236.0,1236.0,1236.0,573,0.0,0.0
2010-08-30,1237.0999755859375,1237.9000244140625,1234.0,1237.0999755859375,1237.0999755859375,128,0.0,0.0
2010-08-31,1248.300048828125,1249.4000244140625,1233.0,1248.300048828125,1248.300048828125,124,0.0,0.0
2010-09-01,1246.300048828125,1254.300048828125,1243.5999755859375,1246.300048828125,1246.300048828125,41,0.0,0.0
2010-09-02,1251.5,1252.5,1246.9000244140625,1251.5,1251.5,100,0.0,0.0
2010-09-03,1249.199951171875,1249.199951171875,1240.0,1249.199951171875,1249.199951171875,3,0.0,0.0
2010-09-07,1257.300048828125,1258.0,1255.5,1257.300048828125,1257.300048828125,7,0.0,0.0
2010-09-08,1255.5999755859375,1260.199951171875,1254.699951171875,1255.5999755859375,1255.5999755859375,27,0.0,0.0
2010-09-09,1248.9000244140625,1256.0,1244.0999755859375,1248.9000244140625,1248.9000244140625,9,0.0,0.0
2010-09-10,1244.5,1244.5,1244.5,1244.5,1244.5,20,0.0,0.0
2010-09-13,1245.0999755859375,1245.0999755859375,1245.0999755859375,1245.0999755859375,1245.0999755859375,18,0.0,0.0
2010-09-14,1269.699951171875,1272.4000244140625,1253.4000244140625,1269.699951171875,1269.699951171875,87,0.0,0.0
2010-09-15,1266.5999755859375,1269.800048828125,1263.5,1266.699951171875,1266.699951171875,34,0.0,0.0
2010-09-16,1271.9000244140625,1275.199951171875,1268.699951171875,1271.9000244140625,1271.9000244140625,37,0.0,0.0
2010-09-17,1275.5999755859375,1279.5999755859375,1273.800048828125,1275.5999755859375,1275.5999755859375,54,0.0,0.0
2010-09-20,1279.0,1282.0,1279.0,1279.0,1279.0,27,0.0,0.0
2010-09-21,1272.4000244140625,1289.800048828125,1271.800048828125,1272.4000244140625,1272.4000244140625,56,0.0,0.0
2010-09-22,1290.199951171875,1290.199951171875,1290.199951171875,1290.199951171875,1290.199951171875,17,0.0,0.0
2010-09-23,1294.300048828125,1294.300048828125,1289.4000244140625,1294.300048828125,1294.300048828125,45,0.0,0.0
2010-09-24,1296.0,1297.4000244140625,1294.199951171875,1296.0,1296.0,37,0.0,0.0
2010-09-27,1296.699951171875,1296.699951171875,1296.699951171875,1296.699951171875,1296.699951171875,67,0.0,0.0
2010-09-28,1287.5,1308.5999755859375,1287.5,1306.5999755859375,1306.5999755859375,25190,0.0,0.0
2010-09-29,1309.4000244140625,1312.5,1305.0,1308.5,1308.5,6745,0.0,0.0
2010-09-30,1307.199951171875,1315.199951171875,1295.699951171875,1307.800048828125,1307.800048828125,579,0.0,0.0
2010-10-01,1309.0,1320.0,1309.0,1316.0999755859375,1316.0999755859375,153,0.0,0.0
2010-10-04,1318.300048828125,1319.0999755859375,1312.0,1315.4000244140625,1315.4000244140625,95,0.0,0.0
2010-10-05,1312.9000244140625,1341.0999755859375,1312.9000244140625,1338.9000244140625,1338.9000244140625,197,0.0,0.0
2010-10-06,1339.0999755859375,1349.0,1339.0,1346.4000244140625,1346.4000244140625,215,0.0,0.0
2010-10-07,1347.9000244140625,1363.0,1325.699951171875,1333.9000244140625,1333.9000244140625,261,0.0,0.0
2010-10-08,1333.5,1348.4000244140625,1325.0,1344.199951171875,1344.199951171875,80,0.0,0.0
2010-10-11,1346.699951171875,1353.699951171875,1344.0,1353.300048828125,1353.300048828125,79,0.0,0.0
2010-10-12,1346.9000244140625,1352.199951171875,1343.5999755859375,1345.699951171875,1345.699951171875,112,0.0,0.0
2010-10-13,1356.4000244140625,1374.0,1355.0999755859375,1369.5,1369.5,251,0.0,0.0
2010-10-14,1372.800048828125,1383.9000244140625,1371.300048828125,1376.699951171875,1376.699951171875,106,0.0,0.0
2010-10-15,1379.199951171875,1382.4000244140625,1364.699951171875,1371.0999755859375,1371.0999755859375,170,0.0,0.0
2010-10-18,1358.0,1372.5999755859375,1358.0,1371.199951171875,1371.199951171875,46,0.0,0.0
2010-10-19,1366.800048828125,1370.5,1328.5,1335.0999755859375,1335.0999755859375,301,0.0,0.0
2010-10-20,1336.0,1345.800048828125,1334.199951171875,1343.300048828125,1343.300048828125,148,0.0,0.0
2010-10-21,1344.199951171875,1346.199951171875,1317.5,1324.699951171875,1324.699951171875,102,0.0,0.0
2010-10-22,1326.699951171875,1328.0999755859375,1319.0,1324.4000244140625,1324.4000244140625,113,0.0,0.0
2010-10-25,1333.5999755859375,1349.0999755859375,1333.0999755859375,1338.300048828125,1338.300048828125,194,0.0,0.0
2010-10-26,1341.199951171875,1341.199951171875,1328.300048828125,1338.0,1338.0,195,0.0,0.0
2010-10-27,1341.0,1341.0,1321.0999755859375,1322.199951171875,1322.199951171875,106,0.0,0.0
2010-10-28,1327.9000244140625,1343.5999755859375,1325.9000244140625,1342.0999755859375,1342.0999755859375,192,0.0,0.0
2010-10-29,1340.199951171875,1358.699951171875,1336.800048828125,1357.0999755859375,1357.0999755859375,74,0.0,0.0
2010-11-01,1360.300048828125,1360.300048828125,1350.699951171875,1350.199951171875,1350.199951171875,40,0.0,0.0
2010-11-02,1356.800048828125,1356.800048828125,1355.5,1356.4000244140625,1356.4000244140625,17,0.0,0.0
2010-11-03,1351.4000244140625,1359.199951171875,1327.5,1337.0999755859375,1337.0999755859375,135,0.0,0.0
2010-11-04,1368.5999755859375,1392.5,1368.5999755859375,1382.699951171875,1382.699951171875,109,0.0,0.0
2010-11-05,1390.699951171875,1398.0,1378.199951171875,1397.300048828125,1397.300048828125,109,0.0,0.0
2010-11-08,1390.5,1409.199951171875,1387.0999755859375,1402.800048828125,1402.800048828125,112,0.0,0.0
2010-11-09,1405.199951171875,1423.199951171875,1382.9000244140625,1409.800048828125,1409.800048828125,84,0.0,0.0
2010-11-10,1395.199951171875,1408.0999755859375,1384.0,1399.0999755859375,1399.0999755859375,29,0.0,0.0
2010-11-11,1400.699951171875,1413.5,1397.300048828125,1403.0999755859375,1403.0999755859375,26,0.0,0.0
2010-11-12,1407.9000244140625,1407.9000244140625,1360.0999755859375,1365.4000244140625,1365.4000244140625,182,0.0,0.0
2010-11-15,1363.699951171875,1372.5999755859375,1355.300048828125,1368.4000244140625,1368.4000244140625,46,0.0,0.0
2010-11-16,1356.5,1358.199951171875,1329.5,1338.300048828125,1338.300048828125,67,0.0,0.0
2010-11-17,1336.9000244140625,1341.800048828125,1331.300048828125,1336.800048828125,1336.800048828125,50,0.0,0.0
2010-11-18,1349.5,1353.199951171875,1347.699951171875,1352.9000244140625,1352.9000244140625,17,0.0,0.0
2010-11-19,1350.699951171875,1352.0,1344.5,1352.199951171875,1352.199951171875,7,0.0,0.0
2010-11-22,1357.699951171875,1357.699951171875,1357.699951171875,1357.699951171875,1357.699951171875,7,0.0,0.0
2010-11-23,1369.4000244140625,1377.5,1364.5,1377.5,1377.5,15,0.0,0.0
2010-11-24,1377.800048828125,1377.800048828125,1377.800048828125,1372.9000244140625,1372.9000244140625,3,0.0,0.0
2010-11-26,1372.0999755859375,1372.0999755859375,1372.0999755859375,1362.300048828125,1362.300048828125,138416,0.0,0.0
2010-11-29,1364.0,1369.300048828125,1352.5999755859375,1366.0,1366.0,94486,0.0,0.0
2010-11-30,1366.699951171875,1390.0999755859375,1362.800048828125,1385.0,1385.0,11370,0.0,0.0
2010-12-01,1386.800048828125,1396.5999755859375,1382.300048828125,1387.300048828125,1387.300048828125,4759,0.0,0.0
2010-12-02,1387.5999755859375,1398.5999755859375,1383.300048828125,1388.5,1388.5,1550,0.0,0.0
2010-12-03,1385.0999755859375,1415.0999755859375,1385.0999755859375,1405.4000244140625,1405.4000244140625,2341,0.0,0.0
2010-12-06,1414.0,1428.4000244140625,1410.0,1415.300048828125,1415.300048828125,833,0.0,0.0
2010-12-07,1424.5,1431.0999755859375,1398.0,1408.300048828125,1408.300048828125,866,0.0,0.0
2010-12-08,1402.5,1403.800048828125,1372.0,1382.5,1382.5,1675,0.0,0.0
2010-12-09,1380.5999755859375,1394.199951171875,1380.5,1392.0999755859375,1392.0999755859375,971,0.0,0.0
2010-12-10,1388.9000244140625,1392.0,1373.0999755859375,1384.300048828125,1384.300048828125,457,0.0,0.0
2010-12-13,1384.5,1399.199951171875,1384.5,1397.300048828125,1397.300048828125,193,0.0,0.0
2010-12-14,1401.9000244140625,1407.300048828125,1391.800048828125,1403.5999755859375,1403.5999755859375,431,0.0,0.0
2010-12-15,1394.0,1394.0,1379.5,1385.5,1385.5,215,0.0,0.0
2010-12-16,1380.9000244140625,1385.0,1362.5,1370.4000244140625,1370.4000244140625,228,0.0,0.0
2010-12-17,1376.4000244140625,1378.5999755859375,1365.9000244140625,1378.5999755859375,1378.5999755859375,102,0.0,0.0
2010-12-20,1383.199951171875,1386.699951171875,1376.5,1385.5,1385.5,125,0.0,0.0
2010-12-21,1385.800048828125,1389.5,1381.5,1388.199951171875,1388.199951171875,113,0.0,0.0
2010-12-22,1388.0,1389.5,1385.0,1386.800048828125,1386.800048828125,58,0.0,0.0
2010-12-23,1388.4000244140625,1388.4000244140625,1373.699951171875,1380.0,1380.0,101,0.0,0.0
2010-12-27,1373.5,1384.199951171875,1373.5,1382.4000244140625,1382.4000244140625,322,0.0,0.0
2010-12-28,1389.800048828125,1406.699951171875,1389.800048828125,1405.199951171875,1405.199951171875,519,0.0,0.0
2010-12-29,1403.4000244140625,1412.199951171875,1402.9000244140625,1413.0999755859375,1413.0999755859375,413,0.0,0.0
2010-12-30,1413.800048828125,1413.800048828125,1403.0999755859375,1405.5999755859375,1405.5999755859375,185,0.0,0.0
2010-12-31,1405.699951171875,1421.0999755859375,1405.699951171875,1421.0999755859375,1421.0999755859375,54,0.0,0.0
2011-01-03,1415.5999755859375,1423.9000244140625,1413.699951171875,1422.5999755859375,1422.5999755859375,28,0.0,0.0
2011-01-04,1409.5999755859375,1410.9000244140625,1375.800048828125,1378.5,1378.5,122,0.0,0.0
2011-01-05,1383.4000244140625,1384.0,1364.199951171875,1373.4000244140625,1373.4000244140625,175,0.0,0.0
2011-01-06,1374.800048828125,1376.5,1368.9000244140625,1371.4000244140625,1371.4000244140625,158,0.0,0.0
2011-01-07,1372.699951171875,1377.199951171875,1355.5,1368.5,1368.5,225,0.0,0.0
2011-01-10,1369.0,1374.0,1365.699951171875,1373.699951171875,1373.699951171875,181,0.0,0.0
2011-01-11,1375.4000244140625,1384.5,1373.9000244140625,1384.0,1384.0,13,0.0,0.0
2011-01-12,1382.5999755859375,1385.5,1378.0,1385.699951171875,1385.699951171875,204,0.0,0.0
2011-01-13,1386.0999755859375,1392.5,1371.4000244140625,1386.9000244140625,1386.9000244140625,66,0.0,0.0
2011-01-14,1375.0,1376.0,1356.699951171875,1360.4000244140625,1360.4000244140625,252,0.0,0.0
2011-01-18,1365.0999755859375,1371.0,1359.199951171875,1368.0999755859375,1368.0999755859375,106,0.0,0.0
2011-01-19,1371.9000244140625,1376.199951171875,1367.0,1370.199951171875,1370.199951171875,40,0.0,0.0
2011-01-20,1367.699951171875,1367.699951171875,1345.0,1346.5,1346.5,10,0.0,0.0
2011-01-21,1341.699951171875,1345.5999755859375,1338.5999755859375,1341.0,1341.0,20,0.0,0.0
2011-01-24,1352.300048828125,1352.300048828125,1341.800048828125,1344.5,1344.5,2,0.0,0.0
2011-01-25,1330.4000244140625,1331.5,1323.5999755859375,1332.300048828125,1332.300048828125,394,0.0,0.0
2011-01-26,1333.0,1341.699951171875,1333.0,1333.0,1333.0,4,0.0,0.0
2011-01-27,1342.0,1342.0,1318.4000244140625,1318.4000244140625,1318.4000244140625,210699,0.0,0.0
2011-01-28,1314.0,1346.5999755859375,1307.699951171875,1340.699951171875,1340.699951171875,73023,0.0,0.0
2011-01-31,1339.0,1345.9000244140625,1323.300048828125,1333.800048828125,1333.800048828125,13657,0.0,0.0
2011-02-01,1333.0999755859375,1342.9000244140625,1325.300048828125,1339.5999755859375,1339.5999755859375,3180,0.0,0.0
2011-02-02,1344.0,1344.0,1327.0,1331.5,1331.5,1363,0.0,0.0
2011-02-03,1335.5999755859375,1355.800048828125,1324.9000244140625,1352.300048828125,1352.300048828125,1865,0.0,0.0
2011-02-04,1354.800048828125,1360.0,1345.0,1348.300048828125,1348.300048828125,591,0.0,0.0
2011-02-07,1345.800048828125,1353.800048828125,1343.800048828125,1347.5999755859375,1347.5999755859375,1004,0.0,0.0
2011-02-08,1351.199951171875,1367.0,1350.0,1363.4000244140625,1363.4000244140625,2536,0.0,0.0
2011-02-09,1362.800048828125,1366.5,1359.5999755859375,1364.800048828125,1364.800048828125,146,0.0,0.0
2011-02-10,1364.300048828125,1364.5,1351.699951171875,1361.9000244140625,1361.9000244140625,312,0.0,0.0
2011-02-11,1364.0,1368.800048828125,1355.199951171875,1359.9000244140625,1359.9000244140625,488,0.0,0.0
2011-02-14,1357.800048828125,1365.5999755859375,1356.5999755859375,1364.5999755859375,1364.5999755859375,181,0.0,0.0
2011-02-15,1361.5999755859375,1376.0,1361.5999755859375,1373.5999755859375,1373.5999755859375,321,0.0,0.0
2011-02-16,1373.5999755859375,1382.0,1370.5,1374.699951171875,1374.699951171875,156,0.0,0.0
2011-02-17,1377.699951171875,1384.699951171875,1377.0,1384.699951171875,1384.699951171875,113,0.0,0.0
2011-02-18,1384.0999755859375,1391.800048828125,1381.800048828125,1388.199951171875,1388.199951171875,98,0.0,0.0
2011-02-22,1395.0999755859375,1408.699951171875,1395.0999755859375,1400.5,1400.5,430,0.0,0.0
2011-02-23,1397.800048828125,1413.800048828125,1397.800048828125,1413.4000244140625,1413.4000244140625,318,0.0,0.0
2011-02-24,1415.0999755859375,1415.300048828125,1408.300048828125,1415.300048828125,1415.300048828125,809,0.0,0.0
2011-02-25,1401.699951171875,1411.0,1401.0,1408.699951171875,1408.699951171875,352,0.0,0.0
2011-02-28,1410.699951171875,1415.699951171875,1407.699951171875,1409.300048828125,1409.300048828125,205,0.0,0.0
2011-03-01,1415.300048828125,1434.4000244140625,1415.300048828125,1430.699951171875,1430.699951171875,116,0.0,0.0
2011-03-02,1432.5,1440.5,1428.800048828125,1437.199951171875,1437.199951171875,1600,0.0,0.0
2011-03-03,1432.300048828125,1432.300048828125,1415.9000244140625,1416.0,1416.0,244,0.0,0.0
2011-03-04,1418.9000244140625,1429.800048828125,1416.800048828125,1428.199951171875,1428.199951171875,60,0.0,0.0
2011-03-07,1434.5,1445.0,1429.5,1434.0999755859375,1434.0999755859375,613,0.0,0.0
2011-03-08,1431.5999755859375,1432.5999755859375,1424.300048828125,1426.9000244140625,1426.9000244140625,198,0.0,0.0
2011-03-09,1430.0,1435.699951171875,1426.0999755859375,1429.300048828125,1429.300048828125,98,0.0,0.0
2011-03-10,1429.5,1429.800048828125,1403.800048828125,1412.199951171875,1412.199951171875,23,0.0,0.0
2011-03-11,1413.699951171875,1422.5999755859375,1404.9000244140625,1421.5,1421.5,23,0.0,0.0
2011-03-14,1420.0,1427.699951171875,1420.0,1424.5999755859375,1424.5999755859375,58,0.0,0.0
2011-03-15,1413.300048828125,1413.300048828125,1385.5,1392.5999755859375,1392.5999755859375,20,0.0,0.0
2011-03-16,1398.0,1404.199951171875,1394.300048828125,1396.0,1396.0,38,0.0,0.0
2011-03-17,1387.699951171875,1393.5999755859375,1387.699951171875,1404.0,1404.0,27,0.0,0.0
2011-03-18,1406.4000244140625,1419.300048828125,1406.4000244140625,1415.9000244140625,1415.9000244140625,6,0.0,0.0
2011-03-21,1433.5,1433.5,1430.800048828125,1426.199951171875,1426.199951171875,43,0.0,0.0
2011-03-22,1430.4000244140625,1430.4000244140625,1430.4000244140625,1427.5,1427.5,85,0.0,0.0
2011-03-23,1432.199951171875,1439.699951171875,1432.199951171875,1437.9000244140625,1437.9000244140625,19,0.0,0.0
2011-03-24,1437.699951171875,1446.9000244140625,1437.5,1434.800048828125,1434.800048828125,27,0.0,0.0
2011-03-25,1436.0,1436.0,1436.0,1426.0999755859375,1426.0999755859375,1,0.0,0.0
2011-03-28,1413.199951171875,1415.5999755859375,1413.199951171875,1419.800048828125,1419.800048828125,6,0.0,0.0
2011-03-29,1416.0,1416.0,1416.0,1416.0,1416.0,135792,0.0,0.0
2011-03-30,1418.699951171875,1430.300048828125,1412.0,1423.800048828125,1423.800048828125,47011,0.0,0.0
2011-03-31,1423.300048828125,1440.0,1420.699951171875,1438.9000244140625,1438.9000244140625,8230,0.0,0.0
2011-04-01,1433.4000244140625,1436.5,1413.0,1428.0999755859375,1428.0999755859375,5318,0.0,0.0
2011-04-04,1429.0999755859375,1439.0999755859375,1428.800048828125,1432.199951171875,1432.199951171875,683,0.0,0.0
2011-04-05,1437.9000244140625,1457.5999755859375,1430.300048828125,1451.800048828125,1451.800048828125,2609,0.0,0.0
2011-04-06,1456.9000244140625,1462.300048828125,1452.0,1457.699951171875,1457.699951171875,901,0.0,0.0
2011-04-07,1459.699951171875,1462.5,1453.9000244140625,1458.5,1458.5,229,0.0,0.0
2011-04-08,1457.5999755859375,1475.5,1457.5,1473.4000244140625,1473.4000244140625,1407,0.0,0.0
2011-04-11,1476.0,1476.0,1459.699951171875,1467.4000244140625,1467.4000244140625,378,0.0,0.0
2011-04-12,1461.800048828125,1467.199951171875,1444.4000244140625,1452.9000244140625,1452.9000244140625,345,0.0,0.0
2011-04-13,1455.0,1462.0,1454.0,1454.9000244140625,1454.9000244140625,197,0.0,0.0
2011-04-14,1456.800048828125,1476.0,1452.699951171875,1471.699951171875,1471.699951171875,535,0.0,0.0
2011-04-15,1477.5999755859375,1487.5,1473.199951171875,1485.300048828125,1485.300048828125,293,0.0,0.0
2011-04-18,1486.300048828125,1497.300048828125,1477.5,1492.300048828125,1492.300048828125,650,0.0,0.0
2011-04-19,1493.300048828125,1499.5,1489.0,1494.5,1494.5,168,0.0,0.0
2011-04-20,1494.0,1505.300048828125,1494.0,1498.300048828125,1498.300048828125,386,0.0,0.0
2011-04-21,1503.699951171875,1508.300048828125,1501.699951171875,1503.199951171875,1503.199951171875,237,0.0,0.0
2011-04-25,1513.300048828125,1518.0,1502.800048828125,1508.5999755859375,1508.5999755859375,233,0.0,0.0
2011-04-26,1501.5,1506.300048828125,1495.0,1503.0,1503.0,223,0.0,0.0
2011-04-27,1507.0999755859375,1512.800048828125,1505.199951171875,1516.699951171875,1516.699951171875,460,0.0,0.0
2011-04-28,1528.5999755859375,1536.0,1526.5999755859375,1530.800048828125,1530.800048828125,425,0.0,0.0
2011-04-29,1538.699951171875,1568.699951171875,1537.300048828125,1556.0,1556.0,124,0.0,0.0
2011-05-02,1572.9000244140625,1576.5999755859375,1543.0999755859375,1556.699951171875,1556.699951171875,200,0.0,0.0
2011-05-03,1542.5,1547.0,1527.5,1540.0999755859375,1540.0999755859375,246,0.0,0.0
2011-05-04,1535.0,1539.0,1506.199951171875,1514.9000244140625,1514.9000244140625,272,0.0,0.0
2011-05-05,1514.699951171875,1520.699951171875,1471.0,1480.9000244140625,1480.9000244140625,133,0.0,0.0
2011-05-06,1473.199951171875,1494.800048828125,1472.300048828125,1491.199951171875,1491.199951171875,144,0.0,0.0
2011-05-09,1501.5,1512.800048828125,1501.300048828125,1502.9000244140625,1502.9000244140625,44,0.0,0.0
2011-05-10,1508.4000244140625,1516.9000244140625,1508.4000244140625,1516.5999755859375,1516.5999755859375,13,0.0,0.0
2011-05-11,1524.0,1524.0999755859375,1495.199951171875,1501.0999755859375,1501.0999755859375,30,0.0,0.0
2011-05-12,1492.0999755859375,1498.5,1484.800048828125,1506.5999755859375,1506.5999755859375,11,0.0,0.0
2011-05-13,1503.5,1511.300048828125,1490.199951171875,1493.4000244140625,1493.4000244140625,16,0.0,0.0
2011-05-16,1489.300048828125,1494.9000244140625,1489.300048828125,1490.4000244140625,1490.4000244140625,10,0.0,0.0
2011-05-17,1489.800048828125,1491.800048828125,1473.0,1479.800048828125,1479.800048828125,41,0.0,0.0
2011-05-18,1496.4000244140625,1497.0,1496.300048828125,1495.5999755859375,1495.5999755859375,82,0.0,0.0
2011-05-19,1491.5,1491.5,1491.5,1492.199951171875,1492.199951171875,1,0.0,0.0
2011-05-20,1499.0,1512.699951171875,1488.699951171875,1508.800048828125,1508.800048828125,93,0.0,0.0
2011-05-23,1510.5,1512.300048828125,1507.0,1515.300048828125,1515.300048828125,42,0.0,0.0
2011-05-24,1527.0999755859375,1527.0999755859375,1521.9000244140625,1523.199951171875,1523.199951171875,4,0.0,0.0
2011-05-25,1526.4000244140625,1527.5,1526.0999755859375,1526.5999755859375,1526.5999755859375,10,0.0,0.0
2011-05-26,1521.199951171875,1521.199951171875,1519.5,1522.800048828125,1522.800048828125,186986,0.0,0.0
2011-05-27,1519.4000244140625,1538.5,1518.4000244140625,1536.300048828125,1536.300048828125,76719,0.0,0.0
2011-05-31,1536.699951171875,1541.0999755859375,1532.4000244140625,1535.9000244140625,1535.9000244140625,6152,0.0,0.0
2011-06-01,1535.699951171875,1550.5999755859375,1529.699951171875,1542.4000244140625,1542.4000244140625,2845,0.0,0.0
2011-06-02,1541.300048828125,1544.5,1520.0,1532.0,1532.0,1651,0.0,0.0
2011-06-03,1534.699951171875,1546.300048828125,1525.0,1541.699951171875,1541.699951171875,1745,0.0,0.0
2011-06-06,1542.9000244140625,1553.9000244140625,1542.0,1546.5,1546.5,691,0.0,0.0
2011-06-07,1545.0,1549.9000244140625,1537.199951171875,1543.300048828125,1543.300048828125,2530,0.0,0.0
2011-06-08,1544.199951171875,1544.199951171875,1531.300048828125,1538.0999755859375,1538.0999755859375,489,0.0,0.0
2011-06-09,1536.0999755859375,1548.800048828125,1534.4000244140625,1542.0999755859375,1542.0999755859375,288,0.0,0.0
2011-06-10,1543.699951171875,1543.9000244140625,1526.4000244140625,1528.5999755859375,1528.5999755859375,632,0.0,0.0
2011-06-13,1528.0999755859375,1533.0,1511.300048828125,1515.0,1515.0,851,0.0,0.0
2011-06-14,1517.199951171875,1526.199951171875,1513.0999755859375,1523.800048828125,1523.800048828125,306,0.0,0.0
2011-06-15,1525.0,1533.4000244140625,1515.0,1525.5999755859375,1525.5999755859375,648,0.0,0.0
2011-06-16,1526.0,1531.199951171875,1522.0,1529.300048828125,1529.300048828125,164,0.0,0.0
2011-06-17,1523.0,1541.5999755859375,1523.0,1538.5999755859375,1538.5999755859375,72,0.0,0.0
2011-06-20,1536.0,1545.699951171875,1535.199951171875,1541.5,1541.5,99,0.0,0.0
2011-06-21,1540.0999755859375,1547.5,1540.0,1546.0,1546.0,125,0.0,0.0
2011-06-22,1547.199951171875,1558.5,1544.4000244140625,1552.9000244140625,1552.9000244140625,222,0.0,0.0
2011-06-23,1547.199951171875,1547.199951171875,1514.699951171875,1520.0999755859375,1520.0999755859375,300,0.0,0.0
2011-06-24,1524.699951171875,1525.0,1498.5,1500.5,1500.5,257,0.0,0.0
2011-06-27,1503.5,1503.5,1490.699951171875,1496.0,1496.0,140,0.0,0.0
2011-06-28,1499.9000244140625,1505.0,1496.0999755859375,1499.699951171875,1499.699951171875,508,0.0,0.0
2011-06-29,1504.0999755859375,1512.199951171875,1504.0999755859375,1509.9000244140625,1509.9000244140625,395,0.0,0.0
2011-06-30,1511.5,1514.0,1498.800048828125,1502.300048828125,1502.300048828125,69,0.0,0.0
2011-07-01,1502.199951171875,1502.199951171875,1480.0,1482.300048828125,1482.300048828125,66,0.0,0.0
2011-07-05,1490.4000244140625,1515.0,1490.300048828125,1512.300048828125,1512.300048828125,199,0.0,0.0
2011-07-06,1513.699951171875,1531.5,1510.300048828125,1528.699951171875,1528.699951171875,71,0.0,0.0
2011-07-07,1529.0999755859375,1533.0999755859375,1522.699951171875,1530.199951171875,1530.199951171875,55,0.0,0.0
2011-07-08,1527.0,1542.5999755859375,1526.5999755859375,1541.199951171875,1541.199951171875,3,0.0,0.0
2011-07-11,1550.0,1555.199951171875,1543.0999755859375,1548.800048828125,1548.800048828125,14,0.0,0.0
2011-07-12,1548.199951171875,1565.0,1542.0,1561.9000244140625,1561.9000244140625,8,0.0,0.0
2011-07-13,1574.0,1585.5999755859375,1570.800048828125,1585.199951171875,1585.199951171875,29,0.0,0.0
2011-07-14,1586.300048828125,1592.800048828125,1583.5999755859375,1589.0,1589.0,19,0.0,0.0
2011-07-15,1582.300048828125,1592.199951171875,1582.300048828125,1589.800048828125,1589.800048828125,8,0.0,0.0
2011-07-18,1592.800048828125,1605.0,1592.800048828125,1602.0999755859375,1602.0999755859375,13,0.0,0.0
2011-07-19,1608.0999755859375,1608.800048828125,1583.300048828125,1600.9000244140625,1600.9000244140625,63,0.0,0.0
2011-07-20,1584.300048828125,1596.699951171875,1582.4000244140625,1596.699951171875,1596.699951171875,9,0.0,0.0
2011-07-21,1598.0,1601.5999755859375,1586.5999755859375,1586.800048828125,1586.800048828125,24,0.0,0.0
2011-07-22,1588.5,1606.5,1588.5,1601.300048828125,1601.300048828125,12,0.0,0.0
2011-07-25,1610.0,1619.4000244140625,1610.0,1612.0,1612.0,67,0.0,0.0
2011-07-26,1609.800048828125,1618.5,1609.800048828125,1616.5999755859375,1616.5999755859375,28,0.0,0.0
2011-07-27,1619.699951171875,1619.699951171875,1617.0,1615.0,1615.0,232220,0.0,0.0
2011-07-28,1614.199951171875,1620.5999755859375,1602.800048828125,1613.4000244140625,1613.4000244140625,70263,0.0,0.0
2011-07-29,1617.0999755859375,1634.9000244140625,1610.5999755859375,1628.300048828125,1628.300048828125,6761,0.0,0.0
2011-08-01,1623.0,1631.800048828125,1607.0,1619.0,1619.0,2889,0.0,0.0
2011-08-02,1619.300048828125,1660.5999755859375,1616.800048828125,1641.9000244140625,1641.9000244140625,2440,0.0,0.0
2011-08-03,1659.9000244140625,1672.300048828125,1651.5999755859375,1663.4000244140625,1663.4000244140625,2024,0.0,0.0
2011-08-04,1660.5,1681.800048828125,1640.0,1656.199951171875,1656.199951171875,1952,0.0,0.0
2011-08-05,1647.5,1666.0999755859375,1642.699951171875,1648.800048828125,1648.800048828125,825,0.0,0.0
2011-08-08,1679.0999755859375,1720.0,1678.0999755859375,1710.199951171875,1710.199951171875,1885,0.0,0.0
2011-08-09,1722.5,1779.0,1720.0999755859375,1740.0,1740.0,1861,0.0,0.0
2011-08-10,1744.0,1795.5999755859375,1741.300048828125,1781.300048828125,1781.300048828125,969,0.0,0.0
2011-08-11,1795.0999755859375,1813.5,1733.300048828125,1748.800048828125,1748.800048828125,1503,0.0,0.0
2011-08-12,1760.5999755859375,1764.199951171875,1723.800048828125,1740.199951171875,1740.199951171875,1166,0.0,0.0
2011-08-15,1734.9000244140625,1765.199951171875,1730.5,1755.5,1755.5,976,0.0,0.0
2011-08-16,1769.0,1787.300048828125,1761.5999755859375,1782.4000244140625,1782.4000244140625,278,0.0,0.0
2011-08-17,1784.800048828125,1794.300048828125,1782.0,1791.199951171875,1791.199951171875,231,0.0,0.0
2011-08-18,1786.5,1828.5,1785.5,1818.9000244140625,1818.9000244140625,868,0.0,0.0
2011-08-19,1823.699951171875,1874.4000244140625,1823.699951171875,1848.9000244140625,1848.9000244140625,328,0.0,0.0
2011-08-22,1868.5999755859375,1895.0,1858.4000244140625,1888.699951171875,1888.699951171875,1106,0.0,0.0
2011-08-23,1909.0,1909.300048828125,1824.5999755859375,1858.300048828125,1858.300048828125,458,0.0,0.0
2011-08-24,1833.0,1853.0999755859375,1753.0999755859375,1754.0999755859375,1754.0999755859375,992,0.0,0.0
2011-08-25,1748.4000244140625,1772.5,1707.300048828125,1759.800048828125,1759.800048828125,864,0.0,0.0
2011-08-26,1768.5,1829.300048828125,1768.5,1794.0999755859375,1794.0999755859375,270,0.0,0.0
2011-08-29,1817.9000244140625,1817.9000244140625,1786.699951171875,1788.4000244140625,1788.4000244140625,828,0.0,0.0
2011-08-30,1787.199951171875,1839.5999755859375,1783.0999755859375,1826.699951171875,1826.699951171875,598,0.0,0.0
2011-08-31,1830.5999755859375,1837.9000244140625,1811.4000244140625,1828.5,1828.5,336,0.0,0.0
2011-09-01,1825.800048828125,1829.5,1814.4000244140625,1826.0,1826.0,263,0.0,0.0
2011-09-02,1828.5999755859375,1884.199951171875,1828.5999755859375,1873.699951171875,1873.699951171875,442,0.0,0.0
2011-09-06,1886.300048828125,1911.5999755859375,1864.0,1869.9000244140625,1869.9000244140625,536,0.0,0.0
2011-09-07,1868.9000244140625,1873.699951171875,1792.800048828125,1814.199951171875,1814.199951171875,470,0.0,0.0
2011-09-08,1839.300048828125,1870.0,1835.0,1854.4000244140625,1854.4000244140625,142,0.0,0.0
2011-09-09,1858.0999755859375,1881.300048828125,1830.0,1856.4000244140625,1856.4000244140625,188,0.0,0.0
2011-09-12,1852.4000244140625,1852.4000244140625,1806.0,1809.9000244140625,1809.9000244140625,245,0.0,0.0
2011-09-13,1817.800048828125,1835.300048828125,1808.0999755859375,1826.800048828125,1826.800048828125,52,0.0,0.0
2011-09-14,1843.0,1843.0,1809.0,1823.5,1823.5,156,0.0,0.0
2011-09-15,1816.300048828125,1816.300048828125,1775.800048828125,1778.5,1778.5,80,0.0,0.0
2011-09-16,1768.5,1819.0999755859375,1768.5,1812.0999755859375,1812.0999755859375,111,0.0,0.0
2011-09-19,1814.699951171875,1818.9000244140625,1788.0,1776.4000244140625,1776.4000244140625,13,0.0,0.0
2011-09-20,1778.800048828125,1807.800048828125,1776.0,1806.5999755859375,1806.5999755859375,86,0.0,0.0
2011-09-21,1808.0,1811.699951171875,1782.800048828125,1805.5,1805.5,22,0.0,0.0
2011-09-22,1773.199951171875,1773.199951171875,1730.9000244140625,1739.199951171875,1739.199951171875,23,0.0,0.0
2011-09-23,1737.300048828125,1737.300048828125,1636.300048828125,1637.5,1637.5,81,0.0,0.0
2011-09-26,1646.4000244140625,1661.800048828125,1562.4000244140625,1592.5,1592.5,151,0.0,0.0
2011-09-27,1653.800048828125,1665.4000244140625,1653.699951171875,1650.5999755859375,1650.5999755859375,47,0.0,0.0
2011-09-28,1650.0,1650.0,1650.0,1616.300048828125,1616.300048828125,21275,0.0,0.0
2011-09-29,1604.0,1633.800048828125,1585.0,1615.5,1615.5,7181,0.0,0.0
2011-09-30,1620.800048828125,1639.4000244140625,1609.4000244140625,1620.4000244140625,1620.4000244140625,284,0.0,0.0
2011-10-03,1627.800048828125,1660.800048828125,1627.5999755859375,1656.0,1656.0,101,0.0,0.0
2011-10-04,1661.0,1678.0999755859375,1596.5999755859375,1614.699951171875,1614.699951171875,159,0.0,0.0
2011-10-05,1629.300048828125,1640.300048828125,1599.5999755859375,1640.300048828125,1640.300048828125,114,0.0,0.0
2011-10-06,1642.5999755859375,1654.699951171875,1637.5999755859375,1651.9000244140625,1651.9000244140625,38,0.0,0.0
2011-10-07,1657.0,1665.0,1626.199951171875,1634.5,1634.5,66,0.0,0.0
2011-10-10,1645.5999755859375,1676.800048828125,1645.5999755859375,1669.5999755859375,1669.5999755859375,61,0.0,0.0
2011-10-11,1685.0,1685.0,1657.5999755859375,1659.699951171875,1659.699951171875,151,0.0,0.0
2011-10-12,1667.0999755859375,1691.0,1667.0999755859375,1681.300048828125,1681.300048828125,37,0.0,0.0
2011-10-13,1676.0999755859375,1678.800048828125,1656.199951171875,1667.300048828125,1667.300048828125,148,0.0,0.0
2011-10-14,1665.800048828125,1683.300048828125,1665.800048828125,1681.800048828125,1681.800048828125,51,0.0,0.0
2011-10-17,1683.5999755859375,1693.5,1667.300048828125,1675.5,1675.5,41,0.0,0.0
2011-10-18,1666.0,1666.0,1627.5,1651.699951171875,1651.699951171875,85,0.0,0.0
2011-10-19,1659.300048828125,1659.300048828125,1641.300048828125,1646.0,1646.0,22,0.0,0.0
2011-10-20,1643.199951171875,1643.199951171875,1608.699951171875,1611.9000244140625,1611.9000244140625,92,0.0,0.0
2011-10-21,1626.0999755859375,1647.4000244140625,1626.0999755859375,1635.0999755859375,1635.0999755859375,32,0.0,0.0
2011-10-24,1646.199951171875,1657.800048828125,1646.199951171875,1651.5,1651.5,313,0.0,0.0
2011-10-25,1645.0,1706.800048828125,1645.0,1699.5999755859375,1699.5999755859375,355,0.0,0.0
2011-10-26,1717.0,1723.5999755859375,1708.9000244140625,1722.699951171875,1722.699951171875,135,0.0,0.0
2011-10-27,1717.800048828125,1735.5,1717.800048828125,1746.699951171875,1746.699951171875,494,0.0,0.0
2011-10-28,1752.0,1752.0,1733.0,1746.199951171875,1746.199951171875,158,0.0,0.0
2011-10-31,1741.9000244140625,1741.9000244140625,1717.0,1724.199951171875,1724.199951171875,62,0.0,0.0
2011-11-01,1706.699951171875,1720.0999755859375,1682.5,1711.0,1711.0,246,0.0,0.0
2011-11-02,1724.300048828125,1741.4000244140625,1723.199951171875,1728.699951171875,1728.699951171875,294,0.0,0.0
2011-11-03,1740.5,1766.0,1726.5999755859375,1764.199951171875,1764.199951171875,290,0.0,0.0
2011-11-04,1757.0,1761.199951171875,1754.9000244140625,1755.300048828125,1755.300048828125,47,0.0,0.0
2011-11-07,1755.300048828125,1797.0,1755.300048828125,1790.300048828125,1790.300048828125,35,0.0,0.0
2011-11-08,1798.4000244140625,1798.4000244140625,1785.699951171875,1798.4000244140625,1798.4000244140625,14,0.0,0.0
2011-11-09,1793.0,1793.0,1774.199951171875,1790.9000244140625,1790.9000244140625,6,0.0,0.0
2011-11-10,1766.800048828125,1766.800048828125,1754.800048828125,1758.9000244140625,1758.9000244140625,16,0.0,0.0
2011-11-11,1777.0,1789.0999755859375,1777.0,1787.5,1787.5,28,0.0,0.0
2011-11-14,1779.0,1779.0,1779.0,1777.800048828125,1777.800048828125,24,0.0,0.0
2011-11-15,1779.199951171875,1783.0999755859375,1761.300048828125,1781.699951171875,1781.699951171875,18,0.0,0.0
2011-11-16,1777.5,1777.5,1757.699951171875,1773.800048828125,1773.800048828125,65,0.0,0.0
2011-11-17,1755.300048828125,1755.300048828125,1714.0,1719.800048828125,1719.800048828125,54,0.0,0.0
2011-11-18,1725.0,1736.0,1719.0,1724.699951171875,1724.699951171875,14,0.0,0.0
2011-11-21,1704.5999755859375,1704.5999755859375,1674.4000244140625,1678.300048828125,1678.300048828125,9,0.0,0.0
2011-11-22,1675.4000244140625,1702.199951171875,1675.4000244140625,1702.199951171875,1702.199951171875,13,0.0,0.0
2011-11-23,1691.199951171875,1700.0,1681.5999755859375,1695.699951171875,1695.699951171875,34,0.0,0.0
2011-11-25,1690.0999755859375,1693.5,1675.300048828125,1685.5,1685.5,28,0.0,0.0
2011-11-28,1710.800048828125,1710.800048828125,1710.800048828125,1710.800048828125,1710.800048828125,175525,0.0,0.0
2011-11-29,1711.300048828125,1718.4000244140625,1704.0,1713.4000244140625,1713.4000244140625,64786,0.0,0.0
2011-11-30,1714.0,1749.199951171875,1699.9000244140625,1745.5,1745.5,15463,0.0,0.0
2011-12-01,1747.0,1753.300048828125,1734.5,1735.300048828125,1735.300048828125,1350,0.0,0.0
2011-12-02,1744.800048828125,1762.9000244140625,1741.5999755859375,1747.0,1747.0,1067,0.0,0.0
2011-12-05,1748.9000244140625,1752.5999755859375,1718.699951171875,1730.699951171875,1730.699951171875,756,0.0,0.0
2011-12-06,1722.0999755859375,1731.800048828125,1703.0,1727.9000244140625,1727.9000244140625,648,0.0,0.0
2011-12-07,1730.5999755859375,1741.9000244140625,1720.0,1740.9000244140625,1740.9000244140625,300,0.0,0.0
2011-12-08,1742.0,1752.300048828125,1705.4000244140625,1709.800048828125,1709.800048828125,942,0.0,0.0
2011-12-09,1713.300048828125,1720.699951171875,1705.699951171875,1712.800048828125,1712.800048828125,568,0.0,0.0
2011-12-12,1707.5,1708.199951171875,1658.5,1664.199951171875,1664.199951171875,894,0.0,0.0
2011-12-13,1654.699951171875,1671.800048828125,1628.0,1659.9000244140625,1659.9000244140625,274,0.0,0.0
2011-12-14,1636.5,1639.5,1565.800048828125,1584.300048828125,1584.300048828125,890,0.0,0.0
2011-12-15,1571.4000244140625,1592.800048828125,1565.5999755859375,1574.5999755859375,1574.5999755859375,589,0.0,0.0
2011-12-16,1587.4000244140625,1595.9000244140625,1586.0,1595.5999755859375,1595.5999755859375,57,0.0,0.0
2011-12-19,1596.4000244140625,1603.4000244140625,1589.699951171875,1594.4000244140625,1594.4000244140625,92,0.0,0.0
2011-12-20,1596.4000244140625,1617.0,1596.4000244140625,1615.5999755859375,1615.5999755859375,215,0.0,0.0
2011-12-21,1615.5999755859375,1635.0,1608.300048828125,1611.9000244140625,1611.9000244140625,38,0.0,0.0
2011-12-22,1608.800048828125,1610.0,1601.9000244140625,1608.9000244140625,1608.9000244140625,599,0.0,0.0
2011-12-23,1612.0,1612.800048828125,1604.699951171875,1604.699951171875,1604.699951171875,62,0.0,0.0
2011-12-27,1599.0,1599.0,1592.5999755859375,1594.199951171875,1594.199951171875,52,0.0,0.0
2011-12-28,1584.9000244140625,1588.5999755859375,1561.300048828125,1562.9000244140625,1562.9000244140625,763,0.0,0.0
2011-12-29,1559.300048828125,1559.300048828125,1525.0,1539.9000244140625,1539.9000244140625,866,0.0,0.0
2011-12-30,1549.4000244140625,1579.5,1547.9000244140625,1565.800048828125,1565.800048828125,289,0.0,0.0
2012-01-03,1568.9000244140625,1604.300048828125,1566.0,1599.699951171875,1599.699951171875,229,0.0,0.0
2012-01-04,1596.5999755859375,1618.5999755859375,1594.5,1611.9000244140625,1611.9000244140625,172,0.0,0.0
2012-01-05,1610.800048828125,1624.0999755859375,1597.800048828125,1619.4000244140625,1619.4000244140625,362,0.0,0.0
2012-01-06,1622.5,1627.800048828125,1616.0999755859375,1616.0999755859375,1616.0999755859375,20,0.0,0.0
2012-01-09,1614.300048828125,1620.0999755859375,1607.5,1607.5,1607.5,8,0.0,0.0
2012-01-10,1619.9000244140625,1638.0,1619.9000244140625,1631.0,1631.0,47,0.0,0.0
2012-01-11,1634.800048828125,1645.4000244140625,1633.800048828125,1639.199951171875,1639.199951171875,65,0.0,0.0
2012-01-12,1645.199951171875,1656.0999755859375,1645.199951171875,1647.300048828125,1647.300048828125,84,0.0,0.0
2012-01-13,1638.9000244140625,1643.4000244140625,1630.4000244140625,1630.4000244140625,1630.4000244140625,368,0.0,0.0
2012-01-17,1643.699951171875,1657.800048828125,1642.0999755859375,1655.199951171875,1655.199951171875,16,0.0,0.0
2012-01-18,1654.0,1660.300048828125,1654.0,1659.5,1659.5,11,0.0,0.0
2012-01-19,1663.0,1664.4000244140625,1653.5,1654.0999755859375,1654.0999755859375,58,0.0,0.0
2012-01-20,1652.800048828125,1664.300048828125,1652.800048828125,1663.699951171875,1663.699951171875,8,0.0,0.0
2012-01-23,1676.9000244140625,1680.0,1669.9000244140625,1678.0,1678.0,10,0.0,0.0
2012-01-24,1666.9000244140625,1668.199951171875,1664.199951171875,1664.199951171875,1664.199951171875,5,0.0,0.0
2012-01-25,1673.0,1706.199951171875,1672.0,1699.800048828125,1699.800048828125,239,0.0,0.0
2012-01-26,1729.0,1729.0,1721.0,1726.300048828125,1726.300048828125,16,0.0,0.0
2012-01-27,1727.0,1734.0999755859375,1727.0,1731.800048828125,1731.800048828125,175023,0.0,0.0
2012-01-30,1737.199951171875,1739.9000244140625,1715.699951171875,1731.0,1731.0,53427,0.0,0.0
2012-01-31,1731.699951171875,1747.699951171875,1725.0,1737.800048828125,1737.800048828125,7540,0.0,0.0
2012-02-01,1738.199951171875,1751.0999755859375,1734.0,1747.0999755859375,1747.0999755859375,2027,0.0,0.0
2012-02-02,1745.0999755859375,1761.0999755859375,1742.9000244140625,1756.800048828125,1756.800048828125,2062,0.0,0.0
2012-02-03,1758.699951171875,1761.300048828125,1724.5,1737.9000244140625,1737.9000244140625,543,0.0,0.0
2012-02-06,1728.0,1738.300048828125,1713.300048828125,1722.800048828125,1722.800048828125,726,0.0,0.0
2012-02-07,1722.0,1748.0,1713.199951171875,1746.4000244140625,1746.4000244140625,272,0.0,0.0
2012-02-08,1744.0,1751.5,1728.199951171875,1729.300048828125,1729.300048828125,955,0.0,0.0
2012-02-09,1731.4000244140625,1749.699951171875,1726.0999755859375,1739.0,1739.0,119,0.0,0.0
2012-02-10,1732.699951171875,1734.4000244140625,1706.4000244140625,1723.300048828125,1723.300048828125,248,0.0,0.0
2012-02-13,1725.0,1733.0,1718.4000244140625,1723.0,1723.0,104,0.0,0.0
2012-02-14,1720.0,1724.9000244140625,1715.0,1715.9000244140625,1715.9000244140625,94,0.0,0.0
2012-02-15,1723.5999755859375,1737.0,1723.5999755859375,1726.300048828125,1726.300048828125,110,0.0,0.0
2012-02-16,1718.4000244140625,1728.4000244140625,1707.0,1726.800048828125,1726.800048828125,38,0.0,0.0
2012-02-17,1733.5999755859375,1735.0999755859375,1718.800048828125,1724.5,1724.5,80,0.0,0.0
2012-02-21,1736.0999755859375,1760.0,1733.5999755859375,1757.0999755859375,1757.0999755859375,115,0.0,0.0
2012-02-22,1758.699951171875,1781.9000244140625,1750.0,1770.0,1770.0,161,0.0,0.0
2012-02-23,1774.0,1786.0,1773.0,1784.9000244140625,1784.9000244140625,298,0.0,0.0
2012-02-24,1778.5,1780.699951171875,1771.300048828125,1775.0999755859375,1775.0999755859375,129,0.0,0.0
2012-02-27,1773.5999755859375,1775.5999755859375,1768.0999755859375,1773.5999755859375,1773.5999755859375,841,0.0,0.0
2012-02-28,1767.9000244140625,1789.4000244140625,1767.9000244140625,1787.0,1787.0,306,0.0,0.0
2012-02-29,1789.9000244140625,1790.4000244140625,1669.0,1709.9000244140625,1709.9000244140625,359,0.0,0.0
2012-03-01,1698.5999755859375,1724.5999755859375,1698.5999755859375,1721.0999755859375,1721.0999755859375,214,0.0,0.0
2012-03-02,1723.0,1723.0,1705.199951171875,1708.800048828125,1708.800048828125,135,0.0,0.0
2012-03-05,1705.5,1709.5,1695.4000244140625,1703.0,1703.0,421,0.0,0.0
2012-03-06,1708.699951171875,1708.699951171875,1666.0,1671.4000244140625,1671.4000244140625,176,0.0,0.0
2012-03-07,1676.0,1684.0,1673.0999755859375,1683.300048828125,1683.300048828125,39,0.0,0.0
2012-03-08,1686.4000244140625,1702.4000244140625,1686.4000244140625,1698.0999755859375,1698.0999755859375,301,0.0,0.0
2012-03-09,1698.800048828125,1710.9000244140625,1680.699951171875,1710.9000244140625,1710.9000244140625,73,0.0,0.0
2012-03-12,1708.0999755859375,1708.0999755859375,1694.9000244140625,1699.199951171875,1699.199951171875,98,0.0,0.0
2012-03-13,1698.4000244140625,1698.4000244140625,1685.0999755859375,1693.699951171875,1693.699951171875,47,0.0,0.0
2012-03-14,1676.9000244140625,1681.0,1637.4000244140625,1642.5,1642.5,201,0.0,0.0
2012-03-15,1646.300048828125,1660.199951171875,1640.0,1659.0999755859375,1659.0999755859375,405,0.0,0.0
2012-03-16,1660.0,1661.4000244140625,1641.300048828125,1655.5,1655.5,317,0.0,0.0
2012-03-19,1661.199951171875,1668.0,1652.0999755859375,1666.9000244140625,1666.9000244140625,462,0.0,0.0
2012-03-20,1648.0999755859375,1652.300048828125,1642.0,1646.699951171875,1646.699951171875,250,0.0,0.0
2012-03-21,1657.800048828125,1660.0,1646.0999755859375,1650.0,1650.0,546,0.0,0.0
2012-03-22,1648.0,1649.4000244140625,1633.800048828125,1642.300048828125,1642.300048828125,321,0.0,0.0
2012-03-23,1652.5,1665.0999755859375,1646.300048828125,1662.300048828125,1662.300048828125,76,0.0,0.0
2012-03-26,1665.0,1692.9000244140625,1657.800048828125,1685.5,1685.5,84,0.0,0.0
2012-03-27,1687.800048828125,1690.800048828125,1684.4000244140625,1684.800048828125,1684.800048828125,100,0.0,0.0
2012-03-28,1670.0999755859375,1670.0999755859375,1657.9000244140625,1657.9000244140625,1657.9000244140625,193107,0.0,0.0
2012-03-29,1661.800048828125,1664.5,1644.300048828125,1652.199951171875,1652.199951171875,47342,0.0,0.0
2012-03-30,1660.5999755859375,1670.0,1659.0,1669.300048828125,1669.300048828125,9825,0.0,0.0
2012-04-02,1670.4000244140625,1682.800048828125,1662.0,1677.5,1677.5,2531,0.0,0.0
2012-04-03,1677.5999755859375,1679.5,1638.699951171875,1670.0,1670.0,1165,0.0,0.0
2012-04-04,1646.5,1647.0,1612.300048828125,1612.300048828125,1612.300048828125,1122,0.0,0.0
2012-04-05,1620.800048828125,1633.199951171875,1620.4000244140625,1628.5,1628.5,289,0.0,0.0
2012-04-09,1645.300048828125,1646.4000244140625,1636.5,1642.5,1642.5,158,0.0,0.0
2012-04-10,1649.0,1661.699951171875,1636.199951171875,1659.5,1659.5,350,0.0,0.0
2012-04-11,1654.800048828125,1659.699951171875,1654.699951171875,1659.0,1659.0,426,0.0,0.0
2012-04-12,1660.0,1680.0999755859375,1650.0,1679.5,1679.5,1309,0.0,0.0
2012-04-13,1673.300048828125,1674.800048828125,1650.0,1659.0999755859375,1659.0999755859375,220,0.0,0.0
2012-04-16,1650.800048828125,1656.800048828125,1641.199951171875,1648.699951171875,1648.699951171875,717,0.0,0.0
2012-04-17,1652.0,1652.9000244140625,1637.0,1650.300048828125,1650.300048828125,69,0.0,0.0
2012-04-18,1653.199951171875,1653.300048828125,1638.0999755859375,1638.800048828125,1638.800048828125,273,0.0,0.0
2012-04-19,1642.0999755859375,1653.0999755859375,1632.0,1640.5999755859375,1640.5999755859375,77,0.0,0.0
2012-04-20,1641.699951171875,1645.5999755859375,1640.9000244140625,1642.0999755859375,1642.0999755859375,54,0.0,0.0
2012-04-23,1642.4000244140625,1642.4000244140625,1625.0999755859375,1631.9000244140625,1631.9000244140625,226,0.0,0.0
2012-04-24,1634.4000244140625,1648.5999755859375,1634.4000244140625,1643.0,1643.0,123,0.0,0.0
2012-04-25,1641.300048828125,1643.800048828125,1626.9000244140625,1641.4000244140625,1641.4000244140625,82,0.0,0.0
2012-04-26,1658.300048828125,1659.5999755859375,1658.300048828125,1659.5999755859375,1659.5999755859375,280,0.0,0.0
2012-04-27,1654.5,1666.9000244140625,1654.0,1664.0,1664.0,236,0.0,0.0
2012-04-30,1663.0,1665.699951171875,1653.0,1663.4000244140625,1663.4000244140625,36,0.0,0.0
2012-05-01,1665.0,1670.5,1661.699951171875,1661.699951171875,1661.699951171875,25,0.0,0.0
2012-05-02,1659.199951171875,1659.199951171875,1648.300048828125,1653.4000244140625,1653.4000244140625,50,0.0,0.0
2012-05-03,1651.199951171875,1652.199951171875,1631.300048828125,1634.199951171875,1634.199951171875,78,0.0,0.0
2012-05-04,1635.699951171875,1645.5999755859375,1629.4000244140625,1644.699951171875,1644.699951171875,68,0.0,0.0
2012-05-07,1637.9000244140625,1640.0,1632.5999755859375,1638.5999755859375,1638.5999755859375,21,0.0,0.0
2012-05-08,1636.699951171875,1636.699951171875,1596.0,1604.0,1604.0,154,0.0,0.0
2012-05-09,1595.300048828125,1595.300048828125,1586.300048828125,1593.699951171875,1593.699951171875,30,0.0,0.0
2012-05-10,1594.199951171875,1595.0999755859375,1592.4000244140625,1595.0999755859375,1595.0999755859375,6,0.0,0.0
2012-05-11,1586.0999755859375,1589.5999755859375,1583.5999755859375,1583.5999755859375,1583.5999755859375,6,0.0,0.0
2012-05-14,1563.0,1563.0999755859375,1555.5,1560.5999755859375,1560.5999755859375,5,0.0,0.0
2012-05-15,1555.4000244140625,1558.300048828125,1542.4000244140625,1556.800048828125,1556.800048828125,28,0.0,0.0
2012-05-16,1541.4000244140625,1541.4000244140625,1528.5,1536.199951171875,1536.199951171875,26,0.0,0.0
2012-05-17,1546.9000244140625,1579.0,1546.9000244140625,1574.5,1574.5,51,0.0,0.0
2012-05-18,1573.699951171875,1591.5999755859375,1568.199951171875,1591.5999755859375,1591.5999755859375,26,0.0,0.0
2012-05-21,1591.9000244140625,1594.0999755859375,1588.4000244140625,1588.4000244140625,1588.4000244140625,32,0.0,0.0
2012-05-22,1575.699951171875,1578.0999755859375,1568.4000244140625,1576.300048828125,1576.300048828125,27,0.0,0.0
2012-05-23,1538.199951171875,1548.0999755859375,1534.4000244140625,1548.0999755859375,1548.0999755859375,6,0.0,0.0
2012-05-24,1559.0,1569.4000244140625,1551.5,1557.300048828125,1557.300048828125,23,0.0,0.0
2012-05-25,1558.199951171875,1568.800048828125,1557.300048828125,1568.800048828125,1568.800048828125,7,0.0,0.0
2012-05-29,1574.699951171875,1582.5,1548.5999755859375,1548.5999755859375,1548.5999755859375,259050,0.0,0.0
2012-05-30,1553.9000244140625,1569.0,1530.4000244140625,1563.4000244140625,1563.4000244140625,79887,0.0,0.0
2012-05-31,1562.699951171875,1572.5999755859375,1551.800048828125,1562.5999755859375,1562.5999755859375,5901,0.0,0.0
2012-06-01,1560.0,1630.0,1545.5,1620.5,1620.5,2820,0.0,0.0
2012-06-04,1623.0,1627.9000244140625,1609.0,1612.199951171875,1612.199951171875,2134,0.0,0.0
2012-06-05,1619.300048828125,1622.699951171875,1612.9000244140625,1615.199951171875,1615.199951171875,604,0.0,0.0
2012-06-06,1619.699951171875,1639.699951171875,1616.5,1632.800048828125,1632.800048828125,419,0.0,0.0
2012-06-07,1622.5999755859375,1627.199951171875,1581.9000244140625,1586.5999755859375,1586.5999755859375,1200,0.0,0.0
2012-06-08,1589.9000244140625,1593.9000244140625,1566.5,1590.0999755859375,1590.0999755859375,157,0.0,0.0
2012-06-11,1608.0,1608.0,1583.0,1595.5,1595.5,129,0.0,0.0
2012-06-12,1594.0999755859375,1612.800048828125,1588.5,1612.699951171875,1612.699951171875,523,0.0,0.0
2012-06-13,1608.199951171875,1622.4000244140625,1608.199951171875,1618.0999755859375,1618.0999755859375,655,0.0,0.0
2012-06-14,1621.199951171875,1626.4000244140625,1610.0999755859375,1618.4000244140625,1618.4000244140625,493,0.0,0.0
2012-06-15,1624.300048828125,1630.0,1621.5,1627.0,1627.0,1015,0.0,0.0
2012-06-18,1622.5999755859375,1627.5999755859375,1615.0,1625.699951171875,1625.699951171875,246,0.0,0.0
2012-06-19,1629.800048828125,1630.699951171875,1622.0,1622.199951171875,1622.199951171875,32,0.0,0.0
2012-06-20,1618.300048828125,1618.300048828125,1601.300048828125,1614.800048828125,1614.800048828125,140,0.0,0.0
2012-06-21,1603.199951171875,1603.300048828125,1564.5,1564.5,1564.5,29,0.0,0.0
2012-06-22,1565.5,1568.4000244140625,1560.0,1566.0,1566.0,16,0.0,0.0
2012-06-25,1574.9000244140625,1587.5,1571.0,1587.5,1587.5,32,0.0,0.0
2012-06-26,1583.5,1583.5,1567.699951171875,1574.0,1574.0,104,0.0,0.0
2012-06-27,1567.0,1577.5,1563.0,1577.5,1577.5,220,0.0,0.0
2012-06-28,1573.699951171875,1573.699951171875,1548.4000244140625,1549.699951171875,1549.699951171875,133,0.0,0.0
2012-06-29,1562.5999755859375,1603.5,1561.9000244140625,1603.5,1603.5,61,0.0,0.0
2012-07-02,1597.0999755859375,1598.300048828125,1589.699951171875,1597.199951171875,1597.199951171875,35,0.0,0.0
2012-07-03,1603.800048828125,1624.0,1603.800048828125,1621.300048828125,1621.300048828125,44,0.0,0.0
2012-07-05,1618.5,1619.199951171875,1598.0,1608.9000244140625,1608.9000244140625,27,0.0,0.0
2012-07-06,1592.300048828125,1593.800048828125,1578.4000244140625,1578.4000244140625,1578.4000244140625,15,0.0,0.0
2012-07-09,1582.0999755859375,1588.5999755859375,1580.9000244140625,1588.5999755859375,1588.5999755859375,5,0.0,0.0
2012-07-10,1599.199951171875,1599.800048828125,1567.5999755859375,1579.300048828125,1579.300048828125,12,0.0,0.0
2012-07-11,1577.4000244140625,1579.5,1575.199951171875,1575.199951171875,1575.199951171875,12,0.0,0.0
2012-07-12,1569.300048828125,1574.699951171875,1557.199951171875,1564.9000244140625,1564.9000244140625,44,0.0,0.0
2012-07-13,1567.800048828125,1594.0999755859375,1567.800048828125,1591.5999755859375,1591.5999755859375,26,0.0,0.0
2012-07-16,1586.199951171875,1591.199951171875,1585.800048828125,1591.199951171875,1591.199951171875,7,0.0,0.0
2012-07-17,1596.0,1596.0,1576.300048828125,1589.0999755859375,1589.0999755859375,27,0.0,0.0
2012-07-18,1581.199951171875,1583.699951171875,1569.9000244140625,1570.4000244140625,1570.4000244140625,30,0.0,0.0
2012-07-19,1580.0,1586.9000244140625,1578.4000244140625,1580.0999755859375,1580.0999755859375,60,0.0,0.0
2012-07-20,1583.9000244140625,1584.4000244140625,1576.0999755859375,1582.5,1582.5,5,0.0,0.0
2012-07-23,1571.699951171875,1577.0999755859375,1569.800048828125,1577.0999755859375,1577.0999755859375,4,0.0,0.0
2012-07-24,1574.0,1581.9000244140625,1574.0,1576.0,1576.0,9,0.0,0.0
2012-07-25,1583.699951171875,1608.0,1583.300048828125,1608.0,1608.0,12,0.0,0.0
2012-07-26,1614.9000244140625,1615.0,1614.0999755859375,1615.0,1615.0,7,0.0,0.0
2012-07-27,1613.4000244140625,1617.9000244140625,1613.4000244140625,1617.9000244140625,1617.9000244140625,197976,0.0,0.0
2012-07-30,1622.9000244140625,1625.800048828125,1613.0999755859375,1619.699951171875,1619.699951171875,52890,0.0,0.0
2012-07-31,1621.0999755859375,1627.5,1610.0,1610.5,1610.5,6281,0.0,0.0
2012-08-01,1613.4000244140625,1617.199951171875,1592.0,1603.699951171875,1603.699951171875,3530,0.0,0.0
2012-08-02,1600.0,1615.0,1583.0999755859375,1587.4000244140625,1587.4000244140625,933,0.0,0.0
2012-08-03,1589.300048828125,1606.0,1585.0999755859375,1606.0,1606.0,676,0.0,0.0
2012-08-06,1604.699951171875,1614.0999755859375,1603.199951171875,1612.9000244140625,1612.9000244140625,662,0.0,0.0
2012-08-07,1610.800048828125,1615.699951171875,1609.300048828125,1609.699951171875,1609.699951171875,449,0.0,0.0
2012-08-08,1610.199951171875,1614.800048828125,1603.0,1612.9000244140625,1612.9000244140625,341,0.0,0.0
2012-08-09,1612.800048828125,1617.199951171875,1610.0999755859375,1617.0999755859375,1617.0999755859375,433,0.0,0.0
2012-08-10,1615.800048828125,1624.0999755859375,1605.0,1619.699951171875,1619.699951171875,1219,0.0,0.0
2012-08-13,1622.0,1623.699951171875,1607.300048828125,1609.5999755859375,1609.5999755859375,402,0.0,0.0
2012-08-14,1612.800048828125,1615.5999755859375,1591.199951171875,1599.4000244140625,1599.4000244140625,910,0.0,0.0
2012-08-15,1593.800048828125,1604.5999755859375,1592.0,1603.699951171875,1603.699951171875,280,0.0,0.0
2012-08-16,1600.199951171875,1616.0999755859375,1600.199951171875,1616.0999755859375,1616.0999755859375,199,0.0,0.0
2012-08-17,1617.800048828125,1617.800048828125,1611.4000244140625,1616.300048828125,1616.300048828125,249,0.0,0.0
2012-08-20,1614.0,1621.4000244140625,1611.5999755859375,1620.0999755859375,1620.0999755859375,68,0.0,0.0
2012-08-21,1620.0,1639.9000244140625,1620.0,1639.9000244140625,1639.9000244140625,258,0.0,0.0
2012-08-22,1638.4000244140625,1653.0999755859375,1635.0,1637.4000244140625,1637.4000244140625,37,0.0,0.0
2012-08-23,1659.9000244140625,1672.699951171875,1658.0,1669.5999755859375,1669.5999755859375,141,0.0,0.0
2012-08-24,1665.800048828125,1669.800048828125,1662.199951171875,1669.800048828125,1669.800048828125,24,0.0,0.0
2012-08-27,1674.9000244140625,1674.9000244140625,1663.9000244140625,1672.4000244140625,1672.4000244140625,42,0.0,0.0
2012-08-28,1659.9000244140625,1671.0,1659.199951171875,1666.5,1666.5,51,0.0,0.0
2012-08-29,1667.199951171875,1667.300048828125,1659.800048828125,1659.800048828125,1659.800048828125,403,0.0,0.0
2012-08-30,1655.4000244140625,1662.0,1650.699951171875,1653.5,1653.5,418,0.0,0.0
2012-08-31,1658.5999755859375,1690.0,1646.199951171875,1684.5999755859375,1684.5999755859375,58,0.0,0.0
2012-09-04,1689.0999755859375,1698.0,1687.699951171875,1692.9000244140625,1692.9000244140625,43,0.0,0.0
2012-09-05,1690.4000244140625,1693.300048828125,1690.4000244140625,1690.800048828125,1690.800048828125,82,0.0,0.0
2012-09-06,1696.4000244140625,1712.4000244140625,1696.4000244140625,1702.5999755859375,1702.5999755859375,39,0.0,0.0
2012-09-07,1696.699951171875,1738.199951171875,1696.699951171875,1737.5,1737.5,109,0.0,0.0
2012-09-10,1733.0999755859375,1733.5,1727.199951171875,1728.699951171875,1728.699951171875,14,0.0,0.0
2012-09-11,1736.0,1736.0,1731.800048828125,1731.800048828125,1731.800048828125,2,0.0,0.0
2012-09-12,1742.199951171875,1742.300048828125,1730.5,1730.5999755859375,1730.5999755859375,15,0.0,0.0
2012-09-13,1728.699951171875,1769.0999755859375,1728.699951171875,1769.0999755859375,1769.0999755859375,33,0.0,0.0
2012-09-14,1771.0,1774.5,1766.0,1769.800048828125,1769.800048828125,25,0.0,0.0
2012-09-17,1774.800048828125,1774.800048828125,1753.800048828125,1767.699951171875,1767.699951171875,54,0.0,0.0
2012-09-18,1766.300048828125,1768.4000244140625,1766.300048828125,1768.4000244140625,1768.4000244140625,13,0.0,0.0
2012-09-19,1776.0,1778.5,1768.0,1769.0,1769.0,27,0.0,0.0
2012-09-20,1769.0999755859375,1771.300048828125,1760.5999755859375,1767.699951171875,1767.699951171875,17,0.0,0.0
2012-09-21,1785.300048828125,1785.300048828125,1772.300048828125,1775.5,1775.5,10,0.0,0.0
2012-09-24,1762.0999755859375,1762.0999755859375,1762.0999755859375,1762.0999755859375,1762.0999755859375,4,0.0,0.0
2012-09-25,1772.5999755859375,1772.699951171875,1763.800048828125,1763.800048828125,1763.800048828125,5,0.0,0.0
2012-09-26,1762.800048828125,1764.199951171875,1743.0,1750.5999755859375,1750.5999755859375,15237,0.0,0.0
2012-09-27,1752.5999755859375,1780.199951171875,1750.699951171875,1777.5999755859375,1777.5999755859375,6989,0.0,0.0
2012-09-28,1776.800048828125,1782.199951171875,1767.5,1771.0999755859375,1771.0999755859375,2839,0.0,0.0
2012-10-01,1766.0,1791.0,1763.300048828125,1780.5,1780.5,816,0.0,0.0
2012-10-02,1777.9000244140625,1779.300048828125,1772.699951171875,1772.699951171875,1772.699951171875,94,0.0,0.0
2012-10-03,1772.199951171875,1779.9000244140625,1771.9000244140625,1777.300048828125,1777.300048828125,134,0.0,0.0
2012-10-04,1783.5,1794.800048828125,1783.5,1794.0999755859375,1794.0999755859375,199,0.0,0.0
2012-10-05,1792.199951171875,1792.199951171875,1776.5999755859375,1778.5999755859375,1778.5999755859375,257,0.0,0.0
2012-10-08,1778.0,1778.0,1766.800048828125,1773.5,1773.5,33,0.0,0.0
2012-10-09,1776.699951171875,1776.699951171875,1762.300048828125,1763.0,1763.0,24,0.0,0.0
2012-10-10,1762.4000244140625,1764.199951171875,1758.0999755859375,1763.199951171875,1763.199951171875,29,0.0,0.0
2012-10-11,1761.5999755859375,1771.0,1761.5999755859375,1768.800048828125,1768.800048828125,30,0.0,0.0
2012-10-12,1769.5,1769.5,1753.5999755859375,1758.0,1758.0,84,0.0,0.0
2012-10-15,1750.0,1750.0,1729.9000244140625,1736.0,1736.0,108,0.0,0.0
2012-10-16,1736.699951171875,1744.699951171875,1736.5999755859375,1744.699951171875,1744.699951171875,15,0.0,0.0
2012-10-17,1749.4000244140625,1751.5,1746.0,1751.5,1751.5,36,0.0,0.0
2012-10-18,1749.0999755859375,1749.0999755859375,1740.5,1743.300048828125,1743.300048828125,27,0.0,0.0
2012-10-19,1741.0999755859375,1741.0999755859375,1721.0,1722.800048828125,1722.800048828125,70,0.0,0.0
2012-10-22,1715.0,1728.300048828125,1715.0,1725.0999755859375,1725.0999755859375,12,0.0,0.0
2012-10-23,1726.5999755859375,1726.5999755859375,1708.300048828125,1708.300048828125,1708.300048828125,75,0.0,0.0
2012-10-24,1708.4000244140625,1708.5,1698.5999755859375,1700.5,1700.5,27,0.0,0.0
2012-10-25,1711.699951171875,1716.699951171875,1711.699951171875,1712.0,1712.0,33,0.0,0.0
2012-10-26,1706.0999755859375,1716.199951171875,1706.0999755859375,1710.9000244140625,1710.9000244140625,77,0.0,0.0
2012-10-31,1714.4000244140625,1724.5,1714.4000244140625,1717.5,1717.5,64,0.0,0.0
2012-11-01,1722.300048828125,1725.0999755859375,1714.0999755859375,1714.0999755859375,1714.0999755859375,24,0.0,0.0
2012-11-02,1711.300048828125,1711.300048828125,1674.0999755859375,1674.0999755859375,1674.0999755859375,50,0.0,0.0
2012-11-05,1682.800048828125,1683.0999755859375,1674.300048828125,1682.199951171875,1682.199951171875,7,0.0,0.0
2012-11-06,1690.0999755859375,1718.0,1690.0999755859375,1714.0999755859375,1714.0999755859375,47,0.0,0.0
2012-11-07,1707.699951171875,1726.5,1703.699951171875,1713.199951171875,1713.199951171875,42,0.0,0.0
2012-11-08,1715.9000244140625,1725.4000244140625,1714.199951171875,1725.4000244140625,1725.4000244140625,34,0.0,0.0
2012-11-09,1733.699951171875,1734.0999755859375,1727.5999755859375,1730.300048828125,1730.300048828125,6,0.0,0.0
2012-11-12,1733.199951171875,1733.4000244140625,1730.300048828125,1730.300048828125,1730.300048828125,6,0.0,0.0
2012-11-13,1721.5999755859375,1728.199951171875,1718.5,1724.199951171875,1724.199951171875,12,0.0,0.0
2012-11-14,1722.0,1729.5,1722.0,1729.5,1729.5,11,0.0,0.0
2012-11-15,1724.9000244140625,1724.9000244140625,1706.300048828125,1713.300048828125,1713.300048828125,10,0.0,0.0
2012-11-16,1710.0,1714.300048828125,1706.9000244140625,1714.300048828125,1714.300048828125,16,0.0,0.0
2012-11-19,1721.800048828125,1734.0,1721.800048828125,1734.0,1734.0,4,0.0,0.0
2012-11-20,1730.5999755859375,1731.0999755859375,1722.5,1723.199951171875,1723.199951171875,21,0.0,0.0
2012-11-21,1725.800048828125,1727.9000244140625,1725.800048828125,1727.9000244140625,1727.9000244140625,23,0.0,0.0
2012-11-23,1735.0,1751.300048828125,1735.0,1751.300048828125,1751.300048828125,8,0.0,0.0
2012-11-26,1750.300048828125,1750.5,1749.4000244140625,1749.5,1749.5,24,0.0,0.0
2012-11-27,1746.4000244140625,1746.4000244140625,1742.199951171875,1742.199951171875,1742.199951171875,7,0.0,0.0
2012-11-28,1739.800048828125,1739.800048828125,1716.5,1716.5,1716.5,276136,0.0,0.0
2012-11-29,1719.5999755859375,1729.0,1717.699951171875,1727.199951171875,1727.199951171875,65599,0.0,0.0
2012-11-30,1725.199951171875,1731.199951171875,1708.4000244140625,1710.9000244140625,1710.9000244140625,3690,0.0,0.0
2012-12-03,1714.9000244140625,1721.9000244140625,1714.5,1719.5999755859375,1719.5999755859375,1238,0.0,0.0
2012-12-04,1716.300048828125,1716.800048828125,1691.5999755859375,1694.4000244140625,1694.4000244140625,1428,0.0,0.0
2012-12-05,1697.0999755859375,1706.0,1685.0,1692.4000244140625,1692.4000244140625,1262,0.0,0.0
2012-12-06,1694.300048828125,1702.0999755859375,1686.4000244140625,1700.300048828125,1700.300048828125,525,0.0,0.0
2012-12-07,1701.199951171875,1704.5,1684.0,1704.0,1704.0,169,0.0,0.0
2012-12-10,1704.199951171875,1717.0,1704.199951171875,1713.0,1713.0,88,0.0,0.0
2012-12-11,1710.0,1714.0999755859375,1705.9000244140625,1708.199951171875,1708.199951171875,88,0.0,0.0
2012-12-12,1710.0999755859375,1722.300048828125,1708.0,1716.5999755859375,1716.5999755859375,195,0.0,0.0
2012-12-13,1707.199951171875,1707.199951171875,1689.9000244140625,1695.5999755859375,1695.5999755859375,240,0.0,0.0
2012-12-14,1698.300048828125,1699.199951171875,1694.4000244140625,1695.800048828125,1695.800048828125,72,0.0,0.0
2012-12-17,1690.5,1698.5,1689.5,1697.0,1697.0,65,0.0,0.0
2012-12-18,1701.4000244140625,1702.800048828125,1661.0,1669.5,1669.5,501,0.0,0.0
2012-12-19,1675.300048828125,1676.0,1664.5999755859375,1666.5,1666.5,76,0.0,0.0
2012-12-20,1667.9000244140625,1671.0,1637.5999755859375,1644.9000244140625,1644.9000244140625,158,0.0,0.0
2012-12-21,1648.0,1659.0999755859375,1635.800048828125,1659.0999755859375,1659.0999755859375,78,0.0,0.0
2012-12-24,1657.699951171875,1663.800048828125,1654.9000244140625,1658.5999755859375,1658.5999755859375,73,0.0,0.0
2012-12-26,1654.5,1666.699951171875,1654.5,1659.800048828125,1659.800048828125,73,0.0,0.0
2012-12-27,1656.199951171875,1662.5999755859375,1656.199951171875,1662.5999755859375,1662.5999755859375,446,0.0,0.0
2012-12-28,1664.0,1664.0,1653.699951171875,1654.9000244140625,1654.9000244140625,197,0.0,0.0
2012-12-31,1655.4000244140625,1677.0999755859375,1655.4000244140625,1674.800048828125,1674.800048828125,89,0.0,0.0
2013-01-02,1672.800048828125,1693.800048828125,1670.0,1687.9000244140625,1687.9000244140625,35,0.0,0.0
2013-01-03,1686.0999755859375,1686.800048828125,1662.0,1673.699951171875,1673.699951171875,140,0.0,0.0
2013-01-04,1647.0,1658.300048828125,1625.699951171875,1648.0999755859375,1648.0999755859375,199,0.0,0.0
2013-01-07,1656.5,1659.9000244140625,1643.800048828125,1645.5,1645.5,49,0.0,0.0
2013-01-08,1647.699951171875,1661.5,1647.699951171875,1661.5,1661.5,17,0.0,0.0
2013-01-09,1658.5999755859375,1662.0999755859375,1651.9000244140625,1654.800048828125,1654.800048828125,9,0.0,0.0
2013-01-10,1672.5,1677.300048828125,1672.5,1677.300048828125,1677.300048828125,9,0.0,0.0
2013-01-11,1673.0999755859375,1673.0999755859375,1654.199951171875,1660.0,1660.0,147,0.0,0.0
2013-01-14,1665.4000244140625,1673.800048828125,1664.0999755859375,1668.9000244140625,1668.9000244140625,10,0.0,0.0
2013-01-15,1671.5999755859375,1684.300048828125,1671.5999755859375,1683.4000244140625,1683.4000244140625,20,0.0,0.0
2013-01-16,1674.4000244140625,1682.699951171875,1674.4000244140625,1682.699951171875,1682.699951171875,11,0.0,0.0
2013-01-17,1676.4000244140625,1694.5999755859375,1671.0,1690.4000244140625,1690.4000244140625,81,0.0,0.0
2013-01-18,1687.4000244140625,1692.0,1686.5999755859375,1686.5999755859375,1686.5999755859375,14,0.0,0.0
2013-01-22,1690.300048828125,1694.699951171875,1687.800048828125,1692.800048828125,1692.800048828125,15,0.0,0.0
2013-01-23,1691.300048828125,1693.699951171875,1685.199951171875,1686.300048828125,1686.300048828125,28,0.0,0.0
2013-01-24,1680.800048828125,1681.699951171875,1668.0,1669.5,1669.5,13,0.0,0.0
2013-01-25,1663.0,1663.0,1656.4000244140625,1656.4000244140625,1656.4000244140625,44,0.0,0.0
2013-01-28,1651.5999755859375,1655.5,1651.5999755859375,1652.4000244140625,1652.4000244140625,82,0.0,0.0
2013-01-29,1661.199951171875,1661.5,1660.699951171875,1660.699951171875,1660.699951171875,145863,0.0,0.0
2013-01-30,1662.4000244140625,1683.0,1661.800048828125,1679.9000244140625,1679.9000244140625,44893,0.0,0.0
2013-01-31,1675.4000244140625,1680.0,1657.4000244140625,1660.5999755859375,1660.5999755859375,6044,0.0,0.0
2013-02-01,1663.9000244140625,1681.199951171875,1659.9000244140625,1669.4000244140625,1669.4000244140625,3250,0.0,0.0
2013-02-04,1668.0,1676.5,1661.5999755859375,1675.300048828125,1675.300048828125,450,0.0,0.0
2013-02-05,1674.199951171875,1683.4000244140625,1666.5,1672.4000244140625,1672.4000244140625,353,0.0,0.0
2013-02-06,1672.199951171875,1678.5,1668.0,1677.699951171875,1677.699951171875,376,0.0,0.0
2013-02-07,1677.0,1682.0999755859375,1663.0999755859375,1670.4000244140625,1670.4000244140625,475,0.0,0.0
2013-02-08,1671.5,1672.5,1664.800048828125,1666.0,1666.0,289,0.0,0.0
2013-02-11,1666.5,1668.0,1643.699951171875,1648.199951171875,1648.199951171875,868,0.0,0.0
2013-02-12,1643.800048828125,1650.4000244140625,1642.4000244140625,1648.699951171875,1648.699951171875,85,0.0,0.0
2013-02-13,1652.199951171875,1652.300048828125,1640.199951171875,1644.199951171875,1644.199951171875,236,0.0,0.0
2013-02-14,1641.0999755859375,1646.9000244140625,1632.699951171875,1634.699951171875,1634.699951171875,219,0.0,0.0
2013-02-15,1633.199951171875,1633.9000244140625,1599.5,1608.800048828125,1608.800048828125,460,0.0,0.0
2013-02-19,1610.0,1617.0,1599.699951171875,1603.5999755859375,1603.5999755859375,272,0.0,0.0
2013-02-20,1604.699951171875,1606.9000244140625,1561.800048828125,1577.5999755859375,1577.5999755859375,278,0.0,0.0
2013-02-21,1568.5,1581.199951171875,1555.199951171875,1578.199951171875,1578.199951171875,2019,0.0,0.0
2013-02-22,1580.0,1585.4000244140625,1572.4000244140625,1572.4000244140625,1572.4000244140625,76,0.0,0.0
2013-02-25,1579.4000244140625,1596.0,1577.699951171875,1586.199951171875,1586.199951171875,118,0.0,0.0
2013-02-26,1593.300048828125,1615.199951171875,1589.0,1615.199951171875,1615.199951171875,1158,0.0,0.0
2013-02-27,1612.800048828125,1612.800048828125,1591.800048828125,1595.199951171875,1595.199951171875,700,0.0,0.0
2013-02-28,1596.0,1601.5999755859375,1575.0999755859375,1577.699951171875,1577.699951171875,102,0.0,0.0
2013-03-01,1579.5999755859375,1585.5999755859375,1566.0,1571.9000244140625,1571.9000244140625,68,0.0,0.0
2013-03-04,1580.800048828125,1580.800048828125,1569.699951171875,1572.0999755859375,1572.0999755859375,64,0.0,0.0
2013-03-05,1577.5999755859375,1585.5,1571.4000244140625,1574.5999755859375,1574.5999755859375,65,0.0,0.0
2013-03-06,1577.5999755859375,1582.5999755859375,1566.800048828125,1574.5999755859375,1574.5999755859375,106,0.0,0.0
2013-03-07,1580.0,1583.5,1573.9000244140625,1574.800048828125,1574.800048828125,52,0.0,0.0
2013-03-08,1578.5999755859375,1581.199951171875,1561.800048828125,1576.5999755859375,1576.5999755859375,68,0.0,0.0
2013-03-11,1576.0,1579.699951171875,1576.0,1577.800048828125,1577.800048828125,1115,0.0,0.0
2013-03-12,1579.800048828125,1595.5999755859375,1579.800048828125,1591.5,1591.5,159,0.0,0.0
2013-03-13,1592.300048828125,1596.0,1585.0,1588.300048828125,1588.300048828125,396,0.0,0.0
2013-03-14,1585.699951171875,1590.5999755859375,1575.699951171875,1590.5999755859375,1590.5999755859375,137,0.0,0.0
2013-03-15,1590.5,1594.4000244140625,1590.199951171875,1592.5,1592.5,11,0.0,0.0
2013-03-18,1605.9000244140625,1607.699951171875,1601.5999755859375,1604.5999755859375,1604.5999755859375,613,0.0,0.0
2013-03-19,1613.0999755859375,1613.0999755859375,1611.300048828125,1611.300048828125,1611.300048828125,202,0.0,0.0
2013-03-20,1610.0,1612.5,1606.199951171875,1607.5,1607.5,5,0.0,0.0
2013-03-21,1612.800048828125,1613.800048828125,1611.9000244140625,1613.800048828125,1613.800048828125,7,0.0,0.0
2013-03-22,1611.0,1611.0,1604.0999755859375,1606.199951171875,1606.199951171875,101,0.0,0.0
2013-03-25,1607.0999755859375,1607.800048828125,1596.0999755859375,1604.5999755859375,1604.5999755859375,27,0.0,0.0
2013-03-26,1595.800048828125,1595.800048828125,1595.800048828125,1595.800048828125,1595.800048828125,165484,0.0,0.0
2013-03-27,1598.5,1608.0999755859375,1590.300048828125,1606.199951171875,1606.199951171875,50450,0.0,0.0
2013-03-28,1604.699951171875,1606.5999755859375,1593.5999755859375,1594.800048828125,1594.800048828125,4717,0.0,0.0
2013-04-01,1596.800048828125,1600.5,1594.800048828125,1600.0,1600.0,688,0.0,0.0
2013-04-02,1599.199951171875,1602.5999755859375,1574.0999755859375,1575.0999755859375,1575.0999755859375,2289,0.0,0.0
2013-04-03,1575.699951171875,1576.4000244140625,1549.199951171875,1552.800048828125,1552.800048828125,2171,0.0,0.0
2013-04-04,1557.300048828125,1557.300048828125,1539.0999755859375,1551.800048828125,1551.800048828125,829,0.0,0.0
2013-04-05,1553.199951171875,1580.5999755859375,1550.0999755859375,1575.4000244140625,1575.4000244140625,1184,0.0,0.0
2013-04-08,1575.800048828125,1577.800048828125,1567.800048828125,1572.0,1572.0,101,0.0,0.0
2013-04-09,1571.5999755859375,1589.300048828125,1570.0,1586.199951171875,1586.199951171875,215,0.0,0.0
2013-04-10,1584.4000244140625,1586.0,1557.0,1558.300048828125,1558.300048828125,359,0.0,0.0
2013-04-11,1557.0999755859375,1566.699951171875,1554.800048828125,1564.300048828125,1564.300048828125,1070,0.0,0.0
2013-04-12,1560.800048828125,1560.800048828125,1480.199951171875,1501.0,1501.0,881,0.0,0.0
2013-04-15,1478.199951171875,1487.4000244140625,1338.0,1360.5999755859375,1360.5999755859375,1309,0.0,0.0
2013-04-16,1358.0,1401.0,1323.0,1386.800048828125,1386.800048828125,619,0.0,0.0
2013-04-17,1373.199951171875,1394.199951171875,1370.199951171875,1382.199951171875,1382.199951171875,92,0.0,0.0
2013-04-18,1347.5,1396.4000244140625,1347.5,1392.0,1392.0,57,0.0,0.0
2013-04-19,1419.300048828125,1420.300048828125,1395.0999755859375,1395.300048828125,1395.300048828125,241,0.0,0.0
2013-04-22,1406.800048828125,1434.9000244140625,1406.800048828125,1421.0,1421.0,70,0.0,0.0
2013-04-23,1429.5,1429.5,1405.800048828125,1408.5999755859375,1408.5999755859375,334,0.0,0.0
2013-04-24,1423.199951171875,1430.0999755859375,1420.4000244140625,1423.4000244140625,1423.4000244140625,138,0.0,0.0
2013-04-25,1433.0,1461.800048828125,1433.0,1461.800048828125,1461.800048828125,222,0.0,0.0
2013-04-26,1467.4000244140625,1476.199951171875,1451.4000244140625,1453.5999755859375,1453.5999755859375,976,0.0,0.0
2013-04-29,1462.699951171875,1475.5,1462.300048828125,1467.4000244140625,1467.4000244140625,269,0.0,0.0
2013-04-30,1471.0999755859375,1476.5999755859375,1461.0,1472.199951171875,1472.199951171875,534,0.0,0.0
2013-05-01,1475.800048828125,1477.0999755859375,1440.0,1446.300048828125,1446.300048828125,131,0.0,0.0
2013-05-02,1459.0,1471.199951171875,1453.5,1467.699951171875,1467.699951171875,244,0.0,0.0
2013-05-03,1465.5,1487.0999755859375,1461.4000244140625,1464.300048828125,1464.300048828125,68,0.0,0.0
2013-05-06,1468.0999755859375,1477.199951171875,1466.800048828125,1468.0999755859375,1468.0999755859375,33,0.0,0.0
2013-05-07,1462.0,1466.199951171875,1441.199951171875,1449.0,1449.0,91,0.0,0.0
2013-05-08,1455.5,1474.699951171875,1450.699951171875,1473.9000244140625,1473.9000244140625,81,0.0,0.0
2013-05-09,1471.199951171875,1473.4000244140625,1453.0,1468.800048828125,1468.800048828125,27,0.0,0.0
2013-05-10,1455.5999755859375,1459.300048828125,1423.0,1436.800048828125,1436.800048828125,569,0.0,0.0
2013-05-13,1440.0,1440.5999755859375,1427.800048828125,1434.5,1434.5,344,0.0,0.0
2013-05-14,1430.0999755859375,1444.4000244140625,1422.0,1424.699951171875,1424.699951171875,72,0.0,0.0
2013-05-15,1425.699951171875,1425.699951171875,1390.0999755859375,1396.5,1396.5,364,0.0,0.0
2013-05-16,1390.4000244140625,1395.0999755859375,1370.5999755859375,1387.0999755859375,1387.0999755859375,38,0.0,0.0
2013-05-17,1386.699951171875,1391.0999755859375,1359.0999755859375,1364.9000244140625,1364.9000244140625,50,0.0,0.0
2013-05-20,1342.9000244140625,1387.5,1342.9000244140625,1384.300048828125,1384.300048828125,21,0.0,0.0
2013-05-21,1386.5,1392.300048828125,1358.5,1377.800048828125,1377.800048828125,51,0.0,0.0
2013-05-22,1387.199951171875,1395.699951171875,1364.5,1367.5999755859375,1367.5999755859375,14,0.0,0.0
2013-05-23,1380.5999755859375,1394.800048828125,1377.800048828125,1392.0,1392.0,58,0.0,0.0
2013-05-24,1386.800048828125,1386.800048828125,1386.800048828125,1386.800048828125,1386.800048828125,2,0.0,0.0
2013-05-28,1380.800048828125,1390.4000244140625,1379.0999755859375,1379.0999755859375,1379.0999755859375,55,0.0,0.0
2013-05-29,1391.300048828125,1391.300048828125,1391.300048828125,1391.300048828125,1391.300048828125,168665,0.0,0.0
2013-05-30,1392.0999755859375,1417.5,1388.300048828125,1411.5,1411.5,45133,0.0,0.0
2013-05-31,1412.4000244140625,1421.0999755859375,1384.199951171875,1392.5999755859375,1392.5999755859375,5997,0.0,0.0
2013-06-03,1389.0999755859375,1416.300048828125,1388.300048828125,1411.699951171875,1411.699951171875,1420,0.0,0.0
2013-06-04,1410.9000244140625,1413.699951171875,1389.0,1397.0999755859375,1397.0999755859375,930,0.0,0.0
2013-06-05,1397.5,1410.0,1395.5999755859375,1398.4000244140625,1398.4000244140625,1687,0.0,0.0
2013-06-06,1401.699951171875,1422.699951171875,1391.5999755859375,1415.699951171875,1415.699951171875,782,0.0,0.0
2013-06-07,1411.5,1416.0999755859375,1377.9000244140625,1383.0,1383.0,1163,0.0,0.0
2013-06-10,1378.800048828125,1386.9000244140625,1375.5999755859375,1386.199951171875,1386.199951171875,367,0.0,0.0
2013-06-11,1384.199951171875,1384.4000244140625,1366.0,1377.0,1377.0,482,0.0,0.0
2013-06-12,1375.0,1393.5,1373.699951171875,1391.800048828125,1391.800048828125,514,0.0,0.0
2013-06-13,1386.800048828125,1390.9000244140625,1373.4000244140625,1377.5999755859375,1377.5999755859375,458,0.0,0.0
2013-06-14,1383.9000244140625,1389.5999755859375,1377.800048828125,1387.300048828125,1387.300048828125,90,0.0,0.0
2013-06-17,1390.300048828125,1390.5,1380.0,1382.800048828125,1382.800048828125,114,0.0,0.0
2013-06-18,1383.0999755859375,1383.5,1363.0,1366.5999755859375,1366.5999755859375,346,0.0,0.0
2013-06-19,1368.0999755859375,1373.5999755859375,1348.0999755859375,1373.5999755859375,1373.5999755859375,198,0.0,0.0
2013-06-20,1348.0999755859375,1348.0999755859375,1275.4000244140625,1285.9000244140625,1285.9000244140625,712,0.0,0.0
2013-06-21,1280.4000244140625,1300.0,1268.9000244140625,1291.5999755859375,1291.5999755859375,456,0.0,0.0
2013-06-24,1297.300048828125,1297.300048828125,1275.699951171875,1276.800048828125,1276.800048828125,321,0.0,0.0
2013-06-25,1281.300048828125,1286.0,1273.199951171875,1274.800048828125,1274.800048828125,953,0.0,0.0
2013-06-26,1273.9000244140625,1273.9000244140625,1228.800048828125,1229.5999755859375,1229.5999755859375,981,0.0,0.0
2013-06-27,1224.699951171875,1241.4000244140625,1198.300048828125,1211.4000244140625,1211.4000244140625,533,0.0,0.0
2013-06-28,1200.9000244140625,1232.300048828125,1183.199951171875,1223.800048828125,1223.800048828125,232,0.0,0.0
2013-07-01,1234.699951171875,1261.0,1234.199951171875,1255.9000244140625,1255.9000244140625,150,0.0,0.0
2013-07-02,1254.0999755859375,1266.300048828125,1241.199951171875,1243.5999755859375,1243.5999755859375,107,0.0,0.0
2013-07-03,1243.800048828125,1258.199951171875,1240.300048828125,1252.0999755859375,1252.0999755859375,19,0.0,0.0
2013-07-05,1252.699951171875,1254.0999755859375,1208.9000244140625,1212.9000244140625,1212.9000244140625,72,0.0,0.0
2013-07-08,1218.800048828125,1235.199951171875,1215.4000244140625,1234.9000244140625,1234.9000244140625,58,0.0,0.0
2013-07-09,1234.699951171875,1254.5,1234.4000244140625,1245.9000244140625,1245.9000244140625,33,0.0,0.0
2013-07-10,1244.5999755859375,1263.9000244140625,1244.5999755859375,1247.4000244140625,1247.4000244140625,58,0.0,0.0
2013-07-11,1284.5999755859375,1285.0,1278.9000244140625,1280.0999755859375,1280.0999755859375,18,0.0,0.0
2013-07-12,1282.300048828125,1282.300048828125,1274.300048828125,1277.800048828125,1277.800048828125,6,0.0,0.0
2013-07-15,1292.0999755859375,1292.4000244140625,1281.5999755859375,1283.800048828125,1283.800048828125,19,0.0,0.0
2013-07-16,1279.4000244140625,1291.4000244140625,1279.4000244140625,1290.800048828125,1290.800048828125,13,0.0,0.0
2013-07-17,1286.199951171875,1294.4000244140625,1272.9000244140625,1277.9000244140625,1277.9000244140625,11,0.0,0.0
2013-07-18,1275.300048828125,1286.4000244140625,1275.199951171875,1284.5999755859375,1284.5999755859375,26,0.0,0.0
2013-07-19,1291.699951171875,1293.300048828125,1290.0,1293.300048828125,1293.300048828125,9,0.0,0.0
2013-07-22,1317.0,1336.4000244140625,1317.0,1336.4000244140625,1336.4000244140625,18,0.0,0.0
2013-07-23,1334.800048828125,1342.300048828125,1327.9000244140625,1335.0999755859375,1335.0999755859375,10,0.0,0.0
2013-07-24,1342.199951171875,1343.5,1318.5999755859375,1319.699951171875,1319.699951171875,42,0.0,0.0
2013-07-25,1318.5,1336.800048828125,1318.5,1329.0,1329.0,55,0.0,0.0
2013-07-26,1326.5,1326.5,1321.699951171875,1321.699951171875,1321.699951171875,66,0.0,0.0
2013-07-29,1328.4000244140625,1328.4000244140625,1328.4000244140625,1328.4000244140625,1328.4000244140625,134359,0.0,0.0
2013-07-30,1327.199951171875,1329.5999755859375,1316.199951171875,1324.0,1324.0,44769,0.0,0.0
2013-07-31,1325.5,1338.4000244140625,1304.9000244140625,1312.4000244140625,1312.4000244140625,6252,0.0,0.0
2013-08-01,1323.0,1328.5,1306.9000244140625,1311.0,1311.0,1562,0.0,0.0
2013-08-02,1306.699951171875,1317.0,1283.0,1310.5999755859375,1310.5999755859375,1451,0.0,0.0
2013-08-05,1311.199951171875,1318.300048828125,1297.5,1302.5999755859375,1302.5999755859375,904,0.0,0.0
2013-08-06,1303.0,1305.9000244140625,1279.300048828125,1283.199951171875,1283.199951171875,1314,0.0,0.0
2013-08-07,1282.5,1288.4000244140625,1274.0,1286.0999755859375,1286.0999755859375,989,0.0,0.0
2013-08-08,1283.9000244140625,1312.800048828125,1283.699951171875,1310.699951171875,1310.699951171875,482,0.0,0.0
2013-08-09,1315.0999755859375,1315.800048828125,1306.699951171875,1312.9000244140625,1312.9000244140625,449,0.0,0.0
2013-08-12,1317.199951171875,1342.4000244140625,1317.199951171875,1334.699951171875,1334.699951171875,312,0.0,0.0
2013-08-13,1331.9000244140625,1339.0999755859375,1320.199951171875,1321.199951171875,1321.199951171875,209,0.0,0.0
2013-08-14,1317.699951171875,1336.300048828125,1317.699951171875,1334.0,1334.0,333,0.0,0.0
2013-08-15,1340.0999755859375,1369.5999755859375,1319.9000244140625,1361.5999755859375,1361.5999755859375,235,0.0,0.0
2013-08-16,1366.800048828125,1378.9000244140625,1361.0,1371.699951171875,1371.699951171875,175,0.0,0.0
2013-08-19,1379.0,1384.4000244140625,1363.9000244140625,1366.199951171875,1366.199951171875,139,0.0,0.0
2013-08-20,1355.0,1377.0,1355.0,1373.0999755859375,1373.0999755859375,123,0.0,0.0
2013-08-21,1372.5,1377.300048828125,1360.9000244140625,1370.5999755859375,1370.5999755859375,109,0.0,0.0
2013-08-22,1362.0,1380.4000244140625,1362.0,1371.199951171875,1371.199951171875,79,0.0,0.0
2013-08-23,1376.800048828125,1398.199951171875,1373.9000244140625,1395.699951171875,1395.699951171875,178,0.0,0.0
2013-08-26,1398.5999755859375,1402.800048828125,1391.300048828125,1393.0,1393.0,203,0.0,0.0
2013-08-27,1403.800048828125,1421.0999755859375,1398.699951171875,1420.5999755859375,1420.5999755859375,397,0.0,0.0
2013-08-28,1417.300048828125,1428.0,1417.300048828125,1419.0,1419.0,489,0.0,0.0
2013-08-29,1417.4000244140625,1417.4000244140625,1404.5,1412.9000244140625,1412.9000244140625,375,0.0,0.0
2013-08-30,1407.199951171875,1409.800048828125,1392.300048828125,1396.0999755859375,1396.0999755859375,0,0.0,0.0
2013-09-03,1393.0,1414.4000244140625,1382.300048828125,1412.0,1412.0,139,0.0,0.0
2013-09-04,1413.0,1413.0,1387.0999755859375,1389.9000244140625,1389.9000244140625,104,0.0,0.0
2013-09-05,1393.5,1397.5,1367.0999755859375,1373.0999755859375,1373.0999755859375,37,0.0,0.0
2013-09-06,1371.0,1390.0999755859375,1368.9000244140625,1386.699951171875,1386.699951171875,52,0.0,0.0
2013-09-09,1389.800048828125,1389.800048828125,1386.5,1386.800048828125,1386.800048828125,44,0.0,0.0
2013-09-10,1377.5,1377.5,1357.5999755859375,1364.0999755859375,1364.0999755859375,21,0.0,0.0
2013-09-11,1365.800048828125,1365.800048828125,1356.699951171875,1363.9000244140625,1363.9000244140625,60,0.0,0.0
2013-09-12,1360.0,1360.0,1322.4000244140625,1330.4000244140625,1330.4000244140625,120,0.0,0.0
2013-09-13,1322.9000244140625,1323.0,1305.300048828125,1308.4000244140625,1308.4000244140625,38,0.0,0.0
2013-09-16,1328.4000244140625,1329.5999755859375,1310.800048828125,1317.9000244140625,1317.9000244140625,107,0.0,0.0
2013-09-17,1313.0,1313.0999755859375,1309.5,1309.5,1309.5,24,0.0,0.0
2013-09-18,1292.0999755859375,1347.699951171875,1292.0999755859375,1307.800048828125,1307.800048828125,29,0.0,0.0
2013-09-19,1362.9000244140625,1373.0,1362.9000244140625,1369.4000244140625,1369.4000244140625,35,0.0,0.0
2013-09-20,1347.5,1347.5,1330.699951171875,1332.5,1332.5,2,0.0,0.0
2013-09-23,1327.0999755859375,1327.800048828125,1317.5999755859375,1326.9000244140625,1326.9000244140625,78,0.0,0.0
2013-09-24,1321.199951171875,1324.9000244140625,1309.4000244140625,1316.0,1316.0,61,0.0,0.0
2013-09-25,1322.699951171875,1335.9000244140625,1322.699951171875,1335.9000244140625,1335.9000244140625,51,0.0,0.0
2013-09-26,1335.199951171875,1338.300048828125,1323.5999755859375,1323.5999755859375,1323.5999755859375,13170,0.0,0.0
2013-09-27,1321.5,1343.800048828125,1319.699951171875,1338.4000244140625,1338.4000244140625,2990,0.0,0.0
2013-09-30,1345.800048828125,1350.9000244140625,1322.0,1326.5,1326.5,597,0.0,0.0
2013-10-01,1328.0,1334.0,1284.5,1286.0,1286.0,815,0.0,0.0
2013-10-02,1288.5,1321.0,1280.0,1320.5999755859375,1320.5999755859375,152,0.0,0.0
2013-10-03,1312.0,1319.5,1302.5,1317.4000244140625,1317.4000244140625,217,0.0,0.0
2013-10-04,1316.199951171875,1318.0999755859375,1305.699951171875,1309.699951171875,1309.699951171875,38,0.0,0.0
2013-10-07,1313.800048828125,1325.4000244140625,1311.800048828125,1324.800048828125,1324.800048828125,84,0.0,0.0
2013-10-08,1326.5,1330.0,1321.199951171875,1324.199951171875,1324.199951171875,57,0.0,0.0
2013-10-09,1317.5999755859375,1319.0,1295.300048828125,1306.9000244140625,1306.9000244140625,140,0.0,0.0
2013-10-10,1303.4000244140625,1310.800048828125,1285.0,1296.5999755859375,1296.5999755859375,89,0.0,0.0
2013-10-11,1286.9000244140625,1291.5999755859375,1263.800048828125,1268.0,1268.0,210,0.0,0.0
2013-10-14,1275.800048828125,1285.800048828125,1273.9000244140625,1276.4000244140625,1276.4000244140625,61,0.0,0.0
2013-10-15,1270.5,1283.5999755859375,1254.0999755859375,1273.0,1273.0,208,0.0,0.0
2013-10-16,1282.800048828125,1284.0,1269.199951171875,1282.0,1282.0,86,0.0,0.0
2013-10-17,1307.0,1322.699951171875,1307.0,1322.699951171875,1322.699951171875,72,0.0,0.0
2013-10-18,1318.800048828125,1326.0,1312.5999755859375,1314.4000244140625,1314.4000244140625,65,0.0,0.0
2013-10-21,1316.800048828125,1317.699951171875,1315.699951171875,1315.699951171875,1315.699951171875,23,0.0,0.0
2013-10-22,1313.9000244140625,1342.5999755859375,1313.9000244140625,1342.5,1342.5,55,0.0,0.0
2013-10-23,1331.9000244140625,1333.9000244140625,1331.9000244140625,1333.9000244140625,1333.9000244140625,13,0.0,0.0
2013-10-24,1334.5,1350.199951171875,1334.5,1350.199951171875,1350.199951171875,18,0.0,0.0
2013-10-25,1346.199951171875,1353.0,1346.199951171875,1352.4000244140625,1352.4000244140625,23,0.0,0.0
2013-10-28,1351.4000244140625,1359.199951171875,1349.0,1352.0,1352.0,23,0.0,0.0
2013-10-29,1359.5999755859375,1359.699951171875,1345.199951171875,1345.199951171875,1345.199951171875,168,0.0,0.0
2013-10-30,1340.800048828125,1355.800048828125,1335.5999755859375,1349.0,1349.0,44,0.0,0.0
2013-10-31,1334.0,1334.0,1321.699951171875,1323.5999755859375,1323.5999755859375,62,0.0,0.0
2013-11-01,1325.699951171875,1325.699951171875,1308.0,1313.0999755859375,1313.0999755859375,21,0.0,0.0
2013-11-04,1314.5999755859375,1320.5,1312.0999755859375,1314.5999755859375,1314.5999755859375,39,0.0,0.0
2013-11-05,1313.300048828125,1317.5,1306.9000244140625,1308.0,1308.0,98,0.0,0.0
2013-11-06,1313.5,1318.5999755859375,1312.5,1317.699951171875,1317.699951171875,11,0.0,0.0
2013-11-07,1323.5999755859375,1323.5999755859375,1298.0,1308.4000244140625,1308.4000244140625,129,0.0,0.0
2013-11-08,1308.0,1308.0999755859375,1281.300048828125,1284.5,1284.5,22,0.0,0.0
2013-11-11,1281.5999755859375,1281.800048828125,1281.0,1281.0,1281.0,5,0.0,0.0
2013-11-12,1282.300048828125,1282.300048828125,1271.0999755859375,1271.0999755859375,1271.0999755859375,3,0.0,0.0
2013-11-13,1274.0,1280.5,1268.300048828125,1268.300048828125,1268.300048828125,17,0.0,0.0
2013-11-14,1280.199951171875,1293.300048828125,1278.0999755859375,1286.199951171875,1286.199951171875,29,0.0,0.0
2013-11-15,1287.699951171875,1288.5,1281.5,1287.300048828125,1287.300048828125,16,0.0,0.0
2013-11-18,1284.699951171875,1284.800048828125,1272.199951171875,1272.199951171875,1272.199951171875,10,0.0,0.0
2013-11-19,1274.199951171875,1275.199951171875,1271.0,1273.4000244140625,1273.4000244140625,10,0.0,0.0
2013-11-20,1269.0,1269.0,1241.9000244140625,1257.9000244140625,1257.9000244140625,120,0.0,0.0
2013-11-21,1245.699951171875,1247.0999755859375,1236.5,1243.5,1243.5,90,0.0,0.0
2013-11-22,1243.199951171875,1247.0,1241.4000244140625,1244.0,1244.0,77,0.0,0.0
2013-11-25,1231.0999755859375,1241.0999755859375,1229.0,1241.0999755859375,1241.0999755859375,19,0.0,0.0
2013-11-26,1243.0,1243.0,1241.4000244140625,1241.4000244140625,1241.4000244140625,178417,0.0,0.0
2013-11-27,1241.5999755859375,1254.800048828125,1235.5,1237.800048828125,1237.800048828125,82331,0.0,0.0
2013-11-29,1237.800048828125,1254.5,1233.699951171875,1250.5999755859375,1250.5999755859375,9203,0.0,0.0
2013-12-02,1251.4000244140625,1251.5,1217.800048828125,1222.300048828125,1222.300048828125,4979,0.0,0.0
2013-12-03,1219.199951171875,1225.699951171875,1215.5999755859375,1221.699951171875,1221.699951171875,1932,0.0,0.0
2013-12-04,1225.0999755859375,1250.4000244140625,1212.9000244140625,1248.199951171875,1248.199951171875,1823,0.0,0.0
2013-12-05,1240.0,1241.5,1218.5999755859375,1233.199951171875,1233.199951171875,446,0.0,0.0
2013-12-06,1228.699951171875,1242.0,1213.0,1230.300048828125,1230.300048828125,1032,0.0,0.0
2013-12-09,1230.199951171875,1243.199951171875,1229.0,1235.300048828125,1235.300048828125,352,0.0,0.0
2013-12-10,1239.0,1267.0,1239.0,1262.4000244140625,1262.4000244140625,882,0.0,0.0
2013-12-11,1261.9000244140625,1261.9000244140625,1252.0999755859375,1258.5,1258.5,147,0.0,0.0
2013-12-12,1253.5,1255.4000244140625,1225.9000244140625,1226.0,1226.0,609,0.0,0.0
2013-12-13,1226.699951171875,1239.0,1222.199951171875,1235.699951171875,1235.699951171875,446,0.0,0.0
2013-12-16,1238.4000244140625,1250.5999755859375,1228.9000244140625,1245.5,1245.5,242,0.0,0.0
2013-12-17,1237.0,1240.4000244140625,1231.199951171875,1231.199951171875,1231.199951171875,22,0.0,0.0
2013-12-18,1231.5,1245.0999755859375,1217.0,1236.0999755859375,1236.0999755859375,114,0.0,0.0
2013-12-19,1226.5999755859375,1226.5999755859375,1188.699951171875,1195.0,1195.0,124,0.0,0.0
2013-12-20,1190.9000244140625,1207.800048828125,1190.9000244140625,1205.0999755859375,1205.0999755859375,204,0.0,0.0
2013-12-23,1205.199951171875,1205.199951171875,1195.9000244140625,1198.4000244140625,1198.4000244140625,123,0.0,0.0
2013-12-24,1199.800048828125,1205.5999755859375,1197.699951171875,1205.0999755859375,1205.0999755859375,184,0.0,0.0
2013-12-26,1207.0999755859375,1215.9000244140625,1207.0999755859375,1214.0999755859375,1214.0999755859375,140,0.0,0.0
2013-12-27,1213.4000244140625,1218.5,1212.9000244140625,1216.0999755859375,1216.0999755859375,278,0.0,0.0
2013-12-30,1215.0,1215.0,1194.4000244140625,1203.0999755859375,1203.0999755859375,351,0.0,0.0
2013-12-31,1196.4000244140625,1212.4000244140625,1182.0,1201.9000244140625,1201.9000244140625,124,0.0,0.0
2014-01-02,1204.300048828125,1227.300048828125,1204.300048828125,1225.0,1225.0,209,0.0,0.0
2014-01-03,1221.699951171875,1239.0,1221.699951171875,1238.4000244140625,1238.4000244140625,142,0.0,0.0
2014-01-06,1232.800048828125,1247.0,1221.9000244140625,1237.800048828125,1237.800048828125,127,0.0,0.0
2014-01-07,1239.300048828125,1242.4000244140625,1226.300048828125,1229.4000244140625,1229.4000244140625,73,0.0,0.0
2014-01-08,1227.5,1227.5,1218.5999755859375,1225.300048828125,1225.300048828125,189,0.0,0.0
2014-01-09,1225.800048828125,1229.300048828125,1225.800048828125,1229.300048828125,1229.300048828125,7,0.0,0.0
2014-01-10,1235.0,1246.800048828125,1234.0,1246.699951171875,1246.699951171875,58,0.0,0.0
2014-01-13,1250.5999755859375,1252.699951171875,1245.5,1250.9000244140625,1250.9000244140625,46,0.0,0.0
2014-01-14,1251.0,1251.300048828125,1242.0,1245.199951171875,1245.199951171875,37,0.0,0.0
2014-01-15,1243.0999755859375,1243.199951171875,1238.0999755859375,1238.0999755859375,1238.0999755859375,68,0.0,0.0
2014-01-16,1239.300048828125,1242.800048828125,1239.0,1240.0,1240.0,48,0.0,0.0
2014-01-17,1239.699951171875,1254.300048828125,1239.699951171875,1251.699951171875,1251.699951171875,101,0.0,0.0
2014-01-21,1256.4000244140625,1257.5,1240.0,1242.300048828125,1242.300048828125,224,0.0,0.0
2014-01-22,1241.699951171875,1242.0,1239.0,1239.0,1239.0,58,0.0,0.0
2014-01-23,1235.199951171875,1264.199951171875,1235.199951171875,1262.5999755859375,1262.5999755859375,40,0.0,0.0
2014-01-24,1258.300048828125,1269.4000244140625,1258.300048828125,1264.5,1264.5,38,0.0,0.0
2014-01-27,1259.800048828125,1264.4000244140625,1254.4000244140625,1263.5999755859375,1263.5999755859375,92,0.0,0.0
2014-01-28,1257.9000244140625,1258.4000244140625,1251.0,1251.0,1251.0,20,0.0,0.0
2014-01-29,1262.199951171875,1262.199951171875,1262.199951171875,1262.199951171875,1262.199951171875,137028,0.0,0.0
2014-01-30,1267.0,1267.699951171875,1237.5,1242.199951171875,1242.199951171875,45276,0.0,0.0
2014-01-31,1243.5999755859375,1254.5,1238.4000244140625,1240.0999755859375,1240.0999755859375,5820,0.0,0.0
2014-02-03,1242.4000244140625,1266.300048828125,1241.199951171875,1260.4000244140625,1260.4000244140625,2914,0.0,0.0
2014-02-04,1258.4000244140625,1260.699951171875,1247.800048828125,1251.699951171875,1251.699951171875,1745,0.0,0.0
2014-02-05,1254.0,1273.699951171875,1253.0999755859375,1257.300048828125,1257.300048828125,1616,0.0,0.0
2014-02-06,1258.0,1267.0,1253.5,1257.5999755859375,1257.5999755859375,274,0.0,0.0
2014-02-07,1258.300048828125,1271.4000244140625,1257.9000244140625,1263.300048828125,1263.300048828125,436,0.0,0.0
2014-02-10,1269.5999755859375,1277.300048828125,1265.699951171875,1274.800048828125,1274.800048828125,742,0.0,0.0
2014-02-11,1274.0,1292.0,1273.800048828125,1290.0999755859375,1290.0999755859375,562,0.0,0.0
2014-02-12,1290.5,1296.199951171875,1285.5,1295.300048828125,1295.300048828125,140,0.0,0.0
2014-02-13,1293.300048828125,1303.5,1287.5,1300.4000244140625,1300.4000244140625,877,0.0,0.0
2014-02-14,1301.699951171875,1320.699951171875,1301.699951171875,1319.0,1319.0,308,0.0,0.0
2014-02-18,1322.9000244140625,1330.5999755859375,1313.9000244140625,1324.699951171875,1324.699951171875,373,0.0,0.0
2014-02-19,1318.300048828125,1321.5999755859375,1309.0999755859375,1320.5999755859375,1320.5999755859375,193,0.0,0.0
2014-02-20,1310.699951171875,1323.5,1309.5999755859375,1317.0999755859375,1317.0999755859375,116,0.0,0.0
2014-02-21,1320.0,1328.300048828125,1317.4000244140625,1323.9000244140625,1323.9000244140625,171,0.0,0.0
2014-02-24,1324.300048828125,1339.0,1321.4000244140625,1338.300048828125,1338.300048828125,93,0.0,0.0
2014-02-25,1336.4000244140625,1343.9000244140625,1333.0999755859375,1343.0,1343.0,290,0.0,0.0
2014-02-26,1341.199951171875,1342.0,1325.5999755859375,1328.199951171875,1328.199951171875,485,0.0,0.0
2014-02-27,1329.300048828125,1335.0,1324.5999755859375,1331.5999755859375,1331.5999755859375,369,0.0,0.0
2014-02-28,1329.800048828125,1332.5999755859375,1321.0999755859375,1321.4000244140625,1321.4000244140625,239,0.0,0.0
2014-03-03,1335.9000244140625,1354.0999755859375,1332.9000244140625,1350.0999755859375,1350.0999755859375,232,0.0,0.0
2014-03-04,1350.4000244140625,1350.4000244140625,1332.199951171875,1337.800048828125,1337.800048828125,80,0.0,0.0
2014-03-05,1334.800048828125,1341.0,1334.800048828125,1340.199951171875,1340.199951171875,32,0.0,0.0
2014-03-06,1338.0,1351.699951171875,1333.300048828125,1351.699951171875,1351.699951171875,59,0.0,0.0
2014-03-07,1349.5,1352.699951171875,1329.199951171875,1338.0999755859375,1338.0999755859375,97,0.0,0.0
2014-03-10,1336.0,1344.699951171875,1330.5,1341.4000244140625,1341.4000244140625,97,0.0,0.0
2014-03-11,1340.0,1352.4000244140625,1338.0999755859375,1346.5,1346.5,53,0.0,0.0
2014-03-12,1349.0999755859375,1370.5,1348.699951171875,1370.300048828125,1370.300048828125,58,0.0,0.0
2014-03-13,1366.800048828125,1374.5,1366.5,1372.199951171875,1372.199951171875,23,0.0,0.0
2014-03-14,1376.0999755859375,1386.5999755859375,1371.0999755859375,1379.0,1379.0,91,0.0,0.0
2014-03-17,1386.0999755859375,1391.4000244140625,1372.199951171875,1372.9000244140625,1372.9000244140625,29,0.0,0.0
2014-03-18,1359.300048828125,1361.800048828125,1353.4000244140625,1359.0,1359.0,35,0.0,0.0
2014-03-19,1357.0999755859375,1358.0,1332.699951171875,1341.4000244140625,1341.4000244140625,57,0.0,0.0
2014-03-20,1333.699951171875,1333.699951171875,1325.800048828125,1330.5,1330.5,72,0.0,0.0
2014-03-21,1339.0999755859375,1339.0999755859375,1335.800048828125,1336.0,1336.0,3,0.0,0.0
2014-03-24,1333.0,1333.0,1310.5,1311.199951171875,1311.199951171875,103,0.0,0.0
2014-03-25,1315.5,1315.5,1307.5,1311.4000244140625,1311.4000244140625,46,0.0,0.0
2014-03-26,1315.199951171875,1315.199951171875,1303.4000244140625,1303.4000244140625,1303.4000244140625,4,0.0,0.0
2014-03-27,1294.699951171875,1294.699951171875,1294.699951171875,1294.699951171875,1294.699951171875,185016,0.0,0.0
2014-03-28,1292.199951171875,1299.4000244140625,1285.9000244140625,1293.800048828125,1293.800048828125,65486,0.0,0.0
2014-03-31,1294.300048828125,1298.800048828125,1282.4000244140625,1283.4000244140625,1283.4000244140625,4121,0.0,0.0
2014-04-01,1285.0999755859375,1287.9000244140625,1277.300048828125,1279.5999755859375,1279.5999755859375,884,0.0,0.0
2014-04-02,1280.199951171875,1294.0999755859375,1280.199951171875,1290.5,1290.5,1099,0.0,0.0
2014-04-03,1290.800048828125,1293.5,1282.699951171875,1284.4000244140625,1284.4000244140625,775,0.0,0.0
2014-04-04,1285.5,1306.0999755859375,1284.4000244140625,1303.199951171875,1303.199951171875,976,0.0,0.0
2014-04-07,1301.4000244140625,1304.0,1296.300048828125,1298.0,1298.0,361,0.0,0.0
2014-04-08,1296.5999755859375,1314.0999755859375,1296.5999755859375,1308.699951171875,1308.699951171875,264,0.0,0.0
2014-04-09,1309.5,1313.5999755859375,1301.0999755859375,1305.5,1305.5,191,0.0,0.0
2014-04-10,1311.800048828125,1323.800048828125,1311.199951171875,1320.0999755859375,1320.0999755859375,127,0.0,0.0
2014-04-11,1319.0,1322.800048828125,1316.300048828125,1318.699951171875,1318.699951171875,76,0.0,0.0
2014-04-14,1320.0999755859375,1330.0,1320.0999755859375,1327.199951171875,1327.199951171875,328,0.0,0.0
2014-04-15,1322.699951171875,1322.699951171875,1291.5,1300.0,1300.0,238,0.0,0.0
2014-04-16,1302.699951171875,1303.5,1295.0,1303.0999755859375,1303.0999755859375,177,0.0,0.0
2014-04-17,1300.0999755859375,1303.0,1292.5,1293.4000244140625,1293.4000244140625,124,0.0,0.0
2014-04-21,1290.0,1299.199951171875,1283.800048828125,1288.0,1288.0,100,0.0,0.0
2014-04-22,1289.199951171875,1291.5999755859375,1276.0,1280.5999755859375,1280.5999755859375,100,0.0,0.0
2014-04-23,1284.300048828125,1287.699951171875,1282.4000244140625,1284.199951171875,1284.199951171875,176,0.0,0.0
2014-04-24,1284.5999755859375,1297.9000244140625,1272.4000244140625,1290.5,1290.5,522,0.0,0.0
2014-04-25,1293.800048828125,1304.5999755859375,1293.800048828125,1300.699951171875,1300.699951171875,274,0.0,0.0
2014-04-28,1305.4000244140625,1305.4000244140625,1293.0,1298.9000244140625,1298.9000244140625,388,0.0,0.0
2014-04-29,1295.5,1300.5,1289.0999755859375,1296.0,1296.0,904,0.0,0.0
2014-04-30,1296.0,1296.5,1286.5999755859375,1295.5999755859375,1295.5999755859375,181,0.0,0.0
2014-05-01,1288.699951171875,1288.699951171875,1278.0,1283.0999755859375,1283.0999755859375,25,0.0,0.0
2014-05-02,1276.699951171875,1302.699951171875,1276.699951171875,1302.5999755859375,1302.5999755859375,90,0.0,0.0
2014-05-05,1305.5999755859375,1314.199951171875,1305.5,1309.0,1309.0,31,0.0,0.0
2014-05-06,1309.4000244140625,1309.4000244140625,1306.9000244140625,1308.300048828125,1308.300048828125,14,0.0,0.0
2014-05-07,1310.300048828125,1312.0,1288.0,1288.5999755859375,1288.5999755859375,21,0.0,0.0
2014-05-08,1291.5,1291.5,1285.5,1287.4000244140625,1287.4000244140625,65,0.0,0.0
2014-05-09,1287.300048828125,1287.300048828125,1287.300048828125,1287.300048828125,1287.300048828125,3,0.0,0.0
2014-05-12,1282.0999755859375,1295.9000244140625,1281.199951171875,1295.5999755859375,1295.5999755859375,19,0.0,0.0
2014-05-13,1295.5,1295.5,1292.0,1294.5999755859375,1294.5999755859375,20,0.0,0.0
2014-05-14,1292.800048828125,1306.9000244140625,1292.800048828125,1305.699951171875,1305.699951171875,25,0.0,0.0
2014-05-15,1302.5,1302.5,1292.800048828125,1293.5,1293.5,27,0.0,0.0
2014-05-16,1293.300048828125,1293.300048828125,1293.300048828125,1293.300048828125,1293.300048828125,8,0.0,0.0
2014-05-19,1293.699951171875,1293.699951171875,1293.699951171875,1293.699951171875,1293.699951171875,44,0.0,0.0
2014-05-20,1290.699951171875,1294.5,1290.0999755859375,1294.5,1294.5,8,0.0,0.0
2014-05-21,1287.4000244140625,1288.0,1287.4000244140625,1288.0,1288.0,2,0.0,0.0
2014-05-22,1294.199951171875,1295.0,1294.199951171875,1294.9000244140625,1294.9000244140625,4,0.0,0.0
2014-05-23,1293.199951171875,1293.4000244140625,1291.5999755859375,1291.5999755859375,1291.5999755859375,3,0.0,0.0
2014-05-27,1291.9000244140625,1291.9000244140625,1265.4000244140625,1265.4000244140625,1265.4000244140625,25,0.0,0.0
2014-05-28,1259.300048828125,1259.300048828125,1259.300048828125,1259.300048828125,1259.300048828125,168825,0.0,0.0
2014-05-29,1258.300048828125,1260.5999755859375,1250.9000244140625,1256.300048828125,1256.300048828125,38045,0.0,0.0
2014-05-30,1255.0999755859375,1259.5999755859375,1241.800048828125,1245.5999755859375,1245.5999755859375,3839,0.0,0.0
2014-06-02,1250.0,1250.699951171875,1240.9000244140625,1243.699951171875,1243.699951171875,774,0.0,0.0
2014-06-03,1244.0999755859375,1247.5,1240.5,1244.300048828125,1244.300048828125,654,0.0,0.0
2014-06-04,1245.0999755859375,1248.800048828125,1242.699951171875,1244.0,1244.0,604,0.0,0.0
2014-06-05,1244.0,1256.5999755859375,1241.199951171875,1253.0,1253.0,1317,0.0,0.0
2014-06-06,1253.4000244140625,1256.5999755859375,1246.300048828125,1252.0999755859375,1252.0999755859375,381,0.0,0.0
2014-06-09,1252.699951171875,1256.0999755859375,1252.5999755859375,1253.5,1253.5,97,0.0,0.0
2014-06-10,1252.4000244140625,1262.300048828125,1251.0,1259.800048828125,1259.800048828125,1007,0.0,0.0
2014-06-11,1259.9000244140625,1264.4000244140625,1259.0999755859375,1260.800048828125,1260.800048828125,128,0.0,0.0
2014-06-12,1260.0,1274.5,1260.0,1273.5999755859375,1273.5999755859375,129,0.0,0.0
2014-06-13,1272.5,1274.699951171875,1271.300048828125,1273.699951171875,1273.699951171875,145,0.0,0.0
2014-06-16,1279.800048828125,1282.0999755859375,1270.800048828125,1274.9000244140625,1274.9000244140625,334,0.0,0.0
2014-06-17,1272.800048828125,1272.800048828125,1260.9000244140625,1271.699951171875,1271.699951171875,819,0.0,0.0
2014-06-18,1269.9000244140625,1272.699951171875,1267.4000244140625,1272.4000244140625,1272.4000244140625,143,0.0,0.0
2014-06-19,1277.199951171875,1321.0,1277.199951171875,1313.699951171875,1313.699951171875,601,0.0,0.0
2014-06-20,1321.4000244140625,1321.4000244140625,1306.800048828125,1316.199951171875,1316.199951171875,254,0.0,0.0
2014-06-23,1312.300048828125,1318.0,1312.300048828125,1318.0,1318.0,142,0.0,0.0
2014-06-24,1315.5999755859375,1325.5999755859375,1315.5999755859375,1320.9000244140625,1320.9000244140625,223,0.0,0.0
2014-06-25,1315.300048828125,1323.4000244140625,1312.0,1322.199951171875,1322.199951171875,294,0.0,0.0
2014-06-26,1319.5999755859375,1319.5999755859375,1312.4000244140625,1316.0999755859375,1316.0999755859375,1204,0.0,0.0
2014-06-27,1317.4000244140625,1320.9000244140625,1313.300048828125,1319.0,1319.0,625,0.0,0.0
2014-06-30,1315.300048828125,1328.699951171875,1311.800048828125,1321.800048828125,1321.800048828125,744,0.0,0.0
2014-07-01,1326.699951171875,1331.4000244140625,1326.199951171875,1326.4000244140625,1326.4000244140625,51,0.0,0.0
2014-07-02,1326.800048828125,1330.699951171875,1326.800048828125,1330.699951171875,1330.699951171875,226,0.0,0.0
2014-07-03,1327.300048828125,1327.699951171875,1313.0,1320.4000244140625,1320.4000244140625,40,0.0,0.0
2014-07-07,1318.699951171875,1320.300048828125,1313.199951171875,1316.5,1316.5,93,0.0,0.0
2014-07-08,1318.4000244140625,1323.5,1316.0,1316.0,1316.0,6,0.0,0.0
2014-07-09,1324.0,1330.4000244140625,1323.800048828125,1323.800048828125,1323.800048828125,16,0.0,0.0
2014-07-10,1330.5,1343.699951171875,1328.0,1338.699951171875,1338.699951171875,28,0.0,0.0
2014-07-11,1337.9000244140625,1339.0,1336.199951171875,1337.0,1337.0,112,0.0,0.0
2014-07-14,1332.800048828125,1332.800048828125,1304.699951171875,1306.300048828125,1306.300048828125,103,0.0,0.0
2014-07-15,1307.4000244140625,1311.9000244140625,1294.0999755859375,1296.9000244140625,1296.9000244140625,368,0.0,0.0
2014-07-16,1298.4000244140625,1303.0999755859375,1296.9000244140625,1299.5999755859375,1299.5999755859375,34,0.0,0.0
2014-07-17,1303.0999755859375,1323.800048828125,1303.0999755859375,1316.699951171875,1316.699951171875,16,0.0,0.0
2014-07-18,1322.699951171875,1322.699951171875,1306.199951171875,1309.199951171875,1309.199951171875,27,0.0,0.0
2014-07-21,1311.0,1315.5,1311.0,1313.699951171875,1313.699951171875,18,0.0,0.0
2014-07-22,1306.0999755859375,1306.0999755859375,1306.0999755859375,1306.0999755859375,1306.0999755859375,2,0.0,0.0
2014-07-23,1304.5,1304.5,1304.5,1304.5,1304.5,0,0.0,0.0
2014-07-24,1297.5,1297.5,1290.5999755859375,1290.5999755859375,1290.5999755859375,1,0.0,0.0
2014-07-25,1294.800048828125,1303.0999755859375,1294.800048828125,1303.0999755859375,1303.0999755859375,8,0.0,0.0
2014-07-28,1307.4000244140625,1308.0,1303.300048828125,1303.300048828125,1303.300048828125,52,0.0,0.0
2014-07-29,1310.9000244140625,1310.9000244140625,1298.300048828125,1298.300048828125,1298.300048828125,181554,0.0,0.0
2014-07-30,1298.5999755859375,1303.0,1291.0,1294.9000244140625,1294.9000244140625,36189,0.0,0.0
2014-07-31,1295.0999755859375,1297.300048828125,1280.5999755859375,1281.300048828125,1281.300048828125,5663,0.0,0.0
2014-08-01,1284.0999755859375,1296.5999755859375,1279.699951171875,1293.5999755859375,1293.5999755859375,1985,0.0,0.0
2014-08-04,1294.4000244140625,1295.0,1285.9000244140625,1287.699951171875,1287.699951171875,917,0.0,0.0
2014-08-05,1288.0,1292.699951171875,1282.5999755859375,1284.0,1284.0,825,0.0,0.0
2014-08-06,1288.0999755859375,1309.0,1287.800048828125,1306.699951171875,1306.699951171875,706,0.0,0.0
2014-08-07,1305.300048828125,1313.0999755859375,1302.5,1310.800048828125,1310.800048828125,225,0.0,0.0
2014-08-08,1310.800048828125,1321.4000244140625,1308.0,1308.9000244140625,1308.9000244140625,586,0.0,0.0
2014-08-11,1308.4000244140625,1309.699951171875,1305.300048828125,1308.5,1308.5,194,0.0,0.0
2014-08-12,1306.199951171875,1315.800048828125,1305.800048828125,1308.800048828125,1308.800048828125,438,0.0,0.0
2014-08-13,1308.800048828125,1312.800048828125,1305.0,1312.800048828125,1312.800048828125,238,0.0,0.0
2014-08-14,1311.800048828125,1316.4000244140625,1309.699951171875,1313.9000244140625,1313.9000244140625,320,0.0,0.0
2014-08-15,1311.699951171875,1312.800048828125,1292.0,1304.5,1304.5,199,0.0,0.0
2014-08-18,1301.4000244140625,1302.0999755859375,1295.699951171875,1297.699951171875,1297.699951171875,100,0.0,0.0
2014-08-19,1298.800048828125,1301.5999755859375,1294.0,1295.0999755859375,1295.0999755859375,144,0.0,0.0
2014-08-20,1295.4000244140625,1295.800048828125,1288.4000244140625,1293.4000244140625,1293.4000244140625,332,0.0,0.0
2014-08-21,1290.0,1290.0,1272.0,1273.699951171875,1273.699951171875,264,0.0,0.0
2014-08-22,1276.0,1280.0,1275.0,1278.5999755859375,1278.5999755859375,119,0.0,0.0
2014-08-25,1277.300048828125,1277.5999755859375,1273.699951171875,1277.300048828125,1277.300048828125,251,0.0,0.0
2014-08-26,1289.4000244140625,1289.5,1281.0999755859375,1283.800048828125,1283.800048828125,74,0.0,0.0
2014-08-27,1281.5,1282.300048828125,1281.5,1281.9000244140625,1281.9000244140625,783,0.0,0.0
2014-08-28,1284.5,1293.699951171875,1284.300048828125,1288.699951171875,1288.699951171875,817,0.0,0.0
2014-08-29,1289.5,1289.699951171875,1284.800048828125,1285.800048828125,1285.800048828125,116,0.0,0.0
2014-09-02,1284.5,1286.4000244140625,1262.5,1263.699951171875,1263.699951171875,280,0.0,0.0
2014-09-03,1266.300048828125,1271.0999755859375,1263.0999755859375,1268.9000244140625,1268.9000244140625,279,0.0,0.0
2014-09-04,1268.699951171875,1272.699951171875,1260.4000244140625,1265.0999755859375,1265.0999755859375,290,0.0,0.0
2014-09-05,1263.199951171875,1268.0999755859375,1263.199951171875,1265.800048828125,1265.800048828125,123,0.0,0.0
2014-09-08,1268.4000244140625,1268.4000244140625,1252.699951171875,1252.699951171875,1252.699951171875,2,0.0,0.0
2014-09-09,1246.800048828125,1246.800048828125,1246.800048828125,1246.800048828125,1246.800048828125,0,0.0,0.0
2014-09-10,1256.699951171875,1256.699951171875,1243.5,1243.5,1243.5,95,0.0,0.0
2014-09-11,1237.4000244140625,1237.4000244140625,1237.4000244140625,1237.4000244140625,1237.4000244140625,0,0.0,0.0
2014-09-12,1227.0,1229.9000244140625,1227.0,1229.9000244140625,1229.9000244140625,47,0.0,0.0
2014-09-15,1226.699951171875,1235.0,1226.699951171875,1233.5999755859375,1233.5999755859375,21,0.0,0.0
2014-09-16,1238.300048828125,1238.300048828125,1235.199951171875,1235.199951171875,1235.199951171875,3,0.0,0.0
2014-09-17,1236.199951171875,1236.199951171875,1221.9000244140625,1234.4000244140625,1234.4000244140625,10,0.0,0.0
2014-09-18,1216.199951171875,1225.699951171875,1216.199951171875,1225.699951171875,1225.699951171875,5,0.0,0.0
2014-09-19,1218.300048828125,1218.300048828125,1215.300048828125,1215.300048828125,1215.300048828125,4,0.0,0.0
2014-09-22,1214.9000244140625,1216.800048828125,1212.4000244140625,1216.800048828125,1216.800048828125,7,0.0,0.0
2014-09-23,1221.0,1221.0,1221.0,1221.0,1221.0,5,0.0,0.0
2014-09-24,1218.5999755859375,1218.5999755859375,1216.800048828125,1218.5999755859375,1218.5999755859375,2,0.0,0.0
2014-09-25,1209.5,1221.199951171875,1209.5,1221.199951171875,1221.199951171875,11,0.0,0.0
2014-09-26,1214.0999755859375,1214.0999755859375,1214.0999755859375,1214.0999755859375,1214.0999755859375,19497,0.0,0.0
2014-09-29,1216.300048828125,1222.199951171875,1214.800048828125,1217.5,1217.5,6344,0.0,0.0
2014-09-30,1214.800048828125,1218.199951171875,1204.0,1210.5,1210.5,680,0.0,0.0
2014-10-01,1207.699951171875,1217.800048828125,1205.5,1214.5999755859375,1214.5999755859375,178,0.0,0.0
2014-10-02,1215.300048828125,1219.5,1210.300048828125,1214.199951171875,1214.199951171875,176,0.0,0.0
2014-10-03,1212.4000244140625,1212.4000244140625,1191.0,1192.199951171875,1192.199951171875,499,0.0,0.0
2014-10-06,1187.699951171875,1208.0,1182.800048828125,1206.699951171875,1206.699951171875,415,0.0,0.0
2014-10-07,1209.0999755859375,1211.699951171875,1205.300048828125,1211.699951171875,1211.699951171875,272,0.0,0.0
2014-10-08,1210.199951171875,1217.9000244140625,1205.300048828125,1205.300048828125,1205.300048828125,9,0.0,0.0
2014-10-09,1223.9000244140625,1229.0,1223.9000244140625,1224.5999755859375,1224.5999755859375,19,0.0,0.0
2014-10-10,1223.5,1223.5,1217.0,1221.0,1221.0,186,0.0,0.0
2014-10-13,1229.800048828125,1234.0,1227.0,1229.300048828125,1229.300048828125,103,0.0,0.0
2014-10-14,1235.9000244140625,1235.9000244140625,1233.5999755859375,1233.5999755859375,1233.5999755859375,73,0.0,0.0
2014-10-15,1243.699951171875,1247.0,1243.699951171875,1244.0999755859375,1244.0999755859375,250,0.0,0.0
2014-10-16,1242.0999755859375,1243.0,1236.699951171875,1240.5,1240.5,6,0.0,0.0
2014-10-17,1237.4000244140625,1238.300048828125,1232.5999755859375,1238.300048828125,1238.300048828125,356,0.0,0.0
2014-10-20,1237.300048828125,1244.0,1235.4000244140625,1244.0,1244.0,105,0.0,0.0
2014-10-21,1251.0,1251.0,1251.0,1251.0,1251.0,48,0.0,0.0
2014-10-22,1244.800048828125,1244.800048828125,1244.800048828125,1244.800048828125,1244.800048828125,2,0.0,0.0
2014-10-23,1228.0,1228.5,1227.9000244140625,1228.5,1228.5,2,0.0,0.0
2014-10-24,1229.4000244140625,1232.699951171875,1229.4000244140625,1231.199951171875,1231.199951171875,71,0.0,0.0
2014-10-27,1230.199951171875,1230.199951171875,1227.300048828125,1229.0999755859375,1229.0999755859375,282,0.0,0.0
2014-10-28,1224.9000244140625,1231.0,1224.699951171875,1229.199951171875,1229.199951171875,46,0.0,0.0
2014-10-29,1224.300048828125,1224.300048828125,1224.300048828125,1224.300048828125,1224.300048828125,631,0.0,0.0
2014-10-30,1213.699951171875,1214.699951171875,1195.800048828125,1198.0999755859375,1198.0999755859375,521,0.0,0.0
2014-10-31,1199.5999755859375,1199.699951171875,1161.4000244140625,1171.0999755859375,1171.0999755859375,260,0.0,0.0
2014-11-03,1166.4000244140625,1172.300048828125,1163.0999755859375,1169.4000244140625,1169.4000244140625,60,0.0,0.0
2014-11-04,1166.9000244140625,1171.0,1165.0,1167.4000244140625,1167.4000244140625,40,0.0,0.0
2014-11-05,1168.0999755859375,1168.699951171875,1137.800048828125,1145.4000244140625,1145.4000244140625,157,0.0,0.0
2014-11-06,1141.0999755859375,1147.5,1137.9000244140625,1142.300048828125,1142.300048828125,137,0.0,0.0
2014-11-07,1139.9000244140625,1169.699951171875,1133.0,1169.5999755859375,1169.5999755859375,97,0.0,0.0
2014-11-10,1171.0,1171.0,1150.699951171875,1159.5999755859375,1159.5999755859375,40,0.0,0.0
2014-11-11,1155.0,1170.5,1151.5999755859375,1162.800048828125,1162.800048828125,22,0.0,0.0
2014-11-12,1162.5,1168.0999755859375,1157.5,1158.9000244140625,1158.9000244140625,17,0.0,0.0
2014-11-13,1163.699951171875,1164.5,1155.0,1161.0999755859375,1161.0999755859375,1047,0.0,0.0
2014-11-14,1155.199951171875,1191.0,1148.0,1185.0,1185.0,486,0.0,0.0
2014-11-17,1183.0999755859375,1186.9000244140625,1180.5999755859375,1183.0,1183.0,17,0.0,0.0
2014-11-18,1197.0999755859375,1197.0999755859375,1193.9000244140625,1196.699951171875,1196.699951171875,2,0.0,0.0
2014-11-19,1196.5,1198.300048828125,1190.5999755859375,1193.5999755859375,1193.5999755859375,23,0.0,0.0
2014-11-20,1191.800048828125,1191.9000244140625,1190.699951171875,1190.699951171875,1190.699951171875,3,0.0,0.0
2014-11-21,1191.0,1202.4000244140625,1189.0,1197.5,1197.5,20,0.0,0.0
2014-11-24,1197.699951171875,1197.9000244140625,1195.5,1195.5,1195.5,17,0.0,0.0
2014-11-25,1197.0999755859375,1197.0999755859375,1197.0999755859375,1197.0999755859375,1197.0999755859375,210753,0.0,0.0
2014-11-26,1200.5,1201.0,1193.699951171875,1196.5999755859375,1196.5999755859375,75297,0.0,0.0
2014-11-28,1197.0,1198.199951171875,1163.800048828125,1175.199951171875,1175.199951171875,11175,0.0,0.0
2014-12-01,1160.0,1220.4000244140625,1141.699951171875,1218.0,1218.0,5524,0.0,0.0
2014-12-02,1212.300048828125,1212.300048828125,1191.300048828125,1199.199951171875,1199.199951171875,1236,0.0,0.0
2014-12-03,1198.0999755859375,1213.699951171875,1196.0999755859375,1208.5,1208.5,440,0.0,0.0
2014-12-04,1208.199951171875,1213.0,1201.5999755859375,1207.5,1207.5,358,0.0,0.0
2014-12-05,1203.0999755859375,1206.0,1186.699951171875,1190.0999755859375,1190.0999755859375,560,0.0,0.0
2014-12-08,1190.5999755859375,1207.0,1187.199951171875,1194.699951171875,1194.699951171875,183,0.0,0.0
2014-12-09,1202.0,1238.0,1202.0,1231.5,1231.5,314,0.0,0.0
2014-12-10,1231.199951171875,1234.5999755859375,1226.5999755859375,1228.9000244140625,1228.9000244140625,306,0.0,0.0
2014-12-11,1226.5999755859375,1231.199951171875,1216.199951171875,1225.0999755859375,1225.0999755859375,264,0.0,0.0
2014-12-12,1227.800048828125,1227.800048828125,1216.199951171875,1222.0,1222.0,203,0.0,0.0
2014-12-15,1223.0999755859375,1223.0999755859375,1198.4000244140625,1207.199951171875,1207.199951171875,77,0.0,0.0
2014-12-16,1197.199951171875,1222.0,1192.699951171875,1193.9000244140625,1193.9000244140625,223,0.0,0.0
2014-12-17,1198.199951171875,1199.5999755859375,1184.0,1194.300048828125,1194.300048828125,94,0.0,0.0
2014-12-18,1189.699951171875,1207.300048828125,1189.699951171875,1194.699951171875,1194.699951171875,197,0.0,0.0
2014-12-19,1198.0,1200.800048828125,1195.9000244140625,1195.9000244140625,1195.9000244140625,96,0.0,0.0
2014-12-22,1198.0,1198.0,1172.699951171875,1179.699951171875,1179.699951171875,223,0.0,0.0
2014-12-23,1179.300048828125,1180.300048828125,1175.0,1177.9000244140625,1177.9000244140625,232,0.0,0.0
2014-12-24,1177.0,1179.300048828125,1173.5,1173.5,1173.5,23,0.0,0.0
2014-12-26,1177.199951171875,1195.300048828125,1177.199951171875,1195.300048828125,1195.300048828125,124,0.0,0.0
2014-12-29,1186.5,1186.5,1181.300048828125,1181.699951171875,1181.699951171875,180,0.0,0.0
2014-12-30,1181.4000244140625,1210.300048828125,1181.4000244140625,1200.199951171875,1200.199951171875,191,0.0,0.0
2014-12-31,1199.199951171875,1199.199951171875,1182.699951171875,1183.9000244140625,1183.9000244140625,92,0.0,0.0
2015-01-02,1184.0,1194.5,1169.5,1186.0,1186.0,138,0.0,0.0
2015-01-05,1180.300048828125,1206.9000244140625,1180.0999755859375,1203.9000244140625,1203.9000244140625,470,0.0,0.0
2015-01-06,1203.5,1220.0,1203.5,1219.300048828125,1219.300048828125,97,0.0,0.0
2015-01-07,1219.199951171875,1219.199951171875,1210.5999755859375,1210.5999755859375,1210.5999755859375,29,0.0,0.0
2015-01-08,1207.0,1215.699951171875,1206.300048828125,1208.4000244140625,1208.4000244140625,92,0.0,0.0
2015-01-09,1211.0999755859375,1220.199951171875,1210.300048828125,1216.0,1216.0,43,0.0,0.0
2015-01-12,1224.199951171875,1234.4000244140625,1219.0999755859375,1232.699951171875,1232.699951171875,100,0.0,0.0
2015-01-13,1239.199951171875,1239.300048828125,1230.300048828125,1234.300048828125,1234.300048828125,20,0.0,0.0
2015-01-14,1229.5999755859375,1243.800048828125,1225.5999755859375,1234.4000244140625,1234.4000244140625,21,0.0,0.0
2015-01-15,1231.5,1265.0,1227.300048828125,1264.699951171875,1264.699951171875,130,0.0,0.0
2015-01-16,1256.0999755859375,1279.699951171875,1256.0999755859375,1276.9000244140625,1276.9000244140625,44,0.0,0.0
2015-01-20,1278.9000244140625,1297.300048828125,1273.800048828125,1294.199951171875,1294.199951171875,157,0.0,0.0
2015-01-21,1295.199951171875,1303.5,1286.699951171875,1293.699951171875,1293.699951171875,78,0.0,0.0
2015-01-22,1293.199951171875,1302.0999755859375,1283.5,1300.699951171875,1300.699951171875,131,0.0,0.0
2015-01-23,1299.800048828125,1299.800048828125,1292.5999755859375,1292.5999755859375,1292.5999755859375,23,0.0,0.0
2015-01-26,1289.5,1290.5999755859375,1279.4000244140625,1279.4000244140625,1279.4000244140625,26,0.0,0.0
2015-01-27,1277.199951171875,1291.699951171875,1277.199951171875,1291.699951171875,1291.699951171875,20,0.0,0.0
2015-01-28,1285.9000244140625,1286.800048828125,1285.9000244140625,1285.9000244140625,1285.9000244140625,180387,0.0,0.0
2015-01-29,1283.300048828125,1285.4000244140625,1251.0,1254.5999755859375,1254.5999755859375,67983,0.0,0.0
2015-01-30,1258.0,1284.300048828125,1257.0,1278.5,1278.5,8626,0.0,0.0
2015-02-02,1284.0999755859375,1284.0999755859375,1266.0,1276.199951171875,1276.199951171875,1654,0.0,0.0
2015-02-03,1273.5,1284.699951171875,1255.300048828125,1259.699951171875,1259.699951171875,2380,0.0,0.0
2015-02-04,1262.0,1271.5999755859375,1256.800048828125,1263.800048828125,1263.800048828125,668,0.0,0.0
2015-02-05,1271.800048828125,1272.5999755859375,1257.800048828125,1262.0,1262.0,133,0.0,0.0
2015-02-06,1265.0,1267.5999755859375,1228.0,1233.9000244140625,1233.9000244140625,432,0.0,0.0
2015-02-09,1237.5,1242.300048828125,1235.4000244140625,1240.800048828125,1240.800048828125,319,0.0,0.0
2015-02-10,1237.5,1245.0,1231.199951171875,1231.5999755859375,1231.5999755859375,231,0.0,0.0
2015-02-11,1233.300048828125,1237.4000244140625,1219.0,1219.0,1219.0,102,0.0,0.0
2015-02-12,1217.9000244140625,1229.800048828125,1217.9000244140625,1220.0999755859375,1220.0999755859375,99,0.0,0.0
2015-02-13,1222.199951171875,1232.800048828125,1222.199951171875,1226.5,1226.5,65,0.0,0.0
2015-02-17,1227.699951171875,1234.0,1203.0,1208.0999755859375,1208.0999755859375,204,0.0,0.0
2015-02-18,1207.0999755859375,1210.199951171875,1197.800048828125,1199.699951171875,1199.699951171875,147,0.0,0.0
2015-02-19,1216.5,1220.0,1205.0,1207.0999755859375,1207.0999755859375,65,0.0,0.0
2015-02-20,1206.5,1213.0999755859375,1199.0999755859375,1204.4000244140625,1204.4000244140625,51,0.0,0.0
2015-02-23,1201.300048828125,1203.300048828125,1191.5999755859375,1200.300048828125,1200.300048828125,268,0.0,0.0
2015-02-24,1203.4000244140625,1203.5,1193.800048828125,1196.9000244140625,1196.9000244140625,151,0.0,0.0
2015-02-25,1204.300048828125,1204.5999755859375,1201.0,1201.0,1201.0,570,0.0,0.0
2015-02-26,1204.800048828125,1219.0,1204.800048828125,1209.5999755859375,1209.5999755859375,560,0.0,0.0
2015-02-27,1207.699951171875,1217.800048828125,1204.5,1212.5999755859375,1212.5999755859375,195,0.0,0.0
2015-03-02,1214.300048828125,1222.699951171875,1204.9000244140625,1207.699951171875,1207.699951171875,124,0.0,0.0
2015-03-03,1201.5,1212.0,1195.0,1204.0,1204.0,51,0.0,0.0
2015-03-04,1204.800048828125,1206.9000244140625,1198.0,1200.5999755859375,1200.5999755859375,27,0.0,0.0
2015-03-05,1201.699951171875,1205.4000244140625,1195.9000244140625,1195.9000244140625,1195.9000244140625,29,0.0,0.0
2015-03-06,1195.0,1195.699951171875,1163.699951171875,1164.0999755859375,1164.0999755859375,168,0.0,0.0
2015-03-09,1169.4000244140625,1174.199951171875,1166.300048828125,1166.4000244140625,1166.4000244140625,45,0.0,0.0
2015-03-10,1166.4000244140625,1168.4000244140625,1156.5,1160.0999755859375,1160.0999755859375,94,0.0,0.0
2015-03-11,1162.0,1162.0,1147.699951171875,1150.699951171875,1150.699951171875,74,0.0,0.0
2015-03-12,1155.4000244140625,1160.5,1149.699951171875,1152.0999755859375,1152.0999755859375,63,0.0,0.0
2015-03-13,1158.199951171875,1159.199951171875,1152.5999755859375,1152.5999755859375,1152.5999755859375,44,0.0,0.0
2015-03-16,1159.699951171875,1162.300048828125,1150.0999755859375,1153.300048828125,1153.300048828125,56,0.0,0.0
2015-03-17,1153.5999755859375,1158.199951171875,1144.300048828125,1148.300048828125,1148.300048828125,71,0.0,0.0
2015-03-18,1148.699951171875,1174.300048828125,1147.0,1151.4000244140625,1151.4000244140625,112,0.0,0.0
2015-03-19,1171.5999755859375,1171.5999755859375,1159.300048828125,1169.0999755859375,1169.0999755859375,39,0.0,0.0
2015-03-20,1171.0,1185.4000244140625,1171.0,1184.800048828125,1184.800048828125,54,0.0,0.0
2015-03-23,1181.5999755859375,1188.0,1181.199951171875,1188.0,1188.0,5,0.0,0.0
2015-03-24,1188.0,1193.0,1186.0,1191.699951171875,1191.699951171875,411,0.0,0.0
2015-03-25,1192.5,1199.199951171875,1192.5,1197.300048828125,1197.300048828125,11,0.0,0.0
2015-03-26,1198.199951171875,1213.699951171875,1198.199951171875,1205.0999755859375,1205.0999755859375,68,0.0,0.0
2015-03-27,1197.0,1199.800048828125,1196.300048828125,1199.800048828125,1199.800048828125,172260,0.0,0.0
2015-03-30,1198.0,1198.5,1181.5999755859375,1184.800048828125,1184.800048828125,37990,0.0,0.0
2015-03-31,1185.800048828125,1190.0999755859375,1178.199951171875,1183.0999755859375,1183.0999755859375,3409,0.0,0.0
2015-04-01,1182.9000244140625,1208.199951171875,1181.0,1208.0999755859375,1208.0999755859375,1632,0.0,0.0
2015-04-02,1204.0,1205.699951171875,1194.800048828125,1200.9000244140625,1200.9000244140625,1684,0.0,0.0
2015-04-06,1209.9000244140625,1224.199951171875,1209.9000244140625,1218.5999755859375,1218.5999755859375,343,0.0,0.0
2015-04-07,1214.800048828125,1214.800048828125,1208.199951171875,1210.5999755859375,1210.5999755859375,406,0.0,0.0
2015-04-08,1208.9000244140625,1211.4000244140625,1197.5999755859375,1203.0999755859375,1203.0999755859375,236,0.0,0.0
2015-04-09,1201.699951171875,1202.5,1193.0,1193.5999755859375,1193.5999755859375,521,0.0,0.0
2015-04-10,1195.800048828125,1209.5999755859375,1195.800048828125,1204.5999755859375,1204.5999755859375,202,0.0,0.0
2015-04-13,1208.0999755859375,1208.0999755859375,1198.300048828125,1199.300048828125,1199.300048828125,424,0.0,0.0
2015-04-14,1198.800048828125,1200.5999755859375,1184.0999755859375,1192.800048828125,1192.800048828125,546,0.0,0.0
2015-04-15,1194.5999755859375,1203.0999755859375,1188.5999755859375,1201.5,1201.5,196,0.0,0.0
2015-04-16,1204.300048828125,1208.5,1194.5999755859375,1198.0,1198.0,199,0.0,0.0
2015-04-17,1200.199951171875,1206.0,1200.199951171875,1202.9000244140625,1202.9000244140625,21,0.0,0.0
2015-04-20,1205.699951171875,1206.9000244140625,1191.0,1193.5,1193.5,67,0.0,0.0
2015-04-21,1193.199951171875,1202.9000244140625,1192.800048828125,1202.9000244140625,1202.9000244140625,33,0.0,0.0
2015-04-22,1199.0999755859375,1202.5999755859375,1185.199951171875,1186.9000244140625,1186.9000244140625,93,0.0,0.0
2015-04-23,1187.199951171875,1197.0,1186.0999755859375,1194.4000244140625,1194.4000244140625,331,0.0,0.0
2015-04-24,1192.300048828125,1194.699951171875,1174.5999755859375,1175.199951171875,1175.199951171875,52,0.0,0.0
2015-04-27,1182.300048828125,1206.699951171875,1181.4000244140625,1203.300048828125,1203.300048828125,194,0.0,0.0
2015-04-28,1199.699951171875,1214.0,1199.699951171875,1214.0,1214.0,401,0.0,0.0
2015-04-29,1211.199951171875,1212.5999755859375,1201.9000244140625,1209.800048828125,1209.800048828125,114,0.0,0.0
2015-04-30,1203.0999755859375,1205.9000244140625,1176.699951171875,1182.4000244140625,1182.4000244140625,143,0.0,0.0
2015-05-01,1178.0999755859375,1178.0999755859375,1170.0,1174.5,1174.5,23,0.0,0.0
2015-05-04,1177.5,1189.4000244140625,1177.5,1186.800048828125,1186.800048828125,38,0.0,0.0
2015-05-05,1187.5,1198.699951171875,1186.9000244140625,1193.199951171875,1193.199951171875,48,0.0,0.0
2015-05-06,1194.5,1194.5999755859375,1189.9000244140625,1190.300048828125,1190.300048828125,14,0.0,0.0
2015-05-07,1181.5,1186.0,1179.699951171875,1182.4000244140625,1182.4000244140625,44,0.0,0.0
2015-05-08,1183.300048828125,1189.0999755859375,1182.9000244140625,1189.0999755859375,1189.0999755859375,51,0.0,0.0
2015-05-11,1189.699951171875,1190.5,1179.300048828125,1183.199951171875,1183.199951171875,26,0.0,0.0
2015-05-12,1194.5999755859375,1194.800048828125,1189.699951171875,1192.5999755859375,1192.5999755859375,10,0.0,0.0
2015-05-13,1192.699951171875,1218.4000244140625,1191.0,1218.4000244140625,1218.4000244140625,34,0.0,0.0
2015-05-14,1214.5,1225.5999755859375,1214.5,1225.4000244140625,1225.4000244140625,35,0.0,0.0
2015-05-15,1218.5,1225.5,1214.800048828125,1225.5,1225.5,12,0.0,0.0
2015-05-18,1224.5,1228.0999755859375,1222.5999755859375,1227.800048828125,1227.800048828125,8,0.0,0.0
2015-05-19,1223.9000244140625,1223.9000244140625,1206.0,1206.9000244140625,1206.9000244140625,9,0.0,0.0
2015-05-20,1205.0999755859375,1210.800048828125,1205.0999755859375,1208.9000244140625,1208.9000244140625,11,0.0,0.0
2015-05-21,1204.5,1204.5,1203.699951171875,1204.4000244140625,1204.4000244140625,43,0.0,0.0
2015-05-22,1211.5999755859375,1211.9000244140625,1204.300048828125,1204.300048828125,1204.300048828125,8,0.0,0.0
2015-05-26,1193.5999755859375,1193.5999755859375,1186.0,1187.199951171875,1187.199951171875,40,0.0,0.0
2015-05-27,1185.9000244140625,1185.9000244140625,1185.9000244140625,1185.9000244140625,1185.9000244140625,200216,0.0,0.0
2015-05-28,1187.0999755859375,1192.0,1179.5999755859375,1188.0999755859375,1188.0999755859375,52705,0.0,0.0
2015-05-29,1187.800048828125,1193.300048828125,1185.699951171875,1189.4000244140625,1189.4000244140625,4748,0.0,0.0
2015-06-01,1190.5999755859375,1204.0,1184.300048828125,1188.300048828125,1188.300048828125,1236,0.0,0.0
2015-06-02,1189.0,1194.300048828125,1186.0,1194.0999755859375,1194.0999755859375,1003,0.0,0.0
2015-06-03,1193.9000244140625,1193.9000244140625,1179.0999755859375,1184.699951171875,1184.699951171875,630,0.0,0.0
2015-06-04,1184.9000244140625,1185.300048828125,1173.0,1174.9000244140625,1174.9000244140625,447,0.0,0.0
2015-06-05,1176.4000244140625,1177.300048828125,1164.0,1167.800048828125,1167.800048828125,390,0.0,0.0
2015-06-08,1169.5,1176.0999755859375,1169.0999755859375,1173.199951171875,1173.199951171875,173,0.0,0.0
2015-06-09,1172.9000244140625,1180.300048828125,1172.699951171875,1177.300048828125,1177.300048828125,144,0.0,0.0
2015-06-10,1176.0999755859375,1190.0999755859375,1175.5999755859375,1186.0999755859375,1186.0999755859375,295,0.0,0.0
2015-06-11,1183.199951171875,1183.199951171875,1174.4000244140625,1179.9000244140625,1179.9000244140625,69,0.0,0.0
2015-06-12,1180.4000244140625,1181.199951171875,1176.199951171875,1178.800048828125,1178.800048828125,141,0.0,0.0
2015-06-15,1179.9000244140625,1188.5,1172.699951171875,1185.300048828125,1185.300048828125,102,0.0,0.0
2015-06-16,1186.5,1186.5,1175.9000244140625,1180.5,1180.5,29,0.0,0.0
2015-06-17,1177.5999755859375,1186.300048828125,1174.9000244140625,1176.4000244140625,1176.4000244140625,168,0.0,0.0
2015-06-18,1183.4000244140625,1202.0,1183.4000244140625,1201.5,1201.5,130,0.0,0.0
2015-06-19,1199.699951171875,1203.0999755859375,1199.699951171875,1201.5,1201.5,142,0.0,0.0
2015-06-22,1197.800048828125,1197.800048828125,1182.699951171875,1183.699951171875,1183.699951171875,30,0.0,0.0
2015-06-23,1183.800048828125,1186.0,1176.199951171875,1176.199951171875,1176.199951171875,60,0.0,0.0
2015-06-24,1176.5999755859375,1176.5999755859375,1170.699951171875,1172.5999755859375,1172.5999755859375,263,0.0,0.0
2015-06-25,1175.800048828125,1175.9000244140625,1171.5,1171.5,1171.5,95,0.0,0.0
2015-06-26,1170.5,1172.9000244140625,1170.5,1172.9000244140625,1172.9000244140625,308,0.0,0.0
2015-06-29,1185.0999755859375,1186.0,1173.800048828125,1178.5,1178.5,174,0.0,0.0
2015-06-30,1176.300048828125,1176.4000244140625,1166.5999755859375,1171.5,1171.5,223,0.0,0.0
2015-07-01,1173.0999755859375,1173.0999755859375,1166.5999755859375,1169.0,1169.0,455,0.0,0.0
2015-07-02,1166.4000244140625,1168.0999755859375,1155.5,1163.0,1163.0,316,0.0,0.0
2015-07-06,1171.0999755859375,1173.0,1162.199951171875,1172.9000244140625,1172.9000244140625,634,0.0,0.0
2015-07-07,1166.800048828125,1166.800048828125,1149.5,1152.4000244140625,1152.4000244140625,469,0.0,0.0
2015-07-08,1152.5999755859375,1163.300048828125,1146.4000244140625,1163.300048828125,1163.300048828125,65,0.0,0.0
2015-07-09,1154.800048828125,1163.5999755859375,1154.800048828125,1159.0,1159.0,65,0.0,0.0
2015-07-10,1160.0999755859375,1161.4000244140625,1157.5,1157.699951171875,1157.699951171875,27,0.0,0.0
2015-07-13,1159.0,1159.0,1151.199951171875,1155.199951171875,1155.199951171875,14,0.0,0.0
2015-07-14,1157.199951171875,1157.199951171875,1153.0,1153.300048828125,1153.300048828125,39,0.0,0.0
2015-07-15,1154.0,1154.0,1144.800048828125,1147.199951171875,1147.199951171875,15,0.0,0.0
2015-07-16,1146.199951171875,1146.199951171875,1142.9000244140625,1143.800048828125,1143.800048828125,14,0.0,0.0
2015-07-17,1144.0,1144.0,1130.199951171875,1131.800048828125,1131.800048828125,120,0.0,0.0
2015-07-20,1130.4000244140625,1130.699951171875,1095.0999755859375,1106.699951171875,1106.699951171875,189,0.0,0.0
2015-07-21,1097.0999755859375,1106.4000244140625,1097.0999755859375,1103.4000244140625,1103.4000244140625,118,0.0,0.0
2015-07-22,1093.0,1095.0,1086.0,1091.4000244140625,1091.4000244140625,46,0.0,0.0
2015-07-23,1097.4000244140625,1097.5999755859375,1087.800048828125,1094.0,1094.0,64,0.0,0.0
2015-07-24,1078.5999755859375,1100.699951171875,1078.5999755859375,1085.5999755859375,1085.5999755859375,52,0.0,0.0
2015-07-27,1100.0,1102.5,1093.9000244140625,1096.5,1096.5,19,0.0,0.0
2015-07-28,1097.199951171875,1097.699951171875,1096.300048828125,1096.300048828125,1096.300048828125,31,0.0,0.0
2015-07-29,1096.4000244140625,1096.9000244140625,1092.699951171875,1092.699951171875,1092.699951171875,159142,0.0,0.0
2015-07-30,1096.0999755859375,1097.5,1081.0,1088.4000244140625,1088.4000244140625,49298,0.0,0.0
2015-07-31,1087.699951171875,1102.800048828125,1079.0999755859375,1094.9000244140625,1094.9000244140625,5700,0.0,0.0
2015-08-03,1095.5,1097.0999755859375,1085.0,1089.4000244140625,1089.4000244140625,2418,0.0,0.0
2015-08-04,1085.0999755859375,1093.9000244140625,1080.5,1090.699951171875,1090.699951171875,1139,0.0,0.0
2015-08-05,1086.5,1090.5999755859375,1082.5,1085.699951171875,1085.699951171875,1207,0.0,0.0
2015-08-06,1084.4000244140625,1092.199951171875,1083.5999755859375,1090.199951171875,1090.199951171875,269,0.0,0.0
2015-08-07,1088.9000244140625,1098.300048828125,1081.699951171875,1094.0999755859375,1094.0999755859375,614,0.0,0.0
2015-08-10,1093.199951171875,1107.5999755859375,1089.5,1104.199951171875,1104.199951171875,900,0.0,0.0
2015-08-11,1103.800048828125,1116.699951171875,1094.0,1107.5999755859375,1107.5999755859375,997,0.0,0.0
2015-08-12,1106.0,1124.5,1101.5,1123.199951171875,1123.199951171875,797,0.0,0.0
2015-08-13,1124.300048828125,1124.300048828125,1113.0,1115.699951171875,1115.699951171875,441,0.0,0.0
2015-08-14,1113.9000244140625,1118.800048828125,1112.5,1112.9000244140625,1112.9000244140625,908,0.0,0.0
2015-08-17,1113.800048828125,1122.0,1113.800048828125,1118.5999755859375,1118.5999755859375,399,0.0,0.0
2015-08-18,1118.199951171875,1118.4000244140625,1110.0,1117.0999755859375,1117.0999755859375,475,0.0,0.0
2015-08-19,1117.0,1134.300048828125,1116.800048828125,1128.0999755859375,1128.0999755859375,348,0.0,0.0
2015-08-20,1132.800048828125,1153.300048828125,1132.800048828125,1153.0,1153.0,409,0.0,0.0
2015-08-21,1154.0999755859375,1166.5,1150.5,1159.5999755859375,1159.5999755859375,261,0.0,0.0
2015-08-24,1164.0,1169.0,1147.5,1153.4000244140625,1153.4000244140625,299,0.0,0.0
2015-08-25,1151.5,1155.5,1134.0,1138.199951171875,1138.199951171875,217,0.0,0.0
2015-08-26,1139.199951171875,1143.0,1119.5999755859375,1124.5999755859375,1124.5999755859375,116,0.0,0.0
2015-08-27,1127.199951171875,1127.4000244140625,1118.4000244140625,1122.4000244140625,1122.4000244140625,564,0.0,0.0
2015-08-28,1125.300048828125,1139.0,1123.5999755859375,1133.0999755859375,1133.0999755859375,279,0.0,0.0
2015-08-31,1131.0999755859375,1134.0,1124.800048828125,1131.5999755859375,1131.5999755859375,194,0.0,0.0
2015-09-01,1133.5,1144.699951171875,1133.5,1138.699951171875,1138.699951171875,375,0.0,0.0
2015-09-02,1137.300048828125,1140.4000244140625,1130.800048828125,1132.5,1132.5,201,0.0,0.0
2015-09-03,1130.300048828125,1132.9000244140625,1120.300048828125,1123.699951171875,1123.699951171875,122,0.0,0.0
2015-09-04,1123.4000244140625,1125.199951171875,1116.199951171875,1120.5999755859375,1120.5999755859375,51,0.0,0.0
2015-09-08,1119.800048828125,1124.300048828125,1116.4000244140625,1120.4000244140625,1120.4000244140625,138,0.0,0.0
2015-09-09,1123.5,1123.5,1102.0999755859375,1102.199951171875,1102.199951171875,150,0.0,0.0
2015-09-10,1107.300048828125,1113.5,1105.5,1109.5,1109.5,56,0.0,0.0
2015-09-11,1110.800048828125,1111.699951171875,1098.199951171875,1103.5,1103.5,81,0.0,0.0
2015-09-14,1107.800048828125,1108.5999755859375,1104.0999755859375,1107.699951171875,1107.699951171875,19,0.0,0.0
2015-09-15,1104.5,1104.5,1102.800048828125,1102.800048828125,1102.800048828125,8,0.0,0.0
2015-09-16,1109.800048828125,1119.9000244140625,1109.800048828125,1119.199951171875,1119.199951171875,31,0.0,0.0
2015-09-17,1118.5999755859375,1130.5,1117.0999755859375,1117.300048828125,1117.300048828125,14,0.0,0.0
2015-09-18,1128.300048828125,1141.199951171875,1127.800048828125,1138.0999755859375,1138.0999755859375,59,0.0,0.0
2015-09-21,1137.5999755859375,1138.5,1130.800048828125,1133.0999755859375,1133.0999755859375,17,0.0,0.0
2015-09-22,1132.5999755859375,1135.0,1122.5,1125.0,1125.0,43,0.0,0.0
2015-09-23,1128.5999755859375,1132.199951171875,1128.300048828125,1131.5999755859375,1131.5999755859375,33,0.0,0.0
2015-09-24,1133.0,1155.9000244140625,1133.0,1153.800048828125,1153.800048828125,37,0.0,0.0
2015-09-25,1149.800048828125,1149.800048828125,1143.4000244140625,1146.0,1146.0,56,0.0,0.0
2015-09-28,1133.199951171875,1133.199951171875,1132.0,1132.0,1132.0,4346,0.0,0.0
2015-09-29,1132.199951171875,1134.4000244140625,1124.300048828125,1127.0999755859375,1127.0999755859375,2417,0.0,0.0
2015-09-30,1124.300048828125,1126.0,1112.0999755859375,1115.5,1115.5,865,0.0,0.0
2015-10-01,1115.199951171875,1119.0,1113.300048828125,1114.199951171875,1114.199951171875,1181,0.0,0.0
2015-10-02,1112.199951171875,1141.199951171875,1105.800048828125,1137.0999755859375,1137.0999755859375,323,0.0,0.0
2015-10-05,1137.0999755859375,1141.699951171875,1132.5,1138.0999755859375,1138.0999755859375,226,0.0,0.0
2015-10-06,1136.300048828125,1150.0,1136.300048828125,1146.800048828125,1146.800048828125,145,0.0,0.0
2015-10-07,1147.5999755859375,1152.9000244140625,1143.0,1149.0,1149.0,104,0.0,0.0
2015-10-08,1142.699951171875,1146.699951171875,1138.699951171875,1144.699951171875,1144.699951171875,138,0.0,0.0
2015-10-09,1151.5999755859375,1157.199951171875,1151.5999755859375,1156.300048828125,1156.300048828125,22,0.0,0.0
2015-10-12,1155.9000244140625,1166.800048828125,1155.9000244140625,1164.9000244140625,1164.9000244140625,40,0.0,0.0
2015-10-13,1163.5,1166.199951171875,1154.9000244140625,1165.800048828125,1165.800048828125,132,0.0,0.0
2015-10-14,1172.4000244140625,1189.0,1167.300048828125,1180.0999755859375,1180.0999755859375,143,0.0,0.0
2015-10-15,1184.199951171875,1188.300048828125,1177.800048828125,1187.9000244140625,1187.9000244140625,143,0.0,0.0
2015-10-16,1182.5,1184.0999755859375,1176.199951171875,1183.5999755859375,1183.5999755859375,243,0.0,0.0
2015-10-19,1176.5,1177.800048828125,1169.300048828125,1173.300048828125,1173.300048828125,62,0.0,0.0
2015-10-20,1168.699951171875,1179.0999755859375,1168.699951171875,1178.0,1178.0,19,0.0,0.0
2015-10-21,1175.9000244140625,1176.4000244140625,1164.9000244140625,1167.5999755859375,1167.5999755859375,41,0.0,0.0
2015-10-22,1166.199951171875,1168.5999755859375,1163.5,1166.5999755859375,1166.5999755859375,48,0.0,0.0
2015-10-23,1166.199951171875,1178.699951171875,1163.300048828125,1163.300048828125,1163.300048828125,38,0.0,0.0
2015-10-26,1165.0999755859375,1170.0,1163.800048828125,1167.0,1167.0,176,0.0,0.0
2015-10-27,1164.5,1166.800048828125,1162.0,1166.800048828125,1166.800048828125,302,0.0,0.0
2015-10-28,1175.0999755859375,1182.699951171875,1175.0999755859375,1177.0999755859375,1177.0999755859375,217,0.0,0.0
2015-10-29,1158.0,1162.0,1144.9000244140625,1147.199951171875,1147.199951171875,329,0.0,0.0
2015-10-30,1147.5,1147.5999755859375,1139.199951171875,1141.5,1141.5,249,0.0,0.0
2015-11-02,1137.9000244140625,1138.699951171875,1132.5999755859375,1135.800048828125,1135.800048828125,180,0.0,0.0
2015-11-03,1133.300048828125,1134.699951171875,1114.199951171875,1114.199951171875,1114.199951171875,185,0.0,0.0
2015-11-04,1119.0,1121.9000244140625,1106.5,1106.5,1106.5,141,0.0,0.0
2015-11-05,1107.9000244140625,1110.699951171875,1104.4000244140625,1104.4000244140625,1104.4000244140625,84,0.0,0.0
2015-11-06,1105.199951171875,1109.5,1084.800048828125,1087.5999755859375,1087.5999755859375,78,0.0,0.0
2015-11-09,1088.5999755859375,1088.5999755859375,1087.9000244140625,1087.9000244140625,1087.9000244140625,5,0.0,0.0
2015-11-10,1090.0999755859375,1091.300048828125,1085.0,1088.199951171875,1088.199951171875,18,0.0,0.0
2015-11-11,1091.4000244140625,1091.4000244140625,1084.199951171875,1084.699951171875,1084.699951171875,15,0.0,0.0
2015-11-12,1086.0,1086.5999755859375,1080.800048828125,1080.800048828125,1080.800048828125,4,0.0,0.0
2015-11-13,1083.0999755859375,1085.9000244140625,1080.800048828125,1080.800048828125,1080.800048828125,23,0.0,0.0
2015-11-16,1092.0,1092.4000244140625,1083.699951171875,1083.699951171875,1083.699951171875,11,0.0,0.0
2015-11-17,1075.5,1075.800048828125,1065.0999755859375,1068.699951171875,1068.699951171875,6,0.0,0.0
2015-11-18,1064.0,1071.9000244140625,1064.0,1068.800048828125,1068.800048828125,5,0.0,0.0
2015-11-19,1077.4000244140625,1082.4000244140625,1077.4000244140625,1078.0,1078.0,10,0.0,0.0
2015-11-20,1082.9000244140625,1082.9000244140625,1076.4000244140625,1076.4000244140625,1076.4000244140625,5,0.0,0.0
2015-11-23,1070.0,1071.5,1066.800048828125,1066.800048828125,1066.800048828125,57,0.0,0.0
2015-11-24,1073.199951171875,1079.4000244140625,1073.199951171875,1074.300048828125,1074.300048828125,222,0.0,0.0
2015-11-25,1070.199951171875,1072.0,1068.5,1070.5,1070.5,148662,0.0,0.0
2015-11-27,1070.699951171875,1074.199951171875,1051.0999755859375,1056.199951171875,1056.199951171875,52133,0.0,0.0
2015-11-30,1056.5,1068.4000244140625,1052.0999755859375,1065.800048828125,1065.800048828125,4601,0.0,0.0
2015-12-01,1064.5999755859375,1074.5999755859375,1063.4000244140625,1063.800048828125,1063.800048828125,3441,0.0,0.0
2015-12-02,1068.699951171875,1069.5,1049.5999755859375,1054.199951171875,1054.199951171875,503,0.0,0.0
2015-12-03,1054.4000244140625,1064.5999755859375,1046.199951171875,1061.699951171875,1061.699951171875,1161,0.0,0.0
2015-12-04,1063.0,1088.800048828125,1058.699951171875,1084.5,1084.5,889,0.0,0.0
2015-12-07,1084.9000244140625,1086.5,1067.4000244140625,1076.4000244140625,1076.4000244140625,656,0.0,0.0
2015-12-08,1071.0,1078.4000244140625,1069.5999755859375,1076.300048828125,1076.300048828125,306,0.0,0.0
2015-12-09,1075.0999755859375,1086.0,1070.5999755859375,1077.5999755859375,1077.5999755859375,386,0.0,0.0
2015-12-10,1073.0,1076.300048828125,1071.699951171875,1073.0999755859375,1073.0999755859375,226,0.0,0.0
2015-12-11,1067.800048828125,1079.4000244140625,1064.4000244140625,1076.9000244140625,1076.9000244140625,410,0.0,0.0
2015-12-14,1074.0,1076.699951171875,1060.0,1064.699951171875,1064.699951171875,509,0.0,0.0
2015-12-15,1064.5999755859375,1066.199951171875,1061.800048828125,1062.9000244140625,1062.9000244140625,220,0.0,0.0
2015-12-16,1064.800048828125,1078.699951171875,1064.300048828125,1078.0,1078.0,81,0.0,0.0
2015-12-17,1072.5999755859375,1072.5999755859375,1050.5,1050.800048828125,1050.800048828125,56,0.0,0.0
2015-12-18,1053.699951171875,1070.300048828125,1052.699951171875,1066.199951171875,1066.199951171875,253,0.0,0.0
2015-12-21,1070.199951171875,1081.9000244140625,1070.199951171875,1081.9000244140625,1081.9000244140625,26,0.0,0.0
2015-12-22,1078.5999755859375,1078.5999755859375,1073.800048828125,1074.800048828125,1074.800048828125,106,0.0,0.0
2015-12-23,1074.5,1074.800048828125,1069.4000244140625,1069.4000244140625,1069.4000244140625,202,0.0,0.0
2015-12-24,1074.300048828125,1077.800048828125,1073.5,1077.199951171875,1077.199951171875,24,0.0,0.0
2015-12-28,1077.9000244140625,1098.800048828125,1070.5,1070.5,1070.5,361,0.0,0.0
2015-12-29,1079.0999755859375,1079.699951171875,1077.5,1077.5,1077.5,252,0.0,0.0
2015-12-30,1068.5999755859375,1070.199951171875,1059.699951171875,1060.0999755859375,1060.0999755859375,71,0.0,0.0
2015-12-31,1061.9000244140625,1062.0,1058.5,1060.300048828125,1060.300048828125,10,0.0,0.0
2016-01-04,1063.4000244140625,1082.5,1063.199951171875,1075.0999755859375,1075.0999755859375,143,0.0,0.0
2016-01-05,1075.5999755859375,1081.5,1075.300048828125,1078.4000244140625,1078.4000244140625,82,0.0,0.0
2016-01-06,1081.5999755859375,1093.699951171875,1081.5999755859375,1091.9000244140625,1091.9000244140625,52,0.0,0.0
2016-01-07,1091.5999755859375,1109.4000244140625,1091.5999755859375,1107.699951171875,1107.699951171875,122,0.0,0.0
2016-01-08,1111.0999755859375,1111.0999755859375,1093.0,1097.800048828125,1097.800048828125,98,0.0,0.0
2016-01-11,1105.699951171875,1107.9000244140625,1096.5,1096.5,1096.5,43,0.0,0.0
2016-01-12,1093.800048828125,1098.5,1084.0,1085.5999755859375,1085.5999755859375,87,0.0,0.0
2016-01-13,1081.5,1093.9000244140625,1081.5,1087.5,1087.5,50,0.0,0.0
2016-01-14,1091.5,1091.5,1073.699951171875,1073.9000244140625,1073.9000244140625,59,0.0,0.0
2016-01-15,1085.0,1095.800048828125,1081.800048828125,1091.5,1091.5,44,0.0,0.0
2016-01-19,1089.800048828125,1094.4000244140625,1084.9000244140625,1089.9000244140625,1089.9000244140625,17,0.0,0.0
2016-01-20,1099.800048828125,1109.800048828125,1099.800048828125,1107.0999755859375,1107.0999755859375,30,0.0,0.0
2016-01-21,1103.5999755859375,1103.5999755859375,1094.0999755859375,1099.0999755859375,1099.0999755859375,16,0.0,0.0
2016-01-22,1098.0,1103.199951171875,1097.199951171875,1097.199951171875,1097.199951171875,4,0.0,0.0
2016-01-25,1099.300048828125,1109.300048828125,1099.300048828125,1106.199951171875,1106.199951171875,8,0.0,0.0
2016-01-26,1115.0999755859375,1121.699951171875,1114.300048828125,1121.699951171875,1121.699951171875,181,0.0,0.0
2016-01-27,1117.800048828125,1117.800048828125,1115.800048828125,1116.0999755859375,1116.0999755859375,168706,0.0,0.0
2016-01-28,1125.4000244140625,1125.699951171875,1109.800048828125,1115.5999755859375,1115.5999755859375,52861,0.0,0.0
2016-01-29,1114.4000244140625,1118.5999755859375,1108.800048828125,1116.4000244140625,1116.4000244140625,6955,0.0,0.0
2016-02-01,1116.699951171875,1130.0,1115.300048828125,1127.9000244140625,1127.9000244140625,1682,0.0,0.0
2016-02-02,1128.300048828125,1131.4000244140625,1123.0,1127.300048828125,1127.300048828125,1230,0.0,0.0
2016-02-03,1128.5,1146.0,1125.0,1141.300048828125,1141.300048828125,1630,0.0,0.0
2016-02-04,1142.5,1157.5999755859375,1141.0,1157.5999755859375,1157.5999755859375,771,0.0,0.0
2016-02-05,1155.5999755859375,1174.800048828125,1146.0,1157.800048828125,1157.800048828125,877,0.0,0.0
2016-02-08,1173.5,1200.4000244140625,1165.0,1197.9000244140625,1197.9000244140625,931,0.0,0.0
2016-02-09,1188.699951171875,1199.199951171875,1186.699951171875,1198.699951171875,1198.699951171875,700,0.0,0.0
2016-02-10,1189.800048828125,1197.699951171875,1182.0999755859375,1194.699951171875,1194.699951171875,671,0.0,0.0
2016-02-11,1205.5999755859375,1260.800048828125,1204.5999755859375,1247.9000244140625,1247.9000244140625,995,0.0,0.0
2016-02-12,1247.800048828125,1247.800048828125,1233.5,1239.0999755859375,1239.0999755859375,250,0.0,0.0
2016-02-16,1233.0999755859375,1233.5999755859375,1193.5999755859375,1207.9000244140625,1207.9000244140625,422,0.0,0.0
2016-02-17,1196.5,1212.9000244140625,1196.5,1211.0999755859375,1211.0999755859375,53,0.0,0.0
2016-02-18,1209.5999755859375,1239.199951171875,1201.5999755859375,1226.0999755859375,1226.0999755859375,315,0.0,0.0
2016-02-19,1230.800048828125,1232.800048828125,1221.800048828125,1230.4000244140625,1230.4000244140625,76,0.0,0.0
2016-02-22,1226.0999755859375,1226.0999755859375,1203.0,1209.5,1209.5,280,0.0,0.0
2016-02-23,1207.4000244140625,1226.0999755859375,1207.4000244140625,1222.300048828125,1222.300048828125,351,0.0,0.0
2016-02-24,1230.0,1250.0999755859375,1230.0,1238.699951171875,1238.699951171875,111,0.0,0.0
2016-02-25,1239.4000244140625,1241.5,1235.0,1238.199951171875,1238.199951171875,1349,0.0,0.0
2016-02-26,1232.4000244140625,1239.0999755859375,1212.199951171875,1219.800048828125,1219.800048828125,656,0.0,0.0
2016-02-29,1218.5999755859375,1241.0,1218.5999755859375,1233.9000244140625,1233.9000244140625,580,0.0,0.0
2016-03-01,1240.5,1248.4000244140625,1229.0,1230.300048828125,1230.300048828125,477,0.0,0.0
2016-03-02,1232.800048828125,1242.5999755859375,1226.0,1241.0999755859375,1241.0999755859375,267,0.0,0.0
2016-03-03,1238.4000244140625,1267.9000244140625,1238.0,1257.4000244140625,1257.4000244140625,123,0.0,0.0
2016-03-04,1263.0,1279.9000244140625,1250.9000244140625,1269.9000244140625,1269.9000244140625,268,0.0,0.0
2016-03-07,1259.800048828125,1272.300048828125,1259.699951171875,1263.199951171875,1263.199951171875,67,0.0,0.0
2016-03-08,1268.699951171875,1276.300048828125,1261.0,1262.0999755859375,1262.0999755859375,43,0.0,0.0
2016-03-09,1254.5,1260.0,1244.800048828125,1256.5999755859375,1256.5999755859375,79,0.0,0.0
2016-03-10,1250.0,1273.0,1237.5,1272.0,1272.0,119,0.0,0.0
2016-03-11,1270.0,1280.699951171875,1249.4000244140625,1258.699951171875,1258.699951171875,87,0.0,0.0
2016-03-14,1256.0,1258.0,1234.5,1244.4000244140625,1244.4000244140625,58,0.0,0.0
2016-03-15,1228.300048828125,1236.0,1228.0,1230.4000244140625,1230.4000244140625,37,0.0,0.0
2016-03-16,1229.5,1263.800048828125,1228.9000244140625,1229.300048828125,1229.300048828125,45,0.0,0.0
2016-03-17,1261.5,1270.0999755859375,1255.9000244140625,1264.5,1264.5,27,0.0,0.0
2016-03-18,1257.0999755859375,1264.4000244140625,1251.5,1253.800048828125,1253.800048828125,542,0.0,0.0
2016-03-21,1256.199951171875,1256.199951171875,1243.4000244140625,1243.800048828125,1243.800048828125,1061,0.0,0.0
2016-03-22,1244.0,1252.4000244140625,1243.800048828125,1248.199951171875,1248.199951171875,20,0.0,0.0
2016-03-23,1247.699951171875,1247.699951171875,1218.5999755859375,1223.699951171875,1223.699951171875,28,0.0,0.0
2016-03-24,1214.199951171875,1221.4000244140625,1214.199951171875,1221.4000244140625,1221.4000244140625,13,0.0,0.0
2016-03-28,1211.5,1222.199951171875,1210.0,1219.9000244140625,1219.9000244140625,33,0.0,0.0
2016-03-29,1217.800048828125,1235.5999755859375,1217.699951171875,1235.5999755859375,1235.5999755859375,189732,0.0,0.0
2016-03-30,1241.4000244140625,1245.0,1223.4000244140625,1226.9000244140625,1226.9000244140625,48248,0.0,0.0
2016-03-31,1225.5999755859375,1239.5999755859375,1224.5,1234.199951171875,1234.199951171875,3377,0.0,0.0
2016-04-01,1232.300048828125,1235.199951171875,1209.199951171875,1222.199951171875,1222.199951171875,1602,0.0,0.0
2016-04-04,1221.699951171875,1222.300048828125,1215.0,1218.0,1218.0,2038,0.0,0.0
2016-04-05,1215.4000244140625,1236.699951171875,1215.4000244140625,1228.4000244140625,1228.4000244140625,477,0.0,0.0
2016-04-06,1230.4000244140625,1230.4000244140625,1217.5999755859375,1222.5,1222.5,248,0.0,0.0
2016-04-07,1224.800048828125,1242.9000244140625,1224.5999755859375,1236.199951171875,1236.199951171875,375,0.0,0.0
2016-04-08,1241.0,1242.800048828125,1232.0,1242.5,1242.5,409,0.0,0.0
2016-04-11,1241.5,1258.699951171875,1241.5,1256.699951171875,1256.699951171875,437,0.0,0.0
2016-04-12,1260.0,1261.699951171875,1253.699951171875,1259.4000244140625,1259.4000244140625,185,0.0,0.0
2016-04-13,1256.5,1256.9000244140625,1241.300048828125,1246.800048828125,1246.800048828125,203,0.0,0.0
2016-04-14,1231.4000244140625,1243.699951171875,1224.5,1225.0,1225.0,264,0.0,0.0
2016-04-15,1225.699951171875,1235.0,1225.699951171875,1233.0999755859375,1233.0999755859375,97,0.0,0.0
2016-04-18,1238.699951171875,1241.0999755859375,1232.199951171875,1233.5999755859375,1233.5999755859375,304,0.0,0.0
2016-04-19,1231.5999755859375,1256.199951171875,1228.800048828125,1253.0,1253.0,386,0.0,0.0
2016-04-20,1256.0999755859375,1256.0999755859375,1243.0,1253.199951171875,1253.199951171875,180,0.0,0.0
2016-04-21,1247.699951171875,1270.5999755859375,1247.5999755859375,1249.0,1249.0,124,0.0,0.0
2016-04-22,1248.5,1248.5,1228.0,1228.699951171875,1228.699951171875,188,0.0,0.0
2016-04-25,1231.5999755859375,1240.9000244140625,1231.5999755859375,1238.9000244140625,1238.9000244140625,442,0.0,0.0
2016-04-26,1239.800048828125,1244.199951171875,1233.0,1242.199951171875,1242.199951171875,97,0.0,0.0
2016-04-27,1248.5999755859375,1249.5,1248.5999755859375,1249.199951171875,1249.199951171875,547,0.0,0.0
2016-04-28,1245.9000244140625,1270.0999755859375,1238.5,1265.5,1265.5,887,0.0,0.0
2016-04-29,1267.300048828125,1295.5,1267.199951171875,1289.199951171875,1289.199951171875,464,0.0,0.0
2016-05-02,1292.0999755859375,1304.4000244140625,1290.4000244140625,1294.699951171875,1294.699951171875,192,0.0,0.0
2016-05-03,1292.699951171875,1301.5,1284.5,1290.699951171875,1290.699951171875,151,0.0,0.0
2016-05-04,1286.9000244140625,1290.0,1273.0,1273.300048828125,1273.300048828125,109,0.0,0.0
2016-05-05,1282.9000244140625,1286.0,1270.800048828125,1271.4000244140625,1271.4000244140625,330,0.0,0.0
2016-05-06,1278.5999755859375,1295.5999755859375,1276.9000244140625,1292.9000244140625,1292.9000244140625,305,0.0,0.0
2016-05-09,1286.5,1286.5,1262.300048828125,1265.5999755859375,1265.5999755859375,341,0.0,0.0
2016-05-10,1265.0999755859375,1267.4000244140625,1258.699951171875,1263.9000244140625,1263.9000244140625,23,0.0,0.0
2016-05-11,1266.9000244140625,1279.199951171875,1266.9000244140625,1274.5999755859375,1274.5999755859375,50,0.0,0.0
2016-05-12,1267.0,1281.199951171875,1264.0,1270.300048828125,1270.300048828125,101,0.0,0.0
2016-05-13,1271.4000244140625,1275.699951171875,1264.5999755859375,1271.9000244140625,1271.9000244140625,66,0.0,0.0
2016-05-16,1272.800048828125,1287.800048828125,1272.800048828125,1273.4000244140625,1273.4000244140625,44,0.0,0.0
2016-05-17,1272.5,1281.5999755859375,1270.800048828125,1276.199951171875,1276.199951171875,16,0.0,0.0
2016-05-18,1276.4000244140625,1276.4000244140625,1256.800048828125,1273.699951171875,1273.699951171875,17,0.0,0.0
2016-05-19,1248.0,1255.5,1247.5,1254.199951171875,1254.199951171875,69,0.0,0.0
2016-05-20,1256.5999755859375,1256.5999755859375,1252.4000244140625,1252.4000244140625,1252.4000244140625,44,0.0,0.0
2016-05-23,1251.5999755859375,1251.5999755859375,1247.5,1251.0999755859375,1251.0999755859375,56,0.0,0.0
2016-05-24,1240.0,1240.0,1228.199951171875,1228.9000244140625,1228.9000244140625,20,0.0,0.0
2016-05-25,1219.300048828125,1223.5,1218.5999755859375,1223.5,1223.5,5,0.0,0.0
2016-05-26,1232.5999755859375,1232.5999755859375,1220.0999755859375,1220.0999755859375,1220.0999755859375,199778,0.0,0.0
2016-05-27,1220.300048828125,1223.199951171875,1206.4000244140625,1213.800048828125,1213.800048828125,63739,0.0,0.0
2016-05-31,1212.5,1217.5999755859375,1199.0,1214.800048828125,1214.800048828125,6432,0.0,0.0
2016-06-01,1215.699951171875,1219.800048828125,1205.4000244140625,1211.9000244140625,1211.9000244140625,2717,0.0,0.0
2016-06-02,1212.4000244140625,1217.0,1209.5999755859375,1209.800048828125,1209.800048828125,1627,0.0,0.0
2016-06-03,1209.0999755859375,1244.5,1206.4000244140625,1240.0999755859375,1240.0999755859375,1622,0.0,0.0
2016-06-06,1244.4000244140625,1247.300048828125,1240.0,1244.5999755859375,1244.5999755859375,1135,0.0,0.0
2016-06-07,1244.0,1244.9000244140625,1236.5,1244.4000244140625,1244.4000244140625,281,0.0,0.0
2016-06-08,1247.5999755859375,1264.0,1247.300048828125,1259.800048828125,1259.800048828125,406,0.0,0.0
2016-06-09,1262.5,1271.4000244140625,1258.0999755859375,1270.199951171875,1270.199951171875,381,0.0,0.0
2016-06-10,1267.5999755859375,1278.0,1265.300048828125,1273.4000244140625,1273.4000244140625,397,0.0,0.0
2016-06-13,1276.199951171875,1287.300048828125,1273.0,1284.4000244140625,1284.4000244140625,328,0.0,0.0
2016-06-14,1281.800048828125,1289.699951171875,1277.800048828125,1285.5999755859375,1285.5999755859375,554,0.0,0.0
2016-06-15,1284.5999755859375,1296.199951171875,1278.800048828125,1285.800048828125,1285.800048828125,162,0.0,0.0
2016-06-16,1296.300048828125,1316.4000244140625,1281.0999755859375,1296.0999755859375,1296.0999755859375,251,0.0,0.0
2016-06-17,1280.300048828125,1300.0999755859375,1280.300048828125,1292.5,1292.5,129,0.0,0.0
2016-06-20,1288.9000244140625,1291.199951171875,1280.300048828125,1290.0,1290.0,153,0.0,0.0
2016-06-21,1293.9000244140625,1293.9000244140625,1266.300048828125,1270.5,1270.5,134,0.0,0.0
2016-06-22,1267.0,1269.199951171875,1264.9000244140625,1268.0,1268.0,53,0.0,0.0
2016-06-23,1263.4000244140625,1270.5,1255.199951171875,1261.199951171875,1261.199951171875,218,0.0,0.0
2016-06-24,1253.699951171875,1355.5999755859375,1253.699951171875,1320.0,1320.0,694,0.0,0.0
2016-06-27,1330.0,1331.699951171875,1320.0,1322.5,1322.5,92,0.0,0.0
2016-06-28,1314.800048828125,1315.5999755859375,1314.0999755859375,1315.300048828125,1315.300048828125,1072,0.0,0.0
2016-06-29,1311.5999755859375,1327.4000244140625,1311.5999755859375,1323.9000244140625,1323.9000244140625,414,0.0,0.0
2016-06-30,1315.800048828125,1323.5,1314.5,1318.4000244140625,1318.4000244140625,560,0.0,0.0
2016-07-01,1324.5,1344.199951171875,1321.9000244140625,1336.699951171875,1336.699951171875,137,0.0,0.0
2016-07-05,1342.199951171875,1356.800048828125,1339.699951171875,1356.4000244140625,1356.4000244140625,90,0.0,0.0
2016-07-06,1359.0,1374.9000244140625,1359.0,1364.9000244140625,1364.9000244140625,130,0.0,0.0
2016-07-07,1366.800048828125,1368.5999755859375,1350.5,1360.0999755859375,1360.0999755859375,207,0.0,0.0
2016-07-08,1361.300048828125,1365.800048828125,1335.0,1356.5999755859375,1356.5999755859375,249,0.0,0.0
2016-07-11,1371.699951171875,1371.800048828125,1353.0,1355.0,1355.0,26,0.0,0.0
2016-07-12,1353.5999755859375,1356.0,1330.300048828125,1334.0999755859375,1334.0999755859375,252,0.0,0.0
2016-07-13,1341.5,1342.4000244140625,1336.699951171875,1342.4000244140625,1342.4000244140625,7,0.0,0.0
2016-07-14,1341.4000244140625,1341.4000244140625,1322.699951171875,1331.300048828125,1331.300048828125,20,0.0,0.0
2016-07-15,1333.699951171875,1333.699951171875,1322.9000244140625,1326.5,1326.5,52,0.0,0.0
2016-07-18,1327.5,1335.0,1326.199951171875,1328.4000244140625,1328.4000244140625,54,0.0,0.0
2016-07-19,1328.5,1333.199951171875,1326.4000244140625,1331.5,1331.5,322,0.0,0.0
2016-07-20,1331.0,1337.5,1315.5,1318.800048828125,1318.800048828125,751,0.0,0.0
2016-07-21,1312.800048828125,1330.5,1312.800048828125,1330.5,1330.5,318,0.0,0.0
2016-07-22,1330.699951171875,1330.699951171875,1320.4000244140625,1323.0999755859375,1323.0999755859375,55,0.0,0.0
2016-07-25,1315.699951171875,1319.300048828125,1313.800048828125,1319.300048828125,1319.300048828125,548,0.0,0.0
2016-07-26,1315.199951171875,1320.699951171875,1315.199951171875,1320.699951171875,1320.699951171875,63,0.0,0.0
2016-07-27,1326.0,1326.5999755859375,1326.0,1326.5999755859375,1326.5999755859375,215388,0.0,0.0
2016-07-28,1339.5,1344.300048828125,1330.0999755859375,1332.300048828125,1332.300048828125,56908,0.0,0.0
2016-07-29,1333.199951171875,1353.300048828125,1325.800048828125,1349.0,1349.0,6076,0.0,0.0
2016-08-01,1348.800048828125,1353.5,1345.5999755859375,1351.4000244140625,1351.4000244140625,1257,0.0,0.0
2016-08-02,1352.0999755859375,1366.0,1346.5999755859375,1364.4000244140625,1364.4000244140625,2941,0.0,0.0
2016-08-03,1362.4000244140625,1364.699951171875,1353.300048828125,1356.0999755859375,1356.0999755859375,715,0.0,0.0
2016-08-04,1354.4000244140625,1361.5999755859375,1347.0,1358.800048828125,1358.800048828125,381,0.0,0.0
2016-08-05,1357.5999755859375,1360.800048828125,1333.699951171875,1336.4000244140625,1336.4000244140625,1107,0.0,0.0
2016-08-08,1330.0,1335.4000244140625,1327.800048828125,1333.4000244140625,1333.4000244140625,587,0.0,0.0
2016-08-09,1331.800048828125,1339.4000244140625,1328.5,1339.0,1339.0,620,0.0,0.0
2016-08-10,1344.800048828125,1354.199951171875,1344.300048828125,1344.300048828125,1344.300048828125,110,0.0,0.0
2016-08-11,1341.5999755859375,1350.4000244140625,1334.800048828125,1342.5,1342.5,666,0.0,0.0
2016-08-12,1336.800048828125,1351.800048828125,1333.199951171875,1335.800048828125,1335.800048828125,113,0.0,0.0
2016-08-15,1336.5,1340.5999755859375,1333.5999755859375,1340.300048828125,1340.300048828125,62,0.0,0.0
2016-08-16,1342.199951171875,1355.0,1341.0,1350.5,1350.5,338,0.0,0.0
2016-08-17,1345.5,1347.300048828125,1338.5999755859375,1342.699951171875,1342.699951171875,135,0.0,0.0
2016-08-18,1351.300048828125,1354.4000244140625,1348.199951171875,1351.199951171875,1351.199951171875,140,0.0,0.0
2016-08-19,1350.0999755859375,1350.0999755859375,1338.5999755859375,1340.4000244140625,1340.4000244140625,197,0.0,0.0
2016-08-22,1334.4000244140625,1337.699951171875,1333.300048828125,1337.699951171875,1337.699951171875,117,0.0,0.0
2016-08-23,1337.0,1341.199951171875,1334.300048828125,1340.5999755859375,1340.5999755859375,551,0.0,0.0
2016-08-24,1337.199951171875,1337.199951171875,1322.9000244140625,1324.4000244140625,1324.4000244140625,262,0.0,0.0
2016-08-25,1321.4000244140625,1324.0,1317.0,1320.0999755859375,1320.0999755859375,58,0.0,0.0
2016-08-26,1323.800048828125,1340.5,1320.0999755859375,1321.5,1321.5,141,0.0,0.0
2016-08-29,1315.0,1323.0,1315.0,1322.9000244140625,1322.9000244140625,437,0.0,0.0
2016-08-30,1322.0,1322.0999755859375,1308.0,1311.699951171875,1311.699951171875,705,0.0,0.0
2016-08-31,1310.300048828125,1313.699951171875,1306.300048828125,1306.9000244140625,1306.9000244140625,214,0.0,0.0
2016-09-01,1305.300048828125,1313.0999755859375,1301.5,1312.199951171875,1312.199951171875,225,0.0,0.0
2016-09-02,1309.5999755859375,1326.699951171875,1309.199951171875,1322.0999755859375,1322.0999755859375,55,0.0,0.0
2016-09-06,1323.300048828125,1349.4000244140625,1323.199951171875,1349.4000244140625,1349.4000244140625,46,0.0,0.0
2016-09-07,1348.4000244140625,1350.5,1343.9000244140625,1344.300048828125,1344.300048828125,14,0.0,0.0
2016-09-08,1344.800048828125,1345.4000244140625,1335.699951171875,1336.800048828125,1336.800048828125,30,0.0,0.0
2016-09-09,1338.5,1338.5,1328.0,1330.0999755859375,1330.0999755859375,35,0.0,0.0
2016-09-12,1327.0,1329.300048828125,1319.9000244140625,1321.0,1321.0,177,0.0,0.0
2016-09-13,1324.5999755859375,1324.5999755859375,1315.0,1319.0,1319.0,79,0.0,0.0
2016-09-14,1319.199951171875,1322.300048828125,1319.199951171875,1321.5,1321.5,73,0.0,0.0
2016-09-15,1320.699951171875,1320.699951171875,1310.800048828125,1313.5,1313.5,37,0.0,0.0
2016-09-16,1312.199951171875,1312.5999755859375,1305.800048828125,1305.800048828125,1305.800048828125,4,0.0,0.0
2016-09-19,1313.5,1313.5,1313.5,1313.5,1313.5,20,0.0,0.0
2016-09-20,1313.699951171875,1313.699951171875,1313.699951171875,1313.699951171875,1313.699951171875,97,0.0,0.0
2016-09-21,1326.300048828125,1326.9000244140625,1324.0,1326.9000244140625,1326.9000244140625,76,0.0,0.0
2016-09-22,1338.5999755859375,1340.4000244140625,1338.199951171875,1340.4000244140625,1340.4000244140625,23,0.0,0.0
2016-09-23,1337.199951171875,1337.199951171875,1337.199951171875,1337.199951171875,1337.199951171875,40,0.0,0.0
2016-09-26,1335.199951171875,1341.800048828125,1335.199951171875,1339.699951171875,1339.699951171875,24,0.0,0.0
2016-09-27,1328.0,1328.699951171875,1325.9000244140625,1325.9000244140625,1325.9000244140625,48,0.0,0.0
2016-09-28,1319.4000244140625,1319.4000244140625,1319.4000244140625,1319.4000244140625,1319.4000244140625,10551,0.0,0.0
2016-09-29,1321.199951171875,1325.0,1314.699951171875,1321.699951171875,1321.699951171875,6108,0.0,0.0
2016-09-30,1320.5999755859375,1327.699951171875,1312.9000244140625,1313.300048828125,1313.300048828125,868,0.0,0.0
2016-10-03,1313.5,1316.800048828125,1308.199951171875,1309.0,1309.0,299,0.0,0.0
2016-10-04,1307.5999755859375,1310.199951171875,1266.300048828125,1266.300048828125,1266.300048828125,1893,0.0,0.0
2016-10-05,1272.0999755859375,1274.0,1261.300048828125,1265.199951171875,1265.199951171875,246,0.0,0.0
2016-10-06,1265.300048828125,1265.300048828125,1249.800048828125,1249.800048828125,1249.800048828125,114,0.0,0.0
2016-10-07,1253.9000244140625,1263.5999755859375,1248.9000244140625,1248.9000244140625,1248.9000244140625,169,0.0,0.0
2016-10-11,1258.9000244140625,1258.9000244140625,1253.0,1253.0,1253.0,26,0.0,0.0
2016-10-12,1251.699951171875,1254.0,1251.0999755859375,1251.0999755859375,1251.0999755859375,127,0.0,0.0
2016-10-13,1258.699951171875,1259.0,1255.0,1255.0,1255.0,315,0.0,0.0
2016-10-14,1253.9000244140625,1253.9000244140625,1250.5999755859375,1253.0999755859375,1253.0999755859375,311,0.0,0.0
2016-10-17,1249.9000244140625,1255.0,1249.9000244140625,1254.4000244140625,1254.4000244140625,41,0.0,0.0
2016-10-18,1260.9000244140625,1261.699951171875,1260.800048828125,1260.800048828125,1260.800048828125,11,0.0,0.0
2016-10-19,1262.9000244140625,1271.5,1262.9000244140625,1267.9000244140625,1267.9000244140625,219,0.0,0.0
2016-10-20,1270.0,1270.5,1265.5,1265.5999755859375,1265.5999755859375,415,0.0,0.0
2016-10-21,1265.9000244140625,1265.9000244140625,1265.9000244140625,1265.9000244140625,1265.9000244140625,224,0.0,0.0
2016-10-24,1269.199951171875,1269.199951171875,1261.800048828125,1262.0,1262.0,42,0.0,0.0
2016-10-25,1264.0999755859375,1274.0999755859375,1264.0999755859375,1271.9000244140625,1271.9000244140625,61,0.0,0.0
2016-10-26,1274.0,1274.0,1264.800048828125,1264.800048828125,1264.800048828125,279,0.0,0.0
2016-10-27,1269.4000244140625,1269.4000244140625,1267.9000244140625,1267.9000244140625,1267.9000244140625,338,0.0,0.0
2016-10-28,1270.300048828125,1281.5,1262.0,1275.5,1275.5,560,0.0,0.0
2016-10-31,1276.5999755859375,1276.5999755859375,1271.5,1271.5,1271.5,58,0.0,0.0
2016-11-01,1279.300048828125,1290.699951171875,1279.0,1286.4000244140625,1286.4000244140625,49,0.0,0.0
2016-11-02,1288.300048828125,1307.0,1288.300048828125,1306.800048828125,1306.800048828125,30,0.0,0.0
2016-11-03,1296.4000244140625,1303.0999755859375,1287.300048828125,1302.0999755859375,1302.0999755859375,73,0.0,0.0
2016-11-04,1300.0,1303.300048828125,1296.699951171875,1303.300048828125,1303.300048828125,11,0.0,0.0
2016-11-07,1292.0,1294.5,1278.300048828125,1278.300048828125,1278.300048828125,34,0.0,0.0
2016-11-08,1284.0999755859375,1289.4000244140625,1273.199951171875,1273.4000244140625,1273.4000244140625,50,0.0,0.0
2016-11-09,1272.199951171875,1318.5999755859375,1270.0,1272.5999755859375,1272.5999755859375,108,0.0,0.0
2016-11-10,1274.4000244140625,1287.5,1253.300048828125,1265.5,1265.5,63,0.0,0.0
2016-11-14,1227.800048828125,1229.5,1210.4000244140625,1221.199951171875,1221.199951171875,216,0.0,0.0
2016-11-15,1224.300048828125,1226.0,1222.5,1224.0,1224.0,20,0.0,0.0
2016-11-16,1229.300048828125,1229.300048828125,1223.0,1223.4000244140625,1223.4000244140625,66,0.0,0.0
2016-11-17,1224.5999755859375,1225.0,1211.0,1216.5,1216.5,1139,0.0,0.0
2016-11-18,1211.9000244140625,1211.9000244140625,1207.199951171875,1208.5,1208.5,607,0.0,0.0
2016-11-21,1209.5999755859375,1209.5999755859375,1209.5999755859375,1209.5999755859375,1209.5999755859375,19,0.0,0.0
2016-11-22,1210.4000244140625,1211.0999755859375,1207.5999755859375,1211.0,1211.0,19,0.0,0.0
2016-11-23,1212.800048828125,1213.800048828125,1186.800048828125,1189.0999755859375,1189.0999755859375,309,0.0,0.0
2016-11-25,1177.0,1189.300048828125,1177.0,1178.199951171875,1178.199951171875,14,0.0,0.0
2016-11-28,1188.0,1190.5999755859375,1188.0,1190.5999755859375,1190.5999755859375,189914,0.0,0.0
2016-11-29,1193.199951171875,1194.800048828125,1179.4000244140625,1187.9000244140625,1187.9000244140625,42124,0.0,0.0
2016-11-30,1187.0999755859375,1193.300048828125,1167.9000244140625,1170.800048828125,1170.800048828125,7158,0.0,0.0
2016-12-01,1172.699951171875,1174.5999755859375,1160.0,1166.9000244140625,1166.9000244140625,1588,0.0,0.0
2016-12-02,1172.300048828125,1177.300048828125,1166.4000244140625,1175.0999755859375,1175.0999755859375,1521,0.0,0.0
2016-12-05,1181.800048828125,1186.699951171875,1157.0,1174.0,1174.0,358,0.0,0.0
2016-12-06,1170.9000244140625,1174.5,1167.0999755859375,1167.5999755859375,1167.5999755859375,652,0.0,0.0
2016-12-07,1167.699951171875,1178.5,1166.4000244140625,1175.0,1175.0,182,0.0,0.0
2016-12-08,1173.800048828125,1177.800048828125,1169.0999755859375,1169.800048828125,1169.800048828125,322,0.0,0.0
2016-12-09,1166.5999755859375,1168.800048828125,1156.0,1159.4000244140625,1159.4000244140625,365,0.0,0.0
2016-12-12,1158.300048828125,1163.9000244140625,1153.0,1163.5,1163.5,331,0.0,0.0
2016-12-13,1163.5,1164.0,1155.4000244140625,1156.699951171875,1156.699951171875,637,0.0,0.0
2016-12-14,1159.800048828125,1164.0,1142.0,1161.300048828125,1161.300048828125,487,0.0,0.0
2016-12-15,1139.800048828125,1143.300048828125,1123.9000244140625,1127.800048828125,1127.800048828125,244,0.0,0.0
2016-12-16,1126.9000244140625,1140.9000244140625,1126.9000244140625,1135.300048828125,1135.300048828125,146,0.0,0.0
2016-12-19,1139.4000244140625,1140.699951171875,1137.9000244140625,1140.5,1140.5,249,0.0,0.0
2016-12-20,1133.5,1133.5,1126.5,1131.5,1131.5,46,0.0,0.0
2016-12-21,1136.0999755859375,1136.0999755859375,1130.0,1131.0999755859375,1131.0999755859375,50,0.0,0.0
2016-12-22,1131.199951171875,1132.800048828125,1128.300048828125,1128.800048828125,1128.800048828125,104,0.0,0.0
2016-12-23,1130.9000244140625,1132.800048828125,1130.300048828125,1131.9000244140625,1131.9000244140625,70,0.0,0.0
2016-12-27,1134.300048828125,1142.199951171875,1134.300048828125,1137.300048828125,1137.300048828125,84,0.0,0.0
2016-12-28,1141.199951171875,1141.199951171875,1138.0,1139.4000244140625,1139.4000244140625,1570,0.0,0.0
2016-12-29,1143.800048828125,1158.800048828125,1143.5999755859375,1156.4000244140625,1156.4000244140625,950,0.0,0.0
2016-12-30,1162.0,1162.0,1150.0,1150.0,1150.0,16,0.0,0.0
2017-01-03,1155.199951171875,1160.800048828125,1146.5,1160.4000244140625,1160.4000244140625,52,0.0,0.0
2017-01-04,1156.300048828125,1165.0,1156.300048828125,1163.800048828125,1163.800048828125,36,0.0,0.0
2017-01-05,1172.0,1183.300048828125,1171.5,1179.699951171875,1179.699951171875,500,0.0,0.0
2017-01-06,1176.5,1176.5,1171.9000244140625,1171.9000244140625,1171.9000244140625,16,0.0,0.0
2017-01-09,1173.9000244140625,1183.5999755859375,1173.0,1183.5,1183.5,62,0.0,0.0
2017-01-10,1184.300048828125,1188.9000244140625,1182.300048828125,1184.199951171875,1184.199951171875,8,0.0,0.0
2017-01-11,1187.5,1197.0,1176.5,1195.5999755859375,1195.5999755859375,20,0.0,0.0
2017-01-12,1192.699951171875,1204.300048828125,1192.300048828125,1198.9000244140625,1198.9000244140625,110,0.0,0.0
2017-01-13,1195.699951171875,1196.0,1187.699951171875,1195.300048828125,1195.300048828125,65,0.0,0.0
2017-01-17,1205.5,1214.5999755859375,1200.800048828125,1212.0,1212.0,79,0.0,0.0
2017-01-18,1213.5999755859375,1214.699951171875,1203.0999755859375,1211.300048828125,1211.300048828125,114,0.0,0.0
2017-01-19,1200.5,1204.0,1195.800048828125,1200.9000244140625,1200.9000244140625,26,0.0,0.0
2017-01-20,1202.800048828125,1212.0999755859375,1202.800048828125,1204.300048828125,1204.300048828125,38,0.0,0.0
2017-01-23,1212.0,1215.0,1210.0,1215.0,1215.0,16,0.0,0.0
2017-01-24,1219.0,1219.0,1207.699951171875,1210.300048828125,1210.300048828125,24,0.0,0.0
2017-01-25,1202.0,1202.800048828125,1194.9000244140625,1197.300048828125,1197.300048828125,403,0.0,0.0
2017-01-26,1199.699951171875,1199.699951171875,1185.5999755859375,1189.5,1189.5,19,0.0,0.0
2017-01-27,1187.9000244140625,1188.300048828125,1187.9000244140625,1188.0999755859375,1188.0999755859375,234352,0.0,0.0
2017-01-30,1191.699951171875,1198.5,1187.0999755859375,1193.199951171875,1193.199951171875,50503,0.0,0.0
2017-01-31,1194.9000244140625,1214.699951171875,1193.5,1208.5999755859375,1208.5999755859375,3212,0.0,0.0
2017-02-01,1211.9000244140625,1211.9000244140625,1197.9000244140625,1205.5999755859375,1205.5999755859375,1145,0.0,0.0
2017-02-02,1209.699951171875,1224.199951171875,1208.9000244140625,1216.699951171875,1216.699951171875,1512,0.0,0.0
2017-02-03,1214.9000244140625,1220.5999755859375,1206.199951171875,1218.5,1218.5,865,0.0,0.0
2017-02-06,1221.9000244140625,1235.4000244140625,1218.5,1230.0,1230.0,908,0.0,0.0
2017-02-07,1234.199951171875,1236.199951171875,1228.5,1234.199951171875,1234.199951171875,1177,0.0,0.0
2017-02-08,1232.0999755859375,1243.9000244140625,1231.0,1237.5999755859375,1237.5999755859375,288,0.0,0.0
2017-02-09,1239.4000244140625,1243.5,1226.9000244140625,1235.0999755859375,1235.0999755859375,885,0.0,0.0
2017-02-10,1227.5999755859375,1234.4000244140625,1221.5,1234.4000244140625,1234.4000244140625,391,0.0,0.0
2017-02-13,1230.5,1231.0999755859375,1219.0,1224.4000244140625,1224.4000244140625,398,0.0,0.0
2017-02-14,1225.9000244140625,1233.5,1222.0999755859375,1223.9000244140625,1223.9000244140625,159,0.0,0.0
2017-02-15,1225.5,1231.699951171875,1217.300048828125,1231.699951171875,1231.699951171875,175,0.0,0.0
2017-02-16,1234.5,1240.699951171875,1233.199951171875,1240.0,1240.0,87,0.0,0.0
2017-02-17,1240.699951171875,1241.199951171875,1234.800048828125,1237.5999755859375,1237.5999755859375,301,0.0,0.0
2017-02-21,1237.300048828125,1237.5,1228.0999755859375,1237.5,1237.5,119,0.0,0.0
2017-02-22,1236.0999755859375,1238.5999755859375,1231.800048828125,1232.0,1232.0,36,0.0,0.0
2017-02-23,1236.0999755859375,1250.300048828125,1236.0999755859375,1250.199951171875,1250.199951171875,112,0.0,0.0
2017-02-24,1250.0,1258.800048828125,1250.0,1256.9000244140625,1256.9000244140625,1264,0.0,0.0
2017-02-27,1254.699951171875,1263.0999755859375,1250.4000244140625,1257.4000244140625,1257.4000244140625,544,0.0,0.0
2017-02-28,1253.5999755859375,1257.300048828125,1247.199951171875,1252.5999755859375,1252.5999755859375,721,0.0,0.0
2017-03-01,1247.800048828125,1248.9000244140625,1236.9000244140625,1248.9000244140625,1248.9000244140625,138,0.0,0.0
2017-03-02,1247.199951171875,1247.5999755859375,1230.699951171875,1231.9000244140625,1231.9000244140625,79,0.0,0.0
2017-03-03,1231.699951171875,1235.199951171875,1222.9000244140625,1225.5,1225.5,121,0.0,0.0
2017-03-06,1235.199951171875,1235.199951171875,1224.5,1224.5,1224.5,29,0.0,0.0
2017-03-07,1224.300048828125,1225.4000244140625,1213.699951171875,1215.0999755859375,1215.0999755859375,53,0.0,0.0
2017-03-08,1212.199951171875,1212.199951171875,1206.699951171875,1208.5,1208.5,24,0.0,0.0
2017-03-09,1204.5,1205.5999755859375,1202.300048828125,1202.4000244140625,1202.4000244140625,37,0.0,0.0
2017-03-10,1196.199951171875,1203.300048828125,1196.199951171875,1200.699951171875,1200.699951171875,3,0.0,0.0
2017-03-13,1206.199951171875,1210.0,1202.300048828125,1202.4000244140625,1202.4000244140625,35,0.0,0.0
2017-03-14,1203.0999755859375,1205.9000244140625,1196.800048828125,1201.9000244140625,1201.9000244140625,22,0.0,0.0
2017-03-15,1198.199951171875,1221.199951171875,1197.699951171875,1200.0999755859375,1200.0999755859375,36,0.0,0.0
2017-03-16,1222.199951171875,1231.4000244140625,1222.199951171875,1226.5,1226.5,47,0.0,0.0
2017-03-17,1227.0999755859375,1230.9000244140625,1227.0999755859375,1229.800048828125,1229.800048828125,26,0.0,0.0
2017-03-20,1229.300048828125,1234.4000244140625,1229.300048828125,1233.5999755859375,1233.5999755859375,23,0.0,0.0
2017-03-21,1226.4000244140625,1246.0999755859375,1226.4000244140625,1246.0999755859375,1246.0999755859375,11,0.0,0.0
2017-03-22,1247.9000244140625,1249.5,1247.699951171875,1249.300048828125,1249.300048828125,3,0.0,0.0
2017-03-23,1246.4000244140625,1247.5,1244.800048828125,1246.9000244140625,1246.9000244140625,16,0.0,0.0
2017-03-24,1248.0,1248.300048828125,1247.5999755859375,1248.199951171875,1248.199951171875,3,0.0,0.0
2017-03-27,1255.800048828125,1257.699951171875,1253.800048828125,1255.4000244140625,1255.4000244140625,72,0.0,0.0
2017-03-28,1255.9000244140625,1255.9000244140625,1255.300048828125,1255.300048828125,1255.300048828125,19,0.0,0.0
2017-03-29,1252.199951171875,1253.4000244140625,1252.0999755859375,1253.4000244140625,1253.4000244140625,190678,0.0,0.0
2017-03-30,1253.0999755859375,1253.5999755859375,1241.0999755859375,1245.0,1245.0,51328,0.0,0.0
2017-03-31,1242.0999755859375,1248.800048828125,1238.699951171875,1247.300048828125,1247.300048828125,8223,0.0,0.0
2017-04-03,1247.5,1252.4000244140625,1243.5999755859375,1250.800048828125,1250.800048828125,1160,0.0,0.0
2017-04-04,1253.0999755859375,1260.300048828125,1253.0,1255.0,1255.0,724,0.0,0.0
2017-04-05,1255.4000244140625,1255.4000244140625,1243.0,1245.4000244140625,1245.4000244140625,907,0.0,0.0
2017-04-06,1256.0999755859375,1257.5,1249.0,1250.300048828125,1250.300048828125,169,0.0,0.0
2017-04-07,1249.5,1269.0999755859375,1249.5,1254.300048828125,1254.300048828125,445,0.0,0.0
2017-04-10,1252.699951171875,1255.199951171875,1246.800048828125,1251.0999755859375,1251.0999755859375,182,0.0,0.0
2017-04-11,1254.5,1273.5,1254.5,1271.199951171875,1271.199951171875,401,0.0,0.0
2017-04-12,1275.0,1285.0999755859375,1272.0,1275.300048828125,1275.300048828125,492,0.0,0.0
2017-04-13,1285.300048828125,1287.5999755859375,1282.0,1285.9000244140625,1285.9000244140625,915,0.0,0.0
2017-04-17,1291.800048828125,1294.800048828125,1284.300048828125,1289.4000244140625,1289.4000244140625,73,0.0,0.0
2017-04-18,1283.9000244140625,1291.699951171875,1278.5999755859375,1291.699951171875,1291.699951171875,394,0.0,0.0
2017-04-19,1288.0,1288.0,1274.0,1281.4000244140625,1281.4000244140625,194,0.0,0.0
2017-04-20,1279.699951171875,1281.9000244140625,1276.199951171875,1281.9000244140625,1281.9000244140625,127,0.0,0.0
2017-04-21,1279.800048828125,1287.4000244140625,1279.199951171875,1287.4000244140625,1287.4000244140625,474,0.0,0.0
2017-04-24,1275.0,1276.4000244140625,1265.0,1275.800048828125,1275.800048828125,605,0.0,0.0
2017-04-25,1275.5999755859375,1276.9000244140625,1262.0999755859375,1265.5999755859375,1265.5999755859375,356,0.0,0.0
2017-04-26,1266.0,1266.0,1262.0999755859375,1262.0999755859375,1262.0999755859375,1156,0.0,0.0
2017-04-27,1266.699951171875,1267.199951171875,1262.199951171875,1263.699951171875,1263.699951171875,206,0.0,0.0
2017-04-28,1265.9000244140625,1267.199951171875,1264.699951171875,1266.0999755859375,1266.0999755859375,85,0.0,0.0
2017-05-01,1268.699951171875,1269.300048828125,1253.300048828125,1253.300048828125,1253.300048828125,34,0.0,0.0
2017-05-02,1256.199951171875,1256.199951171875,1251.199951171875,1255.0999755859375,1255.0999755859375,90,0.0,0.0
2017-05-03,1255.0999755859375,1255.800048828125,1238.699951171875,1246.4000244140625,1246.4000244140625,195,0.0,0.0
2017-05-04,1239.800048828125,1239.800048828125,1224.199951171875,1226.5,1226.5,72,0.0,0.0
2017-05-05,1227.0,1233.699951171875,1224.800048828125,1224.800048828125,1224.800048828125,16,0.0,0.0
2017-05-08,1224.0,1234.0,1224.0,1225.300048828125,1225.300048828125,43,0.0,0.0
2017-05-09,1226.0999755859375,1226.199951171875,1214.0,1214.300048828125,1214.300048828125,55,0.0,0.0
2017-05-10,1219.800048828125,1220.199951171875,1217.300048828125,1217.300048828125,1217.300048828125,23,0.0,0.0
2017-05-11,1218.5,1222.699951171875,1218.300048828125,1222.699951171875,1222.699951171875,13,0.0,0.0
2017-05-12,1228.0,1229.5,1226.0999755859375,1226.199951171875,1226.199951171875,29,0.0,0.0
2017-05-15,1227.5,1232.699951171875,1227.5,1228.5999755859375,1228.5999755859375,13,0.0,0.0
2017-05-16,1230.4000244140625,1237.300048828125,1230.4000244140625,1235.0,1235.0,20,0.0,0.0
2017-05-17,1241.0,1259.199951171875,1240.699951171875,1257.5,1257.5,26,0.0,0.0
2017-05-18,1254.800048828125,1260.0,1245.800048828125,1251.699951171875,1251.699951171875,43,0.0,0.0
2017-05-19,1252.699951171875,1252.699951171875,1252.699951171875,1252.699951171875,1252.699951171875,14,0.0,0.0
2017-05-22,1251.699951171875,1260.699951171875,1251.699951171875,1260.699951171875,1260.699951171875,14,0.0,0.0
2017-05-23,1261.5,1261.5999755859375,1250.5999755859375,1254.800048828125,1254.800048828125,20,0.0,0.0
2017-05-24,1251.9000244140625,1257.800048828125,1249.699951171875,1252.4000244140625,1252.4000244140625,14,0.0,0.0
2017-05-25,1257.0999755859375,1258.300048828125,1255.800048828125,1255.800048828125,1255.800048828125,11,0.0,0.0
2017-05-26,1267.5999755859375,1267.5999755859375,1267.5999755859375,1267.5999755859375,1267.5999755859375,271457,0.0,0.0
2017-05-30,1267.4000244140625,1270.0,1258.4000244140625,1262.0999755859375,1262.0999755859375,129819,0.0,0.0
2017-05-31,1262.4000244140625,1273.199951171875,1258.5,1272.0,1272.0,2712,0.0,0.0
2017-06-01,1268.0,1269.199951171875,1260.800048828125,1267.0,1267.0,825,0.0,0.0
2017-06-02,1265.199951171875,1279.0,1259.0,1276.800048828125,1276.800048828125,1732,0.0,0.0
2017-06-05,1279.199951171875,1282.0,1277.0,1279.300048828125,1279.300048828125,433,0.0,0.0
2017-06-06,1279.4000244140625,1295.199951171875,1279.4000244140625,1294.4000244140625,1294.4000244140625,942,0.0,0.0
2017-06-07,1291.5999755859375,1293.0999755859375,1284.300048828125,1290.0999755859375,1290.0999755859375,641,0.0,0.0
2017-06-08,1285.4000244140625,1287.5999755859375,1268.0999755859375,1276.300048828125,1276.300048828125,319,0.0,0.0
2017-06-09,1277.9000244140625,1277.9000244140625,1264.5999755859375,1268.5,1268.5,467,0.0,0.0
2017-06-12,1266.4000244140625,1269.300048828125,1263.199951171875,1266.0999755859375,1266.0999755859375,255,0.0,0.0
2017-06-13,1264.0999755859375,1266.9000244140625,1259.699951171875,1265.800048828125,1265.800048828125,150,0.0,0.0
2017-06-14,1269.4000244140625,1278.0,1256.800048828125,1272.800048828125,1272.800048828125,336,0.0,0.0
2017-06-15,1263.199951171875,1264.199951171875,1250.300048828125,1252.199951171875,1252.199951171875,743,0.0,0.0
2017-06-16,1252.800048828125,1255.300048828125,1251.300048828125,1254.0,1254.0,34,0.0,0.0
2017-06-19,1252.0999755859375,1252.199951171875,1241.9000244140625,1244.199951171875,1244.199951171875,108,0.0,0.0
2017-06-20,1242.199951171875,1245.5,1240.5,1241.0,1241.0,75,0.0,0.0
2017-06-21,1244.0999755859375,1245.0,1240.0,1243.4000244140625,1243.4000244140625,205,0.0,0.0
2017-06-22,1251.0,1252.699951171875,1246.300048828125,1247.5999755859375,1247.5999755859375,156,0.0,0.0
2017-06-23,1250.0,1273.5999755859375,1249.800048828125,1256.199951171875,1256.199951171875,269,0.0,0.0
2017-06-26,1260.199951171875,1260.199951171875,1241.5999755859375,1246.300048828125,1246.300048828125,194,0.0,0.0
2017-06-27,1251.5999755859375,1251.800048828125,1245.9000244140625,1246.4000244140625,1246.4000244140625,111,0.0,0.0
2017-06-28,1248.5,1248.5,1248.0,1248.0,1248.0,370,0.0,0.0
2017-06-29,1248.199951171875,1250.699951171875,1238.0999755859375,1244.199951171875,1244.199951171875,540,0.0,0.0
2017-06-30,1243.699951171875,1243.699951171875,1239.0999755859375,1240.699951171875,1240.699951171875,43,0.0,0.0
2017-07-03,1236.0,1236.0,1217.9000244140625,1217.9000244140625,1217.9000244140625,33,0.0,0.0
2017-07-05,1222.5,1225.0,1217.0999755859375,1220.4000244140625,1220.4000244140625,40,0.0,0.0
2017-07-06,1225.0999755859375,1225.0999755859375,1222.199951171875,1222.199951171875,1222.199951171875,5,0.0,0.0
2017-07-07,1219.0999755859375,1220.4000244140625,1208.5999755859375,1208.5999755859375,1208.5999755859375,116,0.0,0.0
2017-07-10,1211.4000244140625,1212.0999755859375,1209.5999755859375,1212.0999755859375,1212.0999755859375,28,0.0,0.0
2017-07-11,1208.699951171875,1214.9000244140625,1208.699951171875,1213.5999755859375,1213.5999755859375,12,0.0,0.0
2017-07-12,1218.300048828125,1219.4000244140625,1217.9000244140625,1218.0999755859375,1218.0999755859375,7,0.0,0.0
2017-07-13,1221.4000244140625,1221.4000244140625,1216.300048828125,1216.300048828125,1216.300048828125,7,0.0,0.0
2017-07-14,1214.9000244140625,1227.5,1214.800048828125,1226.5999755859375,1226.5999755859375,23,0.0,0.0
2017-07-17,1229.9000244140625,1233.4000244140625,1229.9000244140625,1232.800048828125,1232.800048828125,7,0.0,0.0
2017-07-18,1236.199951171875,1241.199951171875,1236.199951171875,1241.0999755859375,1241.0999755859375,29,0.0,0.0
2017-07-19,1240.4000244140625,1241.199951171875,1240.0999755859375,1241.199951171875,1241.199951171875,3,0.0,0.0
2017-07-20,1236.5999755859375,1244.800048828125,1236.5999755859375,1244.800048828125,1244.800048828125,5,0.0,0.0
2017-07-21,1250.699951171875,1254.300048828125,1250.5,1254.300048828125,1254.300048828125,16,0.0,0.0
2017-07-24,1256.0,1256.0,1253.9000244140625,1253.9000244140625,1253.9000244140625,8,0.0,0.0
2017-07-25,1252.699951171875,1253.5999755859375,1249.199951171875,1251.699951171875,1251.699951171875,18,0.0,0.0
2017-07-26,1244.800048828125,1249.0,1244.800048828125,1249.0,1249.0,7,0.0,0.0
2017-07-27,1259.5999755859375,1259.5999755859375,1259.5999755859375,1259.5999755859375,1259.5999755859375,220309,0.0,0.0
2017-07-28,1258.4000244140625,1270.0,1256.9000244140625,1268.4000244140625,1268.4000244140625,64180,0.0,0.0
2017-07-31,1268.9000244140625,1270.800048828125,1265.800048828125,1266.5999755859375,1266.5999755859375,7780,0.0,0.0
2017-08-01,1268.4000244140625,1273.300048828125,1262.0,1272.5999755859375,1272.5999755859375,1061,0.0,0.0
2017-08-02,1268.5,1272.0999755859375,1262.9000244140625,1271.800048828125,1271.800048828125,393,0.0,0.0
2017-08-03,1265.9000244140625,1269.800048828125,1256.5999755859375,1267.800048828125,1267.800048828125,878,0.0,0.0
2017-08-04,1269.0,1269.5999755859375,1253.9000244140625,1258.300048828125,1258.300048828125,521,0.0,0.0
2017-08-07,1258.699951171875,1259.0999755859375,1255.300048828125,1258.199951171875,1258.199951171875,260,0.0,0.0
2017-08-08,1256.9000244140625,1264.0999755859375,1251.4000244140625,1256.4000244140625,1256.4000244140625,555,0.0,0.0
2017-08-09,1260.199951171875,1277.800048828125,1260.199951171875,1273.0,1273.0,574,0.0,0.0
2017-08-10,1276.5999755859375,1287.4000244140625,1274.9000244140625,1283.699951171875,1283.699951171875,608,0.0,0.0
2017-08-11,1286.300048828125,1291.0999755859375,1282.0,1287.699951171875,1287.699951171875,139,0.0,0.0
2017-08-14,1288.4000244140625,1288.4000244140625,1278.800048828125,1284.199951171875,1284.199951171875,338,0.0,0.0
2017-08-15,1280.5,1280.5,1267.4000244140625,1273.699951171875,1273.699951171875,188,0.0,0.0
2017-08-16,1271.300048828125,1282.5999755859375,1269.4000244140625,1276.9000244140625,1276.9000244140625,110,0.0,0.0
2017-08-17,1283.800048828125,1288.5,1283.199951171875,1286.4000244140625,1286.4000244140625,43,0.0,0.0
2017-08-18,1288.5999755859375,1300.699951171875,1284.300048828125,1285.699951171875,1285.699951171875,358,0.0,0.0
2017-08-21,1285.199951171875,1290.800048828125,1284.699951171875,1290.800048828125,1290.800048828125,18,0.0,0.0
2017-08-22,1287.199951171875,1288.4000244140625,1283.199951171875,1285.0999755859375,1285.0999755859375,100,0.0,0.0
2017-08-23,1289.4000244140625,1289.4000244140625,1286.9000244140625,1288.9000244140625,1288.9000244140625,250,0.0,0.0
2017-08-24,1288.699951171875,1288.699951171875,1284.0,1286.5,1286.5,550,0.0,0.0
2017-08-25,1285.4000244140625,1292.699951171875,1280.300048828125,1292.5,1292.5,280,0.0,0.0
2017-08-28,1293.5,1311.300048828125,1293.5,1309.699951171875,1309.699951171875,145,0.0,0.0
2017-08-29,1318.800048828125,1323.800048828125,1313.0999755859375,1313.0999755859375,1313.0999755859375,1178,0.0,0.0
2017-08-30,1308.199951171875,1312.5,1304.9000244140625,1308.0999755859375,1308.0999755859375,1178,0.0,0.0
2017-08-31,1306.5999755859375,1322.300048828125,1301.699951171875,1316.199951171875,1316.199951171875,373,0.0,0.0
2017-09-01,1320.199951171875,1327.699951171875,1316.9000244140625,1324.5,1324.5,313,0.0,0.0
2017-09-05,1335.199951171875,1339.199951171875,1328.5999755859375,1339.199951171875,1339.199951171875,39,0.0,0.0
2017-09-06,1340.0,1340.300048828125,1332.5999755859375,1333.9000244140625,1333.9000244140625,20,0.0,0.0
2017-09-07,1336.4000244140625,1349.0,1336.4000244140625,1345.0999755859375,1345.0999755859375,26,0.0,0.0
2017-09-08,1351.0,1355.800048828125,1345.5999755859375,1346.0,1346.0,37,0.0,0.0
2017-09-11,1331.0,1331.0,1327.300048828125,1331.0,1331.0,9,0.0,0.0
2017-09-12,1327.0,1328.0,1325.199951171875,1328.0,1328.0,15,0.0,0.0
2017-09-13,1323.4000244140625,1323.4000244140625,1323.4000244140625,1323.4000244140625,1323.4000244140625,16,0.0,0.0
2017-09-14,1319.5999755859375,1329.300048828125,1319.5999755859375,1324.699951171875,1324.699951171875,316,0.0,0.0
2017-09-15,1320.5999755859375,1321.199951171875,1319.800048828125,1320.4000244140625,1320.4000244140625,15,0.0,0.0
2017-09-18,1309.800048828125,1310.4000244140625,1306.0,1306.300048828125,1306.300048828125,129,0.0,0.0
2017-09-19,1307.9000244140625,1310.300048828125,1305.0999755859375,1306.199951171875,1306.199951171875,20,0.0,0.0
2017-09-20,1312.0,1312.0,1298.699951171875,1312.0,1312.0,12,0.0,0.0
2017-09-21,1299.0999755859375,1304.0999755859375,1290.300048828125,1290.5999755859375,1290.5999755859375,336,0.0,0.0
2017-09-22,1295.0,1295.699951171875,1293.300048828125,1293.300048828125,1293.300048828125,209,0.0,0.0
2017-09-25,1293.0999755859375,1309.199951171875,1291.0,1306.800048828125,1306.800048828125,51,0.0,0.0
2017-09-26,1304.5,1305.5999755859375,1297.0,1297.0,1297.0,39,0.0,0.0
2017-09-27,1283.4000244140625,1283.4000244140625,1283.4000244140625,1283.4000244140625,1283.4000244140625,19488,0.0,0.0
2017-09-28,1283.0999755859375,1288.0,1277.0,1285.5,1285.5,5226,0.0,0.0
2017-09-29,1284.199951171875,1289.4000244140625,1281.5,1281.5,1281.5,492,0.0,0.0
2017-10-02,1275.0,1276.0999755859375,1270.4000244140625,1272.699951171875,1272.699951171875,136,0.0,0.0
2017-10-03,1269.699951171875,1273.300048828125,1268.5999755859375,1271.5,1271.5,192,0.0,0.0
2017-10-04,1273.800048828125,1280.800048828125,1270.0,1273.699951171875,1273.699951171875,218,0.0,0.0
2017-10-05,1277.800048828125,1277.800048828125,1267.5999755859375,1269.9000244140625,1269.9000244140625,36,0.0,0.0
2017-10-06,1267.5999755859375,1272.0,1260.5,1271.5999755859375,1271.5999755859375,46,0.0,0.0
2017-10-09,1280.5999755859375,1284.0,1279.0,1281.800048828125,1281.800048828125,19,0.0,0.0
2017-10-10,1282.5999755859375,1293.0,1281.699951171875,1290.5999755859375,1290.5999755859375,18,0.0,0.0
2017-10-11,1287.300048828125,1292.0,1284.9000244140625,1285.800048828125,1285.800048828125,21,0.0,0.0
2017-10-12,1291.5,1294.5,1289.300048828125,1293.300048828125,1293.300048828125,14,0.0,0.0
2017-10-13,1293.300048828125,1301.699951171875,1291.699951171875,1301.5,1301.5,74,0.0,0.0
2017-10-16,1302.0,1303.800048828125,1291.9000244140625,1299.9000244140625,1299.9000244140625,173,0.0,0.0
2017-10-17,1295.0999755859375,1295.0999755859375,1283.0,1283.0,1283.0,571,0.0,0.0
2017-10-18,1279.9000244140625,1279.9000244140625,1279.9000244140625,1279.9000244140625,1279.9000244140625,163,0.0,0.0
2017-10-19,1286.4000244140625,1286.9000244140625,1285.0999755859375,1286.9000244140625,1286.9000244140625,134,0.0,0.0
2017-10-20,1279.5999755859375,1279.5999755859375,1277.4000244140625,1277.4000244140625,1277.4000244140625,304,0.0,0.0
2017-10-23,1274.699951171875,1280.800048828125,1271.5,1277.699951171875,1277.699951171875,115,0.0,0.0
2017-10-24,1275.5,1275.5,1273.699951171875,1275.0,1275.0,111,0.0,0.0
2017-10-25,1269.9000244140625,1275.4000244140625,1269.9000244140625,1275.4000244140625,1275.4000244140625,105,0.0,0.0
2017-10-26,1273.5,1273.5,1264.699951171875,1266.300048828125,1266.300048828125,39,0.0,0.0
2017-10-27,1268.4000244140625,1268.5,1267.0999755859375,1268.5,1268.5,567,0.0,0.0
2017-10-30,1270.0,1274.0999755859375,1267.9000244140625,1274.0999755859375,1274.0999755859375,222,0.0,0.0
2017-10-31,1273.0999755859375,1274.5999755859375,1266.0999755859375,1267.0,1267.0,235,0.0,0.0
2017-11-01,1272.199951171875,1274.800048828125,1270.300048828125,1274.0999755859375,1274.0999755859375,78,0.0,0.0
2017-11-02,1274.9000244140625,1274.9000244140625,1274.9000244140625,1274.9000244140625,1274.9000244140625,70,0.0,0.0
2017-11-03,1265.300048828125,1267.9000244140625,1265.300048828125,1266.5,1266.5,75,0.0,0.0
2017-11-06,1269.0,1280.5,1269.0,1279.4000244140625,1279.4000244140625,128,0.0,0.0
2017-11-07,1276.800048828125,1276.800048828125,1270.4000244140625,1273.699951171875,1273.699951171875,11,0.0,0.0
2017-11-08,1275.9000244140625,1284.9000244140625,1274.699951171875,1281.5999755859375,1281.5999755859375,15,0.0,0.0
2017-11-09,1279.699951171875,1286.9000244140625,1279.699951171875,1285.5999755859375,1285.5999755859375,18,0.0,0.0
2017-11-10,1283.5,1283.5,1272.4000244140625,1272.4000244140625,1272.4000244140625,10,0.0,0.0
2017-11-13,1277.300048828125,1277.300048828125,1277.0,1277.300048828125,1277.300048828125,3,0.0,0.0
2017-11-14,1276.9000244140625,1281.5,1276.9000244140625,1281.5,1281.5,4,0.0,0.0
2017-11-15,1281.4000244140625,1284.699951171875,1275.9000244140625,1276.5,1276.5,13,0.0,0.0
2017-11-16,1277.5,1277.5,1277.4000244140625,1277.4000244140625,1277.4000244140625,43,0.0,0.0
2017-11-17,1288.300048828125,1295.800048828125,1288.300048828125,1295.800048828125,1295.800048828125,1,0.0,0.0
2017-11-20,1274.5999755859375,1275.9000244140625,1274.5999755859375,1274.5999755859375,1274.5999755859375,1,0.0,0.0
2017-11-21,1281.0999755859375,1281.0999755859375,1281.0999755859375,1281.0999755859375,1281.0999755859375,4,0.0,0.0
2017-11-22,1284.699951171875,1291.5999755859375,1282.9000244140625,1291.5999755859375,1291.5999755859375,4,0.0,0.0
2017-11-24,1286.699951171875,1286.699951171875,1286.699951171875,1286.699951171875,1286.699951171875,0,0.0,0.0
2017-11-27,1293.800048828125,1293.800048828125,1293.800048828125,1293.800048828125,1293.800048828125,1,0.0,0.0
2017-11-28,1294.699951171875,1294.699951171875,1294.699951171875,1294.699951171875,1294.699951171875,275442,0.0,0.0
2017-11-29,1293.4000244140625,1296.199951171875,1281.0999755859375,1282.0999755859375,1282.0999755859375,47244,0.0,0.0
2017-11-30,1283.0999755859375,1284.5,1269.699951171875,1273.199951171875,1273.199951171875,3049,0.0,0.0
2017-12-01,1274.0999755859375,1288.5999755859375,1271.0,1278.800048828125,1278.800048828125,823,0.0,0.0
2017-12-04,1272.5,1276.0999755859375,1270.300048828125,1274.300048828125,1274.300048828125,850,0.0,0.0
2017-12-05,1275.4000244140625,1275.800048828125,1260.0,1261.5999755859375,1261.5999755859375,1499,0.0,0.0
2017-12-06,1264.9000244140625,1267.800048828125,1261.5999755859375,1262.800048828125,1262.800048828125,373,0.0,0.0
2017-12-07,1262.300048828125,1262.4000244140625,1243.9000244140625,1249.800048828125,1249.800048828125,358,0.0,0.0
2017-12-08,1246.300048828125,1249.300048828125,1241.5,1245.199951171875,1245.199951171875,157,0.0,0.0
2017-12-11,1248.4000244140625,1249.199951171875,1239.9000244140625,1243.699951171875,1243.699951171875,146,0.0,0.0
2017-12-12,1241.300048828125,1244.4000244140625,1236.5,1238.5,1238.5,692,0.0,0.0
2017-12-13,1241.9000244140625,1254.5,1239.800048828125,1245.4000244140625,1245.4000244140625,349,0.0,0.0
2017-12-14,1252.9000244140625,1257.699951171875,1250.300048828125,1253.800048828125,1253.800048828125,139,0.0,0.0
2017-12-15,1253.0999755859375,1260.300048828125,1253.0999755859375,1254.300048828125,1254.300048828125,578,0.0,0.0
2017-12-18,1256.199951171875,1262.4000244140625,1255.699951171875,1262.199951171875,1262.199951171875,45,0.0,0.0
2017-12-19,1261.0999755859375,1264.300048828125,1259.5,1260.699951171875,1260.699951171875,329,0.0,0.0
2017-12-20,1261.300048828125,1266.5999755859375,1261.300048828125,1266.0999755859375,1266.0999755859375,63,0.0,0.0
2017-12-21,1266.4000244140625,1267.4000244140625,1264.300048828125,1267.300048828125,1267.300048828125,226,0.0,0.0
2017-12-22,1266.300048828125,1276.300048828125,1266.300048828125,1275.4000244140625,1275.4000244140625,119,0.0,0.0
2017-12-26,1282.4000244140625,1284.0999755859375,1281.800048828125,1284.0999755859375,1284.0999755859375,84,0.0,0.0
2017-12-27,1284.0,1287.0,1284.0,1287.0,1287.0,456,0.0,0.0
2017-12-28,1288.199951171875,1294.0999755859375,1288.199951171875,1294.0999755859375,1294.0999755859375,245,0.0,0.0
2017-12-29,1294.199951171875,1306.300048828125,1294.0,1306.300048828125,1306.300048828125,65,0.0,0.0
2018-01-02,1302.300048828125,1317.5999755859375,1302.300048828125,1313.699951171875,1313.699951171875,68,0.0,0.0
2018-01-03,1320.0,1320.0999755859375,1312.0999755859375,1316.199951171875,1316.199951171875,42,0.0,0.0
2018-01-04,1319.4000244140625,1322.0,1319.4000244140625,1319.4000244140625,1319.4000244140625,2,0.0,0.0
2018-01-05,1320.300048828125,1320.300048828125,1320.300048828125,1320.300048828125,1320.300048828125,1,0.0,0.0
2018-01-08,1319.9000244140625,1319.9000244140625,1314.5999755859375,1318.5999755859375,1318.5999755859375,41,0.0,0.0
2018-01-09,1309.5999755859375,1311.699951171875,1309.5999755859375,1311.699951171875,1311.699951171875,16,0.0,0.0
2018-01-10,1320.300048828125,1320.699951171875,1315.300048828125,1317.4000244140625,1317.4000244140625,70,0.0,0.0
2018-01-11,1317.0999755859375,1320.5999755859375,1316.300048828125,1320.5999755859375,1320.5999755859375,9,0.0,0.0
2018-01-12,1327.800048828125,1338.199951171875,1327.800048828125,1333.4000244140625,1333.4000244140625,14,0.0,0.0
2018-01-16,1331.0999755859375,1335.4000244140625,1331.0,1335.4000244140625,1335.4000244140625,13,0.0,0.0
2018-01-17,1334.4000244140625,1338.0,1326.800048828125,1338.0,1338.0,27,0.0,0.0
2018-01-18,1328.9000244140625,1328.9000244140625,1326.0,1326.0,1326.0,211,0.0,0.0
2018-01-19,1330.0999755859375,1333.0,1330.0999755859375,1331.9000244140625,1331.9000244140625,50,0.0,0.0
2018-01-22,1328.4000244140625,1330.9000244140625,1328.4000244140625,1330.9000244140625,1330.9000244140625,162,0.0,0.0
2018-01-23,1335.800048828125,1335.9000244140625,1335.699951171875,1335.699951171875,1335.699951171875,47,0.0,0.0
2018-01-24,1355.9000244140625,1357.199951171875,1355.9000244140625,1355.9000244140625,1355.9000244140625,18,0.0,0.0
2018-01-25,1356.300048828125,1362.4000244140625,1346.699951171875,1362.4000244140625,1362.4000244140625,4,0.0,0.0
2018-01-26,1351.5999755859375,1352.0,1350.9000244140625,1351.5999755859375,1351.5999755859375,280546,0.0,0.0
2018-01-30,1338.699951171875,1347.800048828125,1332.800048828125,1335.4000244140625,1335.4000244140625,52100,0.0,0.0
2018-01-31,1337.5,1346.9000244140625,1331.800048828125,1339.0,1339.0,4881,0.0,0.0
2018-02-01,1343.800048828125,1350.5999755859375,1336.800048828125,1344.300048828125,1344.300048828125,1680,0.0,0.0
2018-02-02,1348.5,1352.0999755859375,1327.699951171875,1333.699951171875,1333.699951171875,2841,0.0,0.0
2018-02-05,1331.0999755859375,1340.199951171875,1329.0,1333.0,1333.0,641,0.0,0.0
2018-02-06,1338.199951171875,1343.699951171875,1319.5,1326.0999755859375,1326.0999755859375,529,0.0,0.0
2018-02-07,1325.4000244140625,1331.0999755859375,1310.5,1311.5999755859375,1311.5999755859375,491,0.0,0.0
2018-02-08,1317.0999755859375,1321.0999755859375,1307.0,1316.9000244140625,1316.9000244140625,459,0.0,0.0
2018-02-09,1320.9000244140625,1322.0,1311.9000244140625,1313.0999755859375,1313.0999755859375,451,0.0,0.0
2018-02-12,1323.800048828125,1325.5,1318.0,1324.199951171875,1324.199951171875,140,0.0,0.0
2018-02-13,1324.5,1329.5999755859375,1323.4000244140625,1328.0999755859375,1328.0999755859375,71,0.0,0.0
2018-02-14,1332.800048828125,1355.5,1324.0,1355.5,1355.5,400,0.0,0.0
2018-02-15,1352.0,1355.9000244140625,1349.699951171875,1352.0999755859375,1352.0999755859375,111,0.0,0.0
2018-02-16,1354.0,1361.4000244140625,1344.9000244140625,1353.199951171875,1353.199951171875,110,0.0,0.0
2018-02-20,1348.4000244140625,1350.199951171875,1328.5,1328.800048828125,1328.800048828125,283,0.0,0.0
2018-02-21,1326.800048828125,1331.5,1324.4000244140625,1330.0,1330.0,119,0.0,0.0
2018-02-22,1322.0,1331.4000244140625,1322.0,1330.5999755859375,1330.5999755859375,70,0.0,0.0
2018-02-23,1328.0,1332.0999755859375,1327.699951171875,1328.199951171875,1328.199951171875,427,0.0,0.0
2018-02-26,1335.0,1340.5,1330.699951171875,1330.699951171875,1330.699951171875,652,0.0,0.0
2018-02-27,1331.699951171875,1332.5999755859375,1312.699951171875,1315.5,1315.5,710,0.0,0.0
2018-02-28,1315.4000244140625,1321.0,1315.4000244140625,1315.5,1315.5,58,0.0,0.0
2018-03-01,1310.4000244140625,1318.0999755859375,1301.800048828125,1302.9000244140625,1302.9000244140625,43,0.0,0.0
2018-03-02,1314.300048828125,1323.199951171875,1314.300048828125,1321.0999755859375,1321.0999755859375,155,0.0,0.0
2018-03-05,1323.5,1325.9000244140625,1318.0999755859375,1318.0999755859375,1318.0999755859375,18,0.0,0.0
2018-03-06,1321.5999755859375,1333.5999755859375,1321.4000244140625,1333.5999755859375,1333.5999755859375,18,0.0,0.0
2018-03-07,1338.0999755859375,1338.0999755859375,1326.0,1326.0,1326.0,27,0.0,0.0
2018-03-08,1324.800048828125,1326.800048828125,1319.300048828125,1319.9000244140625,1319.9000244140625,62,0.0,0.0
2018-03-09,1316.800048828125,1322.4000244140625,1313.0,1322.4000244140625,1322.4000244140625,88,0.0,0.0
2018-03-12,1319.4000244140625,1319.4000244140625,1319.4000244140625,1319.4000244140625,1319.4000244140625,0,0.0,0.0
2018-03-13,1325.9000244140625,1325.9000244140625,1325.300048828125,1325.9000244140625,1325.9000244140625,13,0.0,0.0
2018-03-14,1322.199951171875,1324.4000244140625,1322.199951171875,1324.4000244140625,1324.4000244140625,19,0.0,0.0
2018-03-15,1316.800048828125,1316.800048828125,1316.800048828125,1316.800048828125,1316.800048828125,0,0.0,0.0
2018-03-16,1310.0999755859375,1311.300048828125,1310.0999755859375,1311.300048828125,1311.300048828125,34,0.0,0.0
2018-03-19,1309.4000244140625,1316.9000244140625,1307.300048828125,1316.800048828125,1316.800048828125,6,0.0,0.0
2018-03-20,1311.0999755859375,1311.0999755859375,1311.0999755859375,1311.0999755859375,1311.0999755859375,4,0.0,0.0
2018-03-21,1312.4000244140625,1328.800048828125,1312.4000244140625,1320.699951171875,1320.699951171875,34,0.0,0.0
2018-03-22,1326.5999755859375,1326.5999755859375,1326.5999755859375,1326.5999755859375,1326.5999755859375,0,0.0,0.0
2018-03-23,1343.199951171875,1349.300048828125,1343.199951171875,1349.300048828125,1349.300048828125,8,0.0,0.0
2018-03-26,1348.5,1354.4000244140625,1345.0999755859375,1354.4000244140625,1354.4000244140625,10,0.0,0.0
2018-03-27,1341.0,1341.300048828125,1341.0,1341.300048828125,1341.300048828125,290889,0.0,0.0
2018-03-28,1345.0,1346.4000244140625,1322.4000244140625,1324.199951171875,1324.199951171875,59284,0.0,0.0
2018-03-29,1324.0,1327.0999755859375,1321.699951171875,1322.800048828125,1322.800048828125,5585,0.0,0.0
2018-04-02,1327.0,1344.199951171875,1324.699951171875,1342.0999755859375,1342.0999755859375,649,0.0,0.0
2018-04-03,1340.4000244140625,1341.5,1328.5,1332.800048828125,1332.800048828125,702,0.0,0.0
2018-04-04,1331.800048828125,1347.300048828125,1331.5999755859375,1335.800048828125,1335.800048828125,718,0.0,0.0
2018-04-05,1333.5,1333.699951171875,1322.5999755859375,1324.300048828125,1324.300048828125,258,0.0,0.0
2018-04-06,1326.5,1333.0,1319.0,1331.9000244140625,1331.9000244140625,348,0.0,0.0
2018-04-09,1333.0,1337.5,1327.0,1336.300048828125,1336.300048828125,290,0.0,0.0
2018-04-10,1335.199951171875,1342.0,1333.0,1342.0,1342.0,105,0.0,0.0
2018-04-11,1340.0999755859375,1365.4000244140625,1340.0999755859375,1356.5,1356.5,118,0.0,0.0
2018-04-12,1351.199951171875,1351.5,1334.5999755859375,1338.4000244140625,1338.4000244140625,34,0.0,0.0
2018-04-13,1335.9000244140625,1346.0,1335.9000244140625,1344.800048828125,1344.800048828125,67,0.0,0.0
2018-04-16,1341.0,1348.800048828125,1341.0,1347.5,1347.5,60,0.0,0.0
2018-04-17,1348.0,1348.0999755859375,1339.0,1347.199951171875,1347.199951171875,409,0.0,0.0
2018-04-18,1343.5,1354.199951171875,1343.5,1351.199951171875,1351.199951171875,45,0.0,0.0
2018-04-19,1348.5999755859375,1355.199951171875,1341.5999755859375,1346.800048828125,1346.800048828125,387,0.0,0.0
2018-04-20,1342.5,1343.4000244140625,1335.300048828125,1336.699951171875,1336.699951171875,310,0.0,0.0
2018-04-23,1334.0,1334.4000244140625,1322.5,1322.5,1322.5,68,0.0,0.0
2018-04-24,1326.4000244140625,1331.699951171875,1326.199951171875,1331.4000244140625,1331.4000244140625,28,0.0,0.0
2018-04-25,1324.0,1325.0,1320.0,1321.199951171875,1321.199951171875,278,0.0,0.0
2018-04-26,1315.699951171875,1316.300048828125,1315.699951171875,1316.300048828125,1316.300048828125,569,0.0,0.0
2018-04-27,1315.300048828125,1321.699951171875,1312.800048828125,1320.300048828125,1320.300048828125,622,0.0,0.0
2018-04-30,1309.5999755859375,1316.199951171875,1309.5999755859375,1316.199951171875,1316.199951171875,49,0.0,0.0
2018-05-01,1313.199951171875,1313.800048828125,1303.4000244140625,1303.800048828125,1303.800048828125,28,0.0,0.0
2018-05-02,1309.0,1309.300048828125,1302.5999755859375,1302.5999755859375,1302.5999755859375,23,0.0,0.0
2018-05-03,1310.699951171875,1310.699951171875,1310.699951171875,1310.699951171875,1310.699951171875,4,0.0,0.0
2018-05-04,1312.699951171875,1312.699951171875,1312.699951171875,1312.699951171875,1312.699951171875,0,0.0,0.0
2018-05-07,1310.5999755859375,1312.5,1310.199951171875,1312.199951171875,1312.199951171875,4,0.0,0.0
2018-05-08,1310.0999755859375,1312.0,1308.5,1312.0,1312.0,337,0.0,0.0
2018-05-09,1311.300048828125,1311.300048828125,1311.300048828125,1311.300048828125,1311.300048828125,70,0.0,0.0
2018-05-10,1312.199951171875,1320.800048828125,1312.199951171875,1320.800048828125,1320.800048828125,8,0.0,0.0
2018-05-11,1319.0,1319.0,1319.0,1319.0,1319.0,3,0.0,0.0
2018-05-14,1319.9000244140625,1319.9000244140625,1316.5,1316.5,1316.5,4,0.0,0.0
2018-05-15,1304.5999755859375,1304.699951171875,1288.9000244140625,1288.9000244140625,1288.9000244140625,8,0.0,0.0
2018-05-16,1290.9000244140625,1294.0,1285.4000244140625,1290.199951171875,1290.199951171875,26,0.0,0.0
2018-05-17,1291.300048828125,1291.300048828125,1288.199951171875,1288.199951171875,1288.199951171875,2,0.0,0.0
2018-05-18,1285.199951171875,1290.199951171875,1285.199951171875,1290.199951171875,1290.199951171875,2,0.0,0.0
2018-05-21,1287.4000244140625,1292.0999755859375,1287.4000244140625,1290.199951171875,1290.199951171875,52,0.0,0.0
2018-05-22,1291.699951171875,1291.699951171875,1291.699951171875,1291.699951171875,1291.699951171875,50,0.0,0.0
2018-05-23,1289.300048828125,1289.300048828125,1289.300048828125,1289.300048828125,1289.300048828125,10,0.0,0.0
2018-05-24,1303.699951171875,1303.699951171875,1303.699951171875,1303.699951171875,1303.699951171875,0,0.0,0.0
2018-05-25,1303.300048828125,1303.300048828125,1303.300048828125,1303.300048828125,1303.300048828125,1,0.0,0.0
2018-05-29,1298.699951171875,1298.699951171875,1298.699951171875,1298.699951171875,1298.699951171875,386334,0.0,0.0
2018-05-30,1298.0,1303.699951171875,1295.199951171875,1301.5,1301.5,50845,0.0,0.0
2018-05-31,1301.0,1306.800048828125,1296.5999755859375,1300.0999755859375,1300.0999755859375,4082,0.0,0.0
2018-06-01,1298.5999755859375,1299.5,1288.9000244140625,1294.800048828125,1294.800048828125,663,0.0,0.0
2018-06-04,1293.9000244140625,1297.0999755859375,1290.0,1293.0999755859375,1293.0999755859375,144,0.0,0.0
2018-06-05,1292.0999755859375,1299.800048828125,1289.9000244140625,1297.5,1297.5,357,0.0,0.0
2018-06-06,1296.0999755859375,1300.4000244140625,1294.0999755859375,1297.0999755859375,1297.0999755859375,373,0.0,0.0
2018-06-07,1298.4000244140625,1302.800048828125,1296.199951171875,1298.699951171875,1298.699951171875,79,0.0,0.0
2018-06-08,1295.300048828125,1299.4000244140625,1294.800048828125,1298.0999755859375,1298.0999755859375,650,0.0,0.0
2018-06-11,1299.300048828125,1302.0,1295.199951171875,1298.9000244140625,1298.9000244140625,71,0.0,0.0
2018-06-12,1297.800048828125,1298.0999755859375,1292.699951171875,1295.0999755859375,1295.0999755859375,153,0.0,0.0
2018-06-13,1294.0,1299.4000244140625,1290.9000244140625,1296.9000244140625,1296.9000244140625,135,0.0,0.0
2018-06-14,1297.199951171875,1307.699951171875,1297.199951171875,1304.0,1304.0,42,0.0,0.0
2018-06-15,1297.199951171875,1307.699951171875,1274.0,1274.5999755859375,1274.5999755859375,589,0.0,0.0
2018-06-18,1280.699951171875,1280.699951171875,1276.199951171875,1276.199951171875,1276.199951171875,35,0.0,0.0
2018-06-19,1278.699951171875,1281.800048828125,1269.9000244140625,1275.5999755859375,1275.5999755859375,34,0.0,0.0
2018-06-20,1274.4000244140625,1274.4000244140625,1271.199951171875,1271.199951171875,1271.199951171875,7,0.0,0.0
2018-06-21,1262.699951171875,1268.9000244140625,1260.0,1267.199951171875,1267.199951171875,46,0.0,0.0
2018-06-22,1268.0999755859375,1270.199951171875,1267.0,1267.4000244140625,1267.4000244140625,74,0.0,0.0
2018-06-25,1270.5999755859375,1271.199951171875,1265.5999755859375,1265.5999755859375,1265.5999755859375,37,0.0,0.0
2018-06-26,1267.199951171875,1267.199951171875,1256.5999755859375,1256.5999755859375,1256.5999755859375,89,0.0,0.0
2018-06-27,1255.5,1255.5,1252.300048828125,1252.800048828125,1252.800048828125,1162,0.0,0.0
2018-06-28,1251.699951171875,1251.699951171875,1244.800048828125,1247.800048828125,1247.800048828125,378,0.0,0.0
2018-06-29,1250.300048828125,1253.300048828125,1249.0999755859375,1251.300048828125,1251.300048828125,48,0.0,0.0
2018-07-02,1249.9000244140625,1249.9000244140625,1239.800048828125,1239.800048828125,1239.800048828125,29,0.0,0.0
2018-07-03,1238.0999755859375,1254.0999755859375,1237.0,1251.5999755859375,1251.5999755859375,36,0.0,0.0
2018-07-05,1255.5,1257.300048828125,1253.5999755859375,1257.300048828125,1257.300048828125,9,0.0,0.0
2018-07-06,1255.5,1255.5,1254.300048828125,1254.300048828125,1254.300048828125,7,0.0,0.0
2018-07-09,1258.199951171875,1262.300048828125,1257.699951171875,1258.0999755859375,1258.0999755859375,37,0.0,0.0
2018-07-10,1256.199951171875,1256.9000244140625,1249.300048828125,1253.800048828125,1253.800048828125,65,0.0,0.0
2018-07-11,1253.199951171875,1253.199951171875,1242.800048828125,1242.800048828125,1242.800048828125,30,0.0,0.0
2018-07-12,1240.9000244140625,1246.699951171875,1240.9000244140625,1245.0,1245.0,7,0.0,0.0
2018-07-13,1244.699951171875,1247.0,1239.5999755859375,1239.5999755859375,1239.5999755859375,2,0.0,0.0
2018-07-16,1242.699951171875,1243.800048828125,1238.0999755859375,1238.0999755859375,1238.0999755859375,2,0.0,0.0
2018-07-17,1225.699951171875,1225.699951171875,1225.699951171875,1225.699951171875,1225.699951171875,0,0.0,0.0
2018-07-18,1226.699951171875,1226.699951171875,1222.199951171875,1226.300048828125,1226.300048828125,67,0.0,0.0
2018-07-19,1227.199951171875,1228.0,1211.699951171875,1222.4000244140625,1222.4000244140625,33,0.0,0.0
2018-07-20,1229.5,1229.5,1229.5,1229.5,1229.5,0,0.0,0.0
2018-07-23,1222.0,1224.0,1222.0,1224.0,1224.0,1,0.0,0.0
2018-07-24,1223.9000244140625,1223.9000244140625,1223.9000244140625,1223.9000244140625,1223.9000244140625,0,0.0,0.0
2018-07-25,1231.4000244140625,1231.4000244140625,1231.4000244140625,1231.4000244140625,1231.4000244140625,0,0.0,0.0
2018-07-26,1227.800048828125,1227.800048828125,1225.300048828125,1225.300048828125,1225.300048828125,1,0.0,0.0
2018-07-27,1222.5999755859375,1222.5999755859375,1222.5999755859375,1222.5999755859375,1222.5999755859375,254428,0.0,0.0
2018-07-30,1222.5,1223.9000244140625,1218.0999755859375,1221.300048828125,1221.300048828125,62239,0.0,0.0
2018-07-31,1220.4000244140625,1228.0999755859375,1213.0,1223.699951171875,1223.699951171875,2722,0.0,0.0
2018-08-01,1222.9000244140625,1223.699951171875,1214.4000244140625,1217.9000244140625,1217.9000244140625,1026,0.0,0.0
2018-08-02,1214.699951171875,1219.300048828125,1205.800048828125,1210.5999755859375,1210.5999755859375,411,0.0,0.0
2018-08-03,1206.5,1218.5999755859375,1205.0999755859375,1214.199951171875,1214.199951171875,784,0.0,0.0
2018-08-06,1214.4000244140625,1214.4000244140625,1206.5999755859375,1208.5999755859375,1208.5999755859375,297,0.0,0.0
2018-08-07,1207.800048828125,1214.800048828125,1207.800048828125,1209.5999755859375,1209.5999755859375,715,0.0,0.0
2018-08-08,1212.0,1215.199951171875,1205.9000244140625,1212.5999755859375,1212.5999755859375,209,0.0,0.0
2018-08-09,1214.5,1215.300048828125,1211.5999755859375,1211.9000244140625,1211.9000244140625,44,0.0,0.0
2018-08-10,1212.5,1216.4000244140625,1205.5999755859375,1211.0999755859375,1211.0999755859375,75,0.0,0.0
2018-08-13,1207.0,1207.4000244140625,1191.300048828125,1191.300048828125,1191.300048828125,78,0.0,0.0
2018-08-14,1193.0999755859375,1197.5,1192.800048828125,1193.0,1193.0,92,0.0,0.0
2018-08-15,1187.800048828125,1188.0999755859375,1174.5999755859375,1177.5,1177.5,71,0.0,0.0
2018-08-16,1173.199951171875,1180.199951171875,1161.4000244140625,1176.199951171875,1176.199951171875,123,0.0,0.0
2018-08-17,1174.699951171875,1181.199951171875,1174.699951171875,1176.5,1176.5,66,0.0,0.0
2018-08-20,1184.800048828125,1190.0,1184.4000244140625,1186.800048828125,1186.800048828125,68,0.0,0.0
2018-08-21,1189.800048828125,1192.5999755859375,1189.800048828125,1192.5999755859375,1192.5999755859375,22,0.0,0.0
2018-08-22,1194.699951171875,1196.300048828125,1194.699951171875,1196.300048828125,1196.300048828125,17,0.0,0.0
2018-08-23,1189.300048828125,1190.300048828125,1184.9000244140625,1187.0,1187.0,95,0.0,0.0
2018-08-24,1185.300048828125,1208.0,1185.300048828125,1206.300048828125,1206.300048828125,12,0.0,0.0
2018-08-27,1210.300048828125,1211.4000244140625,1205.199951171875,1209.0,1209.0,154,0.0,0.0
2018-08-28,1209.699951171875,1217.0,1202.300048828125,1207.4000244140625,1207.4000244140625,136,0.0,0.0
2018-08-29,1205.199951171875,1205.199951171875,1202.4000244140625,1204.5,1204.5,817,0.0,0.0
2018-08-30,1205.4000244140625,1205.5999755859375,1196.0,1197.699951171875,1197.699951171875,493,0.0,0.0
2018-08-31,1207.0999755859375,1208.199951171875,1199.0999755859375,1200.300048828125,1200.300048828125,191,0.0,0.0
2018-09-04,1193.800048828125,1193.800048828125,1189.9000244140625,1192.699951171875,1192.699951171875,26,0.0,0.0
2018-09-05,1192.5,1196.0,1192.5,1194.9000244140625,1194.9000244140625,21,0.0,0.0
2018-09-06,1202.0,1202.0,1197.9000244140625,1197.9000244140625,1197.9000244140625,7,0.0,0.0
2018-09-07,1198.300048828125,1198.300048828125,1193.0999755859375,1193.5999755859375,1193.5999755859375,29,0.0,0.0
2018-09-10,1193.0,1193.0,1193.0,1193.0,1193.0,11,0.0,0.0
2018-09-11,1190.4000244140625,1196.300048828125,1190.4000244140625,1195.4000244140625,1195.4000244140625,21,0.0,0.0
2018-09-12,1205.0,1205.0,1204.699951171875,1204.699951171875,1204.699951171875,37,0.0,0.0
2018-09-13,1203.4000244140625,1203.4000244140625,1200.0,1202.0,1202.0,22,0.0,0.0
2018-09-14,1195.0,1195.0,1195.0,1195.0,1195.0,1,0.0,0.0
2018-09-17,1199.699951171875,1199.699951171875,1199.699951171875,1199.699951171875,1199.699951171875,0,0.0,0.0
2018-09-18,1198.699951171875,1198.699951171875,1196.800048828125,1196.800048828125,1196.800048828125,2,0.0,0.0
2018-09-19,1202.199951171875,1202.199951171875,1202.199951171875,1202.199951171875,1202.199951171875,0,0.0,0.0
2018-09-20,1206.199951171875,1206.199951171875,1206.199951171875,1206.199951171875,1206.199951171875,0,0.0,0.0
2018-09-21,1196.199951171875,1196.199951171875,1196.199951171875,1196.199951171875,1196.199951171875,0,0.0,0.0
2018-09-24,1199.300048828125,1199.300048828125,1199.300048828125,1199.300048828125,1199.300048828125,0,0.0,0.0
2018-09-25,1202.0999755859375,1202.800048828125,1200.0,1200.0,1200.0,21,0.0,0.0
2018-09-26,1194.0,1194.0,1194.0,1194.0,1194.0,17857,0.0,0.0
2018-09-27,1194.5999755859375,1197.300048828125,1180.5,1182.300048828125,1182.300048828125,4947,0.0,0.0
2018-09-28,1181.699951171875,1191.9000244140625,1180.0,1191.5,1191.5,404,0.0,0.0
2018-10-01,1191.5999755859375,1191.5999755859375,1185.800048828125,1187.0999755859375,1187.0999755859375,180,0.0,0.0
2018-10-02,1193.0,1206.0,1190.300048828125,1202.4000244140625,1202.4000244140625,451,0.0,0.0
2018-10-03,1202.5999755859375,1202.5999755859375,1196.5999755859375,1198.300048828125,1198.300048828125,76,0.0,0.0
2018-10-04,1199.300048828125,1204.5999755859375,1197.199951171875,1197.199951171875,1197.199951171875,496,0.0,0.0
2018-10-05,1197.0999755859375,1205.300048828125,1196.9000244140625,1201.199951171875,1201.199951171875,34,0.0,0.0
2018-10-08,1201.0,1201.0,1183.699951171875,1184.4000244140625,1184.4000244140625,250,0.0,0.0
2018-10-09,1185.5999755859375,1189.0999755859375,1185.5999755859375,1187.199951171875,1187.199951171875,9,0.0,0.0
2018-10-10,1189.300048828125,1192.0,1189.300048828125,1189.300048828125,1189.300048828125,1078,0.0,0.0
2018-10-11,1198.0999755859375,1224.5999755859375,1196.300048828125,1223.5,1223.5,126,0.0,0.0
2018-10-12,1221.5999755859375,1221.5999755859375,1216.0,1218.0999755859375,1218.0999755859375,122,0.0,0.0
2018-10-15,1222.4000244140625,1232.300048828125,1222.4000244140625,1226.4000244140625,1226.4000244140625,136,0.0,0.0
2018-10-16,1227.0999755859375,1230.5,1227.0999755859375,1227.300048828125,1227.300048828125,426,0.0,0.0
2018-10-17,1225.9000244140625,1225.9000244140625,1223.699951171875,1223.699951171875,1223.699951171875,1,0.0,0.0
2018-10-18,1226.5,1226.5,1226.5,1226.5,1226.5,165,0.0,0.0
2018-10-19,1225.300048828125,1225.300048828125,1225.300048828125,1225.300048828125,1225.300048828125,55,0.0,0.0
2018-10-22,1224.5,1224.5,1219.5999755859375,1221.199951171875,1221.199951171875,18,0.0,0.0
2018-10-23,1224.800048828125,1237.800048828125,1224.800048828125,1233.4000244140625,1233.4000244140625,33,0.0,0.0
2018-10-24,1231.5999755859375,1231.5999755859375,1227.800048828125,1227.800048828125,1227.800048828125,36,0.0,0.0
2018-10-25,1238.5999755859375,1238.5999755859375,1229.0999755859375,1229.0999755859375,1229.0999755859375,7,0.0,0.0
2018-10-26,1234.300048828125,1234.800048828125,1232.5,1232.5,1232.5,20,0.0,0.0
2018-10-29,1224.5,1224.5,1224.5,1224.5,1224.5,214,0.0,0.0
2018-10-30,1227.699951171875,1227.699951171875,1219.800048828125,1222.5999755859375,1222.5999755859375,72,0.0,0.0
2018-10-31,1216.0,1216.5999755859375,1212.0,1212.300048828125,1212.300048828125,121,0.0,0.0
2018-11-01,1215.4000244140625,1236.0,1215.4000244140625,1236.0,1236.0,14,0.0,0.0
2018-11-02,1233.300048828125,1233.300048828125,1230.9000244140625,1230.9000244140625,1230.9000244140625,18,0.0,0.0
2018-11-05,1230.5999755859375,1231.5,1226.699951171875,1229.800048828125,1229.800048828125,15,0.0,0.0
2018-11-06,1230.699951171875,1233.800048828125,1223.800048828125,1223.800048828125,1223.800048828125,4,0.0,0.0
2018-11-07,1228.5999755859375,1228.5999755859375,1226.199951171875,1226.199951171875,1226.199951171875,1,0.0,0.0
2018-11-08,1222.9000244140625,1222.9000244140625,1222.9000244140625,1222.9000244140625,1222.9000244140625,2,0.0,0.0
2018-11-09,1207.9000244140625,1207.9000244140625,1206.4000244140625,1206.4000244140625,1206.4000244140625,14,0.0,0.0
2018-11-12,1201.5999755859375,1201.5999755859375,1201.300048828125,1201.300048828125,1201.300048828125,1,0.0,0.0
2018-11-13,1196.300048828125,1201.300048828125,1196.300048828125,1199.199951171875,1199.199951171875,5,0.0,0.0
2018-11-14,1207.9000244140625,1207.9000244140625,1207.9000244140625,1207.9000244140625,1207.9000244140625,0,0.0,0.0
2018-11-15,1212.800048828125,1212.800048828125,1212.800048828125,1212.800048828125,1212.800048828125,0,0.0,0.0
2018-11-16,1216.699951171875,1223.800048828125,1216.699951171875,1220.800048828125,1220.800048828125,5,0.0,0.0
2018-11-19,1223.0999755859375,1223.0999755859375,1223.0999755859375,1223.0999755859375,1223.0999755859375,0,0.0,0.0
2018-11-20,1225.300048828125,1228.800048828125,1219.0,1219.0,1219.0,12,0.0,0.0
2018-11-21,1225.800048828125,1225.800048828125,1225.800048828125,1225.800048828125,1225.800048828125,0,0.0,0.0
2018-11-23,1224.800048828125,1224.800048828125,1221.0,1221.0,1221.0,1,0.0,0.0
2018-11-26,1220.199951171875,1222.0,1220.199951171875,1220.199951171875,1220.199951171875,2,0.0,0.0
2018-11-27,1221.9000244140625,1222.0,1211.199951171875,1211.199951171875,1211.199951171875,5,0.0,0.0
2018-11-28,1211.5,1221.4000244140625,1211.5,1221.4000244140625,1221.4000244140625,247168,0.0,0.0
2018-11-29,1221.0,1228.699951171875,1220.5,1224.0999755859375,1224.0999755859375,55478,0.0,0.0
2018-11-30,1224.0999755859375,1225.0,1216.0999755859375,1220.199951171875,1220.199951171875,2060,0.0,0.0
2018-12-03,1222.5,1234.0999755859375,1221.300048828125,1233.9000244140625,1233.9000244140625,751,0.0,0.0
2018-12-04,1231.0,1241.4000244140625,1230.4000244140625,1241.0999755859375,1241.0999755859375,474,0.0,0.0
2018-12-06,1237.5,1244.4000244140625,1234.800048828125,1238.0999755859375,1238.0999755859375,434,0.0,0.0
2018-12-07,1238.300048828125,1249.800048828125,1237.5999755859375,1246.800048828125,1246.800048828125,211,0.0,0.0
2018-12-10,1249.5999755859375,1249.5999755859375,1241.699951171875,1243.699951171875,1243.699951171875,131,0.0,0.0
2018-12-11,1245.800048828125,1248.699951171875,1241.5,1241.9000244140625,1241.9000244140625,117,0.0,0.0
2018-12-12,1245.300048828125,1245.5999755859375,1244.0999755859375,1244.4000244140625,1244.4000244140625,84,0.0,0.0
2018-12-13,1243.5,1243.5,1241.0,1242.699951171875,1242.699951171875,194,0.0,0.0
2018-12-14,1241.699951171875,1241.699951171875,1234.0999755859375,1237.0,1237.0,33,0.0,0.0
2018-12-17,1239.300048828125,1247.4000244140625,1239.300048828125,1247.4000244140625,1247.4000244140625,10,0.0,0.0
2018-12-18,1248.199951171875,1249.199951171875,1245.5999755859375,1249.199951171875,1249.199951171875,31,0.0,0.0
2018-12-19,1255.800048828125,1255.800048828125,1252.0999755859375,1252.0999755859375,1252.0999755859375,268,0.0,0.0
2018-12-20,1243.199951171875,1263.5999755859375,1243.199951171875,1263.5999755859375,1263.5999755859375,49,0.0,0.0
2018-12-21,1260.300048828125,1261.300048828125,1253.800048828125,1253.800048828125,1253.800048828125,96,0.0,0.0
2018-12-24,1260.300048828125,1268.5,1260.300048828125,1267.5,1267.5,27,0.0,0.0
2018-12-26,1269.300048828125,1277.4000244140625,1269.199951171875,1269.199951171875,1269.199951171875,63,0.0,0.0
2018-12-27,1276.699951171875,1277.300048828125,1276.699951171875,1277.300048828125,1277.300048828125,480,0.0,0.0
2018-12-28,1273.5,1280.0999755859375,1273.5,1279.9000244140625,1279.9000244140625,805,0.0,0.0
2018-12-31,1278.0,1281.300048828125,1277.5999755859375,1278.300048828125,1278.300048828125,19,0.0,0.0
2019-01-02,1286.0,1286.0,1277.5999755859375,1281.0,1281.0,149,0.0,0.0
2019-01-03,1286.800048828125,1292.0,1286.699951171875,1291.800048828125,1291.800048828125,10,0.0,0.0
2019-01-04,1294.199951171875,1294.199951171875,1275.300048828125,1282.699951171875,1282.699951171875,34,0.0,0.0
2019-01-07,1286.800048828125,1286.800048828125,1286.5999755859375,1286.800048828125,1286.800048828125,2,0.0,0.0
2019-01-08,1280.5,1283.199951171875,1278.199951171875,1283.199951171875,1283.199951171875,54,0.0,0.0
2019-01-09,1279.4000244140625,1289.300048828125,1279.199951171875,1289.300048828125,1289.300048828125,102,0.0,0.0
2019-01-10,1284.699951171875,1284.699951171875,1284.699951171875,1284.699951171875,1284.699951171875,0,0.0,0.0
2019-01-11,1291.199951171875,1291.199951171875,1286.300048828125,1287.0999755859375,1287.0999755859375,11,0.0,0.0
2019-01-14,1292.4000244140625,1293.9000244140625,1289.0999755859375,1289.0999755859375,1289.0999755859375,7,0.0,0.0
2019-01-15,1290.0999755859375,1292.699951171875,1286.199951171875,1286.199951171875,1286.199951171875,3,0.0,0.0
2019-01-16,1291.5999755859375,1291.5999755859375,1291.5999755859375,1291.5999755859375,1291.5999755859375,2,0.0,0.0
2019-01-17,1291.5999755859375,1292.699951171875,1288.5,1291.0,1291.0,10,0.0,0.0
2019-01-18,1281.300048828125,1281.300048828125,1281.300048828125,1281.300048828125,1281.300048828125,3,0.0,0.0
2019-01-22,1282.5,1283.300048828125,1282.5,1282.5,1282.5,7,0.0,0.0
2019-01-23,1281.699951171875,1283.9000244140625,1278.699951171875,1283.0999755859375,1283.0999755859375,14,0.0,0.0
2019-01-24,1279.0999755859375,1279.0999755859375,1278.5,1279.0999755859375,1279.0999755859375,1,0.0,0.0
2019-01-25,1297.4000244140625,1297.4000244140625,1297.4000244140625,1297.4000244140625,1297.4000244140625,0,0.0,0.0
2019-01-28,1300.800048828125,1307.0999755859375,1298.4000244140625,1302.4000244140625,1302.4000244140625,54,0.0,0.0
2019-01-29,1308.199951171875,1308.199951171875,1308.199951171875,1308.199951171875,1308.199951171875,213607,0.0,0.0
2019-01-30,1310.4000244140625,1323.4000244140625,1308.0999755859375,1309.9000244140625,1309.9000244140625,54958,0.0,0.0
2019-01-31,1320.0,1325.4000244140625,1316.699951171875,1319.699951171875,1319.699951171875,1970,0.0,0.0
2019-02-01,1320.300048828125,1320.699951171875,1315.4000244140625,1316.9000244140625,1316.9000244140625,878,0.0,0.0
2019-02-04,1318.0999755859375,1318.0999755859375,1308.300048828125,1314.300048828125,1314.300048828125,675,0.0,0.0
2019-02-05,1311.0999755859375,1315.0999755859375,1311.0,1314.199951171875,1314.199951171875,362,0.0,0.0
2019-02-06,1312.5,1313.5,1305.0,1309.5,1309.5,358,0.0,0.0
2019-02-07,1302.9000244140625,1310.4000244140625,1302.199951171875,1309.4000244140625,1309.4000244140625,203,0.0,0.0
2019-02-08,1309.5,1314.0,1307.800048828125,1313.699951171875,1313.699951171875,122,0.0,0.0
2019-02-11,1313.4000244140625,1313.4000244140625,1304.699951171875,1307.0,1307.0,119,0.0,0.0
2019-02-12,1310.0,1312.0,1307.5999755859375,1309.199951171875,1309.199951171875,109,0.0,0.0
2019-02-13,1311.5999755859375,1316.0,1308.0999755859375,1310.800048828125,1310.800048828125,143,0.0,0.0
2019-02-14,1305.0,1311.800048828125,1301.5999755859375,1309.800048828125,1309.800048828125,858,0.0,0.0
2019-02-15,1313.5999755859375,1318.800048828125,1313.5999755859375,1318.0999755859375,1318.0999755859375,190,0.0,0.0
2019-02-19,1320.9000244140625,1340.0999755859375,1320.5,1340.0999755859375,1340.0999755859375,390,0.0,0.0
2019-02-20,1342.199951171875,1344.0,1338.0,1343.300048828125,1343.300048828125,581,0.0,0.0
2019-02-21,1331.300048828125,1334.9000244140625,1320.9000244140625,1323.5,1323.5,414,0.0,0.0
2019-02-22,1324.199951171875,1331.300048828125,1321.0,1329.199951171875,1329.199951171875,718,0.0,0.0
2019-02-25,1329.199951171875,1331.5999755859375,1325.5999755859375,1325.9000244140625,1325.9000244140625,185,0.0,0.0
2019-02-26,1323.300048828125,1325.5,1323.300048828125,1325.0999755859375,1325.0999755859375,939,0.0,0.0
2019-02-27,1327.699951171875,1327.9000244140625,1316.5,1317.699951171875,1317.699951171875,604,0.0,0.0
2019-02-28,1321.0999755859375,1323.699951171875,1311.5,1312.800048828125,1312.800048828125,141,0.0,0.0
2019-03-01,1312.199951171875,1312.199951171875,1288.9000244140625,1296.4000244140625,1296.4000244140625,110,0.0,0.0
2019-03-04,1285.5,1287.0,1281.9000244140625,1284.800048828125,1284.800048828125,28,0.0,0.0
2019-03-05,1287.0,1287.0,1282.0,1282.0,1282.0,114,0.0,0.0
2019-03-06,1287.0999755859375,1287.0999755859375,1282.5999755859375,1284.9000244140625,1284.9000244140625,14,0.0,0.0
2019-03-07,1281.0,1284.5999755859375,1281.0,1283.800048828125,1283.800048828125,11,0.0,0.0
2019-03-08,1292.0999755859375,1297.4000244140625,1291.5999755859375,1297.0,1297.0,10,0.0,0.0
2019-03-11,1291.0,1291.0,1288.800048828125,1288.800048828125,1288.800048828125,9,0.0,0.0
2019-03-12,1294.699951171875,1296.300048828125,1294.699951171875,1296.300048828125,1296.300048828125,1,0.0,0.0
2019-03-13,1307.5,1307.5,1307.5,1307.5,1307.5,0,0.0,0.0
2019-03-14,1293.4000244140625,1293.4000244140625,1293.4000244140625,1293.4000244140625,1293.4000244140625,1,0.0,0.0
2019-03-15,1300.9000244140625,1304.699951171875,1300.5,1301.800048828125,1301.800048828125,26,0.0,0.0
2019-03-18,1297.300048828125,1302.199951171875,1297.300048828125,1300.300048828125,1300.300048828125,8,0.0,0.0
2019-03-19,1306.9000244140625,1306.9000244140625,1304.800048828125,1305.0,1305.0,20,0.0,0.0
2019-03-20,1300.699951171875,1300.699951171875,1300.5,1300.5,1300.5,2,0.0,0.0
2019-03-21,1306.0999755859375,1306.0999755859375,1306.0999755859375,1306.0999755859375,1306.0999755859375,0,0.0,0.0
2019-03-22,1311.5999755859375,1311.5999755859375,1311.5999755859375,1311.5999755859375,1311.5999755859375,0,0.0,0.0
2019-03-25,1320.699951171875,1322.9000244140625,1320.699951171875,1321.9000244140625,1321.9000244140625,19,0.0,0.0
2019-03-26,1315.5999755859375,1315.5999755859375,1314.300048828125,1314.300048828125,1314.300048828125,1,0.0,0.0
2019-03-27,1309.9000244140625,1309.9000244140625,1309.9000244140625,1309.9000244140625,1309.9000244140625,206263,0.0,0.0
2019-03-28,1308.4000244140625,1311.0999755859375,1287.699951171875,1289.800048828125,1289.800048828125,87798,0.0,0.0
2019-03-29,1289.5999755859375,1298.5,1286.0999755859375,1293.0,1293.0,1265,0.0,0.0
2019-04-01,1291.800048828125,1295.9000244140625,1285.699951171875,1288.4000244140625,1288.4000244140625,675,0.0,0.0
2019-04-02,1286.300048828125,1290.9000244140625,1284.5,1290.0,1290.0,525,0.0,0.0
2019-04-03,1291.4000244140625,1293.0999755859375,1287.5,1289.9000244140625,1289.9000244140625,172,0.0,0.0
2019-04-04,1290.5999755859375,1292.5999755859375,1279.5,1289.0,1289.0,269,0.0,0.0
2019-04-05,1292.0,1292.0,1283.5999755859375,1290.4000244140625,1290.4000244140625,181,0.0,0.0
2019-04-08,1292.199951171875,1302.0999755859375,1291.800048828125,1297.0999755859375,1297.0999755859375,63,0.0,0.0
2019-04-09,1298.5,1304.9000244140625,1298.5,1303.5,1303.5,30,0.0,0.0
2019-04-10,1304.0,1309.0999755859375,1301.5,1309.0999755859375,1309.0999755859375,66,0.0,0.0
2019-04-11,1307.0,1307.0999755859375,1288.5999755859375,1288.5999755859375,1288.5999755859375,420,0.0,0.0
2019-04-12,1293.4000244140625,1293.4000244140625,1289.199951171875,1290.5999755859375,1290.5999755859375,607,0.0,0.0
2019-04-15,1284.800048828125,1287.300048828125,1282.300048828125,1286.800048828125,1286.800048828125,523,0.0,0.0
2019-04-16,1285.199951171875,1285.199951171875,1272.199951171875,1272.5999755859375,1272.5999755859375,643,0.0,0.0
2019-04-17,1273.5,1273.5,1271.5999755859375,1272.199951171875,1272.199951171875,308,0.0,0.0
2019-04-18,1270.800048828125,1273.5999755859375,1270.0999755859375,1271.9000244140625,1271.9000244140625,27,0.0,0.0
2019-04-22,1273.5,1273.5,1273.5,1273.5,1273.5,147,0.0,0.0
2019-04-23,1266.4000244140625,1269.800048828125,1266.0,1269.300048828125,1269.300048828125,206,0.0,0.0
2019-04-24,1268.4000244140625,1275.5,1267.800048828125,1275.5,1275.5,518,0.0,0.0
2019-04-25,1280.5999755859375,1280.800048828125,1275.800048828125,1275.800048828125,1275.800048828125,95,0.0,0.0
2019-04-26,1284.9000244140625,1284.9000244140625,1284.9000244140625,1284.9000244140625,1284.9000244140625,804,0.0,0.0
2019-04-29,1284.800048828125,1284.9000244140625,1277.0999755859375,1278.5999755859375,1278.5999755859375,568,0.0,0.0
2019-04-30,1281.699951171875,1283.300048828125,1280.800048828125,1282.800048828125,1282.800048828125,114,0.0,0.0
2019-05-01,1278.699951171875,1283.300048828125,1278.699951171875,1281.4000244140625,1281.4000244140625,70,0.0,0.0
2019-05-02,1269.199951171875,1270.800048828125,1266.5999755859375,1269.699951171875,1269.699951171875,63,0.0,0.0
2019-05-03,1270.0999755859375,1279.199951171875,1270.0999755859375,1279.199951171875,1279.199951171875,15,0.0,0.0
2019-05-06,1282.199951171875,1282.199951171875,1280.300048828125,1281.699951171875,1281.699951171875,12,0.0,0.0
2019-05-07,1280.5,1283.5,1280.5,1283.5,1283.5,8,0.0,0.0
2019-05-08,1279.4000244140625,1279.4000244140625,1279.4000244140625,1279.4000244140625,1279.4000244140625,5,0.0,0.0
2019-05-09,1278.9000244140625,1285.0,1278.800048828125,1283.5,1283.5,38,0.0,0.0
2019-05-10,1285.4000244140625,1286.5,1283.300048828125,1285.699951171875,1285.699951171875,6,0.0,0.0
2019-05-13,1286.699951171875,1300.0999755859375,1281.800048828125,1300.0999755859375,1300.0999755859375,56,0.0,0.0
2019-05-14,1297.800048828125,1297.800048828125,1294.699951171875,1294.699951171875,1294.699951171875,6,0.0,0.0
2019-05-15,1296.9000244140625,1296.9000244140625,1296.0,1296.300048828125,1296.300048828125,55,0.0,0.0
2019-05-16,1285.199951171875,1285.4000244140625,1285.0,1285.0,1285.0,3,0.0,0.0
2019-05-17,1280.0,1280.0,1274.5,1274.5,1274.5,1,0.0,0.0
2019-05-20,1276.0999755859375,1276.0999755859375,1276.0999755859375,1276.0999755859375,1276.0999755859375,20,0.0,0.0
2019-05-21,1272.0,1272.0,1272.0,1272.0,1272.0,0,0.0,0.0
2019-05-22,1273.5999755859375,1273.5999755859375,1273.5999755859375,1273.5999755859375,1273.5999755859375,0,0.0,0.0
2019-05-23,1284.800048828125,1284.800048828125,1284.800048828125,1284.800048828125,1284.800048828125,0,0.0,0.0
2019-05-24,1283.0,1283.0,1283.0,1283.0,1283.0,9,0.0,0.0
2019-05-28,1276.5,1276.5,1276.5,1276.5,1276.5,0,0.0,0.0
2019-05-29,1280.5999755859375,1280.5999755859375,1280.5999755859375,1280.5999755859375,1280.5999755859375,189694,0.0,0.0
2019-05-30,1279.4000244140625,1288.300048828125,1273.9000244140625,1287.0999755859375,1287.0999755859375,55573,0.0,0.0
2019-05-31,1287.699951171875,1306.4000244140625,1287.5,1305.800048828125,1305.800048828125,2814,0.0,0.0
2019-06-03,1307.0,1327.800048828125,1307.0,1322.699951171875,1322.699951171875,812,0.0,0.0
2019-06-04,1324.300048828125,1328.5999755859375,1320.800048828125,1323.4000244140625,1323.4000244140625,302,0.0,0.0
2019-06-05,1328.9000244140625,1343.300048828125,1326.300048828125,1328.300048828125,1328.300048828125,622,0.0,0.0
2019-06-06,1330.800048828125,1338.699951171875,1326.199951171875,1337.5999755859375,1337.5999755859375,161,0.0,0.0
2019-06-07,1333.0999755859375,1347.699951171875,1329.800048828125,1341.199951171875,1341.199951171875,240,0.0,0.0
2019-06-10,1335.800048828125,1336.5,1324.0999755859375,1324.699951171875,1324.699951171875,268,0.0,0.0
2019-06-11,1328.4000244140625,1328.4000244140625,1319.0999755859375,1326.4000244140625,1326.4000244140625,201,0.0,0.0
2019-06-12,1326.9000244140625,1334.5,1326.9000244140625,1331.9000244140625,1331.9000244140625,139,0.0,0.0
2019-06-13,1331.5999755859375,1341.0999755859375,1331.5999755859375,1339.199951171875,1339.199951171875,157,0.0,0.0
2019-06-14,1345.4000244140625,1355.4000244140625,1339.300048828125,1340.0999755859375,1340.0999755859375,914,0.0,0.0
2019-06-17,1339.0,1340.300048828125,1335.0,1338.699951171875,1338.699951171875,76,0.0,0.0
2019-06-18,1349.300048828125,1349.300048828125,1341.5999755859375,1346.5999755859375,1346.5999755859375,29,0.0,0.0
2019-06-19,1344.0,1344.5999755859375,1344.0,1344.5999755859375,1344.5999755859375,129,0.0,0.0
2019-06-20,1381.5,1392.9000244140625,1379.5,1392.9000244140625,1392.9000244140625,76,0.0,0.0
2019-06-21,1406.0,1406.0,1390.300048828125,1396.199951171875,1396.199951171875,35,0.0,0.0
2019-06-24,1406.0,1420.5999755859375,1402.0999755859375,1414.300048828125,1414.300048828125,125,0.0,0.0
2019-06-25,1418.0999755859375,1433.300048828125,1414.9000244140625,1414.9000244140625,1414.9000244140625,105,0.0,0.0
2019-06-26,1407.199951171875,1413.300048828125,1405.800048828125,1411.5999755859375,1411.5999755859375,1333,0.0,0.0
2019-06-27,1407.0,1410.800048828125,1399.800048828125,1408.4000244140625,1408.4000244140625,437,0.0,0.0
2019-06-28,1408.300048828125,1422.0,1408.300048828125,1409.699951171875,1409.699951171875,356,0.0,0.0
2019-07-01,1386.5999755859375,1395.800048828125,1382.800048828125,1385.5999755859375,1385.5999755859375,214,0.0,0.0
2019-07-02,1391.0999755859375,1418.4000244140625,1390.800048828125,1404.5999755859375,1404.5999755859375,38,0.0,0.0
2019-07-03,1431.0,1434.0,1413.0999755859375,1417.699951171875,1417.699951171875,46,0.0,0.0
2019-07-05,1418.300048828125,1418.300048828125,1390.199951171875,1396.699951171875,1396.699951171875,20,0.0,0.0
2019-07-08,1395.9000244140625,1397.0,1393.5999755859375,1397.0,1397.0,14,0.0,0.0
2019-07-09,1394.5,1397.5,1386.199951171875,1397.5,1397.5,53,0.0,0.0
2019-07-10,1409.9000244140625,1410.0999755859375,1409.9000244140625,1410.0999755859375,1410.0999755859375,50,0.0,0.0
2019-07-11,1424.0,1424.0,1404.300048828125,1404.300048828125,1404.300048828125,6,0.0,0.0
2019-07-12,1405.5999755859375,1410.0999755859375,1405.5999755859375,1409.9000244140625,1409.9000244140625,8,0.0,0.0
2019-07-15,1414.4000244140625,1415.0,1411.4000244140625,1411.4000244140625,1411.4000244140625,25,0.0,0.0
2019-07-16,1413.5999755859375,1413.699951171875,1405.0,1409.199951171875,1409.199951171875,13,0.0,0.0
2019-07-17,1404.5999755859375,1421.300048828125,1404.5999755859375,1421.300048828125,1421.300048828125,6,0.0,0.0
2019-07-18,1422.300048828125,1444.199951171875,1419.5,1426.0999755859375,1426.0999755859375,66,0.0,0.0
2019-07-19,1440.5,1442.0,1425.0999755859375,1425.0999755859375,1425.0999755859375,22,0.0,0.0
2019-07-22,1425.300048828125,1425.300048828125,1424.0,1425.300048828125,1425.300048828125,1,0.0,0.0
2019-07-23,1418.5999755859375,1421.300048828125,1416.300048828125,1420.0999755859375,1420.0999755859375,5,0.0,0.0
2019-07-24,1422.800048828125,1422.800048828125,1422.800048828125,1422.800048828125,1422.800048828125,20,0.0,0.0
2019-07-25,1413.9000244140625,1413.9000244140625,1413.9000244140625,1413.9000244140625,1413.9000244140625,4,0.0,0.0
2019-07-26,1422.800048828125,1423.0,1418.5,1418.5,1418.5,5,0.0,0.0
2019-07-29,1419.5999755859375,1419.5999755859375,1419.5999755859375,1419.5999755859375,1419.5999755859375,224267,0.0,0.0
2019-07-30,1426.300048828125,1433.9000244140625,1422.0999755859375,1429.699951171875,1429.699951171875,73874,0.0,0.0
2019-07-31,1431.300048828125,1435.800048828125,1411.199951171875,1426.0999755859375,1426.0999755859375,3294,0.0,0.0
2019-08-01,1411.300048828125,1445.199951171875,1400.9000244140625,1420.9000244140625,1420.9000244140625,2431,0.0,0.0
2019-08-02,1448.0,1448.0,1432.300048828125,1445.5999755859375,1445.5999755859375,1873,0.0,0.0
2019-08-05,1440.4000244140625,1469.699951171875,1440.4000244140625,1464.5999755859375,1464.5999755859375,1008,0.0,0.0
2019-08-06,1469.699951171875,1475.0,1457.699951171875,1472.4000244140625,1472.4000244140625,460,0.0,0.0
2019-08-07,1473.5,1509.9000244140625,1473.199951171875,1507.300048828125,1507.300048828125,824,0.0,0.0
2019-08-08,1498.4000244140625,1508.5,1492.0,1497.699951171875,1497.699951171875,367,0.0,0.0
2019-08-09,1506.199951171875,1507.5,1495.5999755859375,1496.5999755859375,1496.5999755859375,74,0.0,0.0
2019-08-12,1496.0,1514.9000244140625,1488.0999755859375,1505.300048828125,1505.300048828125,257,0.0,0.0
2019-08-13,1510.4000244140625,1531.4000244140625,1483.699951171875,1502.199951171875,1502.199951171875,672,0.0,0.0
2019-08-14,1500.0,1520.5,1497.0,1515.9000244140625,1515.9000244140625,328,0.0,0.0
2019-08-15,1519.800048828125,1522.699951171875,1510.5999755859375,1519.5999755859375,1519.5999755859375,87,0.0,0.0
2019-08-16,1524.5999755859375,1524.5999755859375,1504.699951171875,1512.5,1512.5,1815,0.0,0.0
2019-08-19,1507.199951171875,1507.5999755859375,1492.9000244140625,1500.4000244140625,1500.4000244140625,205,0.0,0.0
2019-08-20,1497.5,1506.0999755859375,1497.5,1504.5999755859375,1504.5999755859375,486,0.0,0.0
2019-08-21,1504.9000244140625,1505.0,1498.800048828125,1504.5999755859375,1504.5999755859375,350,0.0,0.0
2019-08-22,1495.0999755859375,1497.300048828125,1493.800048828125,1497.300048828125,1497.300048828125,686,0.0,0.0
2019-08-23,1493.5,1527.5999755859375,1493.5,1526.5999755859375,1526.5999755859375,983,0.0,0.0
2019-08-26,1543.199951171875,1543.300048828125,1524.300048828125,1526.300048828125,1526.300048828125,334,0.0,0.0
2019-08-27,1530.5,1542.0999755859375,1528.5,1541.0,1541.0,166,0.0,0.0
2019-08-28,1538.0999755859375,1538.0999755859375,1537.800048828125,1537.800048828125,1537.800048828125,2756,0.0,0.0
2019-08-29,1537.5,1549.300048828125,1519.5999755859375,1526.5,1526.5,704,0.0,0.0
2019-08-30,1524.5999755859375,1530.4000244140625,1516.699951171875,1519.0999755859375,1519.0999755859375,276,0.0,0.0
2019-09-03,1522.9000244140625,1547.300048828125,1521.0,1545.9000244140625,1545.9000244140625,139,0.0,0.0
2019-09-04,1549.0,1553.199951171875,1534.800048828125,1550.300048828125,1550.300048828125,46,0.0,0.0
2019-09-05,1551.0,1551.0999755859375,1511.0999755859375,1515.4000244140625,1515.4000244140625,125,0.0,0.0
2019-09-06,1517.300048828125,1526.0,1504.5,1506.199951171875,1506.199951171875,54,0.0,0.0
2019-09-09,1509.0,1513.0,1498.0,1502.199951171875,1502.199951171875,69,0.0,0.0
2019-09-10,1498.5,1498.5,1486.9000244140625,1490.300048828125,1490.300048828125,23,0.0,0.0
2019-09-11,1491.699951171875,1496.5999755859375,1490.199951171875,1494.4000244140625,1494.4000244140625,8,0.0,0.0
2019-09-12,1499.5,1515.4000244140625,1498.699951171875,1498.699951171875,1498.699951171875,27,0.0,0.0
2019-09-13,1490.9000244140625,1490.9000244140625,1486.9000244140625,1490.9000244140625,1490.9000244140625,1,0.0,0.0
2019-09-16,1506.5999755859375,1506.800048828125,1496.9000244140625,1503.0999755859375,1503.0999755859375,21,0.0,0.0
2019-09-17,1497.9000244140625,1505.0999755859375,1497.9000244140625,1505.0999755859375,1505.0999755859375,3,0.0,0.0
2019-09-18,1508.9000244140625,1509.4000244140625,1489.300048828125,1507.5,1507.5,8,0.0,0.0
2019-09-19,1496.0999755859375,1502.4000244140625,1496.0999755859375,1498.4000244140625,1498.4000244140625,10,0.0,0.0
2019-09-20,1503.0,1507.300048828125,1503.0,1507.300048828125,1507.300048828125,2,0.0,0.0
2019-09-23,1515.5,1523.699951171875,1515.5,1523.699951171875,1523.699951171875,5,0.0,0.0
2019-09-24,1515.0999755859375,1533.0,1515.0999755859375,1532.0999755859375,1532.0999755859375,25,0.0,0.0
2019-09-25,1527.5999755859375,1527.9000244140625,1504.5999755859375,1504.5999755859375,1504.5999755859375,25,0.0,0.0
2019-09-26,1507.5,1507.5,1507.5,1507.5,1507.5,8178,0.0,0.0
2019-09-27,1504.199951171875,1506.0999755859375,1485.5999755859375,1499.0999755859375,1499.0999755859375,7827,0.0,0.0
2019-09-30,1495.9000244140625,1495.9000244140625,1463.5,1465.699951171875,1465.699951171875,1078,0.0,0.0
2019-10-01,1468.699951171875,1485.5,1458.300048828125,1482.0,1482.0,219,0.0,0.0
2019-10-02,1476.5999755859375,1503.699951171875,1474.0999755859375,1501.0,1501.0,205,0.0,0.0
2019-10-03,1497.4000244140625,1518.199951171875,1496.5999755859375,1507.0999755859375,1507.0999755859375,1213,0.0,0.0
2019-10-04,1505.5999755859375,1508.699951171875,1497.0999755859375,1506.199951171875,1506.199951171875,233,0.0,0.0
2019-10-07,1504.800048828125,1505.800048828125,1489.0999755859375,1497.699951171875,1497.699951171875,121,0.0,0.0
2019-10-08,1489.4000244140625,1506.300048828125,1489.300048828125,1497.199951171875,1497.199951171875,46,0.0,0.0
2019-10-09,1507.699951171875,1507.699951171875,1498.4000244140625,1506.0999755859375,1506.0999755859375,120,0.0,0.0
2019-10-10,1511.199951171875,1511.199951171875,1490.5999755859375,1494.800048828125,1494.800048828125,78,0.0,0.0
2019-10-11,1491.9000244140625,1494.9000244140625,1476.9000244140625,1482.699951171875,1482.699951171875,57,0.0,0.0
2019-10-14,1484.4000244140625,1493.5,1481.300048828125,1491.699951171875,1491.699951171875,400,0.0,0.0
2019-10-15,1488.9000244140625,1495.4000244140625,1476.5999755859375,1477.5999755859375,1477.5999755859375,367,0.0,0.0
2019-10-16,1482.0,1488.0,1480.0,1488.0,1488.0,383,0.0,0.0
2019-10-17,1486.199951171875,1493.199951171875,1485.800048828125,1492.300048828125,1492.300048828125,271,0.0,0.0
2019-10-18,1487.300048828125,1489.0999755859375,1486.5999755859375,1488.199951171875,1488.199951171875,82,0.0,0.0
2019-10-21,1489.9000244140625,1489.9000244140625,1481.5,1482.4000244140625,1482.4000244140625,72,0.0,0.0
2019-10-22,1483.4000244140625,1483.5,1481.699951171875,1481.699951171875,1481.699951171875,99,0.0,0.0
2019-10-23,1486.4000244140625,1490.300048828125,1486.4000244140625,1489.9000244140625,1489.9000244140625,67,0.0,0.0
2019-10-24,1490.5,1501.199951171875,1485.9000244140625,1498.9000244140625,1498.9000244140625,115,0.0,0.0
2019-10-25,1501.4000244140625,1514.300048828125,1499.0,1499.5,1499.5,93,0.0,0.0
2019-10-28,1504.0999755859375,1504.0999755859375,1490.0,1490.0,1490.0,37,0.0,0.0
2019-10-29,1485.9000244140625,1487.0,1485.9000244140625,1487.0,1487.0,425,0.0,0.0
2019-10-30,1487.199951171875,1495.4000244140625,1481.0,1493.199951171875,1493.199951171875,320,0.0,0.0
2019-10-31,1496.0999755859375,1513.0999755859375,1496.0999755859375,1511.4000244140625,1511.4000244140625,210,0.0,0.0
2019-11-01,1511.0,1511.5999755859375,1503.0,1508.0,1508.0,235,0.0,0.0
2019-11-04,1511.5999755859375,1511.5999755859375,1508.0,1508.0,1508.0,101,0.0,0.0
2019-11-05,1507.0999755859375,1507.0999755859375,1480.800048828125,1480.800048828125,1480.800048828125,31,0.0,0.0
2019-11-06,1483.199951171875,1491.0,1483.199951171875,1490.199951171875,1490.199951171875,567,0.0,0.0
2019-11-07,1489.0999755859375,1489.0999755859375,1464.199951171875,1464.199951171875,1464.199951171875,581,0.0,0.0
2019-11-08,1469.0999755859375,1469.0999755859375,1461.300048828125,1461.300048828125,1461.300048828125,21,0.0,0.0
2019-11-11,1461.0,1461.0,1449.300048828125,1455.5,1455.5,22,0.0,0.0
2019-11-12,1454.9000244140625,1454.9000244140625,1447.0999755859375,1452.0999755859375,1452.0999755859375,6,0.0,0.0
2019-11-13,1456.800048828125,1463.300048828125,1456.800048828125,1461.699951171875,1461.699951171875,56,0.0,0.0
2019-11-14,1463.800048828125,1471.800048828125,1463.699951171875,1471.800048828125,1471.800048828125,83,0.0,0.0
2019-11-15,1469.0999755859375,1469.0999755859375,1467.300048828125,1467.300048828125,1467.300048828125,13,0.0,0.0
2019-11-18,1472.0,1472.0,1469.699951171875,1470.9000244140625,1470.9000244140625,141,0.0,0.0
2019-11-19,1467.699951171875,1474.300048828125,1467.699951171875,1473.300048828125,1473.300048828125,18,0.0,0.0
2019-11-20,1472.5999755859375,1474.5,1467.300048828125,1473.300048828125,1473.300048828125,31,0.0,0.0
2019-11-21,1463.0999755859375,1463.0999755859375,1463.0999755859375,1463.0999755859375,1463.0999755859375,16,0.0,0.0
2019-11-22,1468.5999755859375,1468.5999755859375,1463.0999755859375,1463.0999755859375,1463.0999755859375,19,0.0,0.0
2019-11-25,1457.0999755859375,1457.0999755859375,1455.5,1456.5999755859375,1456.5999755859375,14,0.0,0.0
2019-11-26,1459.800048828125,1459.800048828125,1459.800048828125,1459.800048828125,1459.800048828125,346362,0.0,0.0
2019-11-27,1461.0999755859375,1461.9000244140625,1452.0,1453.4000244140625,1453.4000244140625,88364,0.0,0.0
2019-11-29,1453.5999755859375,1465.5999755859375,1452.0999755859375,1465.5999755859375,1465.5999755859375,7020,0.0,0.0
2019-12-02,1462.800048828125,1464.4000244140625,1453.300048828125,1462.300048828125,1462.300048828125,2172,0.0,0.0
2019-12-03,1461.5999755859375,1480.4000244140625,1459.5,1478.199951171875,1478.199951171875,1460,0.0,0.0
2019-12-04,1477.5,1483.4000244140625,1471.199951171875,1474.0,1474.0,613,0.0,0.0
2019-12-05,1474.699951171875,1478.0,1472.300048828125,1476.9000244140625,1476.9000244140625,907,0.0,0.0
2019-12-06,1475.0,1476.0,1458.199951171875,1459.0999755859375,1459.0999755859375,899,0.0,0.0
2019-12-09,1458.800048828125,1464.199951171875,1458.5999755859375,1459.300048828125,1459.300048828125,1461,0.0,0.0
2019-12-10,1460.699951171875,1467.199951171875,1460.699951171875,1462.5999755859375,1462.5999755859375,367,0.0,0.0
2019-12-11,1463.0999755859375,1475.4000244140625,1463.0999755859375,1469.4000244140625,1469.4000244140625,393,0.0,0.0
2019-12-12,1475.0999755859375,1483.9000244140625,1463.699951171875,1466.699951171875,1466.699951171875,955,0.0,0.0
2019-12-13,1463.0999755859375,1475.9000244140625,1463.0999755859375,1475.5999755859375,1475.5999755859375,468,0.0,0.0
2019-12-16,1473.800048828125,1475.300048828125,1473.800048828125,1475.0,1475.0,99,0.0,0.0
2019-12-17,1474.0999755859375,1476.9000244140625,1474.0,1474.5999755859375,1474.5999755859375,410,0.0,0.0
2019-12-18,1472.5999755859375,1472.5999755859375,1472.5999755859375,1472.5999755859375,1472.5999755859375,250,0.0,0.0
2019-12-19,1475.9000244140625,1478.9000244140625,1473.300048828125,1478.199951171875,1478.199951171875,319,0.0,0.0
2019-12-20,1476.699951171875,1478.0999755859375,1474.699951171875,1474.699951171875,1474.699951171875,118,0.0,0.0
2019-12-23,1482.300048828125,1482.5,1479.9000244140625,1482.5,1482.5,391,0.0,0.0
2019-12-24,1488.699951171875,1499.0999755859375,1488.699951171875,1499.0999755859375,1499.0999755859375,52,0.0,0.0
2019-12-26,1505.199951171875,1512.300048828125,1505.0,1509.300048828125,1509.300048828125,126,0.0,0.0
2019-12-27,1513.800048828125,1513.800048828125,1513.800048828125,1513.800048828125,1513.800048828125,839,0.0,0.0
2019-12-30,1512.5999755859375,1515.0999755859375,1510.0,1514.5,1514.5,446,0.0,0.0
2019-12-31,1513.800048828125,1523.4000244140625,1513.800048828125,1519.5,1519.5,301,0.0,0.0
2020-01-02,1518.0999755859375,1528.699951171875,1518.0,1524.5,1524.5,214,0.0,0.0
2020-01-03,1530.0999755859375,1552.699951171875,1530.0999755859375,1549.199951171875,1549.199951171875,107,0.0,0.0
2020-01-06,1580.0,1580.0,1560.4000244140625,1566.199951171875,1566.199951171875,416,0.0,0.0
2020-01-07,1558.300048828125,1576.300048828125,1558.300048828125,1571.800048828125,1571.800048828125,47,0.0,0.0
2020-01-08,1579.699951171875,1604.199951171875,1552.300048828125,1557.4000244140625,1557.4000244140625,236,0.0,0.0
2020-01-09,1555.699951171875,1555.699951171875,1543.300048828125,1551.699951171875,1551.699951171875,54,0.0,0.0
2020-01-10,1551.199951171875,1558.800048828125,1545.4000244140625,1557.5,1557.5,16,0.0,0.0
2020-01-13,1557.4000244140625,1558.0,1548.4000244140625,1548.4000244140625,1548.4000244140625,48,0.0,0.0
2020-01-14,1546.699951171875,1546.699951171875,1534.9000244140625,1542.4000244140625,1542.4000244140625,32,0.0,0.0
2020-01-15,1548.0,1553.9000244140625,1545.5999755859375,1552.0999755859375,1552.0999755859375,11,0.0,0.0
2020-01-16,1555.699951171875,1556.0999755859375,1548.5,1549.0,1549.0,98,0.0,0.0
2020-01-17,1554.0999755859375,1558.800048828125,1553.5999755859375,1558.800048828125,1558.800048828125,108,0.0,0.0
2020-01-21,1559.300048828125,1566.199951171875,1551.0,1556.4000244140625,1556.4000244140625,45,0.0,0.0
2020-01-22,1549.800048828125,1557.0999755859375,1549.800048828125,1555.300048828125,1555.300048828125,42,0.0,0.0
2020-01-23,1553.0999755859375,1564.5999755859375,1552.199951171875,1564.5999755859375,1564.5999755859375,15,0.0,0.0
2020-01-24,1556.300048828125,1571.0999755859375,1556.300048828125,1571.0999755859375,1571.0999755859375,43,0.0,0.0
2020-01-27,1584.300048828125,1584.5,1576.800048828125,1576.800048828125,1576.800048828125,22,0.0,0.0
2020-01-28,1576.4000244140625,1576.4000244140625,1569.199951171875,1569.199951171875,1569.199951171875,3,0.0,0.0
2020-01-29,1569.800048828125,1569.800048828125,1569.800048828125,1569.800048828125,1569.800048828125,251274,0.0,0.0
2020-01-30,1576.800048828125,1585.0,1571.4000244140625,1583.5,1583.5,62336,0.0,0.0
2020-01-31,1573.4000244140625,1589.0,1570.0,1582.9000244140625,1582.9000244140625,1095,0.0,0.0
2020-02-03,1592.9000244140625,1593.300048828125,1568.199951171875,1577.199951171875,1577.199951171875,1062,0.0,0.0
2020-02-04,1577.699951171875,1577.699951171875,1547.800048828125,1550.4000244140625,1550.4000244140625,978,0.0,0.0
2020-02-05,1553.199951171875,1560.699951171875,1547.699951171875,1557.800048828125,1557.800048828125,1305,0.0,0.0
2020-02-06,1553.5999755859375,1565.5999755859375,1551.5999755859375,1565.0999755859375,1565.0999755859375,110,0.0,0.0
2020-02-07,1564.9000244140625,1571.9000244140625,1560.5,1568.5999755859375,1568.5999755859375,431,0.0,0.0
2020-02-10,1569.300048828125,1574.699951171875,1568.5999755859375,1574.699951171875,1574.699951171875,128,0.0,0.0
2020-02-11,1570.9000244140625,1571.0999755859375,1561.9000244140625,1565.5999755859375,1565.5999755859375,440,0.0,0.0
2020-02-12,1565.199951171875,1568.699951171875,1561.0,1567.4000244140625,1567.4000244140625,36,0.0,0.0
2020-02-13,1570.199951171875,1575.0999755859375,1570.199951171875,1575.0999755859375,1575.0999755859375,74,0.0,0.0
2020-02-14,1575.800048828125,1582.699951171875,1574.800048828125,1582.699951171875,1582.699951171875,68,0.0,0.0
2020-02-18,1579.800048828125,1604.300048828125,1579.800048828125,1600.0,1600.0,310,0.0,0.0
2020-02-19,1600.5999755859375,1610.5,1599.699951171875,1607.5,1607.5,542,0.0,0.0
2020-02-20,1606.5,1621.0,1603.0,1616.5999755859375,1616.5999755859375,117,0.0,0.0
2020-02-21,1619.300048828125,1645.0,1619.300048828125,1644.5999755859375,1644.5999755859375,186,0.0,0.0
2020-02-24,1657.0,1686.5999755859375,1650.0,1672.4000244140625,1672.4000244140625,435,0.0,0.0
2020-02-25,1645.0999755859375,1653.699951171875,1632.300048828125,1646.9000244140625,1646.9000244140625,409,0.0,0.0
2020-02-26,1644.0,1648.0999755859375,1636.4000244140625,1640.0,1640.0,1990,0.0,0.0
2020-02-27,1641.0999755859375,1658.0,1638.5,1640.0,1640.0,707,0.0,0.0
2020-02-28,1640.300048828125,1642.5,1564.0999755859375,1564.0999755859375,1564.0999755859375,289,0.0,0.0
2020-03-02,1583.9000244140625,1608.300048828125,1574.300048828125,1592.300048828125,1592.300048828125,537,0.0,0.0
2020-03-03,1594.5,1645.300048828125,1594.0,1642.0999755859375,1642.0999755859375,610,0.0,0.0
2020-03-04,1645.4000244140625,1645.9000244140625,1631.300048828125,1641.0999755859375,1641.0999755859375,83,0.0,0.0
2020-03-05,1637.300048828125,1672.9000244140625,1637.199951171875,1666.4000244140625,1666.4000244140625,154,0.0,0.0
2020-03-06,1670.800048828125,1686.199951171875,1647.199951171875,1670.800048828125,1670.800048828125,175,0.0,0.0
2020-03-09,1696.0999755859375,1701.5999755859375,1657.699951171875,1674.5,1674.5,161,0.0,0.0
2020-03-10,1671.5999755859375,1674.5999755859375,1643.0,1659.0999755859375,1659.0999755859375,48,0.0,0.0
2020-03-11,1656.5999755859375,1666.5,1635.0,1641.4000244140625,1641.4000244140625,47,0.0,0.0
2020-03-12,1637.0,1647.5,1566.4000244140625,1589.300048828125,1589.300048828125,256,0.0,0.0
2020-03-13,1574.9000244140625,1589.800048828125,1513.800048828125,1515.699951171875,1515.699951171875,89,0.0,0.0
2020-03-16,1569.0999755859375,1569.0999755859375,1452.0999755859375,1485.9000244140625,1485.9000244140625,193,0.0,0.0
2020-03-17,1469.300048828125,1537.699951171875,1469.300048828125,1524.9000244140625,1524.9000244140625,122,0.0,0.0
2020-03-18,1537.5,1542.0,1477.300048828125,1477.300048828125,1477.300048828125,333,0.0,0.0
2020-03-19,1481.5,1491.5999755859375,1471.0,1478.5999755859375,1478.5999755859375,262,0.0,0.0
2020-03-20,1483.5,1484.0,1483.5,1484.0,1484.0,14,0.0,0.0
2020-03-23,1505.300048828125,1567.0,1490.199951171875,1567.0,1567.0,51,0.0,0.0
2020-03-24,1592.699951171875,1685.5,1592.699951171875,1660.199951171875,1660.199951171875,442,0.0,0.0
2020-03-25,1676.5,1676.5,1631.0999755859375,1632.300048828125,1632.300048828125,476,0.0,0.0
2020-03-26,1660.5,1660.5,1650.0999755859375,1650.0999755859375,1650.0999755859375,3,0.0,0.0
2020-03-27,1623.9000244140625,1623.9000244140625,1623.9000244140625,1623.9000244140625,1623.9000244140625,100638,0.0,0.0
2020-03-30,1641.199951171875,1652.800048828125,1607.199951171875,1622.0,1622.0,16389,0.0,0.0
2020-03-31,1618.699951171875,1621.0,1576.0,1583.4000244140625,1583.4000244140625,2874,0.0,0.0
2020-04-01,1570.0,1600.0,1570.0,1578.199951171875,1578.199951171875,2158,0.0,0.0
2020-04-02,1590.9000244140625,1631.199951171875,1586.0,1625.699951171875,1625.699951171875,1294,0.0,0.0
2020-04-03,1624.5,1636.0,1619.800048828125,1633.699951171875,1633.699951171875,643,0.0,0.0
2020-04-06,1629.0999755859375,1696.699951171875,1625.9000244140625,1677.0,1677.0,1063,0.0,0.0
2020-04-07,1695.699951171875,1724.4000244140625,1658.0,1664.800048828125,1664.800048828125,1144,0.0,0.0
2020-04-08,1669.699951171875,1677.0,1662.5,1665.4000244140625,1665.4000244140625,747,0.0,0.0
2020-04-09,1662.699951171875,1736.199951171875,1662.699951171875,1736.199951171875,1736.199951171875,825,0.0,0.0
2020-04-13,1722.0,1756.800048828125,1710.699951171875,1744.800048828125,1744.800048828125,696,0.0,0.0
2020-04-14,1756.800048828125,1775.0,1739.5,1756.699951171875,1756.699951171875,675,0.0,0.0
2020-04-15,1739.4000244140625,1744.9000244140625,1722.699951171875,1727.199951171875,1727.199951171875,642,0.0,0.0
2020-04-16,1731.0,1750.5999755859375,1715.0,1720.4000244140625,1720.4000244140625,162,0.0,0.0
2020-04-17,1715.699951171875,1725.0,1684.9000244140625,1689.199951171875,1689.199951171875,223,0.0,0.0
2020-04-20,1686.0,1701.5999755859375,1680.0,1701.5999755859375,1701.5999755859375,106,0.0,0.0
2020-04-21,1697.0,1707.0999755859375,1659.9000244140625,1678.199951171875,1678.199951171875,666,0.0,0.0
2020-04-22,1696.0,1728.699951171875,1684.800048828125,1728.699951171875,1728.699951171875,453,0.0,0.0
2020-04-23,1734.0,1745.0999755859375,1733.300048828125,1733.300048828125,1733.300048828125,482,0.0,0.0
2020-04-24,1744.0,1744.0,1714.5,1723.5,1723.5,221,0.0,0.0
2020-04-27,1731.9000244140625,1731.9000244140625,1711.9000244140625,1711.9000244140625,1711.9000244140625,169,0.0,0.0
2020-04-28,1716.5999755859375,1716.5999755859375,1707.0999755859375,1710.5,1710.5,1255,0.0,0.0
2020-04-29,1710.0,1713.5,1702.0,1703.4000244140625,1703.4000244140625,373,0.0,0.0
2020-04-30,1719.300048828125,1719.300048828125,1680.800048828125,1684.199951171875,1684.199951171875,327,0.0,0.0
2020-05-01,1686.5999755859375,1701.5,1670.5,1694.5,1694.5,337,0.0,0.0
2020-05-04,1702.5999755859375,1709.0,1699.5999755859375,1706.9000244140625,1706.9000244140625,320,0.0,0.0
2020-05-05,1701.5,1704.4000244140625,1697.199951171875,1704.4000244140625,1704.4000244140625,82,0.0,0.0
2020-05-06,1704.0,1704.0,1684.199951171875,1684.199951171875,1684.199951171875,469,0.0,0.0
2020-05-07,1686.199951171875,1721.800048828125,1685.5999755859375,1721.800048828125,1721.800048828125,853,0.0,0.0
2020-05-08,1726.199951171875,1728.9000244140625,1703.800048828125,1709.9000244140625,1709.9000244140625,330,0.0,0.0
2020-05-11,1702.300048828125,1704.5,1690.199951171875,1695.300048828125,1695.300048828125,749,0.0,0.0
2020-05-12,1699.300048828125,1713.0999755859375,1699.300048828125,1704.4000244140625,1704.4000244140625,324,0.0,0.0
2020-05-13,1702.0,1721.300048828125,1701.9000244140625,1713.9000244140625,1713.9000244140625,431,0.0,0.0
2020-05-14,1724.300048828125,1743.0999755859375,1720.5,1738.0999755859375,1738.0999755859375,672,0.0,0.0
2020-05-15,1739.699951171875,1753.4000244140625,1739.699951171875,1753.4000244140625,1753.4000244140625,719,0.0,0.0
2020-05-18,1755.699951171875,1770.5,1731.800048828125,1731.800048828125,1731.800048828125,229,0.0,0.0
2020-05-19,1744.199951171875,1749.5,1744.199951171875,1744.199951171875,1744.199951171875,167,0.0,0.0
2020-05-20,1751.5999755859375,1752.0999755859375,1745.5999755859375,1750.5999755859375,1750.5999755859375,16,0.0,0.0
2020-05-21,1746.800048828125,1746.800048828125,1720.5,1720.5,1720.5,528,0.0,0.0
2020-05-22,1726.5999755859375,1734.5999755859375,1726.5999755859375,1734.5999755859375,1734.5999755859375,6,0.0,0.0
2020-05-26,1726.4000244140625,1726.4000244140625,1704.800048828125,1704.800048828125,1704.800048828125,39,0.0,0.0
2020-05-27,1685.5999755859375,1710.300048828125,1685.5999755859375,1710.300048828125,1710.300048828125,137416,0.0,0.0
2020-05-28,1709.300048828125,1727.800048828125,1705.0,1713.300048828125,1713.300048828125,23355,0.0,0.0
2020-05-29,1732.699951171875,1754.5,1725.300048828125,1751.699951171875,1751.699951171875,150112,0.0,0.0
2020-06-01,1749.800048828125,1761.0,1737.5999755859375,1750.300048828125,1750.300048828125,146131,0.0,0.0
2020-06-02,1750.300048828125,1757.0,1728.0,1734.0,1734.0,175351,0.0,0.0
2020-06-03,1733.699951171875,1738.9000244140625,1690.300048828125,1704.800048828125,1704.800048828125,256523,0.0,0.0
2020-06-04,1702.800048828125,1729.0,1698.9000244140625,1727.4000244140625,1727.4000244140625,198723,0.0,0.0
2020-06-05,1720.800048828125,1723.199951171875,1671.699951171875,1683.0,1683.0,273683,0.0,0.0
2020-06-08,1686.699951171875,1707.5999755859375,1680.699951171875,1705.0999755859375,1705.0999755859375,154767,0.0,0.0
2020-06-09,1703.9000244140625,1729.4000244140625,1697.5999755859375,1721.9000244140625,1721.9000244140625,182910,0.0,0.0
2020-06-10,1718.9000244140625,1749.4000244140625,1714.0999755859375,1720.699951171875,1720.699951171875,198763,0.0,0.0
2020-06-11,1746.5999755859375,1754.9000244140625,1727.5,1739.800048828125,1739.800048828125,205348,0.0,0.0
2020-06-12,1733.5999755859375,1753.0,1728.199951171875,1737.300048828125,1737.300048828125,151397,0.0,0.0
2020-06-15,1740.699951171875,1743.800048828125,1706.199951171875,1727.199951171875,1727.199951171875,200225,0.0,0.0
2020-06-16,1732.300048828125,1741.300048828125,1721.800048828125,1736.5,1736.5,182423,0.0,0.0
2020-06-17,1735.300048828125,1739.300048828125,1717.300048828125,1735.5999755859375,1735.5999755859375,140069,0.0,0.0
2020-06-18,1735.5,1749.199951171875,1722.699951171875,1731.0999755859375,1731.0999755859375,155912,0.0,0.0
2020-06-19,1729.800048828125,1760.9000244140625,1728.300048828125,1753.0,1753.0,181151,0.0,0.0
2020-06-22,1765.800048828125,1779.0,1753.5,1766.4000244140625,1766.4000244140625,228682,0.0,0.0
2020-06-23,1764.9000244140625,1786.800048828125,1758.300048828125,1782.0,1782.0,194678,0.0,0.0
2020-06-24,1784.4000244140625,1796.0999755859375,1770.5999755859375,1775.0999755859375,1775.0999755859375,239533,0.0,0.0
2020-06-25,1772.300048828125,1779.5999755859375,1764.0999755859375,1770.5999755859375,1770.5999755859375,152200,0.0,0.0
2020-06-26,1774.800048828125,1786.199951171875,1754.0,1780.300048828125,1780.300048828125,201233,0.0,0.0
2020-06-29,1789.199951171875,1790.4000244140625,1776.5,1781.199951171875,1781.199951171875,130505,0.0,0.0
2020-06-30,1784.199951171875,1804.0,1774.800048828125,1800.5,1800.5,199417,0.0,0.0
2020-07-01,1798.9000244140625,1807.699951171875,1767.9000244140625,1779.9000244140625,1779.9000244140625,263254,0.0,0.0
2020-07-02,1779.0,1791.699951171875,1766.300048828125,1790.0,1790.0,186306,0.0,0.0
2020-07-06,1787.9000244140625,1799.0,1779.199951171875,1793.5,1793.5,184653,0.0,0.0
2020-07-07,1793.9000244140625,1810.800048828125,1781.199951171875,1809.9000244140625,1809.9000244140625,221733,0.0,0.0
2020-07-08,1807.9000244140625,1829.800048828125,1803.800048828125,1820.5999755859375,1820.5999755859375,247500,0.0,0.0
2020-07-09,1818.800048828125,1825.5,1799.5999755859375,1803.800048828125,1803.800048828125,283371,0.0,0.0
2020-07-10,1808.4000244140625,1817.0,1796.5,1801.9000244140625,1801.9000244140625,223832,0.0,0.0
2020-07-13,1803.4000244140625,1818.800048828125,1802.0999755859375,1814.0999755859375,1814.0999755859375,230398,0.0,0.0
2020-07-14,1805.199951171875,1815.0,1791.0999755859375,1813.4000244140625,1813.4000244140625,253207,0.0,0.0
2020-07-15,1811.0999755859375,1819.5,1804.0,1813.800048828125,1813.800048828125,183055,0.0,0.0
2020-07-16,1813.0999755859375,1816.199951171875,1794.0999755859375,1800.300048828125,1800.300048828125,196566,0.0,0.0
2020-07-17,1796.9000244140625,1813.9000244140625,1795.199951171875,1810.0,1810.0,167012,0.0,0.0
2020-07-20,1812.300048828125,1823.4000244140625,1806.5999755859375,1817.4000244140625,1817.4000244140625,177739,0.0,0.0
2020-07-21,1819.5999755859375,1844.9000244140625,1817.199951171875,1843.9000244140625,1843.9000244140625,271085,0.0,0.0
2020-07-22,1842.800048828125,1871.800048828125,1842.0999755859375,1865.0999755859375,1865.0999755859375,382234,0.0,0.0
2020-07-23,1871.5999755859375,1897.699951171875,1863.0999755859375,1890.0,1890.0,418749,0.0,0.0
2020-07-24,1884.9000244140625,1904.5999755859375,1880.5,1897.5,1897.5,300174,0.0,0.0
2020-07-27,1901.199951171875,1941.9000244140625,1899.0,1931.0,1931.0,428229,0.0,0.0
2020-07-28,1937.0999755859375,1974.699951171875,1900.199951171875,1944.5999755859375,1944.5999755859375,434445,0.0,0.0
2020-07-29,1950.5999755859375,1974.9000244140625,1935.199951171875,1953.4000244140625,1953.4000244140625,209835,0.0,0.0
2020-07-30,1963.4000244140625,1965.0999755859375,1930.0,1942.300048828125,1942.300048828125,28853,0.0,0.0
2020-07-31,1948.5999755859375,1981.0999755859375,1948.0,1962.800048828125,1962.800048828125,2914,0.0,0.0
2020-08-03,1984.300048828125,1984.300048828125,1955.5,1966.0,1966.0,178754,0.0,0.0
2020-08-04,1993.5,2037.699951171875,1982.5999755859375,2021.0,2021.0,274420,0.0,0.0
2020-08-05,2037.0,2070.300048828125,2027.5,2049.300048828125,2049.300048828125,366379,0.0,0.0
2020-08-06,2055.0,2081.800048828125,2049.0,2069.39990234375,2069.39990234375,312758,0.0,0.0
2020-08-07,2076.39990234375,2089.199951171875,2024.800048828125,2028.0,2028.0,398127,0.0,0.0
2020-08-10,2044.800048828125,2060.800048828125,2027.800048828125,2039.699951171875,2039.699951171875,251306,0.0,0.0
2020-08-11,2038.4000244140625,2040.5,1911.300048828125,1946.300048828125,1946.300048828125,565001,0.0,0.0
2020-08-12,1921.5999755859375,1961.0,1874.199951171875,1949.0,1949.0,459842,0.0,0.0
2020-08-13,1927.300048828125,1974.800048828125,1923.0,1970.4000244140625,1970.4000244140625,349891,0.0,0.0
2020-08-14,1963.800048828125,1970.0,1939.0999755859375,1949.800048828125,1949.800048828125,241798,0.0,0.0
2020-08-17,1956.4000244140625,2000.800048828125,1939.0999755859375,1998.699951171875,1998.699951171875,289437,0.0,0.0
2020-08-18,1993.5999755859375,2024.5999755859375,1985.199951171875,2013.0999755859375,2013.0999755859375,361475,0.0,0.0
2020-08-19,2010.5,2015.5999755859375,1930.5,1970.300048828125,1970.300048828125,443256,0.0,0.0
2020-08-20,1934.4000244140625,1963.0999755859375,1928.9000244140625,1946.5,1946.5,383338,0.0,0.0
2020-08-21,1955.5999755859375,1963.0999755859375,1916.5999755859375,1947.0,1947.0,355065,0.0,0.0
2020-08-24,1947.9000244140625,1970.300048828125,1930.800048828125,1939.199951171875,1939.199951171875,286258,0.0,0.0
2020-08-25,1935.9000244140625,1944.0999755859375,1919.0999755859375,1923.0999755859375,1923.0999755859375,274113,0.0,0.0
2020-08-26,1939.0,1963.4000244140625,1908.4000244140625,1952.5,1952.5,342207,0.0,0.0
2020-08-27,1963.0,1987.0,1914.699951171875,1932.5999755859375,1932.5999755859375,467170,0.0,0.0
2020-08-28,1937.5,1983.0,1928.199951171875,1974.9000244140625,1974.9000244140625,334102,0.0,0.0
2020-08-31,1973.9000244140625,1985.800048828125,1962.300048828125,1978.5999755859375,1978.5999755859375,245105,0.0,0.0
2020-09-01,1973.699951171875,2001.199951171875,1969.199951171875,1978.9000244140625,1978.9000244140625,304894,0.0,0.0
2020-09-02,1976.800048828125,1980.4000244140625,1938.9000244140625,1944.699951171875,1944.699951171875,332591,0.0,0.0
2020-09-03,1948.9000244140625,1956.5999755859375,1927.199951171875,1937.800048828125,1937.800048828125,303029,0.0,0.0
2020-09-04,1938.0,1956.5999755859375,1921.5999755859375,1934.300048828125,1934.300048828125,304742,0.0,0.0
2020-09-08,1938.0,1948.300048828125,1911.699951171875,1943.199951171875,1943.199951171875,416013,0.0,0.0
2020-09-09,1939.4000244140625,1959.699951171875,1926.300048828125,1954.9000244140625,1954.9000244140625,227182,0.0,0.0
2020-09-10,1955.300048828125,1975.199951171875,1948.5999755859375,1964.300048828125,1964.300048828125,271478,0.0,0.0
2020-09-11,1953.800048828125,1963.4000244140625,1944.0,1947.9000244140625,1947.9000244140625,205234,0.0,0.0
2020-09-14,1948.9000244140625,1972.5,1945.199951171875,1963.699951171875,1963.699951171875,200091,0.0,0.0
2020-09-15,1966.199951171875,1982.4000244140625,1955.5999755859375,1966.199951171875,1966.199951171875,239538,0.0,0.0
2020-09-16,1961.4000244140625,1983.800048828125,1957.199951171875,1970.5,1970.5,298385,0.0,0.0
2020-09-17,1967.5999755859375,1969.300048828125,1938.199951171875,1949.9000244140625,1949.9000244140625,273140,0.0,0.0
2020-09-18,1951.0999755859375,1968.199951171875,1951.0999755859375,1962.0999755859375,1962.0999755859375,176074,0.0,0.0
2020-09-21,1957.300048828125,1962.9000244140625,1885.4000244140625,1910.5999755859375,1910.5999755859375,386667,0.0,0.0
2020-09-22,1918.0999755859375,1925.5,1898.9000244140625,1907.5999755859375,1907.5999755859375,282714,0.0,0.0
2020-09-23,1905.0999755859375,1909.9000244140625,1856.0,1868.4000244140625,1868.4000244140625,411558,0.0,0.0
2020-09-24,1866.9000244140625,1880.9000244140625,1851.0,1876.9000244140625,1876.9000244140625,345036,0.0,0.0
2020-09-25,1872.699951171875,1879.300048828125,1854.0999755859375,1866.300048828125,1866.300048828125,230857,0.0,0.0
2020-09-28,1862.699951171875,1888.199951171875,1851.0999755859375,1882.300048828125,1882.300048828125,235915,0.0,0.0
2020-09-29,1886.4000244140625,1904.800048828125,1880.800048828125,1903.199951171875,1903.199951171875,217795,0.0,0.0
2020-09-30,1903.199951171875,1908.199951171875,1885.800048828125,1895.5,1895.5,259868,0.0,0.0
2020-10-01,1891.199951171875,1917.9000244140625,1890.0,1916.300048828125,1916.300048828125,262086,0.0,0.0
2020-10-02,1911.0,1923.5999755859375,1895.199951171875,1907.5999755859375,1907.5999755859375,212728,0.0,0.0
2020-10-05,1910.9000244140625,1924.9000244140625,1891.199951171875,1920.0999755859375,1920.0999755859375,177587,0.0,0.0
2020-10-06,1917.800048828125,1927.0,1878.199951171875,1908.800048828125,1908.800048828125,219440,0.0,0.0
2020-10-07,1882.5999755859375,1902.4000244140625,1877.0999755859375,1890.800048828125,1890.800048828125,188588,0.0,0.0
2020-10-08,1890.5999755859375,1905.300048828125,1885.300048828125,1895.0999755859375,1895.0999755859375,185453,0.0,0.0
2020-10-09,1898.4000244140625,1936.800048828125,1898.0,1926.199951171875,1926.199951171875,229847,0.0,0.0
2020-10-12,1935.0,1939.4000244140625,1923.800048828125,1928.9000244140625,1928.9000244140625,157212,0.0,0.0
2020-10-13,1927.300048828125,1930.5999755859375,1889.300048828125,1894.5999755859375,1894.5999755859375,267538,0.0,0.0
2020-10-14,1895.4000244140625,1917.5,1885.0,1907.300048828125,1907.300048828125,188302,0.0,0.0
2020-10-15,1906.0,1913.199951171875,1892.699951171875,1908.9000244140625,1908.9000244140625,213574,0.0,0.0
2020-10-16,1912.699951171875,1918.699951171875,1901.0999755859375,1906.4000244140625,1906.4000244140625,146910,0.0,0.0
2020-10-19,1903.199951171875,1923.4000244140625,1900.199951171875,1911.699951171875,1911.699951171875,159852,0.0,0.0
2020-10-20,1906.4000244140625,1917.5999755859375,1896.5999755859375,1915.4000244140625,1915.4000244140625,163912,0.0,0.0
2020-10-21,1911.5999755859375,1936.0,1911.5999755859375,1929.5,1929.5,201272,0.0,0.0
2020-10-22,1927.4000244140625,1929.4000244140625,1894.199951171875,1904.5999755859375,1904.5999755859375,215581,0.0,0.0
2020-10-23,1906.5,1917.300048828125,1895.199951171875,1905.199951171875,1905.199951171875,172958,0.0,0.0
2020-10-26,1906.0,1911.0999755859375,1892.5,1905.699951171875,1905.699951171875,166313,0.0,0.0
2020-10-27,1904.4000244140625,1913.800048828125,1898.699951171875,1911.9000244140625,1911.9000244140625,153297,0.0,0.0
2020-10-28,1909.800048828125,1912.5999755859375,1869.0999755859375,1879.199951171875,1879.199951171875,297085,0.0,0.0
2020-10-29,1877.5,1885.0999755859375,1859.199951171875,1868.0,1868.0,225159,0.0,0.0
2020-10-30,1867.9000244140625,1890.9000244140625,1863.300048828125,1879.9000244140625,1879.9000244140625,213173,0.0,0.0
2020-11-02,1877.0,1897.0999755859375,1873.300048828125,1892.5,1892.5,164943,0.0,0.0
2020-11-03,1896.4000244140625,1912.199951171875,1887.5999755859375,1910.4000244140625,1910.4000244140625,171368,0.0,0.0
2020-11-04,1910.300048828125,1917.9000244140625,1881.800048828125,1896.199951171875,1896.199951171875,293946,0.0,0.0
2020-11-05,1903.4000244140625,1954.300048828125,1902.199951171875,1946.800048828125,1946.800048828125,297512,0.0,0.0
2020-11-06,1950.0,1961.800048828125,1937.199951171875,1951.699951171875,1951.699951171875,246779,0.0,0.0
2020-11-09,1956.0,1966.0999755859375,1848.0,1854.4000244140625,1854.4000244140625,496088,0.0,0.0
2020-11-10,1864.0999755859375,1888.9000244140625,1858.9000244140625,1876.4000244140625,1876.4000244140625,264872,0.0,0.0
2020-11-11,1876.0999755859375,1882.5,1853.9000244140625,1861.5999755859375,1861.5999755859375,215170,0.0,0.0
2020-11-12,1863.9000244140625,1883.0,1860.699951171875,1873.300048828125,1873.300048828125,209934,0.0,0.0
2020-11-13,1875.5999755859375,1895.800048828125,1872.0999755859375,1886.199951171875,1886.199951171875,162538,0.0,0.0
2020-11-16,1886.5999755859375,1898.0,1861.5,1887.800048828125,1887.800048828125,222937,0.0,0.0
2020-11-17,1888.199951171875,1892.699951171875,1876.300048828125,1885.0999755859375,1885.0999755859375,160884,0.0,0.0
2020-11-18,1879.5,1884.199951171875,1860.300048828125,1873.9000244140625,1873.9000244140625,209000,0.0,0.0
2020-11-19,1872.0,1872.5999755859375,1850.0,1861.5,1861.5,222347,0.0,0.0
2020-11-20,1864.800048828125,1879.199951171875,1859.0999755859375,1872.4000244140625,1872.4000244140625,186166,0.0,0.0
2020-11-23,1869.800048828125,1875.0,1828.0,1837.800048828125,1837.800048828125,319657,0.0,0.0
2020-11-24,1835.699951171875,1836.9000244140625,1797.0999755859375,1804.5999755859375,1804.5999755859375,367879,0.0,0.0
2020-11-25,1805.199951171875,1816.300048828125,1798.5999755859375,1805.5,1805.5,205754,0.0,0.0
2020-11-27,1806.0999755859375,1817.0,1770.699951171875,1781.9000244140625,1781.9000244140625,71804,0.0,0.0
2020-11-30,1785.0,1787.199951171875,1762.300048828125,1775.699951171875,1775.699951171875,3145,0.0,0.0
2020-12-01,1775.0,1815.9000244140625,1774.9000244140625,1814.0999755859375,1814.0999755859375,203653,0.0,0.0
2020-12-02,1819.0999755859375,1835.699951171875,1810.5,1830.199951171875,1830.199951171875,185323,0.0,0.0
2020-12-03,1833.9000244140625,1847.4000244140625,1826.699951171875,1841.0999755859375,1841.0999755859375,180357,0.0,0.0
2020-12-04,1844.699951171875,1852.699951171875,1832.0,1840.0,1840.0,171259,0.0,0.0
2020-12-07,1841.0999755859375,1873.0,1824.800048828125,1866.0,1866.0,209042,0.0,0.0
2020-12-08,1866.0999755859375,1879.800048828125,1863.9000244140625,1874.9000244140625,1874.9000244140625,151792,0.0,0.0
2020-12-09,1875.4000244140625,1875.9000244140625,1828.199951171875,1838.5,1838.5,219587,0.0,0.0
2020-12-10,1843.0,1854.199951171875,1831.5,1837.4000244140625,1837.4000244140625,164803,0.0,0.0
2020-12-11,1840.0,1851.800048828125,1826.800048828125,1843.5999755859375,1843.5999755859375,153800,0.0,0.0
2020-12-14,1845.0,1845.5999755859375,1820.0,1832.0999755859375,1832.0999755859375,168491,0.0,0.0
2020-12-15,1830.5,1859.300048828125,1828.5,1855.300048828125,1855.300048828125,173607,0.0,0.0
2020-12-16,1857.699951171875,1870.0,1848.199951171875,1859.0999755859375,1859.0999755859375,199679,0.0,0.0
2020-12-17,1868.4000244140625,1902.0,1865.9000244140625,1890.4000244140625,1890.4000244140625,219866,0.0,0.0
2020-12-18,1891.300048828125,1895.699951171875,1881.9000244140625,1888.9000244140625,1888.9000244140625,153231,0.0,0.0
2020-12-21,1892.9000244140625,1912.0,1859.0,1882.800048828125,1882.800048828125,232045,0.0,0.0
2020-12-22,1883.0,1889.4000244140625,1863.699951171875,1870.300048828125,1870.300048828125,176016,0.0,0.0
2020-12-23,1865.5999755859375,1883.699951171875,1860.9000244140625,1878.0999755859375,1878.0999755859375,162537,0.0,0.0
2020-12-24,1877.300048828125,1887.4000244140625,1873.0999755859375,1883.199951171875,1883.199951171875,89405,0.0,0.0
2020-12-28,1887.0,1904.0999755859375,1873.0,1880.4000244140625,1880.4000244140625,196760,0.0,0.0
2020-12-29,1878.0,1891.300048828125,1875.5999755859375,1882.9000244140625,1882.9000244140625,149267,0.0,0.0
2020-12-30,1881.800048828125,1899.0,1879.5,1893.4000244140625,1893.4000244140625,133658,0.0,0.0
2020-12-31,1899.0,1904.9000244140625,1889.0999755859375,1895.0999755859375,1895.0999755859375,130631,0.0,0.0
2021-01-04,1908.199951171875,1948.699951171875,1906.0999755859375,1946.5999755859375,1946.5999755859375,273370,0.0,0.0
2021-01-05,1946.0,1957.0,1938.4000244140625,1954.4000244140625,1954.4000244140625,201945,0.0,0.0
2021-01-06,1952.800048828125,1962.5,1902.5999755859375,1908.5999755859375,1908.5999755859375,366605,0.0,0.0
2021-01-07,1921.5,1929.5999755859375,1907.5,1913.5999755859375,1913.5999755859375,199982,0.0,0.0
2021-01-08,1915.199951171875,1918.4000244140625,1827.800048828125,1835.4000244140625,1835.4000244140625,443506,0.0,0.0
2021-01-11,1849.4000244140625,1856.0,1817.0999755859375,1850.800048828125,1850.800048828125,268363,0.0,0.0
2021-01-12,1845.4000244140625,1864.0,1835.800048828125,1844.199951171875,1844.199951171875,240656,0.0,0.0
2021-01-13,1855.0,1863.0,1841.5999755859375,1854.9000244140625,1854.9000244140625,225988,0.0,0.0
2021-01-14,1845.5999755859375,1857.5999755859375,1826.5999755859375,1851.4000244140625,1851.4000244140625,257661,0.0,0.0
2021-01-15,1847.300048828125,1856.5999755859375,1822.0999755859375,1829.9000244140625,1829.9000244140625,231105,0.0,0.0
2021-01-19,1828.800048828125,1845.0,1800.800048828125,1840.199951171875,1840.199951171875,331589,0.0,0.0
2021-01-20,1839.9000244140625,1872.0,1831.0999755859375,1866.5,1866.5,274396,0.0,0.0
2021-01-21,1871.0,1874.5999755859375,1857.5,1865.9000244140625,1865.9000244140625,196937,0.0,0.0
2021-01-22,1870.0999755859375,1870.800048828125,1836.300048828125,1856.199951171875,1856.199951171875,249715,0.0,0.0
2021-01-25,1855.300048828125,1867.4000244140625,1846.199951171875,1855.199951171875,1855.199951171875,211978,0.0,0.0
2021-01-26,1854.9000244140625,1860.800048828125,1847.199951171875,1850.9000244140625,1850.9000244140625,170259,0.0,0.0
2021-01-27,1849.699951171875,1851.5,1828.4000244140625,1844.9000244140625,1844.9000244140625,195540,0.0,0.0
2021-01-28,1843.4000244140625,1862.9000244140625,1831.5,1837.9000244140625,1837.9000244140625,27283,0.0,0.0
2021-01-29,1842.0,1876.0,1838.699951171875,1847.300048828125,1847.300048828125,276173,0.0,0.0
2021-02-01,1865.0,1876.0,1851.699951171875,1863.9000244140625,1863.9000244140625,242045,0.0,0.0
2021-02-02,1863.5999755859375,1866.300048828125,1830.4000244140625,1833.4000244140625,1833.4000244140625,235995,0.0,0.0
2021-02-03,1838.5,1845.9000244140625,1830.0999755859375,1835.0999755859375,1835.0999755859375,137228,0.0,0.0
2021-02-04,1834.5,1835.699951171875,1784.5999755859375,1791.199951171875,1791.199951171875,279616,0.0,0.0
2021-02-05,1794.300048828125,1816.0,1792.199951171875,1813.0,1813.0,205758,0.0,0.0
2021-02-08,1818.0999755859375,1840.5999755859375,1807.300048828125,1834.199951171875,1834.199951171875,177562,0.0,0.0
2021-02-09,1832.4000244140625,1849.5,1830.300048828125,1837.5,1837.5,154392,0.0,0.0
2021-02-10,1838.300048828125,1856.5999755859375,1834.0,1842.699951171875,1842.699951171875,176443,0.0,0.0
2021-02-11,1844.300048828125,1848.5999755859375,1821.699951171875,1826.800048828125,1826.800048828125,147019,0.0,0.0
2021-02-12,1825.4000244140625,1831.5,1810.0999755859375,1823.199951171875,1823.199951171875,171902,0.0,0.0
2021-02-16,1826.0,1827.0999755859375,1788.0999755859375,1799.0,1799.0,355922,0.0,0.0
2021-02-17,1793.0999755859375,1794.199951171875,1767.9000244140625,1772.800048828125,1772.800048828125,257335,0.0,0.0
2021-02-18,1776.0,1788.800048828125,1766.5999755859375,1775.0,1775.0,224767,0.0,0.0
2021-02-19,1774.5999755859375,1790.9000244140625,1759.0,1777.4000244140625,1777.4000244140625,251783,0.0,0.0
2021-02-22,1782.0,1812.4000244140625,1778.5999755859375,1808.4000244140625,1808.4000244140625,221198,0.0,0.0
2021-02-23,1809.300048828125,1815.199951171875,1794.5,1805.9000244140625,1805.9000244140625,191147,0.0,0.0
2021-02-24,1805.0,1813.0,1782.199951171875,1797.9000244140625,1797.9000244140625,224060,0.0,0.0
2021-02-25,1804.9000244140625,1805.0,1763.9000244140625,1775.4000244140625,1775.4000244140625,316252,0.0,0.0
2021-02-26,1770.9000244140625,1773.800048828125,1714.9000244140625,1728.800048828125,1728.800048828125,362549,0.0,0.0
2021-03-01,1732.800048828125,1757.4000244140625,1717.199951171875,1723.0,1723.0,241917,0.0,0.0
2021-03-02,1722.800048828125,1737.800048828125,1704.5999755859375,1733.5999755859375,1733.5999755859375,235964,0.0,0.0
2021-03-03,1736.5,1739.0999755859375,1699.4000244140625,1715.800048828125,1715.800048828125,255653,0.0,0.0
2021-03-04,1708.4000244140625,1721.5999755859375,1687.5999755859375,1700.699951171875,1700.699951171875,277449,0.0,0.0
2021-03-05,1695.300048828125,1705.699951171875,1683.0,1698.5,1698.5,269333,0.0,0.0
2021-03-08,1701.5999755859375,1712.0,1673.300048828125,1678.0,1678.0,273905,0.0,0.0
2021-03-09,1679.300048828125,1718.699951171875,1676.699951171875,1716.9000244140625,1716.9000244140625,248946,0.0,0.0
2021-03-10,1714.5,1725.300048828125,1705.5999755859375,1721.800048828125,1721.800048828125,226890,0.0,0.0
2021-03-11,1725.0,1738.0,1716.800048828125,1722.5999755859375,1722.5999755859375,215341,0.0,0.0
2021-03-12,1720.5,1728.0,1696.5999755859375,1719.800048828125,1719.800048828125,232207,0.0,0.0
2021-03-15,1726.5,1733.199951171875,1719.199951171875,1729.199951171875,1729.199951171875,163045,0.0,0.0
2021-03-16,1730.699951171875,1740.5,1724.4000244140625,1730.9000244140625,1730.9000244140625,173891,0.0,0.0
2021-03-17,1730.0,1750.5999755859375,1722.0,1727.0999755859375,1727.0999755859375,220553,0.0,0.0
2021-03-18,1744.0,1754.199951171875,1716.5999755859375,1732.5,1732.5,251758,0.0,0.0
2021-03-19,1733.699951171875,1746.0999755859375,1727.0999755859375,1741.699951171875,1741.699951171875,213282,0.0,0.0
2021-03-22,1745.5999755859375,1747.0,1726.4000244140625,1738.0999755859375,1738.0999755859375,196311,0.0,0.0
2021-03-23,1738.5,1742.0,1722.699951171875,1725.0999755859375,1725.0999755859375,226204,0.0,0.0
2021-03-24,1725.9000244140625,1737.699951171875,1722.300048828125,1733.199951171875,1733.199951171875,186524,0.0,0.0
2021-03-25,1733.199951171875,1744.800048828125,1720.300048828125,1725.0999755859375,1725.0999755859375,226207,0.0,0.0
2021-03-26,1725.5,1735.5,1718.800048828125,1732.300048828125,1732.300048828125,172944,0.0,0.0
2021-03-29,1731.5,1732.5999755859375,1703.300048828125,1712.199951171875,1712.199951171875,135457,0.0,0.0
2021-03-30,1711.0,1712.5999755859375,1676.5,1683.9000244140625,1683.9000244140625,25316,0.0,0.0
2021-03-31,1683.699951171875,1713.800048828125,1676.5,1713.800048828125,1713.800048828125,210770,0.0,0.0
2021-04-01,1709.0,1732.0,1706.4000244140625,1728.4000244140625,1728.4000244140625,170430,0.0,0.0
2021-04-05,1730.0,1734.4000244140625,1721.5999755859375,1728.800048828125,1728.800048828125,101746,0.0,0.0
2021-04-06,1729.199951171875,1746.699951171875,1728.199951171875,1743.0,1743.0,152598,0.0,0.0
2021-04-07,1744.4000244140625,1745.4000244140625,1731.199951171875,1741.5999755859375,1741.5999755859375,122802,0.0,0.0
2021-04-08,1738.5999755859375,1759.4000244140625,1733.5999755859375,1758.199951171875,1758.199951171875,144574,0.0,0.0
2021-04-09,1756.5,1758.199951171875,1730.800048828125,1744.800048828125,1744.800048828125,171395,0.0,0.0
2021-04-12,1744.5,1746.199951171875,1727.0,1732.699951171875,1732.699951171875,125360,0.0,0.0
2021-04-13,1732.199951171875,1749.5,1723.199951171875,1747.5999755859375,1747.5999755859375,175594,0.0,0.0
2021-04-14,1746.4000244140625,1750.699951171875,1732.300048828125,1736.300048828125,1736.300048828125,145260,0.0,0.0
2021-04-15,1736.5999755859375,1770.5999755859375,1734.4000244140625,1766.800048828125,1766.800048828125,198143,0.0,0.0
2021-04-16,1764.800048828125,1784.699951171875,1760.300048828125,1780.199951171875,1780.199951171875,173498,0.0,0.0
2021-04-19,1778.800048828125,1790.4000244140625,1766.5999755859375,1770.5999755859375,1770.5999755859375,180726,0.0,0.0
2021-04-20,1770.5,1780.800048828125,1763.5,1778.4000244140625,1778.4000244140625,169041,0.0,0.0
2021-04-21,1779.0999755859375,1798.4000244140625,1776.5999755859375,1793.0999755859375,1793.0999755859375,173968,0.0,0.0
2021-04-22,1794.5,1798.0999755859375,1777.0999755859375,1782.0,1782.0,163753,0.0,0.0
2021-04-23,1784.0,1796.300048828125,1769.5,1777.800048828125,1777.800048828125,175847,0.0,0.0
2021-04-26,1776.0999755859375,1783.0999755859375,1768.199951171875,1780.0999755859375,1780.0999755859375,143358,0.0,0.0
2021-04-27,1781.0999755859375,1785.9000244140625,1773.9000244140625,1778.800048828125,1778.800048828125,147945,0.0,0.0
2021-04-28,1776.4000244140625,1782.699951171875,1761.800048828125,1773.9000244140625,1773.9000244140625,198578,0.0,0.0
2021-04-29,1781.9000244140625,1789.9000244140625,1754.5999755859375,1768.300048828125,1768.300048828125,231520,0.0,0.0
2021-04-30,1772.4000244140625,1773.300048828125,1763.300048828125,1767.699951171875,1767.699951171875,167292,0.0,0.0
2021-05-03,1768.0999755859375,1798.9000244140625,1765.5999755859375,1791.800048828125,1791.800048828125,204543,0.0,0.0
2021-05-04,1793.199951171875,1799.5,1769.199951171875,1776.0,1776.0,246585,0.0,0.0
2021-05-05,1778.4000244140625,1788.0999755859375,1769.300048828125,1784.300048828125,1784.300048828125,178811,0.0,0.0
2021-05-06,1787.0,1818.5999755859375,1781.800048828125,1815.699951171875,1815.699951171875,287629,0.0,0.0
2021-05-07,1815.4000244140625,1844.5999755859375,1813.4000244140625,1831.300048828125,1831.300048828125,367695,0.0,0.0
2021-05-10,1835.4000244140625,1846.300048828125,1830.5,1837.5999755859375,1837.5999755859375,269707,0.0,0.0
2021-05-11,1836.199951171875,1842.5,1817.800048828125,1836.0999755859375,1836.0999755859375,311104,0.0,0.0
2021-05-12,1838.199951171875,1844.699951171875,1813.0,1822.800048828125,1822.800048828125,339207,0.0,0.0
2021-05-13,1816.199951171875,1829.0999755859375,1808.4000244140625,1824.0,1824.0,249928,0.0,0.0
2021-05-14,1826.4000244140625,1847.0999755859375,1819.0,1838.0999755859375,1838.0999755859375,224380,0.0,0.0
2021-05-17,1845.9000244140625,1869.300048828125,1841.0999755859375,1867.5999755859375,1867.5999755859375,267705,0.0,0.0
2021-05-18,1867.300048828125,1875.9000244140625,1863.5,1868.0,1868.0,229016,0.0,0.0
2021-05-19,1870.199951171875,1891.300048828125,1852.199951171875,1881.5,1881.5,398212,0.0,0.0
2021-05-20,1869.9000244140625,1885.300048828125,1864.199951171875,1881.9000244140625,1881.9000244140625,223568,0.0,0.0
2021-05-21,1878.0999755859375,1890.300048828125,1870.300048828125,1876.699951171875,1876.699951171875,234291,0.0,0.0
2021-05-24,1883.5,1887.9000244140625,1875.699951171875,1884.5,1884.5,183312,0.0,0.0
2021-05-25,1881.199951171875,1901.199951171875,1873.199951171875,1898.0,1898.0,316673,0.0,0.0
2021-05-26,1900.0,1913.300048828125,1890.699951171875,1901.199951171875,1901.199951171875,170526,0.0,0.0
2021-05-27,1896.800048828125,1903.9000244140625,1888.199951171875,1895.699951171875,1895.699951171875,35794,0.0,0.0
2021-05-28,1897.5,1905.4000244140625,1881.9000244140625,1902.5,1902.5,198141,0.0,0.0
2021-06-01,1906.800048828125,1919.199951171875,1894.5,1905.0,1905.0,290653,0.0,0.0
2021-06-02,1903.0,1911.800048828125,1896.4000244140625,1909.9000244140625,1909.9000244140625,166036,0.0,0.0
2021-06-03,1910.5,1912.300048828125,1866.699951171875,1873.300048828125,1873.300048828125,278578,0.0,0.0
2021-06-04,1872.699951171875,1899.0,1855.5999755859375,1892.0,1892.0,228826,0.0,0.0
2021-06-07,1894.300048828125,1902.9000244140625,1883.699951171875,1898.800048828125,1898.800048828125,146018,0.0,0.0
2021-06-08,1901.5999755859375,1906.9000244140625,1885.699951171875,1894.4000244140625,1894.4000244140625,173604,0.0,0.0
2021-06-09,1894.4000244140625,1901.699951171875,1889.300048828125,1895.5,1895.5,147332,0.0,0.0
2021-06-10,1891.4000244140625,1903.0,1871.800048828125,1896.4000244140625,1896.4000244140625,250551,0.0,0.0
2021-06-11,1901.9000244140625,1906.199951171875,1876.0999755859375,1879.5999755859375,1879.5999755859375,220455,0.0,0.0
2021-06-14,1879.5999755859375,1879.699951171875,1845.699951171875,1865.9000244140625,1865.9000244140625,242302,0.0,0.0
2021-06-15,1867.800048828125,1870.9000244140625,1853.0,1856.4000244140625,1856.4000244140625,155343,0.0,0.0
2021-06-16,1861.0,1866.0,1804.4000244140625,1861.4000244140625,1861.4000244140625,234104,0.0,0.0
2021-06-17,1812.300048828125,1826.4000244140625,1767.9000244140625,1774.800048828125,1774.800048828125,385888,0.0,0.0
2021-06-18,1773.9000244140625,1797.9000244140625,1761.199951171875,1769.0,1769.0,264605,0.0,0.0
2021-06-21,1764.300048828125,1786.9000244140625,1764.0999755859375,1782.9000244140625,1782.9000244140625,195523,0.0,0.0
2021-06-22,1783.199951171875,1790.0999755859375,1771.199951171875,1777.4000244140625,1777.4000244140625,172745,0.0,0.0
2021-06-23,1779.0999755859375,1795.5999755859375,1773.0999755859375,1783.4000244140625,1783.4000244140625,179273,0.0,0.0
2021-06-24,1778.199951171875,1788.5999755859375,1772.699951171875,1776.699951171875,1776.699951171875,152232,0.0,0.0
2021-06-25,1775.699951171875,1791.0,1773.5999755859375,1777.800048828125,1777.800048828125,161203,0.0,0.0
2021-06-28,1782.0,1786.0999755859375,1770.4000244140625,1780.699951171875,1780.699951171875,160788,0.0,0.0
2021-06-29,1778.800048828125,1779.199951171875,1750.0999755859375,1763.5999755859375,1763.5999755859375,239910,0.0,0.0
2021-06-30,1761.9000244140625,1774.699951171875,1753.199951171875,1771.5999755859375,1771.5999755859375,177887,0.0,0.0
2021-07-01,1770.800048828125,1783.4000244140625,1765.9000244140625,1776.800048828125,1776.800048828125,171443,0.0,0.0
2021-07-02,1777.5,1795.9000244140625,1774.4000244140625,1783.300048828125,1783.300048828125,205858,0.0,0.0
2021-07-06,1787.5,1815.699951171875,1784.699951171875,1794.199951171875,1794.199951171875,276597,0.0,0.0
2021-07-07,1797.0,1810.199951171875,1794.0999755859375,1802.0999755859375,1802.0999755859375,171075,0.0,0.0
2021-07-08,1803.800048828125,1819.5,1793.5,1800.199951171875,1800.199951171875,249340,0.0,0.0
2021-07-09,1803.199951171875,1813.0,1796.5999755859375,1810.5999755859375,1810.5999755859375,185581,0.0,0.0
2021-07-12,1808.5,1811.0,1791.0,1805.9000244140625,1805.9000244140625,201416,0.0,0.0
2021-07-13,1806.699951171875,1818.0,1798.699951171875,1809.9000244140625,1809.9000244140625,242177,0.0,0.0
2021-07-14,1808.300048828125,1831.0999755859375,1804.9000244140625,1825.0,1825.0,229879,0.0,0.0
2021-07-15,1828.699951171875,1835.0,1820.5999755859375,1829.0,1829.0,175611,0.0,0.0
2021-07-16,1830.699951171875,1832.699951171875,1809.5,1815.0,1815.0,184655,0.0,0.0
2021-07-19,1811.5999755859375,1818.0,1795.0,1809.199951171875,1809.199951171875,249675,0.0,0.0
2021-07-20,1813.5,1825.9000244140625,1805.199951171875,1811.4000244140625,1811.4000244140625,221136,0.0,0.0
2021-07-21,1810.5999755859375,1814.4000244140625,1794.300048828125,1803.4000244140625,1803.4000244140625,218636,0.0,0.0
2021-07-22,1803.9000244140625,1808.4000244140625,1791.9000244140625,1805.4000244140625,1805.4000244140625,193318,0.0,0.0
2021-07-23,1807.699951171875,1810.699951171875,1789.0999755859375,1801.800048828125,1801.800048828125,236764,0.0,0.0
2021-07-26,1802.300048828125,1812.0,1796.0,1799.199951171875,1799.199951171875,204547,0.0,0.0
2021-07-27,1797.0999755859375,1805.4000244140625,1792.800048828125,1799.800048828125,1799.800048828125,177043,0.0,0.0
2021-07-28,1798.5999755859375,1809.0,1790.699951171875,1799.699951171875,1799.699951171875,209783,0.0,0.0
2021-07-29,1806.5999755859375,1832.5999755859375,1806.0999755859375,1831.199951171875,1831.199951171875,30496,0.0,0.0
2021-07-30,1828.0,1830.5,1808.9000244140625,1812.5999755859375,1812.5999755859375,157136,0.0,0.0
2021-08-02,1817.0,1823.199951171875,1808.199951171875,1822.199951171875,1822.199951171875,159755,0.0,0.0
2021-08-03,1816.800048828125,1818.199951171875,1809.5,1814.0999755859375,1814.0999755859375,103450,0.0,0.0
2021-08-04,1813.699951171875,1835.9000244140625,1808.300048828125,1814.5,1814.5,244683,0.0,0.0
2021-08-05,1814.9000244140625,1817.9000244140625,1799.699951171875,1808.9000244140625,1808.9000244140625,169840,0.0,0.0
2021-08-06,1806.699951171875,1807.0,1759.5,1763.0999755859375,1763.0999755859375,323149,0.0,0.0
2021-08-09,1765.0,1765.699951171875,1677.9000244140625,1726.5,1726.5,289543,0.0,0.0
2021-08-10,1732.0,1739.4000244140625,1718.5,1731.699951171875,1731.699951171875,182561,0.0,0.0
2021-08-11,1730.4000244140625,1756.699951171875,1724.5999755859375,1753.300048828125,1753.300048828125,185442,0.0,0.0
2021-08-12,1752.9000244140625,1759.5999755859375,1742.5999755859375,1751.800048828125,1751.800048828125,137119,0.0,0.0
2021-08-13,1754.4000244140625,1781.9000244140625,1753.0,1778.199951171875,1778.199951171875,144809,0.0,0.0
2021-08-16,1780.699951171875,1791.300048828125,1772.0,1789.800048828125,1789.800048828125,137698,0.0,0.0
2021-08-17,1789.0999755859375,1797.5999755859375,1782.0999755859375,1787.800048828125,1787.800048828125,144815,0.0,0.0
2021-08-18,1787.800048828125,1795.699951171875,1778.800048828125,1784.4000244140625,1784.4000244140625,132725,0.0,0.0
2021-08-19,1789.5,1795.0,1774.5999755859375,1783.0999755859375,1783.0999755859375,151245,0.0,0.0
2021-08-20,1782.800048828125,1791.0,1780.0,1784.0,1784.0,107966,0.0,0.0
2021-08-23,1781.199951171875,1809.0999755859375,1778.0,1806.300048828125,1806.300048828125,156318,0.0,0.0
2021-08-24,1807.5999755859375,1812.199951171875,1802.5999755859375,1808.5,1808.5,114785,0.0,0.0
2021-08-25,1805.0999755859375,1805.300048828125,1784.0,1791.0,1791.0,163463,0.0,0.0
2021-08-26,1793.0,1800.4000244140625,1781.300048828125,1795.199951171875,1795.199951171875,134534,0.0,0.0
2021-08-27,1795.199951171875,1821.9000244140625,1785.199951171875,1819.5,1819.5,203642,0.0,0.0
2021-08-30,1821.5999755859375,1826.5,1810.0,1812.199951171875,1812.199951171875,104875,0.0,0.0
2021-08-31,1812.199951171875,1821.9000244140625,1803.4000244140625,1818.0999755859375,1818.0999755859375,170387,0.0,0.0
2021-09-01,1816.699951171875,1822.699951171875,1810.5999755859375,1816.0,1816.0,140116,0.0,0.0
2021-09-02,1816.199951171875,1819.5999755859375,1806.5,1811.5,1811.5,113025,0.0,0.0
2021-09-03,1811.5,1836.9000244140625,1810.9000244140625,1833.699951171875,1833.699951171875,184984,0.0,0.0
2021-09-07,1833.5,1833.5,1793.699951171875,1798.5,1798.5,252475,0.0,0.0
2021-09-08,1796.0999755859375,1804.4000244140625,1783.0999755859375,1793.5,1793.5,161258,0.0,0.0
2021-09-09,1790.9000244140625,1803.4000244140625,1785.0999755859375,1800.0,1800.0,154126,0.0,0.0
2021-09-10,1796.199951171875,1806.0,1788.199951171875,1792.0999755859375,1792.0999755859375,136246,0.0,0.0
2021-09-13,1789.800048828125,1800.199951171875,1784.4000244140625,1794.4000244140625,1794.4000244140625,114310,0.0,0.0
2021-09-14,1794.800048828125,1810.5999755859375,1780.5999755859375,1807.0999755859375,1807.0999755859375,197954,0.0,0.0
2021-09-15,1806.5999755859375,1808.5,1791.699951171875,1794.800048828125,1794.800048828125,139297,0.0,0.0
2021-09-16,1795.5,1797.300048828125,1745.5,1756.699951171875,1756.699951171875,255267,0.0,0.0
2021-09-17,1754.5999755859375,1767.800048828125,1747.0999755859375,1751.4000244140625,1751.4000244140625,183254,0.0,0.0
2021-09-20,1754.199951171875,1768.4000244140625,1742.300048828125,1763.800048828125,1763.800048828125,152451,0.0,0.0
2021-09-21,1765.5,1782.800048828125,1758.300048828125,1778.199951171875,1778.199951171875,141622,0.0,0.0
2021-09-22,1775.0,1788.4000244140625,1764.5999755859375,1778.800048828125,1778.800048828125,172348,0.0,0.0
2021-09-23,1769.199951171875,1777.0999755859375,1737.5,1749.800048828125,1749.800048828125,225456,0.0,0.0
2021-09-24,1743.699951171875,1758.0,1740.199951171875,1751.699951171875,1751.699951171875,151552,0.0,0.0
2021-09-27,1751.800048828125,1760.9000244140625,1744.699951171875,1752.0,1752.0,137574,0.0,0.0
2021-09-28,1750.0,1754.300048828125,1727.800048828125,1737.5,1737.5,215840,0.0,0.0
2021-09-29,1734.0,1746.0,1721.0999755859375,1722.9000244140625,1722.9000244140625,177389,0.0,0.0
2021-09-30,1726.0,1765.0,1721.800048828125,1757.0,1757.0,246365,0.0,0.0
2021-10-01,1757.199951171875,1765.199951171875,1749.9000244140625,1758.4000244140625,1758.4000244140625,151195,0.0,0.0
2021-10-04,1762.5999755859375,1771.5,1747.699951171875,1767.5999755859375,1767.5999755859375,166180,0.0,0.0
2021-10-05,1770.800048828125,1771.0999755859375,1748.5999755859375,1760.9000244140625,1760.9000244140625,151424,0.0,0.0
2021-10-06,1760.5,1765.9000244140625,1745.4000244140625,1761.800048828125,1761.800048828125,159218,0.0,0.0
2021-10-07,1763.800048828125,1767.699951171875,1752.0,1759.199951171875,1759.199951171875,146406,0.0,0.0
2021-10-08,1757.0,1782.4000244140625,1753.5999755859375,1757.4000244140625,1757.4000244140625,240371,0.0,0.0
2021-10-11,1757.4000244140625,1761.0999755859375,1749.9000244140625,1755.699951171875,1755.699951171875,114771,0.0,0.0
2021-10-12,1753.5999755859375,1770.0,1750.5,1759.300048828125,1759.300048828125,168110,0.0,0.0
2021-10-13,1760.4000244140625,1797.4000244140625,1757.9000244140625,1794.699951171875,1794.699951171875,299041,0.0,0.0
2021-10-14,1793.5999755859375,1801.9000244140625,1787.5999755859375,1797.9000244140625,1797.9000244140625,164651,0.0,0.0
2021-10-15,1797.300048828125,1797.699951171875,1765.0999755859375,1768.300048828125,1768.300048828125,202631,0.0,0.0
2021-10-18,1767.5,1772.5,1760.300048828125,1765.699951171875,1765.699951171875,152741,0.0,0.0
2021-10-19,1764.800048828125,1786.0,1763.4000244140625,1770.5,1770.5,166972,0.0,0.0
2021-10-20,1769.4000244140625,1789.5999755859375,1767.0999755859375,1784.9000244140625,1784.9000244140625,174076,0.0,0.0
2021-10-21,1782.5,1790.300048828125,1776.800048828125,1781.9000244140625,1781.9000244140625,138729,0.0,0.0
2021-10-22,1783.699951171875,1815.5,1783.4000244140625,1796.300048828125,1796.300048828125,312812,0.0,0.0
2021-10-25,1794.199951171875,1811.5,1793.0,1806.800048828125,1806.800048828125,153589,0.0,0.0
2021-10-26,1808.699951171875,1809.800048828125,1783.0,1793.4000244140625,1793.4000244140625,197929,0.0,0.0
2021-10-27,1795.0,1801.0,1784.300048828125,1798.800048828125,1798.800048828125,182801,0.0,0.0
2021-10-28,1798.699951171875,1812.699951171875,1793.0999755859375,1802.5999755859375,1802.5999755859375,220876,0.0,0.0
2021-10-29,1801.5,1802.9000244140625,1772.4000244140625,1783.9000244140625,1783.9000244140625,254513,0.0,0.0
2021-11-01,1785.300048828125,1797.5,1780.199951171875,1795.800048828125,1795.800048828125,143332,0.0,0.0
2021-11-02,1794.800048828125,1797.800048828125,1787.4000244140625,1789.4000244140625,1789.4000244140625,145786,0.0,0.0
2021-11-03,1789.199951171875,1789.300048828125,1758.5,1763.9000244140625,1763.9000244140625,257427,0.0,0.0
2021-11-04,1769.9000244140625,1800.300048828125,1769.300048828125,1793.5,1793.5,222609,0.0,0.0
2021-11-05,1792.5999755859375,1820.0999755859375,1785.300048828125,1816.800048828125,1816.800048828125,299618,0.0,0.0
2021-11-08,1820.5999755859375,1828.300048828125,1813.800048828125,1828.0,1828.0,200412,0.0,0.0
2021-11-09,1826.9000244140625,1834.800048828125,1821.0,1830.800048828125,1830.800048828125,224407,0.0,0.0
2021-11-10,1834.5,1870.5999755859375,1823.0,1848.300048828125,1848.300048828125,352787,0.0,0.0
2021-11-11,1851.5,1868.699951171875,1845.0999755859375,1863.9000244140625,1863.9000244140625,205312,0.0,0.0
2021-11-12,1864.300048828125,1871.4000244140625,1847.5,1868.5,1868.5,201358,0.0,0.0
2021-11-15,1872.5999755859375,1873.0,1858.5,1866.5999755859375,1866.5999755859375,221208,0.0,0.0
2021-11-16,1864.9000244140625,1879.5,1851.0,1854.0999755859375,1854.0999755859375,220431,0.0,0.0
2021-11-17,1851.5999755859375,1870.5999755859375,1851.0999755859375,1870.199951171875,1870.199951171875,172417,0.0,0.0
2021-11-18,1869.5,1873.300048828125,1856.5999755859375,1861.4000244140625,1861.4000244140625,186062,0.0,0.0
2021-11-19,1860.800048828125,1868.0999755859375,1844.199951171875,1851.5999755859375,1851.5999755859375,234083,0.0,0.0
2021-11-22,1848.300048828125,1850.4000244140625,1802.4000244140625,1806.300048828125,1806.300048828125,352857,0.0,0.0
2021-11-23,1807.0999755859375,1812.5,1781.699951171875,1783.800048828125,1783.800048828125,311348,0.0,0.0
2021-11-24,1789.800048828125,1796.199951171875,1777.4000244140625,1784.300048828125,1784.300048828125,203236,0.0,0.0
2021-11-26,1789.5999755859375,1816.300048828125,1778.5999755859375,1785.5,1785.5,186800,0.0,0.0
2021-11-29,1791.699951171875,1798.9000244140625,1779.0999755859375,1782.300048828125,1782.300048828125,26926,0.0,0.0
2021-11-30,1783.9000244140625,1808.0999755859375,1768.699951171875,1773.5999755859375,1773.5999755859375,242861,0.0,0.0
2021-12-01,1777.4000244140625,1795.699951171875,1773.699951171875,1784.300048828125,1784.300048828125,180336,0.0,0.0
2021-12-02,1783.800048828125,1785.199951171875,1762.199951171875,1762.699951171875,1762.699951171875,172719,0.0,0.0
2021-12-03,1769.4000244140625,1788.0,1766.0,1783.9000244140625,1783.9000244140625,175176,0.0,0.0
2021-12-06,1787.699951171875,1789.0,1776.4000244140625,1779.5,1779.5,104477,0.0,0.0
2021-12-07,1779.5,1789.300048828125,1772.4000244140625,1784.699951171875,1784.699951171875,129894,0.0,0.0
2021-12-08,1785.0999755859375,1794.300048828125,1780.0999755859375,1785.5,1785.5,109692,0.0,0.0
2021-12-09,1784.300048828125,1788.4000244140625,1773.300048828125,1776.699951171875,1776.699951171875,123974,0.0,0.0
2021-12-10,1776.300048828125,1791.0,1770.4000244140625,1784.800048828125,1784.800048828125,141995,0.0,0.0
2021-12-13,1784.199951171875,1792.800048828125,1782.199951171875,1788.300048828125,1788.300048828125,106057,0.0,0.0
2021-12-14,1787.5999755859375,1789.800048828125,1766.0999755859375,1772.300048828125,1772.300048828125,153249,0.0,0.0
2021-12-15,1771.9000244140625,1781.300048828125,1753.0,1764.5,1764.5,161101,0.0,0.0
2021-12-16,1777.9000244140625,1800.699951171875,1775.699951171875,1798.199951171875,1798.199951171875,167777,0.0,0.0
2021-12-17,1801.5,1815.699951171875,1796.5,1804.9000244140625,1804.9000244140625,156607,0.0,0.0
2021-12-20,1800.199951171875,1804.5999755859375,1789.0,1794.5999755859375,1794.5999755859375,105386,0.0,0.0
2021-12-21,1791.4000244140625,1801.699951171875,1785.0,1788.699951171875,1788.699951171875,134154,0.0,0.0
2021-12-22,1789.4000244140625,1806.300048828125,1785.800048828125,1802.199951171875,1802.199951171875,110408,0.0,0.0
2021-12-23,1805.5999755859375,1812.0,1799.0,1811.699951171875,1811.699951171875,104844,0.0,0.0
2021-12-27,1810.199951171875,1814.5999755859375,1803.5999755859375,1808.800048828125,1808.800048828125,84225,0.0,0.0
2021-12-28,1812.0999755859375,1821.5999755859375,1805.5,1810.9000244140625,1810.9000244140625,100542,0.0,0.0
2021-12-29,1806.5999755859375,1808.0,1789.0999755859375,1805.800048828125,1805.800048828125,138685,0.0,0.0
2021-12-30,1805.5999755859375,1818.0999755859375,1796.199951171875,1814.0999755859375,1814.0999755859375,113430,0.0,0.0
2021-12-31,1817.0,1831.4000244140625,1815.4000244140625,1828.5999755859375,1828.5999755859375,106604,0.0,0.0
2022-01-03,1830.0999755859375,1833.0,1798.199951171875,1800.0999755859375,1800.0999755859375,168305,0.0,0.0
2022-01-04,1801.0999755859375,1817.199951171875,1798.0999755859375,1814.5999755859375,1814.5999755859375,167708,0.0,0.0
2022-01-05,1815.199951171875,1830.699951171875,1808.199951171875,1825.0999755859375,1825.0999755859375,173344,0.0,0.0
2022-01-06,1810.5999755859375,1811.5999755859375,1785.4000244140625,1789.199951171875,1789.199951171875,238644,0.0,0.0
2022-01-07,1791.0,1798.4000244140625,1781.300048828125,1797.4000244140625,1797.4000244140625,238931,0.0,0.0
2022-01-10,1796.4000244140625,1802.0,1789.300048828125,1798.800048828125,1798.800048828125,173043,0.0,0.0
2022-01-11,1801.300048828125,1823.0999755859375,1799.699951171875,1818.5,1818.5,184152,0.0,0.0
2022-01-12,1821.300048828125,1828.199951171875,1814.4000244140625,1827.300048828125,1827.300048828125,192979,0.0,0.0
2022-01-13,1825.699951171875,1828.300048828125,1811.800048828125,1821.4000244140625,1821.4000244140625,215522,0.0,0.0
2022-01-14,1822.0999755859375,1829.300048828125,1814.199951171875,1816.5,1816.5,174944,0.0,0.0
2022-01-18,1818.699951171875,1822.9000244140625,1804.699951171875,1812.4000244140625,1812.4000244140625,362944,0.0,0.0
2022-01-19,1812.9000244140625,1843.9000244140625,1809.0,1843.199951171875,1843.199951171875,318489,0.0,0.0
2022-01-20,1840.0999755859375,1848.5,1836.199951171875,1842.5999755859375,1842.5999755859375,233862,0.0,0.0
2022-01-21,1840.5999755859375,1843.699951171875,1828.4000244140625,1831.800048828125,1831.800048828125,225249,0.0,0.0
2022-01-24,1835.199951171875,1844.9000244140625,1829.300048828125,1841.699951171875,1841.699951171875,244325,0.0,0.0
2022-01-25,1843.5999755859375,1854.199951171875,1834.4000244140625,1852.5,1852.5,197804,0.0,0.0
2022-01-26,1848.0,1850.199951171875,1814.0999755859375,1829.699951171875,1829.699951171875,270028,0.0,0.0
2022-01-27,1819.0,1821.4000244140625,1790.5999755859375,1793.0999755859375,1793.0999755859375,196036,0.0,0.0
2022-01-28,1797.5,1798.4000244140625,1778.800048828125,1784.9000244140625,1784.9000244140625,28521,0.0,0.0
2022-01-31,1788.5,1798.5,1785.0999755859375,1795.0,1795.0,139421,0.0,0.0
2022-02-01,1798.9000244140625,1809.699951171875,1796.199951171875,1801.5,1801.5,128880,0.0,0.0
2022-02-02,1800.800048828125,1812.0,1794.5999755859375,1810.300048828125,1810.300048828125,123021,0.0,0.0
2022-02-03,1807.4000244140625,1809.5,1788.5,1804.0999755859375,1804.0999755859375,173722,0.0,0.0
2022-02-04,1805.4000244140625,1815.800048828125,1792.0999755859375,1807.800048828125,1807.800048828125,177709,0.0,0.0
2022-02-07,1808.0,1824.5999755859375,1807.5,1821.800048828125,1821.800048828125,139808,0.0,0.0
2022-02-08,1821.5,1829.9000244140625,1816.0,1827.9000244140625,1827.9000244140625,142408,0.0,0.0
2022-02-09,1827.0,1837.0999755859375,1825.5,1836.5999755859375,1836.5999755859375,136722,0.0,0.0
2022-02-10,1834.0,1843.300048828125,1821.800048828125,1837.4000244140625,1837.4000244140625,227458,0.0,0.0
2022-02-11,1827.0,1867.4000244140625,1821.0999755859375,1842.0999755859375,1842.0999755859375,239093,0.0,0.0
2022-02-14,1862.199951171875,1876.5,1851.9000244140625,1869.4000244140625,1869.4000244140625,231016,0.0,0.0
2022-02-15,1873.800048828125,1881.5999755859375,1845.4000244140625,1856.199951171875,1856.199951171875,214880,0.0,0.0
2022-02-16,1855.5,1874.5999755859375,1851.800048828125,1871.5,1871.5,141486,0.0,0.0
2022-02-17,1872.0,1904.0,1869.699951171875,1902.0,1902.0,268547,0.0,0.0
2022-02-18,1901.4000244140625,1905.0,1888.0,1899.800048828125,1899.800048828125,161745,0.0,0.0
2022-02-22,1903.5,1918.300048828125,1889.699951171875,1907.4000244140625,1907.4000244140625,334589,0.0,0.0
2022-02-23,1901.199951171875,1912.9000244140625,1891.0999755859375,1910.4000244140625,1910.4000244140625,154843,0.0,0.0
2022-02-24,1911.9000244140625,1976.5,1878.5999755859375,1926.300048828125,1926.300048828125,423048,0.0,0.0
2022-02-25,1906.5,1925.0,1884.4000244140625,1887.5999755859375,1887.5999755859375,229780,0.0,0.0
2022-02-28,1921.0,1935.199951171875,1892.199951171875,1900.699951171875,1900.699951171875,249273,0.0,0.0
2022-03-01,1908.4000244140625,1952.5999755859375,1903.0,1943.800048828125,1943.800048828125,223998,0.0,0.0
2022-03-02,1945.300048828125,1951.4000244140625,1916.0,1922.300048828125,1922.300048828125,227975,0.0,0.0
2022-03-03,1931.699951171875,1944.5999755859375,1923.0999755859375,1935.9000244140625,1935.9000244140625,180207,0.0,0.0
2022-03-04,1938.5,1974.9000244140625,1931.5,1966.5999755859375,1966.5999755859375,241533,0.0,0.0
2022-03-07,1978.5,2007.5,1964.199951171875,1995.9000244140625,1995.9000244140625,372185,0.0,0.0
2022-03-08,2001.0,2078.800048828125,1985.800048828125,2043.300048828125,2043.300048828125,447651,0.0,0.0
2022-03-09,2060.199951171875,2068.5,1981.0,1988.199951171875,1988.199951171875,360345,0.0,0.0
2022-03-10,1992.800048828125,2015.0999755859375,1975.0,2000.4000244140625,2000.4000244140625,303267,0.0,0.0
2022-03-11,2000.300048828125,2004.0,1960.5999755859375,1985.0,1985.0,262088,0.0,0.0
2022-03-14,1988.699951171875,1994.800048828125,1952.0,1960.800048828125,1960.800048828125,162203,0.0,0.0
2022-03-15,1953.699951171875,1956.9000244140625,1908.0999755859375,1929.699951171875,1929.699951171875,220374,0.0,0.0
2022-03-16,1920.0999755859375,1930.0999755859375,1895.199951171875,1909.199951171875,1909.199951171875,195460,0.0,0.0
2022-03-17,1928.4000244140625,1951.0,1924.0,1943.199951171875,1943.199951171875,149829,0.0,0.0
2022-03-18,1943.9000244140625,1946.199951171875,1918.0,1929.300048828125,1929.300048828125,150882,0.0,0.0
2022-03-21,1922.4000244140625,1941.800048828125,1917.199951171875,1929.5,1929.5,146411,0.0,0.0
2022-03-22,1936.0999755859375,1939.5,1909.800048828125,1921.5,1921.5,153282,0.0,0.0
2022-03-23,1920.9000244140625,1948.800048828125,1915.5999755859375,1937.300048828125,1937.300048828125,153306,0.0,0.0
2022-03-24,1944.0999755859375,1967.199951171875,1937.4000244140625,1962.199951171875,1962.199951171875,181204,0.0,0.0
2022-03-25,1957.800048828125,1965.0999755859375,1942.5999755859375,1954.199951171875,1954.199951171875,147904,0.0,0.0
2022-03-28,1958.699951171875,1959.800048828125,1915.699951171875,1939.800048828125,1939.800048828125,181367,0.0,0.0
2022-03-29,1922.4000244140625,1929.4000244140625,1888.300048828125,1912.199951171875,1912.199951171875,128051,0.0,0.0
2022-03-30,1918.4000244140625,1937.0,1914.5,1933.5,1933.5,17765,0.0,0.0
2022-03-31,1933.5,1949.9000244140625,1919.0999755859375,1949.199951171875,1949.199951171875,155299,0.0,0.0
2022-04-01,1942.4000244140625,1944.5,1921.4000244140625,1923.699951171875,1923.699951171875,135154,0.0,0.0
2022-04-04,1927.0999755859375,1941.5999755859375,1918.199951171875,1934.0,1934.0,108435,0.0,0.0
2022-04-05,1937.300048828125,1948.9000244140625,1920.9000244140625,1927.5,1927.5,147256,0.0,0.0
2022-04-06,1927.5999755859375,1937.5999755859375,1916.199951171875,1923.0999755859375,1923.0999755859375,153971,0.0,0.0
2022-04-07,1928.0999755859375,1941.699951171875,1923.300048828125,1937.800048828125,1937.800048828125,122809,0.0,0.0
2022-04-08,1934.300048828125,1952.199951171875,1930.4000244140625,1945.5999755859375,1945.5999755859375,142498,0.0,0.0
2022-04-11,1949.5999755859375,1974.5999755859375,1942.9000244140625,1948.199951171875,1948.199951171875,184385,0.0,0.0
2022-04-12,1957.4000244140625,1982.699951171875,1953.0,1976.0999755859375,1976.0999755859375,172386,0.0,0.0
2022-04-13,1970.5,1985.800048828125,1966.300048828125,1984.699951171875,1984.699951171875,132029,0.0,0.0
2022-04-14,1981.5999755859375,1984.0,1962.699951171875,1974.9000244140625,1974.9000244140625,139424,0.0,0.0
2022-04-18,1978.5,2003.0,1974.4000244140625,1986.4000244140625,1986.4000244140625,138130,0.0,0.0
2022-04-19,1981.199951171875,1985.0999755859375,1945.5,1959.0,1959.0,181440,0.0,0.0
2022-04-20,1952.699951171875,1960.9000244140625,1941.0,1955.5999755859375,1955.5999755859375,139507,0.0,0.0
2022-04-21,1960.0,1960.0999755859375,1938.0,1948.199951171875,1948.199951171875,154919,0.0,0.0
2022-04-22,1953.0999755859375,1957.800048828125,1928.0,1934.300048828125,1934.300048828125,176681,0.0,0.0
2022-04-25,1931.9000244140625,1935.5,1891.800048828125,1896.0,1896.0,231494,0.0,0.0
2022-04-26,1899.800048828125,1912.199951171875,1896.300048828125,1904.0999755859375,1904.0999755859375,166199,0.0,0.0
2022-04-27,1907.4000244140625,1908.0999755859375,1881.5999755859375,1888.699951171875,1888.699951171875,178197,0.0,0.0
2022-04-28,1886.800048828125,1897.800048828125,1870.9000244140625,1891.300048828125,1891.300048828125,170910,0.0,0.0
2022-04-29,1895.800048828125,1921.300048828125,1893.5,1911.699951171875,1911.699951171875,177136,0.0,0.0
2022-05-02,1896.199951171875,1900.4000244140625,1853.4000244140625,1863.5999755859375,1863.5999755859375,193825,0.0,0.0
2022-05-03,1863.5999755859375,1878.4000244140625,1849.699951171875,1870.5999755859375,1870.5999755859375,167434,0.0,0.0
2022-05-04,1868.300048828125,1892.0,1861.0999755859375,1868.800048828125,1868.800048828125,161479,0.0,0.0
2022-05-05,1884.0999755859375,1910.699951171875,1872.300048828125,1875.699951171875,1875.699951171875,218392,0.0,0.0
2022-05-06,1877.5,1894.0,1865.0,1882.800048828125,1882.800048828125,194279,0.0,0.0
2022-05-09,1883.699951171875,1885.5999755859375,1851.0,1858.5999755859375,1858.5999755859375,218821,0.0,0.0
2022-05-10,1853.9000244140625,1864.699951171875,1834.5,1841.0,1841.0,260811,0.0,0.0
2022-05-11,1836.5999755859375,1857.800048828125,1830.5999755859375,1853.699951171875,1853.699951171875,243561,0.0,0.0
2022-05-12,1852.300048828125,1858.800048828125,1820.0999755859375,1824.5999755859375,1824.5999755859375,255608,0.0,0.0
2022-05-13,1821.4000244140625,1827.5999755859375,1797.199951171875,1808.199951171875,1808.199951171875,179483,0.0,0.0
2022-05-16,1809.4000244140625,1826.0,1785.0,1814.0,1814.0,159493,0.0,0.0
2022-05-17,1823.9000244140625,1834.800048828125,1811.0,1818.9000244140625,1818.9000244140625,137288,0.0,0.0
2022-05-18,1813.199951171875,1822.9000244140625,1805.0,1815.9000244140625,1815.9000244140625,150353,0.0,0.0
2022-05-19,1815.0999755859375,1848.199951171875,1808.4000244140625,1841.199951171875,1841.199951171875,175242,0.0,0.0
2022-05-20,1839.5999755859375,1847.800048828125,1830.5999755859375,1842.0999755859375,1842.0999755859375,143045,0.0,0.0
2022-05-23,1844.4000244140625,1864.300048828125,1843.300048828125,1847.800048828125,1847.800048828125,163266,0.0,0.0
2022-05-24,1852.300048828125,1869.0999755859375,1847.5999755859375,1865.4000244140625,1865.4000244140625,174762,0.0,0.0
2022-05-25,1865.4000244140625,1866.699951171875,1838.699951171875,1846.300048828125,1846.300048828125,182823,0.0,0.0
2022-05-26,1851.800048828125,1852.800048828125,1836.300048828125,1847.5999755859375,1847.5999755859375,123355,0.0,0.0
2022-05-27,1848.300048828125,1860.699951171875,1845.9000244140625,1851.300048828125,1851.300048828125,30091,0.0,0.0
2022-05-31,1850.300048828125,1862.0999755859375,1832.800048828125,1842.699951171875,1842.699951171875,201803,0.0,0.0
2022-06-01,1840.0,1853.0,1830.199951171875,1848.699951171875,1848.699951171875,158036,0.0,0.0
2022-06-02,1849.9000244140625,1874.4000244140625,1846.5,1871.4000244140625,1871.4000244140625,127471,0.0,0.0
2022-06-03,1872.5999755859375,1878.5999755859375,1849.699951171875,1850.199951171875,1850.199951171875,115343,0.0,0.0
2022-06-06,1853.699951171875,1861.199951171875,1843.0,1843.699951171875,1843.699951171875,103179,0.0,0.0
2022-06-07,1843.5,1858.199951171875,1838.5,1852.0999755859375,1852.0999755859375,119211,0.0,0.0
2022-06-08,1855.0,1862.4000244140625,1846.5999755859375,1856.5,1856.5,114141,0.0,0.0
2022-06-09,1855.0999755859375,1857.800048828125,1841.9000244140625,1852.800048828125,1852.800048828125,131293,0.0,0.0
2022-06-10,1850.4000244140625,1879.5999755859375,1826.5,1875.5,1875.5,267204,0.0,0.0
2022-06-13,1879.0,1882.5,1819.0,1831.800048828125,1831.800048828125,252543,0.0,0.0
2022-06-14,1820.9000244140625,1833.300048828125,1806.0999755859375,1813.5,1813.5,165146,0.0,0.0
2022-06-15,1809.699951171875,1845.4000244140625,1808.4000244140625,1819.5999755859375,1819.5999755859375,203421,0.0,0.0
2022-06-16,1835.800048828125,1860.199951171875,1816.300048828125,1849.9000244140625,1849.9000244140625,180893,0.0,0.0
2022-06-17,1859.300048828125,1861.5,1836.0999755859375,1840.5999755859375,1840.5999755859375,141718,0.0,0.0
2022-06-21,1840.5999755859375,1848.4000244140625,1830.699951171875,1838.800048828125,1838.800048828125,176299,0.0,0.0
2022-06-22,1834.9000244140625,1850.300048828125,1824.5,1838.4000244140625,1838.4000244140625,149553,0.0,0.0
2022-06-23,1839.699951171875,1848.9000244140625,1823.5,1829.800048828125,1829.800048828125,167071,0.0,0.0
2022-06-24,1824.199951171875,1833.699951171875,1817.699951171875,1830.300048828125,1830.300048828125,139723,0.0,0.0
2022-06-27,1839.5999755859375,1842.800048828125,1821.800048828125,1824.800048828125,1824.800048828125,143820,0.0,0.0
2022-06-28,1823.5999755859375,1830.9000244140625,1819.0999755859375,1821.199951171875,1821.199951171875,111397,0.0,0.0
2022-06-29,1821.4000244140625,1834.9000244140625,1810.699951171875,1817.5,1817.5,155542,0.0,0.0
2022-06-30,1819.199951171875,1826.800048828125,1802.5,1807.300048828125,1807.300048828125,208898,0.0,0.0
2022-07-01,1808.0999755859375,1813.5999755859375,1783.4000244140625,1801.5,1801.5,249489,0.0,0.0
2022-07-05,1814.4000244140625,1815.199951171875,1763.0,1763.9000244140625,1763.9000244140625,310369,0.0,0.0
2022-07-06,1764.199951171875,1771.5,1730.699951171875,1736.5,1736.5,258824,0.0,0.0
2022-07-07,1737.199951171875,1748.199951171875,1734.699951171875,1739.699951171875,1739.699951171875,151256,0.0,0.0
2022-07-08,1738.699951171875,1751.699951171875,1726.0,1742.300048828125,1742.300048828125,189178,0.0,0.0
2022-07-11,1741.5,1743.0,1729.0,1731.699951171875,1731.699951171875,171902,0.0,0.0
2022-07-12,1731.300048828125,1742.199951171875,1721.5999755859375,1724.800048828125,1724.800048828125,255170,0.0,0.0
2022-07-13,1723.5999755859375,1744.300048828125,1704.5,1735.5,1735.5,300550,0.0,0.0
2022-07-14,1733.5999755859375,1734.800048828125,1695.0,1705.800048828125,1705.800048828125,266354,0.0,0.0
2022-07-15,1708.199951171875,1714.199951171875,1696.5999755859375,1703.5999755859375,1703.5999755859375,176797,0.0,0.0
2022-07-18,1706.4000244140625,1722.0,1704.4000244140625,1710.199951171875,1710.199951171875,157535,0.0,0.0
2022-07-19,1707.199951171875,1716.5,1702.5999755859375,1710.699951171875,1710.699951171875,131771,0.0,0.0
2022-07-20,1709.5,1712.699951171875,1690.0999755859375,1700.199951171875,1700.199951171875,174466,0.0,0.0
2022-07-21,1693.699951171875,1719.5,1678.4000244140625,1713.4000244140625,1713.4000244140625,248875,0.0,0.0
2022-07-22,1717.199951171875,1738.300048828125,1711.699951171875,1727.4000244140625,1727.4000244140625,200622,0.0,0.0
2022-07-25,1726.300048828125,1734.5999755859375,1712.9000244140625,1719.0999755859375,1719.0999755859375,160719,0.0,0.0
2022-07-26,1717.9000244140625,1726.4000244140625,1711.5,1717.699951171875,1717.699951171875,147367,0.0,0.0
2022-07-27,1715.199951171875,1739.5999755859375,1709.0999755859375,1719.0999755859375,1719.0999755859375,144865,0.0,0.0
2022-07-28,1732.300048828125,1755.0,1732.0,1750.300048828125,1750.300048828125,37236,0.0,0.0
2022-07-29,1754.0,1765.699951171875,1750.0,1762.9000244140625,1762.9000244140625,140666,0.0,0.0
2022-08-01,1782.5,1792.5,1774.300048828125,1787.699951171875,1787.699951171875,133742,0.0,0.0
2022-08-02,1789.199951171875,1805.0,1776.0,1789.699951171875,1789.699951171875,174165,0.0,0.0
2022-08-03,1777.300048828125,1789.4000244140625,1770.0,1776.4000244140625,1776.4000244140625,151734,0.0,0.0
2022-08-04,1782.0999755859375,1812.0,1779.4000244140625,1806.9000244140625,1806.9000244140625,153292,0.0,0.0
2022-08-05,1807.699951171875,1811.5999755859375,1780.199951171875,1791.199951171875,1791.199951171875,168901,0.0,0.0
2022-08-08,1790.300048828125,1806.4000244140625,1786.9000244140625,1805.199951171875,1805.199951171875,103683,0.0,0.0
2022-08-09,1805.5,1817.0,1799.4000244140625,1812.300048828125,1812.300048828125,120510,0.0,0.0
2022-08-10,1811.5,1824.5999755859375,1803.300048828125,1813.699951171875,1813.699951171875,154592,0.0,0.0
2022-08-11,1807.9000244140625,1814.9000244140625,1798.5999755859375,1807.199951171875,1807.199951171875,121259,0.0,0.0
2022-08-12,1805.199951171875,1819.0999755859375,1799.5999755859375,1815.5,1815.5,118649,0.0,0.0
2022-08-15,1818.9000244140625,1818.9000244140625,1787.5999755859375,1798.0999755859375,1798.0999755859375,137765,0.0,0.0
2022-08-16,1795.5,1798.0,1785.4000244140625,1789.699951171875,1789.699951171875,94403,0.0,0.0
2022-08-17,1790.800048828125,1796.5999755859375,1773.9000244140625,1776.699951171875,1776.699951171875,137832,0.0,0.0
2022-08-18,1777.0999755859375,1786.300048828125,1768.800048828125,1771.199951171875,1771.199951171875,124319,0.0,0.0
2022-08-19,1773.0999755859375,1773.300048828125,1759.0999755859375,1762.9000244140625,1762.9000244140625,138699,0.0,0.0
2022-08-22,1760.5999755859375,1762.0999755859375,1740.199951171875,1748.4000244140625,1748.4000244140625,142857,0.0,0.0
2022-08-23,1750.0,1767.5,1743.0999755859375,1761.199951171875,1761.199951171875,145260,0.0,0.0
2022-08-24,1761.300048828125,1769.5,1754.800048828125,1761.5,1761.5,112645,0.0,0.0
2022-08-25,1764.4000244140625,1778.800048828125,1763.0,1771.4000244140625,1771.4000244140625,117570,0.0,0.0
2022-08-26,1771.800048828125,1772.300048828125,1746.199951171875,1749.800048828125,1749.800048828125,176904,0.0,0.0
2022-08-29,1748.4000244140625,1757.9000244140625,1731.4000244140625,1749.699951171875,1749.699951171875,156220,0.0,0.0
2022-08-30,1749.800048828125,1752.800048828125,1732.9000244140625,1736.300048828125,1736.300048828125,130664,0.0,0.0
2022-08-31,1735.5,1738.0,1720.5999755859375,1726.199951171875,1726.199951171875,176731,0.0,0.0
2022-09-01,1723.0,1723.0,1699.0999755859375,1709.300048828125,1709.300048828125,198618,0.0,0.0
2022-09-02,1707.800048828125,1729.5,1705.9000244140625,1722.5999755859375,1722.5999755859375,174684,0.0,0.0
2022-09-06,1724.199951171875,1737.4000244140625,1710.5999755859375,1712.9000244140625,1712.9000244140625,206268,0.0,0.0
2022-09-07,1712.9000244140625,1731.199951171875,1701.699951171875,1727.800048828125,1727.800048828125,173624,0.0,0.0
2022-09-08,1729.5,1739.4000244140625,1713.699951171875,1720.199951171875,1720.199951171875,184176,0.0,0.0
2022-09-09,1719.5999755859375,1740.5,1719.4000244140625,1728.5999755859375,1728.5999755859375,154706,0.0,0.0
2022-09-12,1728.4000244140625,1746.4000244140625,1722.300048828125,1740.5999755859375,1740.5999755859375,154374,0.0,0.0
2022-09-13,1736.0,1742.9000244140625,1706.699951171875,1717.4000244140625,1717.4000244140625,232696,0.0,0.0
2022-09-14,1711.5999755859375,1717.300048828125,1703.300048828125,1709.0999755859375,1709.0999755859375,163288,0.0,0.0
2022-09-15,1707.199951171875,1707.800048828125,1668.9000244140625,1677.300048828125,1677.300048828125,268094,0.0,0.0
2022-09-16,1673.699951171875,1689.9000244140625,1661.9000244140625,1683.5,1683.5,217226,0.0,0.0
2022-09-19,1685.4000244140625,1688.800048828125,1667.5999755859375,1678.199951171875,1678.199951171875,141171,0.0,0.0
2022-09-20,1684.9000244140625,1688.800048828125,1668.0999755859375,1671.0999755859375,1671.0999755859375,143933,0.0,0.0
2022-09-21,1673.199951171875,1696.9000244140625,1661.300048828125,1675.699951171875,1675.699951171875,227938,0.0,0.0
2022-09-22,1682.800048828125,1693.5,1663.300048828125,1681.0999755859375,1681.0999755859375,241279,0.0,0.0
2022-09-23,1680.0999755859375,1685.0,1646.5999755859375,1655.5999755859375,1655.5999755859375,243045,0.0,0.0
2022-09-26,1651.0,1657.199951171875,1627.699951171875,1633.4000244140625,1633.4000244140625,219861,0.0,0.0
2022-09-27,1629.199951171875,1650.0999755859375,1628.699951171875,1636.199951171875,1636.199951171875,197058,0.0,0.0
2022-09-28,1636.5,1671.5999755859375,1622.199951171875,1670.0,1670.0,279817,0.0,0.0
2022-09-29,1669.0,1673.0999755859375,1649.300048828125,1668.5999755859375,1668.5999755859375,201961,0.0,0.0
2022-09-30,1669.5,1684.4000244140625,1667.5,1672.0,1672.0,179989,0.0,0.0
2022-10-03,1670.5,1710.4000244140625,1666.5,1702.0,1702.0,215493,0.0,0.0
2022-10-04,1708.4000244140625,1738.699951171875,1704.0,1730.5,1730.5,205084,0.0,0.0
2022-10-05,1734.4000244140625,1736.5999755859375,1708.800048828125,1720.800048828125,1720.800048828125,173222,0.0,0.0
2022-10-06,1725.5,1734.199951171875,1714.800048828125,1720.800048828125,1720.800048828125,139443,0.0,0.0
2022-10-07,1721.0,1722.800048828125,1698.4000244140625,1709.300048828125,1709.300048828125,157445,0.0,0.0
2022-10-10,1703.4000244140625,1707.4000244140625,1672.5,1675.199951171875,1675.199951171875,157149,0.0,0.0
2022-10-11,1675.5999755859375,1691.300048828125,1667.5,1686.0,1686.0,171814,0.0,0.0
2022-10-12,1673.4000244140625,1685.0999755859375,1668.0,1677.5,1677.5,131769,0.0,0.0
2022-10-13,1680.199951171875,1688.9000244140625,1648.300048828125,1677.0,1677.0,237007,0.0,0.0
2022-10-14,1672.800048828125,1677.800048828125,1645.5999755859375,1648.9000244140625,1648.9000244140625,183170,0.0,0.0
2022-10-17,1649.9000244140625,1674.300048828125,1649.0999755859375,1664.0,1664.0,148889,0.0,0.0
2022-10-18,1655.9000244140625,1666.0,1650.5999755859375,1655.800048828125,1655.800048828125,163168,0.0,0.0
2022-10-19,1657.199951171875,1659.800048828125,1632.199951171875,1634.199951171875,1634.199951171875,179246,0.0,0.0
2022-10-20,1634.5999755859375,1650.300048828125,1626.300048828125,1636.800048828125,1636.800048828125,163734,0.0,0.0
2022-10-21,1632.4000244140625,1663.0999755859375,1621.0999755859375,1656.300048828125,1656.300048828125,271095,0.0,0.0
2022-10-24,1662.9000244140625,1675.5,1648.0,1654.0999755859375,1654.0999755859375,171022,0.0,0.0
2022-10-25,1654.5,1666.800048828125,1641.199951171875,1658.0,1658.0,182795,0.0,0.0
2022-10-26,1657.699951171875,1679.4000244140625,1653.800048828125,1669.199951171875,1669.199951171875,186926,0.0,0.0
2022-10-27,1668.800048828125,1674.800048828125,1658.5,1665.5999755859375,1665.5999755859375,189287,0.0,0.0
2022-10-28,1667.199951171875,1670.9000244140625,1640.699951171875,1644.800048828125,1644.800048828125,196363,0.0,0.0
2022-10-31,1647.199951171875,1648.5,1634.5,1640.699951171875,1640.699951171875,128413,0.0,0.0
2022-11-01,1636.0999755859375,1660.300048828125,1633.5999755859375,1649.699951171875,1649.699951171875,197976,0.0,0.0
2022-11-02,1651.4000244140625,1673.0999755859375,1637.4000244140625,1650.0,1650.0,220926,0.0,0.0
2022-11-03,1639.0999755859375,1643.199951171875,1618.300048828125,1630.9000244140625,1630.9000244140625,254699,0.0,0.0
2022-11-04,1631.699951171875,1686.4000244140625,1631.0999755859375,1676.5999755859375,1676.5999755859375,293521,0.0,0.0
2022-11-07,1678.5999755859375,1685.5999755859375,1670.0,1680.5,1680.5,187589,0.0,0.0
2022-11-08,1678.0,1720.4000244140625,1667.0999755859375,1716.0,1716.0,297618,0.0,0.0
2022-11-09,1715.199951171875,1725.800048828125,1705.0999755859375,1713.699951171875,1713.699951171875,239645,0.0,0.0
2022-11-10,1709.699951171875,1760.5999755859375,1705.5,1753.699951171875,1753.699951171875,305717,0.0,0.0
2022-11-11,1758.300048828125,1775.5999755859375,1750.300048828125,1769.4000244140625,1769.4000244140625,227044,0.0,0.0
2022-11-14,1769.4000244140625,1778.4000244140625,1755.800048828125,1776.9000244140625,1776.9000244140625,191347,0.0,0.0
2022-11-15,1774.0,1791.800048828125,1770.199951171875,1776.800048828125,1776.800048828125,283019,0.0,0.0
2022-11-16,1782.0,1788.199951171875,1773.4000244140625,1775.800048828125,1775.800048828125,200755,0.0,0.0
2022-11-17,1777.0,1777.5999755859375,1756.5999755859375,1763.0,1763.0,169097,0.0,0.0
2022-11-18,1763.0999755859375,1769.9000244140625,1749.199951171875,1754.4000244140625,1754.4000244140625,137327,0.0,0.0
2022-11-21,1752.0,1755.0,1733.9000244140625,1739.5999755859375,1739.5999755859375,166082,0.0,0.0
2022-11-22,1739.699951171875,1751.0,1737.5999755859375,1739.9000244140625,1739.9000244140625,153092,0.0,0.0
2022-11-23,1740.800048828125,1754.9000244140625,1719.0,1745.5999755859375,1745.5999755859375,167770,0.0,0.0
2022-11-25,1751.0,1761.199951171875,1745.9000244140625,1754.0,1754.0,134299,0.0,0.0
2022-11-28,1755.0,1763.5,1738.199951171875,1740.300048828125,1740.300048828125,132767,0.0,0.0
2022-11-29,1739.5,1758.199951171875,1737.9000244140625,1748.4000244140625,1748.4000244140625,19416,0.0,0.0
2022-11-30,1748.0999755859375,1769.4000244140625,1745.0999755859375,1746.0,1746.0,192239,0.0,0.0
2022-12-01,1783.0999755859375,1818.4000244140625,1782.9000244140625,1815.199951171875,1815.199951171875,226148,0.0,0.0
2022-12-02,1817.0,1818.699951171875,1791.800048828125,1809.5999755859375,1809.5999755859375,183724,0.0,0.0
2022-12-05,1810.5,1822.9000244140625,1778.0999755859375,1781.300048828125,1781.300048828125,179818,0.0,0.0
2022-12-06,1780.800048828125,1793.199951171875,1779.0999755859375,1782.4000244140625,1782.4000244140625,127856,0.0,0.0
2022-12-07,1783.300048828125,1803.199951171875,1780.5,1798.0,1798.0,155568,0.0,0.0
2022-12-08,1799.5,1806.9000244140625,1793.199951171875,1801.5,1801.5,116274,0.0,0.0
2022-12-09,1801.9000244140625,1819.0,1800.0999755859375,1810.699951171875,1810.699951171875,150938,0.0,0.0
2022-12-12,1808.0,1809.300048828125,1789.0,1792.300048828125,1792.300048828125,107782,0.0,0.0
2022-12-13,1792.300048828125,1836.9000244140625,1791.800048828125,1825.5,1825.5,230911,0.0,0.0
2022-12-14,1822.5999755859375,1825.4000244140625,1806.199951171875,1818.699951171875,1818.699951171875,143804,0.0,0.0
2022-12-15,1818.699951171875,1819.699951171875,1782.0,1787.800048828125,1787.800048828125,185317,0.0,0.0
2022-12-16,1786.9000244140625,1804.199951171875,1783.9000244140625,1800.199951171875,1800.199951171875,128751,0.0,0.0
2022-12-19,1801.5999755859375,1808.5999755859375,1793.199951171875,1797.699951171875,1797.699951171875,86090,0.0,0.0
2022-12-20,1796.800048828125,1832.4000244140625,1793.699951171875,1825.4000244140625,1825.4000244140625,197496,0.0,0.0
2022-12-21,1827.9000244140625,1833.800048828125,1821.300048828125,1825.4000244140625,1825.4000244140625,110177,0.0,0.0
2022-12-22,1823.800048828125,1829.300048828125,1792.699951171875,1795.300048828125,1795.300048828125,175774,0.0,0.0
2022-12-23,1801.0,1812.199951171875,1798.9000244140625,1804.199951171875,1804.199951171875,105457,0.0,0.0
2022-12-27,1808.199951171875,1841.9000244140625,1808.0,1823.0999755859375,1823.0999755859375,159616,0.0,0.0
2022-12-28,1822.4000244140625,1822.800048828125,1804.199951171875,1815.800048828125,1815.800048828125,118076,0.0,0.0
2022-12-29,1812.300048828125,1827.300048828125,1811.199951171875,1826.0,1826.0,105992,0.0,0.0
2022-12-30,1821.800048828125,1832.4000244140625,1819.800048828125,1826.199951171875,1826.199951171875,107496,0.0,0.0
2023-01-03,1831.800048828125,1856.5999755859375,1831.300048828125,1846.0999755859375,1846.0999755859375,212272,0.0,0.0
2023-01-04,1845.199951171875,1871.300048828125,1842.0,1859.0,1859.0,198354,0.0,0.0
2023-01-05,1861.199951171875,1864.300048828125,1829.9000244140625,1840.5999755859375,1840.5999755859375,188603,0.0,0.0
2023-01-06,1835.9000244140625,1875.199951171875,1835.199951171875,1869.699951171875,1869.699951171875,215367,0.0,0.0
2023-01-09,1872.800048828125,1886.4000244140625,1869.300048828125,1877.800048828125,1877.800048828125,204550,0.0,0.0
2023-01-10,1875.699951171875,1885.199951171875,1872.0,1876.5,1876.5,170514,0.0,0.0
2023-01-11,1881.300048828125,1890.9000244140625,1870.9000244140625,1878.9000244140625,1878.9000244140625,222250,0.0,0.0
2023-01-12,1879.699951171875,1906.5,1872.4000244140625,1898.800048828125,1898.800048828125,265174,0.0,0.0
2023-01-13,1898.800048828125,1925.300048828125,1895.0999755859375,1921.699951171875,1921.699951171875,247878,0.0,0.0
2023-01-17,1923.800048828125,1931.800048828125,1906.199951171875,1909.9000244140625,1909.9000244140625,268368,0.0,0.0
2023-01-18,1911.0999755859375,1929.800048828125,1898.5999755859375,1907.0,1907.0,218967,0.0,0.0
2023-01-19,1907.0,1936.9000244140625,1902.0,1923.9000244140625,1923.9000244140625,214246,0.0,0.0
2023-01-20,1933.699951171875,1939.0,1922.0,1928.199951171875,1928.199951171875,165272,0.0,0.0
2023-01-23,1928.4000244140625,1936.699951171875,1912.5,1928.5999755859375,1928.5999755859375,190094,0.0,0.0
2023-01-24,1932.0,1943.800048828125,1918.199951171875,1935.4000244140625,1935.4000244140625,201713,0.0,0.0
2023-01-25,1938.699951171875,1949.5,1920.5999755859375,1942.5999755859375,1942.5999755859375,190302,0.0,0.0
2023-01-26,1948.0,1949.800048828125,1918.4000244140625,1930.0,1930.0,223255,0.0,0.0
2023-01-27,1929.300048828125,1935.4000244140625,1916.5,1929.4000244140625,1929.4000244140625,150902,0.0,0.0
2023-01-30,1928.300048828125,1933.5999755859375,1920.300048828125,1922.9000244140625,1922.9000244140625,27220,0.0,0.0
2023-01-31,1923.0,1930.4000244140625,1900.5999755859375,1929.5,1929.5,194077,0.0,0.0
2023-02-01,1944.0,1970.800048828125,1936.0999755859375,1942.800048828125,1942.800048828125,210613,0.0,0.0
2023-02-02,1967.0999755859375,1975.199951171875,1925.5999755859375,1930.800048828125,1930.800048828125,259844,0.0,0.0
2023-02-03,1926.300048828125,1932.4000244140625,1874.5,1876.5999755859375,1876.5999755859375,310612,0.0,0.0
2023-02-06,1878.0,1894.0,1873.199951171875,1879.5,1879.5,164540,0.0,0.0
2023-02-07,1880.300048828125,1897.199951171875,1877.5,1884.800048828125,1884.800048828125,179673,0.0,0.0
2023-02-08,1885.0999755859375,1898.9000244140625,1881.4000244140625,1890.699951171875,1890.699951171875,131904,0.0,0.0
2023-02-09,1888.300048828125,1902.300048828125,1870.199951171875,1878.5,1878.5,183551,0.0,0.0
2023-02-10,1873.5,1883.5,1863.5,1874.5,1874.5,155270,0.0,0.0
2023-02-13,1876.699951171875,1877.199951171875,1860.800048828125,1863.5,1863.5,131217,0.0,0.0
2023-02-14,1864.0999755859375,1881.5999755859375,1852.5,1865.4000244140625,1865.4000244140625,217012,0.0,0.0
2023-02-15,1865.0999755859375,1870.9000244140625,1839.300048828125,1845.300048828125,1845.300048828125,169531,0.0,0.0
2023-02-16,1846.5,1854.9000244140625,1836.5999755859375,1851.800048828125,1851.800048828125,168509,0.0,0.0
2023-02-17,1845.699951171875,1853.0999755859375,1827.699951171875,1850.199951171875,1850.199951171875,165081,0.0,0.0
2023-02-21,1850.5,1856.4000244140625,1839.0,1842.5,1842.5,210165,0.0,0.0
2023-02-22,1843.699951171875,1855.0,1831.9000244140625,1841.5,1841.5,141500,0.0,0.0
2023-02-23,1834.699951171875,1841.199951171875,1824.800048828125,1826.800048828125,1826.800048828125,179972,0.0,0.0
2023-02-24,1829.699951171875,1835.0999755859375,1815.5,1817.0999755859375,1817.0999755859375,169473,0.0,0.0
2023-02-27,1818.0,1827.300048828125,1812.0,1824.9000244140625,1824.9000244140625,130427,0.0,0.0
2023-02-28,1823.9000244140625,1838.5999755859375,1810.800048828125,1836.699951171875,1836.699951171875,184507,0.0,0.0
2023-03-01,1834.0,1852.5,1829.5999755859375,1845.4000244140625,1845.4000244140625,182583,0.0,0.0
2023-03-02,1843.800048828125,1845.300048828125,1835.9000244140625,1840.5,1840.5,139755,0.0,0.0
2023-03-03,1842.0999755859375,1864.4000244140625,1842.0,1854.5999755859375,1854.5999755859375,158961,0.0,0.0
2023-03-06,1861.0,1864.300048828125,1850.5999755859375,1854.5999755859375,1854.5999755859375,136224,0.0,0.0
2023-03-07,1852.5999755859375,1856.9000244140625,1817.0999755859375,1820.0,1820.0,248226,0.0,0.0
2023-03-08,1818.0,1828.699951171875,1813.4000244140625,1818.5999755859375,1818.5999755859375,208292,0.0,0.0
2023-03-09,1818.0,1839.4000244140625,1815.4000244140625,1834.5999755859375,1834.5999755859375,228473,0.0,0.0
2023-03-10,1835.0999755859375,1874.300048828125,1830.0,1867.199951171875,1867.199951171875,345814,0.0,0.0
2023-03-13,1877.0999755859375,1919.5,1875.699951171875,1916.5,1916.5,452332,0.0,0.0
2023-03-14,1919.4000244140625,1919.4000244140625,1899.800048828125,1910.9000244140625,1910.9000244140625,261275,0.0,0.0
2023-03-15,1908.199951171875,1942.5,1889.5,1931.300048828125,1931.300048828125,385454,0.0,0.0
2023-03-16,1922.800048828125,1938.0,1911.5,1923.0,1923.0,248084,0.0,0.0
2023-03-17,1925.9000244140625,1993.699951171875,1922.300048828125,1973.5,1973.5,351092,0.0,0.0
2023-03-20,1989.699951171875,2014.9000244140625,1970.0,1982.800048828125,1982.800048828125,338016,0.0,0.0
2023-03-21,1983.0999755859375,1988.699951171875,1938.5999755859375,1941.0999755859375,1941.0999755859375,248934,0.0,0.0
2023-03-22,1943.5,1982.300048828125,1936.5,1949.5999755859375,1949.5999755859375,245031,0.0,0.0
2023-03-23,1974.0,2006.0999755859375,1967.300048828125,1995.9000244140625,1995.9000244140625,262247,0.0,0.0
2023-03-24,1996.0999755859375,2006.5,1977.699951171875,1983.800048828125,1983.800048828125,285442,0.0,0.0
2023-03-27,1982.5999755859375,1984.0,1945.0,1953.800048828125,1953.800048828125,206630,0.0,0.0
2023-03-28,1957.800048828125,1977.0999755859375,1949.9000244140625,1973.5,1973.5,183582,0.0,0.0
2023-03-29,1975.4000244140625,1976.0,1959.5,1966.9000244140625,1966.9000244140625,88563,0.0,0.0
2023-03-30,1965.9000244140625,1984.4000244140625,1954.9000244140625,1980.300048828125,1980.300048828125,10119,0.0,0.0
2023-03-31,1981.300048828125,1986.800048828125,1968.0,1969.0,1969.0,162212,0.0,0.0
2023-04-03,1990.0,2008.0,1965.9000244140625,2000.4000244140625,2000.4000244140625,187986,0.0,0.0
2023-04-04,2001.300048828125,2043.4000244140625,1994.0,2038.199951171875,2038.199951171875,233301,0.0,0.0
2023-04-05,2038.199951171875,2049.199951171875,2026.0999755859375,2035.5999755859375,2035.5999755859375,197371,0.0,0.0
2023-04-06,2037.0999755859375,2037.699951171875,2016.5,2026.4000244140625,2026.4000244140625,0,0.0,0.0
2023-04-10,2008.5999755859375,2021.5,1996.5,2003.800048828125,2003.800048828125,136231,0.0,0.0
2023-04-11,2007.0,2022.5,2003.699951171875,2019.0,2019.0,126376,0.0,0.0
2023-04-12,2019.0999755859375,2043.9000244140625,2015.699951171875,2024.9000244140625,2024.9000244140625,228494,0.0,0.0
2023-04-13,2029.5,2063.39990234375,2028.300048828125,2055.300048828125,2055.300048828125,198461,0.0,0.0
2023-04-14,2054.699951171875,2061.60009765625,2006.0,2015.800048828125,2015.800048828125,262825,0.0,0.0
2023-04-17,2014.0999755859375,2028.0,1993.4000244140625,2007.0,2007.0,183425,0.0,0.0
2023-04-18,2007.9000244140625,2024.5999755859375,2003.300048828125,2019.699951171875,2019.699951171875,164975,0.0,0.0
2023-04-19,2017.9000244140625,2020.300048828125,1980.9000244140625,2007.300048828125,2007.300048828125,218808,0.0,0.0
2023-04-20,2007.699951171875,2024.199951171875,2002.199951171875,2019.0999755859375,2019.0999755859375,162840,0.0,0.0
2023-04-21,2016.0999755859375,2016.800048828125,1982.300048828125,1990.5,1990.5,210502,0.0,0.0
2023-04-24,1992.0,2001.5,1984.4000244140625,1999.800048828125,1999.800048828125,139878,0.0,0.0
2023-04-25,1999.4000244140625,2014.5,1986.199951171875,2004.5,2004.5,222551,0.0,0.0
2023-04-26,2007.699951171875,2020.199951171875,1993.699951171875,1996.0,1996.0,241399,0.0,0.0
2023-04-27,1999.800048828125,2013.300048828125,1982.0,1999.0,1999.0,203898,0.0,0.0
2023-04-28,1997.199951171875,2004.0999755859375,1984.4000244140625,1999.0999755859375,1999.0999755859375,172445,0.0,0.0
2023-05-01,2000.199951171875,2015.4000244140625,1985.699951171875,1992.199951171875,1992.199951171875,173016,0.0,0.0
2023-05-02,1990.5,2028.800048828125,1986.9000244140625,2023.300048828125,2023.300048828125,245637,0.0,0.0
2023-05-03,2026.4000244140625,2050.0,2016.0,2037.0,2037.0,229674,0.0,0.0
2023-05-04,2054.699951171875,2085.39990234375,2038.5,2055.699951171875,2055.699951171875,311003,0.0,0.0
2023-05-05,2058.0,2061.300048828125,2007.0,2024.800048828125,2024.800048828125,283299,0.0,0.0
2023-05-08,2024.5999755859375,2037.0999755859375,2022.0,2033.199951171875,2033.199951171875,182213,0.0,0.0
2023-05-09,2028.4000244140625,2045.0999755859375,2026.4000244140625,2042.9000244140625,2042.9000244140625,199701,0.0,0.0
2023-05-10,2041.5999755859375,2056.0,2028.300048828125,2037.0999755859375,2037.0999755859375,260807,0.0,0.0
2023-05-11,2036.800048828125,2047.5999755859375,2016.699951171875,2020.5,2020.5,296976,0.0,0.0
2023-05-12,2020.5,2027.800048828125,2005.699951171875,2019.800048828125,2019.800048828125,220500,0.0,0.0
2023-05-15,2013.4000244140625,2027.5,2011.199951171875,2022.699951171875,2022.699951171875,163251,0.0,0.0
2023-05-16,2021.300048828125,2022.699951171875,1989.0999755859375,1993.0,1993.0,229938,0.0,0.0
2023-05-17,1993.0,1997.0,1978.0999755859375,1984.9000244140625,1984.9000244140625,206552,0.0,0.0
2023-05-18,1985.5999755859375,1988.800048828125,1954.4000244140625,1959.800048828125,1959.800048828125,227733,0.0,0.0
2023-05-19,1960.5,1987.4000244140625,1956.300048828125,1981.5999755859375,1981.5999755859375,234604,0.0,0.0
2023-05-22,1979.4000244140625,1984.800048828125,1970.699951171875,1977.199951171875,1977.199951171875,165768,0.0,0.0
2023-05-23,1973.9000244140625,1980.0,1955.800048828125,1974.5,1974.5,214358,0.0,0.0
2023-05-24,1977.300048828125,1987.9000244140625,1958.4000244140625,1964.5999755859375,1964.5999755859375,229885,0.0,0.0
2023-05-25,1959.5,1965.4000244140625,1939.0,1943.699951171875,1943.699951171875,253875,0.0,0.0
2023-05-26,1941.699951171875,1957.0999755859375,1936.0,1944.300048828125,1944.300048828125,166036,0.0,0.0
2023-05-30,1942.699951171875,1962.5999755859375,1931.0,1958.0,1958.0,37838,0.0,0.0
2023-05-31,1958.199951171875,1973.0,1953.0,1963.9000244140625,1963.9000244140625,207753,0.0,0.0
2023-06-01,1981.300048828125,2000.699951171875,1970.0999755859375,1995.5,1995.5,176911,0.0,0.0
2023-06-02,1994.5999755859375,2000.5,1963.699951171875,1969.5999755859375,1969.5999755859375,209694,0.0,0.0
2023-06-05,1962.300048828125,1980.4000244140625,1953.800048828125,1974.300048828125,1974.300048828125,179985,0.0,0.0
2023-06-06,1978.0,1982.9000244140625,1970.300048828125,1981.5,1981.5,135995,0.0,0.0
2023-06-07,1980.0,1986.5,1955.4000244140625,1958.4000244140625,1958.4000244140625,189529,0.0,0.0
2023-06-08,1956.199951171875,1985.699951171875,1955.199951171875,1978.5999755859375,1978.5999755859375,191843,0.0,0.0
2023-06-09,1980.5,1987.800048828125,1971.0,1977.199951171875,1977.199951171875,130408,0.0,0.0
2023-06-12,1975.5999755859375,1981.4000244140625,1963.0999755859375,1969.699951171875,1969.699951171875,122542,0.0,0.0
2023-06-13,1971.4000244140625,1985.9000244140625,1953.0,1958.5999755859375,1958.5999755859375,198397,0.0,0.0
2023-06-14,1957.199951171875,1973.9000244140625,1952.5,1968.9000244140625,1968.9000244140625,199710,0.0,0.0
2023-06-15,1955.699951171875,1972.800048828125,1936.0999755859375,1970.699951171875,1970.699951171875,266353,0.0,0.0
2023-06-16,1970.300048828125,1980.4000244140625,1965.4000244140625,1971.199951171875,1971.199951171875,160514,0.0,0.0
2023-06-20,1970.699951171875,1971.800048828125,1940.800048828125,1947.699951171875,1947.699951171875,250140,0.0,0.0
2023-06-21,1948.0,1950.4000244140625,1929.300048828125,1944.9000244140625,1944.9000244140625,182021,0.0,0.0
2023-06-22,1943.300048828125,1945.0999755859375,1922.0,1923.699951171875,1923.699951171875,171779,0.0,0.0
2023-06-23,1923.5,1949.0,1919.5,1929.5999755859375,1929.5999755859375,186861,0.0,0.0
2023-06-26,1936.300048828125,1943.4000244140625,1931.0999755859375,1933.800048828125,1933.800048828125,147769,0.0,0.0
2023-06-27,1932.699951171875,1940.300048828125,1919.800048828125,1923.800048828125,1923.800048828125,180436,0.0,0.0
2023-06-28,1923.0999755859375,1926.0999755859375,1911.4000244140625,1922.199951171875,1922.199951171875,162493,0.0,0.0
2023-06-29,1916.5,1921.300048828125,1900.5999755859375,1917.9000244140625,1917.9000244140625,205252,0.0,0.0
2023-06-30,1916.4000244140625,1930.800048828125,1908.0999755859375,1929.4000244140625,1929.4000244140625,180688,0.0,0.0
2023-07-03,1927.800048828125,1939.9000244140625,1917.699951171875,1929.5,1929.5,152959,0.0,0.0
2023-07-05,1929.0999755859375,1942.9000244140625,1922.0999755859375,1927.0999755859375,1927.0999755859375,245932,0.0,0.0
2023-07-06,1922.4000244140625,1934.0,1908.5,1915.4000244140625,1915.4000244140625,231513,0.0,0.0
2023-07-07,1916.5999755859375,1941.0999755859375,1915.4000244140625,1932.5,1932.5,214272,0.0,0.0
2023-07-10,1930.699951171875,1933.699951171875,1918.0,1931.0,1931.0,208085,0.0,0.0
2023-07-11,1930.800048828125,1944.5,1929.800048828125,1937.0999755859375,1937.0999755859375,189372,0.0,0.0
2023-07-12,1938.0,1965.0999755859375,1937.5,1961.699951171875,1961.699951171875,270869,0.0,0.0
2023-07-13,1962.699951171875,1968.5,1956.5999755859375,1963.800048828125,1963.800048828125,241215,0.0,0.0
2023-07-14,1965.199951171875,1967.800048828125,1954.699951171875,1964.4000244140625,1964.4000244140625,209306,0.0,0.0
2023-07-17,1958.5999755859375,1963.5999755859375,1949.0,1956.4000244140625,1956.4000244140625,165833,0.0,0.0
2023-07-18,1958.300048828125,1988.300048828125,1958.0999755859375,1980.800048828125,1980.800048828125,264086,0.0,0.0
2023-07-19,1982.5,1984.5999755859375,1973.300048828125,1980.800048828125,1980.800048828125,159409,0.0,0.0
2023-07-20,1980.0,1989.800048828125,1967.699951171875,1970.9000244140625,1970.9000244140625,189926,0.0,0.0
2023-07-21,1972.0999755859375,1975.9000244140625,1958.800048828125,1966.5999755859375,1966.5999755859375,156540,0.0,0.0
2023-07-24,1963.5999755859375,1969.800048828125,1955.300048828125,1962.199951171875,1962.199951171875,197213,0.0,0.0
2023-07-25,1957.0,1967.0999755859375,1951.5999755859375,1963.699951171875,1963.699951171875,188848,0.0,0.0
2023-07-26,1966.300048828125,1979.9000244140625,1963.199951171875,1970.0999755859375,1970.0999755859375,208106,0.0,0.0
2023-07-27,1973.300048828125,1982.5999755859375,1941.699951171875,1945.699951171875,1945.699951171875,194253,0.0,0.0
2023-07-28,1945.5,1962.199951171875,1944.199951171875,1960.4000244140625,1960.4000244140625,23155,0.0,0.0
2023-07-31,1959.199951171875,1971.5999755859375,1950.0,1970.5,1970.5,139955,0.0,0.0
2023-08-01,2004.199951171875,2004.4000244140625,1978.300048828125,1978.800048828125,1978.800048828125,167756,0.0,0.0
2023-08-02,1988.9000244140625,1992.199951171875,1969.0999755859375,1975.0,1975.0,169658,0.0,0.0
2023-08-03,1970.800048828125,1974.5,1964.5,1968.800048828125,1968.800048828125,141345,0.0,0.0
2023-08-04,1969.5999755859375,1984.199951171875,1954.5,1976.0999755859375,1976.0999755859375,156416,0.0,0.0
2023-08-07,1977.5999755859375,1981.699951171875,1966.0999755859375,1970.0,1970.0,104407,0.0,0.0
2023-08-08,1971.5,1972.800048828125,1956.5,1959.9000244140625,1959.9000244140625,142336,0.0,0.0
2023-08-09,1959.300048828125,1966.0999755859375,1947.199951171875,1950.5999755859375,1950.5999755859375,139259,0.0,0.0
2023-08-10,1947.699951171875,1963.5,1944.4000244140625,1948.9000244140625,1948.9000244140625,168264,0.0,0.0
2023-08-11,1944.9000244140625,1953.5999755859375,1942.699951171875,1946.5999755859375,1946.5999755859375,122320,0.0,0.0
2023-08-14,1945.5999755859375,1948.199951171875,1934.199951171875,1944.0,1944.0,120983,0.0,0.0
2023-08-15,1939.4000244140625,1944.300048828125,1927.5,1935.199951171875,1935.199951171875,167153,0.0,0.0
2023-08-16,1933.0999755859375,1938.199951171875,1922.0,1928.300048828125,1928.300048828125,128612,0.0,0.0
2023-08-17,1922.4000244140625,1933.5,1914.199951171875,1915.199951171875,1915.199951171875,152329,0.0,0.0
2023-08-18,1919.199951171875,1926.0,1915.9000244140625,1916.5,1916.5,114737,0.0,0.0
2023-08-21,1918.4000244140625,1927.9000244140625,1913.5999755859375,1923.0,1923.0,138109,0.0,0.0
2023-08-22,1924.0,1933.199951171875,1917.5,1926.0,1926.0,131088,0.0,0.0
2023-08-23,1926.800048828125,1949.699951171875,1926.199951171875,1948.0999755859375,1948.0999755859375,170040,0.0,0.0
2023-08-24,1944.9000244140625,1951.300048828125,1939.199951171875,1947.0999755859375,1947.0999755859375,137393,0.0,0.0
2023-08-25,1944.9000244140625,1950.4000244140625,1931.0,1939.9000244140625,1939.9000244140625,166988,0.0,0.0
2023-08-28,1944.0,1954.199951171875,1940.0999755859375,1946.800048828125,1946.800048828125,115553,0.0,0.0
2023-08-29,1948.0999755859375,1966.5,1941.699951171875,1965.0999755859375,1965.0999755859375,174220,0.0,0.0
2023-08-30,1966.0,1977.0999755859375,1962.800048828125,1973.0,1973.0,142380,0.0,0.0
2023-08-31,1970.199951171875,1974.9000244140625,1965.5,1965.9000244140625,1965.9000244140625,133712,0.0,0.0
2023-09-01,1966.4000244140625,1980.199951171875,1960.699951171875,1967.0999755859375,1967.0999755859375,160725,0.0,0.0
2023-09-05,1966.699951171875,1972.5999755859375,1950.5999755859375,1952.5999755859375,1952.5999755859375,192789,0.0,0.0
2023-09-06,1951.5,1954.5,1940.0,1944.199951171875,1944.199951171875,148775,0.0,0.0
2023-09-07,1942.199951171875,1947.9000244140625,1940.300048828125,1942.5,1942.5,117168,0.0,0.0
2023-09-08,1943.800048828125,1954.0,1940.800048828125,1942.699951171875,1942.699951171875,138694,0.0,0.0
2023-09-11,1943.300048828125,1954.5999755859375,1939.5,1947.199951171875,1947.199951171875,131076,0.0,0.0
2023-09-12,1945.5999755859375,1947.5,1929.9000244140625,1935.0999755859375,1935.0999755859375,161993,0.0,0.0
2023-09-13,1935.199951171875,1938.4000244140625,1927.199951171875,1932.5,1932.5,161003,0.0,0.0
2023-09-14,1930.699951171875,1934.5,1921.699951171875,1932.800048828125,1932.800048828125,201744,0.0,0.0
2023-09-15,1932.5,1952.4000244140625,1931.199951171875,1946.199951171875,1946.199951171875,199773,0.0,0.0
2023-09-18,1945.699951171875,1955.699951171875,1943.800048828125,1953.4000244140625,1953.4000244140625,138031,0.0,0.0
2023-09-19,1955.300048828125,1958.9000244140625,1950.9000244140625,1953.699951171875,1953.699951171875,131097,0.0,0.0
2023-09-20,1953.0,1968.9000244140625,1948.5999755859375,1967.0999755859375,1967.0999755859375,220980,0.0,0.0
2023-09-21,1952.0,1952.199951171875,1933.0999755859375,1939.5999755859375,1939.5999755859375,225908,0.0,0.0
2023-09-22,1939.5999755859375,1949.0999755859375,1939.5999755859375,1945.5999755859375,1945.5999755859375,139926,0.0,0.0
2023-09-25,1944.699951171875,1946.800048828125,1933.800048828125,1936.5999755859375,1936.5999755859375,164259,0.0,0.0
2023-09-26,1935.0999755859375,1935.5,1917.199951171875,1919.800048828125,1919.800048828125,212263,0.0,0.0
2023-09-27,1918.800048828125,1921.699951171875,1890.300048828125,1890.9000244140625,1890.9000244140625,238525,0.0,0.0
2023-09-28,1893.300048828125,1896.800048828125,1874.5,1878.5999755859375,1878.5999755859375,231419,0.0,0.0
2023-09-29,1882.300048828125,1896.699951171875,1862.300048828125,1866.0999755859375,1866.0999755859375,245131,0.0,0.0
2023-10-02,1864.4000244140625,1864.699951171875,1842.699951171875,1847.199951171875,1847.199951171875,202147,0.0,0.0
2023-10-03,1844.9000244140625,1849.300048828125,1830.9000244140625,1841.5,1841.5,216784,0.0,0.0
2023-10-04,1838.699951171875,1846.800048828125,1831.5999755859375,1834.800048828125,1834.800048828125,195048,0.0,0.0
2023-10-05,1837.5999755859375,1843.5,1826.199951171875,1831.800048828125,1831.800048828125,172464,0.0,0.0
2023-10-06,1834.300048828125,1849.0,1823.5,1845.199951171875,1845.199951171875,231024,0.0,0.0
2023-10-09,1861.0,1877.300048828125,1857.5,1864.300048828125,1864.300048828125,187802,0.0,0.0
2023-10-10,1875.4000244140625,1879.0999755859375,1866.0999755859375,1875.300048828125,1875.300048828125,157340,0.0,0.0
2023-10-11,1873.699951171875,1890.9000244140625,1871.699951171875,1887.300048828125,1887.300048828125,169964,0.0,0.0
2023-10-12,1888.0999755859375,1898.300048828125,1880.5999755859375,1883.0,1883.0,163475,0.0,0.0
2023-10-13,1881.699951171875,1946.199951171875,1881.5,1941.5,1941.5,312994,0.0,0.0
2023-10-16,1941.300048828125,1943.0,1921.199951171875,1934.300048828125,1934.300048828125,182823,0.0,0.0
2023-10-17,1933.300048828125,1944.5,1924.5999755859375,1935.699951171875,1935.699951171875,165063,0.0,0.0
2023-10-18,1936.699951171875,1975.800048828125,1935.9000244140625,1968.300048828125,1968.300048828125,270045,0.0,0.0
2023-10-19,1960.0999755859375,1990.199951171875,1957.0,1980.5,1980.5,264821,0.0,0.0
2023-10-20,1988.0,2009.199951171875,1983.699951171875,1994.4000244140625,1994.4000244140625,289109,0.0,0.0
2023-10-23,1987.699951171875,1994.300048828125,1971.0,1987.800048828125,1987.800048828125,212290,0.0,0.0
2023-10-24,1984.0999755859375,1992.0,1964.5999755859375,1986.0999755859375,1986.0999755859375,200943,0.0,0.0
2023-10-25,1982.699951171875,1998.5999755859375,1973.5999755859375,1994.9000244140625,1994.9000244140625,240655,0.0,0.0
2023-10-26,1991.199951171875,2003.699951171875,1981.5999755859375,1997.4000244140625,1997.4000244140625,214053,0.0,0.0
2023-10-27,1995.0,2019.699951171875,1986.4000244140625,1998.5,1998.5,213757,0.0,0.0
2023-10-30,2013.5,2016.800048828125,1999.699951171875,2005.5999755859375,2005.5999755859375,181339,0.0,0.0
2023-10-31,2005.5999755859375,2017.699951171875,1987.4000244140625,1994.300048828125,1994.300048828125,214776,0.0,0.0
2023-11-01,1993.300048828125,2005.9000244140625,1978.199951171875,1987.5,1987.5,197629,0.0,0.0
2023-11-02,1992.0,1999.199951171875,1986.300048828125,1993.5,1993.5,158650,0.0,0.0
2023-11-03,1993.5,2011.9000244140625,1989.300048828125,1999.199951171875,1999.199951171875,222189,0.0,0.0
2023-11-06,1999.4000244140625,2000.0999755859375,1984.199951171875,1988.5999755859375,1988.5999755859375,146279,0.0,0.0
2023-11-07,1984.800048828125,1985.199951171875,1962.800048828125,1973.5,1973.5,218948,0.0,0.0
2023-11-08,1975.300048828125,1977.5,1953.199951171875,1957.800048828125,1957.800048828125,189359,0.0,0.0
2023-11-09,1955.5,1971.5,1948.300048828125,1969.800048828125,1969.800048828125,214077,0.0,0.0
2023-11-10,1964.0999755859375,1965.5999755859375,1936.9000244140625,1937.699951171875,1937.699951171875,229637,0.0,0.0
2023-11-13,1943.4000244140625,1953.5,1935.5999755859375,1950.199951171875,1950.199951171875,183702,0.0,0.0
2023-11-14,1950.300048828125,1975.300048828125,1938.800048828125,1966.5,1966.5,180741,0.0,0.0
2023-11-15,1966.9000244140625,1979.199951171875,1958.800048828125,1964.300048828125,1964.300048828125,142924,0.0,0.0
2023-11-16,1963.0,1991.0999755859375,1959.0,1987.300048828125,1987.300048828125,186810,0.0,0.0
2023-11-17,1984.199951171875,1996.4000244140625,1981.0999755859375,1984.699951171875,1984.699951171875,133120,0.0,0.0
2023-11-20,1980.9000244140625,1987.800048828125,1967.199951171875,1980.300048828125,1980.300048828125,177887,0.0,0.0
2023-11-21,1980.0,2009.800048828125,1979.9000244140625,2001.5999755859375,2001.5999755859375,230024,0.0,0.0
2023-11-22,2000.300048828125,2008.300048828125,1988.5999755859375,1992.800048828125,1992.800048828125,199370,0.0,0.0
2023-11-23,1991.199951171875,1999.5,1990.9000244140625,1993.300048828125,1993.300048828125,199370,0.0,0.0
2023-11-24,1991.199951171875,2004.5,1990.9000244140625,2003.0,2003.0,214880,0.0,0.0
2023-11-27,2002.5,2018.9000244140625,2001.4000244140625,2012.4000244140625,2012.4000244140625,251250,0.0,0.0
2023-11-28,2014.300048828125,2044.0999755859375,2011.5,2040.0,2040.0,174665,0.0,0.0
2023-11-29,2041.699951171875,2052.10009765625,2036.0,2047.0999755859375,2047.0999755859375,15290,0.0,0.0
2023-11-30,2046.0999755859375,2047.0999755859375,2033.0999755859375,2038.0999755859375,2038.0999755859375,151918,0.0,0.0
2023-12-01,2056.5,2095.699951171875,2052.60009765625,2089.699951171875,2089.699951171875,241615,0.0,0.0
2023-12-04,2094.39990234375,2152.300048828125,2038.4000244140625,2042.199951171875,2042.199951171875,378224,0.0,0.0
2023-12-05,2049.0,2059.60009765625,2027.5999755859375,2036.300048828125,2036.300048828125,209549,0.0,0.0
2023-12-06,2037.800048828125,2053.39990234375,2035.300048828125,2047.9000244140625,2047.9000244140625,154219,0.0,0.0
2023-12-07,2043.4000244140625,2057.199951171875,2036.5999755859375,2046.4000244140625,2046.4000244140625,173977,0.0,0.0
2023-12-08,2045.699951171875,2050.39990234375,2010.5999755859375,2014.5,2014.5,237289,0.0,0.0
2023-12-11,2020.0,2023.699951171875,1991.199951171875,1993.699951171875,1993.699951171875,160072,0.0,0.0
2023-12-12,1997.800048828125,2012.5,1992.300048828125,1993.199951171875,1993.199951171875,148532,0.0,0.0
2023-12-13,1995.0999755859375,2043.300048828125,1987.9000244140625,1997.300048828125,1997.300048828125,192679,0.0,0.0
2023-12-14,2043.199951171875,2062.89990234375,2039.0999755859375,2044.9000244140625,2044.9000244140625,231095,0.0,0.0
2023-12-15,2051.300048828125,2059.60009765625,2029.199951171875,2035.699951171875,2035.699951171875,172147,0.0,0.0
2023-12-18,2033.300048828125,2048.0,2029.5,2040.5,2040.5,141406,0.0,0.0
2023-12-19,2041.0999755859375,2061.0,2034.800048828125,2052.10009765625,2052.10009765625,134781,0.0,0.0
2023-12-20,2053.800048828125,2056.89990234375,2040.5999755859375,2047.699951171875,2047.699951171875,122567,0.0,0.0
2023-12-21,2044.4000244140625,2058.0,2043.300048828125,2051.300048828125,2051.300048828125,119952,0.0,0.0
2023-12-22,2061.199951171875,2083.0,2058.199951171875,2069.10009765625,2069.10009765625,170150,0.0,0.0
2023-12-26,2066.0,2080.5,2065.10009765625,2069.800048828125,2069.800048828125,79573,0.0,0.0
2023-12-27,2079.300048828125,2095.800048828125,2072.800048828125,2093.10009765625,2093.10009765625,128179,0.0,0.0
2023-12-28,2089.5,2098.199951171875,2074.60009765625,2083.5,2083.5,129544,0.0,0.0
2023-12-29,2076.10009765625,2084.10009765625,2067.60009765625,2071.800048828125,2071.800048828125,105724,0.0,0.0
2024-01-02,2072.699951171875,2088.10009765625,2064.300048828125,2073.39990234375,2073.39990234375,157555,0.0,0.0
2024-01-03,2067.89990234375,2074.300048828125,2038.300048828125,2042.800048828125,2042.800048828125,221680,0.0,0.0
2024-01-04,2049.300048828125,2058.10009765625,2043.300048828125,2050.0,2050.0,130263,0.0,0.0
2024-01-05,2051.39990234375,2071.10009765625,2030.800048828125,2049.800048828125,2049.800048828125,214684,0.0,0.0
2024-01-08,2052.60009765625,2053.300048828125,2022.699951171875,2033.5,2033.5,220988,0.0,0.0
2024-01-09,2034.5,2048.60009765625,2031.9000244140625,2033.0,2033.0,218745,0.0,0.0
2024-01-10,2036.0,2046.199951171875,2025.9000244140625,2027.800048828125,2027.800048828125,205007,0.0,0.0
2024-01-11,2029.4000244140625,2056.10009765625,2017.300048828125,2019.199951171875,2019.199951171875,301337,0.0,0.0
2024-01-12,2033.199951171875,2067.300048828125,2033.0999755859375,2051.60009765625,2051.60009765625,272352,0.0,0.0
2024-01-16,2053.39990234375,2062.800048828125,2027.5999755859375,2030.199951171875,2030.199951171875,285254,0.0,0.0
2024-01-17,2031.699951171875,2036.0999755859375,2004.5999755859375,2006.5,2006.5,254292,0.0,0.0
2024-01-18,2009.0999755859375,2025.5999755859375,2007.699951171875,2021.5999755859375,2021.5999755859375,171928,0.0,0.0
2024-01-19,2027.4000244140625,2041.9000244140625,2022.199951171875,2029.300048828125,2029.300048828125,172805,0.0,0.0
2024-01-22,2031.800048828125,2034.0999755859375,2017.4000244140625,2022.199951171875,2022.199951171875,152756,0.0,0.0
2024-01-23,2023.199951171875,2039.300048828125,2020.800048828125,2025.800048828125,2025.800048828125,156699,0.0,0.0
2024-01-24,2030.699951171875,2037.9000244140625,2011.699951171875,2016.0,2016.0,234459,0.0,0.0
2024-01-25,2014.800048828125,2025.5999755859375,2004.0,2017.800048828125,2017.800048828125,196670,0.0,0.0
2024-01-26,2021.0,2028.0999755859375,2015.5999755859375,2017.300048828125,2017.300048828125,119588,0.0,0.0
2024-01-29,2024.4000244140625,2037.199951171875,2018.800048828125,2025.4000244140625,2025.4000244140625,150708,0.0,0.0
2024-01-30,2032.5,2048.5,2028.0999755859375,2031.5,2031.5,26907,0.0,0.0
2024-01-31,2035.4000244140625,2055.0,2030.0,2048.39990234375,2048.39990234375,238373,0.0,0.0
2024-02-01,2057.89990234375,2083.199951171875,2046.4000244140625,2071.10009765625,2071.10009765625,260921,0.0,0.0
2024-02-02,2072.0,2074.699951171875,2044.199951171875,2053.699951171875,2053.699951171875,219800,0.0,0.0
2024-02-05,2057.89990234375,2059.10009765625,2030.800048828125,2042.9000244140625,2042.9000244140625,170431,0.0,0.0
2024-02-06,2041.4000244140625,2055.300048828125,2038.800048828125,2051.39990234375,2051.39990234375,126384,0.0,0.0
2024-02-07,2052.60009765625,2061.300048828125,2046.4000244140625,2051.699951171875,2051.699951171875,125631,0.0,0.0
2024-02-08,2051.0,2053.800048828125,2034.5999755859375,2047.9000244140625,2047.9000244140625,137076,0.0,0.0
2024-02-09,2049.699951171875,2051.89990234375,2034.300048828125,2038.699951171875,2038.699951171875,116031,0.0,0.0
2024-02-12,2038.199951171875,2041.800048828125,2025.4000244140625,2033.0,2033.0,116025,0.0,0.0
2024-02-13,2033.699951171875,2047.300048828125,2002.800048828125,2007.199951171875,2007.199951171875,217571,0.0,0.0
2024-02-14,2006.300048828125,2008.800048828125,1996.4000244140625,2004.300048828125,2004.300048828125,193607,0.0,0.0
2024-02-15,2004.800048828125,2020.199951171875,2001.800048828125,2014.9000244140625,2014.9000244140625,204249,0.0,0.0
2024-02-16,2016.0999755859375,2027.199951171875,2006.5999755859375,2024.0999755859375,2024.0999755859375,162356,0.0,0.0
2024-02-20,2027.699951171875,2042.699951171875,2023.9000244140625,2039.800048828125,2039.800048828125,202432,0.0,0.0
2024-02-21,2036.199951171875,2043.5,2030.9000244140625,2034.300048828125,2034.300048828125,120599,0.0,0.0
2024-02-22,2036.5,2045.5,2029.300048828125,2030.699951171875,2030.699951171875,147947,0.0,0.0
2024-02-23,2034.0999755859375,2053.199951171875,2025.4000244140625,2049.39990234375,2049.39990234375,212029,0.0,0.0
2024-02-26,2044.199951171875,2046.800048828125,2034.0999755859375,2038.9000244140625,2038.9000244140625,129021,0.0,0.0
2024-02-27,2041.199951171875,2049.10009765625,2038.0999755859375,2044.0999755859375,2044.0999755859375,148780,0.0,0.0
2024-02-28,2039.699951171875,2047.4000244140625,2033.4000244140625,2042.699951171875,2042.699951171875,137077,0.0,0.0
2024-02-29,2043.800048828125,2059.39990234375,2036.0,2054.699951171875,2054.699951171875,227074,0.0,0.0
2024-03-01,2052.800048828125,2097.10009765625,2047.0,2095.699951171875,2095.699951171875,330592,0.0,0.0
2024-03-04,2091.60009765625,2128.39990234375,2088.10009765625,2126.300048828125,2126.300048828125,328253,0.0,0.0
2024-03-05,2123.300048828125,2150.5,2118.5,2141.89990234375,2141.89990234375,283148,0.0,0.0
2024-03-06,2136.39990234375,2160.699951171875,2131.89990234375,2158.199951171875,2158.199951171875,319763,0.0,0.0
2024-03-07,2156.699951171875,2172.199951171875,2151.699951171875,2165.199951171875,2165.199951171875,267795,0.0,0.0
2024-03-08,2166.60009765625,2203.0,2161.199951171875,2185.5,2185.5,389682,0.0,0.0
2024-03-11,2187.60009765625,2195.5,2180.89990234375,2188.60009765625,2188.60009765625,242418,0.0,0.0
2024-03-12,2189.10009765625,2190.800048828125,2156.199951171875,2166.10009765625,2166.10009765625,316254,0.0,0.0
2024-03-13,2163.60009765625,2185.60009765625,2161.300048828125,2180.800048828125,2180.800048828125,232273,0.0,0.0
2024-03-14,2179.5,2181.300048828125,2157.0,2167.5,2167.5,207225,0.0,0.0
2024-03-15,2166.199951171875,2176.89990234375,2158.699951171875,2161.5,2161.5,187847,0.0,0.0
2024-03-18,2159.89990234375,2167.199951171875,2149.199951171875,2164.300048828125,2164.300048828125,211858,0.0,0.0
2024-03-19,2164.0,2166.300048828125,2150.199951171875,2159.699951171875,2159.699951171875,178162,0.0,0.0
2024-03-20,2161.39990234375,2192.199951171875,2152.300048828125,2161.0,2161.0,233572,0.0,0.0
2024-03-21,2190.199951171875,2225.300048828125,2168.199951171875,2184.699951171875,2184.699951171875,391750,0.0,0.0
2024-03-22,2183.39990234375,2188.0,2158.39990234375,2160.0,2160.0,205808,0.0,0.0
2024-03-25,2166.60009765625,2182.5,2164.39990234375,2176.39990234375,2176.39990234375,211610,0.0,0.0
2024-03-26,2173.0,2200.60009765625,2168.300048828125,2177.199951171875,2177.199951171875,202373,0.0,0.0
2024-03-27,2179.39990234375,2196.199951171875,2172.10009765625,2190.60009765625,2190.60009765625,31200,0.0,0.0
2024-03-28,2193.60009765625,2234.10009765625,2187.10009765625,2217.39990234375,2217.39990234375,250248,0.0,0.0
2024-04-01,2259.199951171875,2286.39990234375,2249.10009765625,2257.10009765625,2257.10009765625,220767,0.0,0.0
2024-04-02,2272.699951171875,2301.89990234375,2267.10009765625,2281.800048828125,2281.800048828125,277228,0.0,0.0
2024-04-03,2301.699951171875,2321.800048828125,2285.699951171875,2315.0,2315.0,254574,0.0,0.0
2024-04-04,2321.0,2325.300048828125,2298.699951171875,2308.5,2308.5,236227,0.0,0.0
2024-04-05,2309.5,2350.0,2286.199951171875,2345.39990234375,2345.39990234375,293212,0.0,0.0
2024-04-08,2343.60009765625,2372.5,2321.699951171875,2351.0,2351.0,285570,0.0,0.0
2024-04-09,2358.10009765625,2384.5,2355.699951171875,2362.39990234375,2362.39990234375,279608,0.0,0.0
2024-04-10,2372.39990234375,2378.10009765625,2337.10009765625,2348.39990234375,2348.39990234375,353847,0.0,0.0
2024-04-11,2351.699951171875,2395.60009765625,2343.10009765625,2372.699951171875,2372.699951171875,260415,0.0,0.0
2024-04-12,2389.39990234375,2448.800048828125,2350.60009765625,2374.10009765625,2374.10009765625,479894,0.0,0.0
2024-04-15,2369.39990234375,2404.300048828125,2340.199951171875,2383.0,2383.0,343730,0.0,0.0
2024-04-16,2399.10009765625,2414.800048828125,2379.199951171875,2407.800048828125,2407.800048828125,297592,0.0,0.0
2024-04-17,2398.0,2412.0,2370.699951171875,2388.39990234375,2388.39990234375,284352,0.0,0.0
2024-04-18,2377.89990234375,2408.0,2377.199951171875,2398.0,2398.0,200546,0.0,0.0
2024-04-19,2394.0,2433.300048828125,2386.800048828125,2413.800048828125,2413.800048828125,275405,0.0,0.0
2024-04-22,2403.699951171875,2404.300048828125,2338.199951171875,2346.39990234375,2346.39990234375,262673,0.0,0.0
2024-04-23,2342.300048828125,2347.89990234375,2304.60009765625,2342.10009765625,2342.10009765625,270225,0.0,0.0
2024-04-24,2335.699951171875,2350.89990234375,2324.800048828125,2338.39990234375,2338.39990234375,187699,0.0,0.0
2024-04-25,2327.39990234375,2357.60009765625,2316.39990234375,2342.5,2342.5,224471,0.0,0.0
2024-04-26,2344.199951171875,2364.39990234375,2338.0,2347.199951171875,2347.199951171875,171011,0.0,0.0
2024-04-29,2347.60009765625,2358.89990234375,2331.0,2357.699951171875,2357.699951171875,187309,0.0,0.0
2024-04-30,2347.0,2347.60009765625,2296.199951171875,2302.89990234375,2302.89990234375,229064,0.0,0.0
2024-05-01,2298.199951171875,2339.5,2291.699951171875,2311.0,2311.0,227384,0.0,0.0
2024-05-02,2329.89990234375,2336.10009765625,2294.300048828125,2309.60009765625,2309.60009765625,193658,0.0,0.0
2024-05-03,2313.5,2330.699951171875,2285.199951171875,2308.60009765625,2308.60009765625,231400,0.0,0.0
2024-05-06,2312.800048828125,2341.89990234375,2300.60009765625,2331.199951171875,2331.199951171875,191895,0.0,0.0
2024-05-07,2334.800048828125,2338.699951171875,2318.199951171875,2324.199951171875,2324.199951171875,204623,0.0,0.0
2024-05-08,2322.0,2329.60009765625,2311.39990234375,2322.300048828125,2322.300048828125,214693,0.0,0.0
2024-05-09,2316.5,2354.199951171875,2312.89990234375,2340.300048828125,2340.300048828125,249092,0.0,0.0
2024-05-10,2353.5,2385.300048828125,2352.0,2375.0,2375.0,275241,0.0,0.0
2024-05-13,2369.10009765625,2370.800048828125,2337.60009765625,2343.0,2343.0,243075,0.0,0.0
2024-05-14,2342.300048828125,2365.199951171875,2340.5,2359.89990234375,2359.89990234375,192076,0.0,0.0
2024-05-15,2362.89990234375,2396.10009765625,2357.10009765625,2394.89990234375,2394.89990234375,249843,0.0,0.0
2024-05-16,2391.5,2402.699951171875,2375.199951171875,2385.5,2385.5,191026,0.0,0.0
2024-05-17,2381.39990234375,2427.39990234375,2377.800048828125,2417.39990234375,2417.39990234375,218553,0.0,0.0
2024-05-20,2422.199951171875,2454.199951171875,2411.10009765625,2438.5,2438.5,281430,0.0,0.0
2024-05-21,2431.5,2438.199951171875,2408.5,2425.89990234375,2425.89990234375,229421,0.0,0.0
2024-05-22,2425.39990234375,2430.5,2378.0,2392.89990234375,2392.89990234375,253852,0.0,0.0
2024-05-23,2383.0,2385.699951171875,2328.10009765625,2337.199951171875,2337.199951171875,273658,0.0,0.0
2024-05-24,2330.39990234375,2349.0,2326.300048828125,2334.5,2334.5,178343,0.0,0.0
2024-05-28,2338.0,2365.5,2333.800048828125,2356.5,2356.5,316223,0.0,0.0
2024-05-29,2362.5,2363.699951171875,2334.199951171875,2341.199951171875,2341.199951171875,119317,0.0,0.0
2024-05-30,2336.89990234375,2349.5,2320.800048828125,2342.89990234375,2342.89990234375,32587,0.0,0.0
2024-05-31,2344.10009765625,2354.0,2319.0,2322.89990234375,2322.89990234375,183406,0.0,0.0
2024-06-03,2348.0,2375.5,2334.800048828125,2369.300048828125,2369.300048828125,173149,0.0,0.0
2024-06-04,2371.300048828125,2373.10009765625,2335.10009765625,2347.39990234375,2347.39990234375,171547,0.0,0.0
2024-06-05,2347.10009765625,2377.60009765625,2345.300048828125,2375.5,2375.5,171862,0.0,0.0
2024-06-06,2375.300048828125,2397.800048828125,2372.199951171875,2390.89990234375,2390.89990234375,172202,0.0,0.0
2024-06-07,2395.699951171875,2406.699951171875,2304.199951171875,2325.0,2325.0,314551,0.0,0.0
2024-06-10,2311.0,2331.300048828125,2304.5,2327.0,2327.0,142888,0.0,0.0
2024-06-11,2329.5,2337.300048828125,2314.5,2326.60009765625,2326.60009765625,145501,0.0,0.0
2024-06-12,2334.0,2358.800048828125,2327.199951171875,2354.800048828125,2354.800048828125,241670,0.0,0.0
2024-06-13,2340.89990234375,2342.39990234375,2310.89990234375,2318.0,2318.0,182657,0.0,0.0
2024-06-14,2319.60009765625,2352.300048828125,2316.699951171875,2349.10009765625,2349.10009765625,163367,0.0,0.0
2024-06-17,2348.5,2348.699951171875,2324.300048828125,2329.0,2329.0,122702,0.0,0.0
2024-06-18,2333.699951171875,2348.199951171875,2320.199951171875,2346.89990234375,2346.89990234375,154251,0.0,0.0
2024-06-20,2344.199951171875,2379.5,2338.5,2369.0,2369.0,252687,0.0,0.0
2024-06-21,2373.800048828125,2382.60009765625,2329.199951171875,2331.199951171875,2331.199951171875,194824,0.0,0.0
2024-06-24,2333.5,2347.5,2329.5,2344.39990234375,2344.39990234375,117625,0.0,0.0
2024-06-25,2346.800048828125,2349.699951171875,2327.10009765625,2330.800048828125,2330.800048828125,144271,0.0,0.0
2024-06-26,2331.800048828125,2335.800048828125,2304.699951171875,2313.199951171875,2313.199951171875,191628,0.0,0.0
2024-06-27,2309.39990234375,2342.0,2306.800048828125,2336.60009765625,2336.60009765625,140228,0.0,0.0
2024-06-28,2338.60009765625,2350.60009765625,2329.699951171875,2339.60009765625,2339.60009765625,135383,0.0,0.0
2024-07-01,2336.199951171875,2348.800048828125,2328.199951171875,2338.89990234375,2338.89990234375,142601,0.0,0.0
2024-07-02,2341.60009765625,2346.10009765625,2327.39990234375,2333.39990234375,2333.39990234375,153709,0.0,0.0
2024-07-03,2338.60009765625,2374.5,2335.699951171875,2369.39990234375,2369.39990234375,193642,0.0,0.0
2024-07-05,2365.800048828125,2401.5,2356.0,2397.699951171875,2397.699951171875,293254,0.0,0.0
2024-07-08,2396.199951171875,2399.300048828125,2358.300048828125,2363.5,2363.5,240781,0.0,0.0
2024-07-09,2366.5,2378.300048828125,2356.0,2367.89990234375,2367.89990234375,252489,0.0,0.0
2024-07-10,2371.0,2393.39990234375,2369.699951171875,2379.699951171875,2379.699951171875,163900,0.0,0.0
2024-07-11,2377.39990234375,2430.39990234375,2376.800048828125,2421.89990234375,2421.89990234375,303520,0.0,0.0
2024-07-12,2421.0,2423.199951171875,2396.10009765625,2420.699951171875,2420.699951171875,220933,0.0,0.0
2024-07-15,2419.300048828125,2445.0,2406.10009765625,2428.89990234375,2428.89990234375,193535,0.0,0.0
2024-07-16,2427.10009765625,2474.5,2424.5,2467.800048828125,2467.800048828125,246085,0.0,0.0
2024-07-17,2473.199951171875,2488.39990234375,2455.5,2459.89990234375,2459.89990234375,259540,0.0,0.0
2024-07-18,2462.5,2478.5,2442.89990234375,2456.39990234375,2456.39990234375,192770,0.0,0.0
2024-07-19,2448.0,2448.39990234375,2395.699951171875,2399.10009765625,2399.10009765625,254408,0.0,0.0
2024-07-22,2403.699951171875,2414.39990234375,2385.199951171875,2394.699951171875,2394.699951171875,197562,0.0,0.0
2024-07-23,2398.0,2413.5,2389.199951171875,2407.300048828125,2407.300048828125,171191,0.0,0.0
2024-07-24,2410.699951171875,2433.0,2397.0,2415.699951171875,2415.699951171875,245884,0.0,0.0
2024-07-25,2398.10009765625,2400.800048828125,2351.89990234375,2353.5,2353.5,294897,0.0,0.0
2024-07-26,2363.800048828125,2389.699951171875,2354.60009765625,2381.0,2381.0,154523,0.0,0.0
2024-07-29,2386.89990234375,2402.10009765625,2367.300048828125,2377.800048828125,2377.800048828125,126409,0.0,0.0
2024-07-30,2380.89990234375,2409.300048828125,2373.800048828125,2405.0,2405.0,25944,0.0,0.0
2024-07-31,2407.10009765625,2447.60009765625,2402.800048828125,2426.5,2426.5,176268,0.0,0.0
2024-08-01,2493.39990234375,2506.60009765625,2474.0,2480.800048828125,2480.800048828125,219834,0.0,0.0
2024-08-02,2490.800048828125,2522.5,2453.10009765625,2469.800048828125,2469.800048828125,309937,0.0,0.0
2024-08-05,2490.300048828125,2500.800048828125,2403.800048828125,2444.39990234375,2444.39990234375,352229,0.0,0.0
2024-08-06,2451.699951171875,2459.5,2421.800048828125,2431.60009765625,2431.60009765625,186107,0.0,0.0
2024-08-07,2432.60009765625,2447.300048828125,2418.800048828125,2432.39990234375,2432.39990234375,166078,0.0,0.0
2024-08-08,2422.800048828125,2467.89990234375,2420.199951171875,2463.300048828125,2463.300048828125,178509,0.0,0.0
2024-08-09,2467.300048828125,2476.5,2456.10009765625,2473.39990234375,2473.39990234375,152173,0.0,0.0
2024-08-12,2470.10009765625,2513.39990234375,2462.699951171875,2504.0,2504.0,171204,0.0,0.0
2024-08-13,2512.60009765625,2517.300048828125,2498.199951171875,2507.800048828125,2507.800048828125,155078,0.0,0.0
2024-08-14,2506.300048828125,2519.699951171875,2476.199951171875,2479.699951171875,2479.699951171875,187384,0.0,0.0
2024-08-15,2486.199951171875,2508.0,2469.199951171875,2492.39990234375,2492.39990234375,169322,0.0,0.0
2024-08-16,2494.39990234375,2548.300048828125,2488.199951171875,2537.800048828125,2537.800048828125,223934,0.0,0.0
2024-08-19,2549.699951171875,2549.89990234375,2523.699951171875,2541.300048828125,2541.300048828125,155994,0.0,0.0
2024-08-20,2542.39990234375,2570.39990234375,2535.10009765625,2550.60009765625,2550.60009765625,191196,0.0,0.0
2024-08-21,2552.199951171875,2558.0,2528.199951171875,2547.5,2547.5,148894,0.0,0.0
2024-08-22,2549.89990234375,2551.39990234375,2506.39990234375,2516.699951171875,2516.699951171875,177369,0.0,0.0
2024-08-23,2521.10009765625,2554.5,2519.800048828125,2546.300048828125,2546.300048828125,164613,0.0,0.0
2024-08-26,2545.10009765625,2563.199951171875,2544.0,2555.199951171875,2555.199951171875,127485,0.0,0.0
2024-08-27,2553.800048828125,2561.39990234375,2538.5,2552.89990234375,2552.89990234375,146222,0.0,0.0
2024-08-28,2559.800048828125,2564.300048828125,2527.800048828125,2537.800048828125,2537.800048828125,165123,0.0,0.0
2024-08-29,2539.199951171875,2562.199951171875,2536.5,2560.300048828125,2560.300048828125,159965,0.0,0.0
2024-08-30,2553.60009765625,2560.10009765625,2526.60009765625,2527.60009765625,2527.60009765625,175644,0.0,0.0
2024-09-03,2536.0,2539.5,2504.39990234375,2523.0,2523.0,273539,0.0,0.0
2024-09-04,2524.60009765625,2531.5,2502.699951171875,2526.0,2526.0,167957,0.0,0.0
2024-09-05,2526.39990234375,2554.0,2523.699951171875,2543.10009765625,2543.10009765625,152709,0.0,0.0
2024-09-06,2547.10009765625,2559.800048828125,2513.89990234375,2524.60009765625,2524.60009765625,228117,0.0,0.0
2024-09-09,2526.5,2536.5,2514.199951171875,2532.699951171875,2532.699951171875,140583,0.0,0.0
2024-09-10,2536.0,2547.5,2528.89990234375,2543.10009765625,2543.10009765625,156108,0.0,0.0
2024-09-11,2545.699951171875,2558.0,2529.0,2542.39990234375,2542.39990234375,194085,0.0,0.0
2024-09-12,2540.60009765625,2588.5,2538.699951171875,2580.60009765625,2580.60009765625,233679,0.0,0.0
2024-09-13,2587.5,2614.60009765625,2585.0,2610.699951171875,2610.699951171875,174674,0.0,0.0
2024-09-16,2608.0,2617.39990234375,2602.5,2608.89990234375,2608.89990234375,127576,0.0,0.0
2024-09-17,2609.800048828125,2613.699951171875,2587.300048828125,2592.39990234375,2592.39990234375,159525,0.0,0.0
2024-09-18,2596.0,2627.199951171875,2572.5,2598.60009765625,2598.60009765625,233128,0.0,0.0
2024-09-19,2585.10009765625,2620.5,2575.300048828125,2614.60009765625,2614.60009765625,204475,0.0,0.0
2024-09-20,2611.199951171875,2651.0,2608.699951171875,2646.199951171875,2646.199951171875,207209,0.0,0.0
2024-09-23,2646.199951171875,2659.800048828125,2638.60009765625,2652.5,2652.5,170494,0.0,0.0
2024-09-24,2653.300048828125,2689.39990234375,2647.10009765625,2677.0,2677.0,216553,0.0,0.0
2024-09-25,2682.800048828125,2694.89990234375,2673.39990234375,2684.699951171875,2684.699951171875,189943,0.0,0.0
2024-09-26,2681.199951171875,2708.699951171875,2677.5,2694.89990234375,2694.89990234375,217643,0.0,0.0
2024-09-27,2695.10009765625,2696.89990234375,2665.300048828125,2668.10009765625,2668.10009765625,196732,0.0,0.0
2024-09-30,2680.5,2687.699951171875,2646.199951171875,2659.39990234375,2659.39990234375,173252,0.0,0.0
2024-10-01,2656.10009765625,2694.699951171875,2653.800048828125,2690.300048828125,2690.300048828125,202756,0.0,0.0
2024-10-02,2684.60009765625,2684.800048828125,2662.10009765625,2669.699951171875,2669.699951171875,128680,0.0,0.0
2024-10-03,2679.89990234375,2683.39990234375,2657.800048828125,2679.199951171875,2679.199951171875,138551,0.0,0.0
2024-10-04,2675.699951171875,2690.60009765625,2651.60009765625,2667.800048828125,2667.800048828125,192656,0.0,0.0
2024-10-07,2671.699951171875,2679.199951171875,2657.300048828125,2666.0,2666.0,130705,0.0,0.0
2024-10-08,2662.800048828125,2672.39990234375,2623.39990234375,2635.39990234375,2635.39990234375,233849,0.0,0.0
2024-10-09,2640.699951171875,2642.89990234375,2622.800048828125,2626.0,2626.0,143000,0.0,0.0
2024-10-10,2625.800048828125,2648.89990234375,2618.800048828125,2639.300048828125,2639.300048828125,195581,0.0,0.0
2024-10-11,2647.39990234375,2679.0,2645.300048828125,2676.300048828125,2676.300048828125,168597,0.0,0.0
2024-10-14,2673.10009765625,2684.199951171875,2660.0,2665.60009765625,2665.60009765625,123361,0.0,0.0
2024-10-15,2663.5,2685.89990234375,2654.39990234375,2678.89990234375,2678.89990234375,160564,0.0,0.0
2024-10-16,2679.5,2702.5,2674.89990234375,2691.300048828125,2691.300048828125,156877,0.0,0.0
2024-10-17,2690.39990234375,2712.699951171875,2688.199951171875,2707.5,2707.5,181816,0.0,0.0
2024-10-18,2707.800048828125,2737.800048828125,2707.300048828125,2730.0,2730.0,178959,0.0,0.0
2024-10-21,2736.300048828125,2755.39990234375,2728.5,2738.89990234375,2738.89990234375,210450,0.0,0.0
2024-10-22,2734.699951171875,2763.300048828125,2733.5,2759.800048828125,2759.800048828125,173695,0.0,0.0
2024-10-23,2762.60009765625,2772.60009765625,2722.10009765625,2729.39990234375,2729.39990234375,214515,0.0,0.0
2024-10-24,2729.199951171875,2756.300048828125,2728.699951171875,2748.89990234375,2748.89990234375,175872,0.0,0.0
2024-10-25,2748.60009765625,2760.89990234375,2729.10009765625,2754.60009765625,2754.60009765625,153487,0.0,0.0
2024-10-28,2749.199951171875,2758.300048828125,2736.89990234375,2755.89990234375,2755.89990234375,161907,0.0,0.0
2024-10-29,2754.300048828125,2787.699951171875,2752.0,2781.10009765625,2781.10009765625,207424,0.0,0.0
2024-10-30,2786.89990234375,2801.800048828125,2782.39990234375,2800.800048828125,2800.800048828125,191549,0.0,0.0
2024-10-31,2799.10009765625,2801.199951171875,2741.800048828125,2749.300048828125,2749.300048828125,242571,0.0,0.0
2024-11-01,2754.0,2772.39990234375,2742.60009765625,2749.199951171875,2749.199951171875,180660,0.0,0.0
2024-11-04,2743.5,2757.5,2739.39990234375,2746.199951171875,2746.199951171875,145248,0.0,0.0
2024-11-05,2746.0,2759.5,2733.39990234375,2749.699951171875,2749.699951171875,151434,0.0,0.0
2024-11-06,2752.60009765625,2758.800048828125,2660.699951171875,2676.300048828125,2676.300048828125,361313,0.0,0.0
2024-11-07,2667.699951171875,2718.300048828125,2650.300048828125,2705.800048828125,2705.800048828125,292924,0.0,0.0
2024-11-08,2713.60009765625,2717.800048828125,2687.300048828125,2694.800048828125,2694.800048828125,233110,0.0,0.0
2024-11-11,2692.10009765625,2693.39990234375,2617.10009765625,2617.699951171875,2617.699951171875,281919,0.0,0.0
2024-11-12,2625.699951171875,2633.39990234375,2595.699951171875,2606.300048828125,2606.300048828125,282766,0.0,0.0
2024-11-13,2604.699951171875,2625.0,2578.10009765625,2586.5,2586.5,262752,0.0,0.0
2024-11-14,2578.10009765625,2585.800048828125,2541.5,2572.89990234375,2572.89990234375,266162,0.0,0.0
2024-11-15,2570.39990234375,2580.800048828125,2558.89990234375,2570.10009765625,2570.10009765625,179892,0.0,0.0
2024-11-18,2571.5,2619.5,2568.5,2614.60009765625,2614.60009765625,195294,0.0,0.0
2024-11-19,2616.300048828125,2643.39990234375,2614.199951171875,2631.0,2631.0,202241,0.0,0.0
2024-11-20,2635.800048828125,2659.0,2621.89990234375,2651.699951171875,2651.699951171875,182012,0.0,0.0
2024-11-21,2653.5,2676.5,2651.60009765625,2674.89990234375,2674.89990234375,186297,0.0,0.0
2024-11-22,2672.0,2718.5,2670.10009765625,2712.199951171875,2712.199951171875,220554,0.0,0.0
2024-11-25,2716.89990234375,2723.199951171875,2616.60009765625,2618.5,2618.5,305339,0.0,0.0
2024-11-26,2626.199951171875,2642.699951171875,2605.300048828125,2621.300048828125,2621.300048828125,177858,0.0,0.0
2024-11-27,2633.5,2657.89990234375,2627.199951171875,2639.89990234375,2639.89990234375,61653,0.0,0.0
2024-11-29,2636.39990234375,2664.300048828125,2620.699951171875,2657.0,2657.0,180756,0.0,0.0
2024-12-02,2673.800048828125,2678.5,2644.5,2658.5,2658.5,163543,0.0,0.0
2024-12-03,2662.0,2678.39990234375,2656.60009765625,2667.89990234375,2667.89990234375,140965,0.0,0.0
2024-12-04,2665.800048828125,2682.0,2654.199951171875,2676.199951171875,2676.199951171875,171792,0.0,0.0
2024-12-05,2674.199951171875,2680.0,2646.300048828125,2648.39990234375,2648.39990234375,156116,0.0,0.0
2024-12-06,2655.0,2667.89990234375,2635.60009765625,2659.60009765625,2659.60009765625,167166,0.0,0.0
2024-12-09,2665.0,2700.0,2649.699951171875,2685.800048828125,2685.800048828125,182150,0.0,0.0
2024-12-10,2684.39990234375,2721.699951171875,2680.699951171875,2718.39990234375,2718.39990234375,181509,0.0,0.0
2024-12-11,2721.199951171875,2759.699951171875,2719.10009765625,2756.699951171875,2756.699951171875,264985,0.0,0.0
2024-12-12,2753.60009765625,2761.300048828125,2696.699951171875,2709.39990234375,2709.39990234375,219468,0.0,0.0
2024-12-13,2704.89990234375,2716.39990234375,2663.300048828125,2675.800048828125,2675.800048828125,178685,0.0,0.0
2024-12-16,2668.0,2683.39990234375,2661.39990234375,2670.0,2670.0,115996,0.0,0.0
2024-12-17,2670.199951171875,2675.800048828125,2646.10009765625,2662.0,2662.0,147053,0.0,0.0
2024-12-18,2663.300048828125,2667.60009765625,2598.10009765625,2653.300048828125,2653.300048828125,156334,0.0,0.0
2024-12-19,2600.60009765625,2640.89990234375,2596.699951171875,2608.10009765625,2608.10009765625,191587,0.0,0.0
2024-12-20,2609.699951171875,2653.800048828125,2603.699951171875,2645.10009765625,2645.10009765625,153567,0.0,0.0
2024-12-23,2639.10009765625,2646.800048828125,2623.199951171875,2628.199951171875,2628.199951171875,105131,0.0,0.0
2024-12-24,2629.39990234375,2635.800048828125,2624.199951171875,2635.5,2635.5,53366,0.0,0.0
2024-12-26,2638.0,2655.699951171875,2634.10009765625,2653.89990234375,2653.89990234375,79265,0.0,0.0
2024-12-27,2653.699951171875,2654.60009765625,2625.199951171875,2631.89990234375,2631.89990234375,93897,0.0,0.0
2024-12-30,2636.10009765625,2640.699951171875,2608.39990234375,2618.10009765625,2618.10009765625,110915,0.0,0.0
2024-12-31,2620.0,2642.0,2614.300048828125,2641.0,2641.0,86292,0.0,0.0
2025-01-02,2641.0,2674.199951171875,2636.10009765625,2669.0,2669.0,144517,0.0,0.0
2025-01-03,2671.10009765625,2681.0,2649.699951171875,2654.699951171875,2654.699951171875,121173,0.0,0.0
2025-01-06,2652.800048828125,2663.800048828125,2624.60009765625,2647.39990234375,2647.39990234375,169923,0.0,0.0
2025-01-07,2647.10009765625,2678.5,2643.5,2665.39990234375,2665.39990234375,161617,0.0,0.0
2025-01-08,2662.89990234375,2687.0,2658.39990234375,2672.39990234375,2672.39990234375,197370,0.0,0.0
2025-01-09,2679.89990234375,2696.800048828125,2673.699951171875,2690.800048828125,2690.800048828125,156645,0.0,0.0
2025-01-10,2692.89990234375,2735.0,2686.89990234375,2715.0,2715.0,298408,0.0,0.0
2025-01-13,2716.800048828125,2723.800048828125,2675.199951171875,2678.60009765625,2678.60009765625,211094,0.0,0.0
2025-01-14,2682.0,2693.699951171875,2672.0,2682.300048828125,2682.300048828125,179414,0.0,0.0
2025-01-15,2693.300048828125,2722.699951171875,2685.39990234375,2717.800048828125,2717.800048828125,193720,0.0,0.0
2025-01-16,2722.300048828125,2757.89990234375,2720.39990234375,2750.89990234375,2750.89990234375,186543,0.0,0.0
2025-01-17,2746.800048828125,2759.199951171875,2729.199951171875,2748.699951171875,2748.699951171875,156868,0.0,0.0
2025-01-21,2739.60009765625,2762.0,2715.60009765625,2759.199951171875,2759.199951171875,294121,0.0,0.0
2025-01-22,2758.699951171875,2774.39990234375,2756.199951171875,2770.89990234375,2770.89990234375,158141,0.0,0.0
2025-01-23,2765.89990234375,2767.10009765625,2741.0,2765.0,2765.0,194742,0.0,0.0
2025-01-24,2761.800048828125,2794.800048828125,2761.0,2778.89990234375,2778.89990234375,199562,0.0,0.0
2025-01-27,2778.10009765625,2778.10009765625,2732.0,2738.39990234375,2738.39990234375,215514,0.0,0.0
2025-01-28,2742.39990234375,2774.0,2737.39990234375,2767.5,2767.5,171359,0.0,0.0
2025-01-29,2771.60009765625,2778.10009765625,2761.0,2769.800048828125,2769.800048828125,125692,0.0,0.0
2025-01-30,2772.5,2829.5,2770.0,2823.0,2823.0,40141,0.0,0.0
2025-01-31,2829.0,2838.0,2804.0,2812.5,2812.5,165676,0.0,0.0
2025-02-03,2846.5,2872.0,2802.199951171875,2857.10009765625,2857.10009765625,181344,0.0,0.0
2025-02-04,2850.39990234375,2877.10009765625,2837.39990234375,2875.800048828125,2875.800048828125,145862,0.0,0.0
2025-02-05,2873.699951171875,2906.0,2870.10009765625,2893.0,2893.0,167383,0.0,0.0
2025-02-06,2885.0,2894.199951171875,2855.0,2876.699951171875,2876.699951171875,167701,0.0,0.0
2025-02-07,2880.199951171875,2910.60009765625,2876.10009765625,2887.60009765625,2887.60009765625,192551,0.0,0.0
2025-02-10,2884.800048828125,2938.10009765625,2879.89990234375,2934.39990234375,2934.39990234375,167232,0.0,0.0
2025-02-11,2937.0,2968.5,2907.0,2932.60009765625,2932.60009765625,218478,0.0,0.0
2025-02-12,2927.0,2936.5,2886.5,2928.699951171875,2928.699951171875,204625,0.0,0.0
2025-02-13,2928.800048828125,2958.800048828125,2925.800048828125,2945.39990234375,2945.39990234375,169496,0.0,0.0
2025-02-14,2957.300048828125,2964.10009765625,2889.89990234375,2900.699951171875,2900.699951171875,228078,0.0,0.0
2025-02-18,2895.10009765625,2956.5,2887.60009765625,2949.0,2949.0,218757,0.0,0.0
2025-02-19,2954.10009765625,2964.39990234375,2933.699951171875,2936.10009765625,2936.10009765625,159341,0.0,0.0
2025-02-20,2949.5,2973.39990234375,2939.300048828125,2956.10009765625,2956.10009765625,172197,0.0,0.0
2025-02-21,2955.699951171875,2964.699951171875,2930.10009765625,2953.199951171875,2953.199951171875,163686,0.0,0.0
2025-02-24,2950.39990234375,2974.0,2936.800048828125,2963.199951171875,2963.199951171875,162775,0.0,0.0
2025-02-25,2968.5,2970.39990234375,2897.0,2918.800048828125,2918.800048828125,234850,0.0,0.0
2025-02-26,2929.0,2942.0,2903.300048828125,2930.60009765625,2930.60009765625,163371,0.0,0.0
2025-02-27,2931.39990234375,2935.800048828125,2879.0,2895.89990234375,2895.89990234375,207650,0.0,0.0
2025-02-28,2889.0,2896.10009765625,2844.10009765625,2848.5,2848.5,210560,0.0,0.0
2025-03-03,2872.0,2906.39990234375,2866.300048828125,2901.10009765625,2901.10009765625,177018,0.0,0.0
2025-03-04,2904.199951171875,2939.800048828125,2892.5,2920.60009765625,2920.60009765625,188515,0.0,0.0
2025-03-05,2929.0,2941.300048828125,2903.39990234375,2926.0,2926.0,183016,0.0,0.0
2025-03-06,2929.5,2935.89990234375,2897.60009765625,2926.60009765625,2926.60009765625,166364,0.0,0.0
2025-03-07,2919.199951171875,2938.800048828125,2905.300048828125,2914.10009765625,2914.10009765625,237577,0.0,0.0
2025-03-10,2919.60009765625,2926.39990234375,2885.199951171875,2899.39990234375,2899.39990234375,221609,0.0,0.0
2025-03-11,2893.199951171875,2929.0,2882.5,2920.89990234375,2920.89990234375,194119,0.0,0.0
2025-03-12,2922.300048828125,2948.89990234375,2911.0,2946.800048828125,2946.800048828125,209823,0.0,0.0
2025-03-13,2943.300048828125,3001.5,2942.199951171875,2991.300048828125,2991.300048828125,256564,0.0,0.0
2025-03-14,3001.39990234375,3017.10009765625,2988.60009765625,3001.10009765625,3001.10009765625,181492,0.0,0.0
2025-03-17,2994.800048828125,3010.89990234375,2991.39990234375,3006.10009765625,3006.10009765625,142155,0.0,0.0
2025-03-18,3009.39990234375,3047.5,3008.199951171875,3040.800048828125,3040.800048828125,177098,0.0,0.0
2025-03-19,3041.39990234375,3061.60009765625,3031.300048828125,3041.199951171875,3041.199951171875,145404,0.0,0.0
2025-03-20,3058.0,3065.199951171875,3032.800048828125,3043.800048828125,3043.800048828125,141231,0.0,0.0
2025-03-21,3052.60009765625,3055.0,3004.10009765625,3021.39990234375,3021.39990234375,190470,0.0,0.0
2025-03-24,3027.60009765625,3038.39990234375,3007.699951171875,3015.60009765625,3015.60009765625,202822,0.0,0.0
2025-03-25,3017.5,3042.39990234375,3010.800048828125,3025.89990234375,3025.89990234375,172592,0.0,0.0
2025-03-26,3025.800048828125,3036.10009765625,3017.800048828125,3022.5,3022.5,172002,0.0,0.0
2025-03-27,3025.60009765625,3071.300048828125,3022.300048828125,3061.0,3061.0,124359,0.0,0.0
2025-03-28,3069.699951171875,3094.89990234375,3066.800048828125,3086.5,3086.5,31206,0.0,0.0
2025-03-31,3091.0,3132.5,3086.0,3122.800048828125,3122.800048828125,228393,0.0,0.0
2025-04-01,3157.300048828125,3177.0,3130.5,3146.0,3146.0,197314,0.0,0.0
2025-04-02,3147.5,3201.60009765625,3135.699951171875,3166.199951171875,3166.199951171875,223124,0.0,0.0
2025-04-03,3196.60009765625,3196.60009765625,3073.5,3121.699951171875,3121.699951171875,382860,0.0,0.0
2025-04-04,3138.0,3160.199951171875,3032.699951171875,3035.39990234375,3035.39990234375,341150,0.0,0.0
2025-04-07,3055.10009765625,3084.39990234375,2970.39990234375,2973.60009765625,2973.60009765625,328515,0.0,0.0
2025-04-08,2997.5,3037.89990234375,2988.60009765625,2990.199951171875,2990.199951171875,197577,0.0,0.0
2025-04-09,2998.300048828125,3118.5,2983.300048828125,3079.39990234375,3079.39990234375,298325,0.0,0.0
2025-04-10,3099.10009765625,3195.0,3086.10009765625,3177.5,3177.5,234973,0.0,0.0
2025-04-11,3194.199951171875,3263.0,3193.39990234375,3244.60009765625,3244.60009765625,247317,0.0,0.0
2025-04-14,3246.0,3261.60009765625,3208.699951171875,3226.300048828125,3226.300048828125,189619,0.0,0.0
2025-04-15,3226.10009765625,3250.89990234375,3225.5,3240.39990234375,3240.39990234375,123474,0.0,0.0
2025-04-16,3248.39990234375,3358.39990234375,3245.199951171875,3346.39990234375,3346.39990234375,258376,0.0,0.0
2025-04-17,3357.5,3371.89990234375,3296.39990234375,3328.39990234375,3328.39990234375,242065,0.0,0.0
2025-04-21,3347.0,3442.300048828125,3344.0,3425.300048828125,3425.300048828125,243457,0.0,0.0
2025-04-22,3435.10009765625,3509.89990234375,3379.10009765625,3419.39990234375,3419.39990234375,423078,0.0,0.0
2025-04-23,3367.699951171875,3396.0,3270.800048828125,3294.10009765625,3294.10009765625,377411,0.0,0.0
2025-04-24,3301.800048828125,3377.0,3301.300048828125,3348.60009765625,3348.60009765625,239603,0.0,0.0
2025-04-25,3362.0,3384.10009765625,3274.800048828125,3298.39990234375,3298.39990234375,241249,0.0,0.0
2025-04-28,3336.5,3363.800048828125,3278.0,3347.699951171875,3347.699951171875,217995,0.0,0.0
2025-04-29,3354.89990234375,3359.300048828125,3309.199951171875,3333.60009765625,3333.60009765625,170152,0.0,0.0
2025-04-30,3324.5,3337.60009765625,3275.60009765625,3319.10009765625,3319.10009765625,207722,0.0,0.0
2025-05-01,3299.0,3300.60009765625,3209.39990234375,3222.199951171875,3222.199951171875,214691,0.0,0.0
2025-05-02,3247.60009765625,3277.0,3229.5,3243.300048828125,3243.300048828125,210994,0.0,0.0
2025-05-05,3247.10009765625,3346.699951171875,3243.10009765625,3322.300048828125,3322.300048828125,184904,0.0,0.0
2025-05-06,3345.699951171875,3444.5,3332.10009765625,3422.800048828125,3422.800048828125,268098,0.0,0.0
2025-05-07,3448.10009765625,3448.199951171875,3367.0,3391.89990234375,3391.89990234375,304244,0.0,0.0
2025-05-08,3373.10009765625,3422.0,3293.300048828125,3306.0,3306.0,327126,0.0,0.0
2025-05-09,3310.199951171875,3352.699951171875,3278.89990234375,3344.0,3344.0,232464,0.0,0.0
2025-05-12,3281.0,3295.5,3211.199951171875,3228.0,3228.0,308534,0.0,0.0
2025-05-13,3240.699951171875,3270.39990234375,3220.10009765625,3247.800048828125,3247.800048828125,214423,0.0,0.0
2025-05-14,3254.10009765625,3261.300048828125,3170.699951171875,3188.300048828125,3188.300048828125,233929,0.0,0.0
2025-05-15,3180.800048828125,3244.300048828125,3123.300048828125,3226.60009765625,3226.60009765625,253064,0.0,0.0
2025-05-16,3243.5,3255.800048828125,3156.39990234375,3187.199951171875,3187.199951171875,245486,0.0,0.0
2025-05-19,3220.0,3252.89990234375,3209.10009765625,3233.5,3233.5,185135,0.0,0.0
2025-05-20,3233.0,3298.5,3207.39990234375,3284.60009765625,3284.60009765625,224088,0.0,0.0
2025-05-21,3293.0,3327.199951171875,3287.0,3313.5,3313.5,229503,0.0,0.0
2025-05-22,3318.0,3346.800048828125,3277.800048828125,3295.0,3295.0,234658,0.0,0.0
2025-05-23,3295.10009765625,3366.5,3285.5,3365.800048828125,3365.800048828125,247200,0.0,0.0
2025-05-27,3355.60009765625,3356.0,3283.0,3300.39990234375,3300.39990234375,297309,0.0,0.0
2025-05-28,3300.89990234375,3324.5,3273.5,3294.89990234375,3294.89990234375,127758,0.0,0.0
2025-05-29,3283.699951171875,3328.800048828125,3242.39990234375,3317.10009765625,3317.10009765625,24370,0.0,0.0
2025-05-30,3315.10009765625,3318.0,3270.89990234375,3288.89990234375,3288.89990234375,184770,0.0,0.0
2025-06-02,3323.0,3408.10009765625,3319.39990234375,3397.199951171875,3397.199951171875,180995,0.0,0.0
2025-06-03,3406.5,3417.800048828125,3357.199951171875,3377.10009765625,3377.10009765625,168220,0.0,0.0
2025-06-04,3377.800048828125,3409.699951171875,3366.89990234375,3399.199951171875,3399.199951171875,167220,0.0,0.0
2025-06-05,3398.0,3427.699951171875,3362.300048828125,3375.10009765625,3375.10009765625,224859,0.0,0.0
2025-06-06,3377.39990234375,3398.300048828125,3328.800048828125,3346.60009765625,3346.60009765625,185366,0.0,0.0
2025-06-09,3333.39990234375,3359.0,3313.10009765625,3354.89990234375,3354.89990234375,142005,0.0,0.0
2025-06-10,3346.300048828125,3370.39990234375,3321.300048828125,3343.39990234375,3343.39990234375,158897,0.0,0.0
2025-06-11,3344.300048828125,3382.300048828125,3335.39990234375,3343.699951171875,3343.699951171875,201534,0.0,0.0
2025-06-12,3377.5,3419.800048828125,3358.5,3402.39990234375,3402.39990234375,230166,0.0,0.0
2025-06-13,3406.699951171875,3468.0,3399.60009765625,3452.800048828125,3452.800048828125,270627,0.0,0.0
2025-06-16,3473.0,3476.300048828125,3400.89990234375,3417.300048828125,3417.300048828125,192505,0.0,0.0
2025-06-17,3404.199951171875,3422.699951171875,3384.39990234375,3406.89990234375,3406.89990234375,209083,0.0,0.0
2025-06-18,3409.0,3419.0,3380.10009765625,3408.10009765625,3408.10009765625,0,0.0,0.0
2025-06-20,3387.10009765625,3405.199951171875,3356.199951171875,3385.699951171875,3385.699951171875,280833,0.0,0.0
2025-06-23,3400.699951171875,3413.800048828125,3361.39990234375,3395.0,3395.0,193872,0.0,0.0
2025-06-24,3383.800048828125,3385.0,3308.300048828125,3333.89990234375,3333.89990234375,227429,0.0,0.0
2025-06-25,3338.10009765625,3351.300048828125,3325.5,3343.10009765625,3343.10009765625,130010,0.0,0.0
2025-06-26,3347.5,3363.89990234375,3322.5,3348.0,3348.0,155584,0.0,0.0
2025-06-27,3341.300048828125,3341.39990234375,3266.5,3287.60009765625,3287.60009765625,218869,0.0,0.0
2025-06-30,3284.300048828125,3321.60009765625,3250.5,3307.699951171875,3307.699951171875,144201,0.0,0.0
2025-07-01,3315.699951171875,3370.5,3313.699951171875,3349.800048828125,3349.800048828125,168854,0.0,0.0
2025-07-02,3350.0,3371.0,3337.199951171875,3359.699951171875,3359.699951171875,132187,0.0,0.0
2025-07-03,3369.0,3376.89990234375,3321.39990234375,3342.89990234375,3342.89990234375,0,0.0,0.0
2025-07-04,3335.0,3355.0,3332.800048828125,3346.5,3346.5,0,0.0,0.0
2025-07-07,3344.5,3352.89990234375,3304.39990234375,3342.800048828125,3342.800048828125,235762,0.0,0.0
2025-07-08,3348.89990234375,3355.60009765625,3295.39990234375,3316.89990234375,3316.89990234375,218029,0.0,0.0
2025-07-09,3310.60009765625,3325.60009765625,3290.199951171875,3321.0,3321.0,167968,0.0,0.0
2025-07-10,3322.199951171875,3339.39990234375,3319.199951171875,3325.699951171875,3325.699951171875,168190,0.0,0.0
2025-07-11,3333.10009765625,3381.60009765625,3332.300048828125,3364.0,3364.0,216883,0.0,0.0
2025-07-14,3376.5,3389.300048828125,3348.5,3359.10009765625,3359.10009765625,195336,0.0,0.0
2025-07-15,3352.0,3375.39990234375,3327.300048828125,3336.699951171875,3336.699951171875,179884,0.0,0.0
2025-07-16,3330.5,3385.800048828125,3326.10009765625,3359.10009765625,3359.10009765625,235160,0.0,0.0
2025-07-17,3354.699951171875,3358.199951171875,3314.300048828125,3345.300048828125,3345.300048828125,161740,0.0,0.0
2025-07-18,3347.5,3368.0,3337.199951171875,3358.300048828125,3358.300048828125,115413,0.0,0.0
2025-07-21,3355.60009765625,3416.89990234375,3351.0,3406.39990234375,3406.39990234375,191195,0.0,0.0
2025-07-22,3410.699951171875,3447.5,3394.89990234375,3443.699951171875,3443.699951171875,227372,0.0,0.0
2025-07-23,3444.300048828125,3451.699951171875,3390.60009765625,3397.60009765625,3397.60009765625,263025,0.0,0.0
2025-07-24,3398.60009765625,3401.10009765625,3355.199951171875,3373.5,3373.5,215271,0.0,0.0
2025-07-25,3372.10009765625,3376.60009765625,3325.5,3335.60009765625,3335.60009765625,196380,0.0,0.0
2025-07-28,3321.10009765625,3345.39990234375,3300.0,3310.0,3310.0,180215,0.0,0.0
2025-07-29,3313.39990234375,3332.300048828125,3305.800048828125,3324.0,3324.0,113144,0.0,0.0
2025-07-30,3325.800048828125,3331.800048828125,3263.89990234375,3295.800048828125,3295.800048828125,19252,0.0,0.0
2025-07-31,3272.89990234375,3312.0,3272.89990234375,3293.199951171875,3293.199951171875,158029,0.0,0.0
2025-08-01,3342.699951171875,3416.89990234375,3331.39990234375,3399.800048828125,3399.800048828125,229954,0.0,0.0
2025-08-04,3416.60009765625,3439.5,3397.89990234375,3426.39990234375,3426.39990234375,138229,0.0,0.0
2025-08-05,3428.89990234375,3444.89990234375,3403.300048828125,3434.699951171875,3434.699951171875,154163,0.0,0.0
2025-08-06,3434.89990234375,3440.5,3411.699951171875,3433.39990234375,3433.39990234375,151580,0.0,0.0
2025-08-07,3431.800048828125,3483.800048828125,3430.0,3453.699951171875,3453.699951171875,249091,0.0,0.0
2025-08-08,3487.89990234375,3534.10009765625,3445.0,3491.300048828125,3491.300048828125,321346,0.0,0.0
2025-08-11,3458.10009765625,3466.300048828125,3393.0,3404.699951171875,3404.699951171875,224513,0.0,0.0
2025-08-12,3393.60009765625,3410.800048828125,3379.10009765625,3399.0,3399.0,193820,0.0,0.0
2025-08-13,3399.60009765625,3422.60009765625,3392.699951171875,3408.300048828125,3408.300048828125,135846,0.0,0.0
2025-08-14,3407.199951171875,3423.800048828125,3375.5,3383.199951171875,3383.199951171875,165697,0.0,0.0
2025-08-15,3383.199951171875,3394.800048828125,3377.699951171875,3382.60009765625,3382.60009765625,118486,0.0,0.0
2025-08-18,3382.39990234375,3403.60009765625,3368.0,3378.0,3378.0,119141,0.0,0.0
2025-08-19,3378.300048828125,3389.699951171875,3358.10009765625,3358.699951171875,3358.699951171875,133497,0.0,0.0
2025-08-20,3359.0,3394.300048828125,3353.39990234375,3388.5,3388.5,135521,0.0,0.0
2025-08-21,3392.199951171875,3394.39990234375,3367.39990234375,3381.60009765625,3381.60009765625,123500,0.0,0.0
2025-08-22,3383.300048828125,3423.39990234375,3362.800048828125,3418.5,3418.5,186037,0.0,0.0
2025-08-25,3417.60009765625,3421.5,3405.5,3417.5,3417.5,97780,0.0,0.0
2025-08-26,3410.800048828125,3443.300048828125,3396.10009765625,3433.0,3433.0,176297,0.0,0.0
2025-08-27,3443.0,3452.5,3422.199951171875,3448.60009765625,3448.60009765625,153806,0.0,0.0
2025-08-28,3452.60009765625,3478.699951171875,3442.5,3474.300048828125,3474.300048828125,156602,0.0,0.0
2025-08-29,3477.199951171875,3518.5,3463.0,3516.10009765625,3516.10009765625,0,0.0,0.0
2025-09-02,3517.89990234375,3602.39990234375,3506.0,3592.199951171875,3592.199951171875,374141,0.0,0.0
2025-09-03,3600.0,3640.10009765625,3592.39990234375,3635.5,3635.5,220786,0.0,0.0
2025-09-04,3619.800048828125,3621.60009765625,3573.699951171875,3606.699951171875,3606.699951171875,232579,0.0,0.0
2025-09-05,3602.0,3655.5,3595.39990234375,3653.300048828125,3653.300048828125,237651,0.0,0.0
2025-09-08,3635.0,3685.699951171875,3621.699951171875,3677.39990234375,3677.39990234375,227640,0.0,0.0
2025-09-09,3676.60009765625,3715.199951171875,3663.699951171875,3682.199951171875,3682.199951171875,262656,0.0,0.0
2025-09-10,3662.0,3697.5,3651.39990234375,3682.0,3682.0,182028,0.0,0.0
2025-09-11,3680.60009765625,3687.5,3651.0,3673.60009765625,3673.60009765625,214612,0.0,0.0
2025-09-12,3672.800048828125,3695.5,3667.300048828125,3686.39990234375,3686.39990234375,154559,0.0,0.0
2025-09-15,3680.199951171875,3724.89990234375,3662.800048828125,3719.0,3719.0,189452,0.0,0.0
2025-09-16,3720.300048828125,3739.89990234375,3711.800048828125,3725.10009765625,3725.10009765625,192295,0.0,0.0
2025-09-17,3727.300048828125,3744.0,3679.5,3717.800048828125,3717.800048828125,256047,0.0,0.0
2025-09-18,3692.5,3707.300048828125,3660.5,3678.300048828125,3678.300048828125,224128,0.0,0.0
2025-09-19,3677.699951171875,3719.60009765625,3664.39990234375,3705.800048828125,3705.800048828125,186954,0.0,0.0
2025-09-22,3721.300048828125,3783.300048828125,3718.10009765625,3775.10009765625,3775.10009765625,219170,0.0,0.0
2025-09-23,3781.199951171875,3824.60009765625,3772.39990234375,3815.699951171875,3815.699951171875,291564,0.0,0.0
2025-09-24,3796.89990234375,3812.60009765625,3749.699951171875,3768.10009765625,3768.10009765625,236560,0.0,0.0
2025-09-25,3768.300048828125,3792.300048828125,3751.89990234375,3771.10009765625,3771.10009765625,262183,0.0,0.0
2025-09-26,3781.5,3814.39990234375,3764.0,3809.0,3809.0,214083,0.0,0.0
2025-09-29,3788.800048828125,3863.699951171875,3785.5,3855.199951171875,3855.199951171875,258145,0.0,0.0
2025-09-30,3863.10009765625,3899.199951171875,3820.60009765625,3873.199951171875,3873.199951171875,312257,0.0,0.0
2025-10-01,3887.699951171875,3922.699951171875,3880.300048828125,3897.5,3897.5,290470,0.0,0.0
2025-10-02,3892.699951171875,3923.300048828125,3842.800048828125,3868.10009765625,3868.10009765625,284217,0.0,0.0
2025-10-03,3880.39990234375,3916.800048828125,3861.10009765625,3908.89990234375,3908.89990234375,218284,0.0,0.0
2025-10-06,3913.5,3994.5,3909.199951171875,3976.300048828125,3976.300048828125,278143,0.0,0.0
2025-10-07,3983.0,4014.60009765625,3963.39990234375,4004.39990234375,4004.39990234375,297512,0.0,0.0
2025-10-08,4007.10009765625,4081.0,4005.60009765625,4070.5,4070.5,348778,0.0,0.0
2025-10-09,4061.800048828125,4077.89990234375,3957.89990234375,3972.60009765625,3972.60009765625,461023,0.0,0.0
2025-10-10,3990.10009765625,4038.60009765625,3961.199951171875,4000.39990234375,4000.39990234375,357542,0.0,0.0
2025-10-13,4018.300048828125,4137.2001953125,4011.300048828125,4133.0,4133.0,357542,0.0,0.0
2025-10-14,4130.89990234375,4190.89990234375,4105.0,4163.39990234375,4163.39990234375,405991,0.0,0.0
2025-10-15,4160.10009765625,4235.7998046875,4157.2998046875,4201.60009765625,4201.60009765625,309914,0.0,0.0
2025-10-16,4225.10009765625,4346.7001953125,4214.5,4304.60009765625,4304.60009765625,375196,0.0,0.0
2025-10-17,4348.10009765625,4392.0,4196.0,4213.2998046875,4213.2998046875,569847,0.0,0.0
2025-10-20,4269.0,4398.0,4229.7001953125,4359.39990234375,4359.39990234375,338235,0.0,0.0
2025-10-21,4371.0,4393.60009765625,4093.0,4109.10009765625,4109.10009765625,535325,0.0,0.0
2025-10-22,4137.0,4175.0,4021.199951171875,4065.39990234375,4065.39990234375,468711,0.0,0.0
2025-10-23,4114.7998046875,4171.5,4079.60009765625,4145.60009765625,4145.60009765625,271973,0.0,0.0
2025-10-24,4144.0,4159.0,4055.699951171875,4137.7998046875,4137.7998046875,297599,0.0,0.0
2025-10-27,4103.2001953125,4123.7998046875,3985.89990234375,4019.699951171875,4019.699951171875,330749,0.0,0.0
2025-10-28,3999.89990234375,4034.199951171875,3901.300048828125,3983.10009765625,3983.10009765625,338428,0.0,0.0
2025-10-29,3967.199951171875,4046.199951171875,3930.0,4000.699951171875,4000.699951171875,288266,0.0,0.0
2025-10-30,3942.800048828125,4041.5,3925.10009765625,4015.89990234375,4015.89990234375,246321,0.0,0.0
2025-10-31,4038.199951171875,4059.89990234375,3982.300048828125,3996.5,3996.5,237172,0.0,0.0
2025-11-03,4001.0,4043.10009765625,3971.300048828125,4014.0,4014.0,0,0.0,0.0
2025-11-04,4013.699951171875,4018.0,3937.10009765625,3960.5,3960.5,250259,0.0,0.0
2025-11-05,3939.5,4000.699951171875,3935.699951171875,3992.89990234375,3992.89990234375,175161,0.0,0.0
2025-11-06,3992.39990234375,4028.699951171875,3973.199951171875,3991.0,3991.0,188688,0.0,0.0
2025-11-07,3986.89990234375,4035.800048828125,3981.60009765625,4009.800048828125,4009.800048828125,208649,0.0,0.0
2025-11-10,4007.199951171875,4124.0,4004.199951171875,4122.0,4122.0,253812,0.0,0.0
2025-11-11,4124.0,4155.0,4102.7998046875,4116.2998046875,4116.2998046875,252249,0.0,0.0
2025-11-12,4132.2001953125,4218.5,4104.39990234375,4213.60009765625,4213.60009765625,296796,0.0,0.0
2025-11-13,4202.39990234375,4250.0,4148.5,4194.5,4194.5,319216,0.0,0.0
2025-11-14,4174.89990234375,4215.10009765625,4032.60009765625,4094.199951171875,4094.199951171875,342176,0.0,0.0
2025-11-17,4084.39990234375,4107.60009765625,4006.800048828125,4074.5,4074.5,235352,0.0,0.0
2025-11-18,4045.60009765625,4083.699951171875,3997.39990234375,4066.5,4066.5,233302,0.0,0.0
2025-11-19,4067.800048828125,4134.2998046875,4055.60009765625,4082.800048828125,4082.800048828125,233696,0.0,0.0
2025-11-20,4079.89990234375,4109.60009765625,4034.0,4060.0,4060.0,272355,0.0,0.0
2025-11-21,4074.89990234375,4101.0,4018.10009765625,4079.5,4079.5,257813,0.0,0.0
2025-11-24,4069.199951171875,4138.2001953125,4036.39990234375,4094.199951171875,4094.199951171875,223055,0.0,0.0
2025-11-25,4133.5,4156.2998046875,4106.7001953125,4140.0,4140.0,132704,0.0,0.0
2025-11-26,4128.60009765625,4171.0,4127.5,4165.2001953125,4165.2001953125,25088,0.0,0.0
2025-11-28,4198.60009765625,4263.10009765625,4174.60009765625,4254.89990234375,4254.89990234375,154806,0.0,0.0
2025-12-01,4258.5,4299.60009765625,4241.10009765625,4274.7998046875,4274.7998046875,227572,0.0,0.0
2025-12-02,4265.2998046875,4269.2001953125,4194.0,4220.7998046875,4220.7998046875,215921,0.0,0.0
2025-12-03,4241.60009765625,4273.2998046875,4225.10009765625,4232.5,4232.5,176443,0.0,0.0
2025-12-04,4234.5,4251.10009765625,4203.2998046875,4243.0,4243.0,161251,0.0,0.0
2025-12-05,4239.5,4290.5,4221.39990234375,4243.0,4243.0,193599,0.0,0.0
2025-12-08,4228.10009765625,4247.89990234375,4204.0,4217.7001953125,4217.7001953125,149813,0.0,0.0
2025-12-09,4219.60009765625,4251.7001953125,4197.7998046875,4236.2001953125,4236.2001953125,177366,0.0,0.0
2025-12-10,4237.5,4268.7998046875,4207.7998046875,4224.7001953125,4224.7001953125,186178,0.0,0.0
2025-12-11,4258.2998046875,4317.2998046875,4231.2001953125,4313.0,4313.0,228282,0.0,0.0
2025-12-12,4309.10009765625,4387.7998046875,4286.0,4328.2998046875,4328.2998046875,292175,0.0,0.0
2025-12-15,4330.0,4384.2998046875,4315.89990234375,4335.2001953125,4335.2001953125,207700,0.0,0.0
2025-12-16,4334.2998046875,4367.89990234375,4297.39990234375,4332.2998046875,4332.2998046875,212277,0.0,0.0
2025-12-17,4333.5,4383.60009765625,4330.7001953125,4373.89990234375,4373.89990234375,212413,0.0,0.0
2025-12-18,4371.5,4409.5,4338.0,4364.5,4364.5,234460,0.0,0.0
2025-12-19,4363.60009765625,4389.0,4336.2998046875,4387.2998046875,4387.2998046875,165214,0.0,0.0
2025-12-22,4369.89990234375,4484.5,4367.89990234375,4469.39990234375,4469.39990234375,203043,0.0,0.0
2025-12-23,4481.7998046875,4530.7998046875,4457.7001953125,4505.7001953125,4505.7001953125,248418,0.0,0.0
2025-12-24,4516.7001953125,4555.10009765625,4474.2998046875,4502.7998046875,4502.7998046875,151576,0.0,0.0
2025-12-26,4523.5,4584.0,4518.0,4552.7001953125,4552.7001953125,181246,0.0,0.0
2025-12-29,4568.0,4581.2998046875,4316.0,4343.60009765625,4343.60009765625,316961,0.0,0.0
2025-12-30,4350.2998046875,4420.5,4338.7998046875,4386.2998046875,4386.2998046875,189751,0.0,0.0
2025-12-31,4353.0,4384.89990234375,4284.2998046875,4341.10009765625,4341.10009765625,161782,0.0,0.0
2026-01-02,4340.0,4414.7998046875,4319.7001953125,4329.60009765625,4329.60009765625,154807,0.0,0.0
2026-01-05,4368.2998046875,4467.60009765625,4354.60009765625,4451.5,4451.5,211711,0.0,0.0
2026-01-06,4459.7998046875,4508.2998046875,4437.89990234375,4496.10009765625,4496.10009765625,176584,0.0,0.0
2026-01-07,4505.39990234375,4512.39990234375,4432.89990234375,4462.5,4462.5,202783,0.0,0.0
2026-01-08,4467.10009765625,4489.2998046875,4415.0,4460.7001953125,4460.7001953125,208958,0.0,0.0
2026-01-09,4489.2998046875,4527.0,4461.7998046875,4500.89990234375,4500.89990234375,217946,0.0,0.0
2026-01-12,4529.10009765625,4640.5,4520.7998046875,4614.7001953125,4614.7001953125,307991,0.0,0.0
2026-01-13,4610.0,4644.0,4576.7001953125,4599.10009765625,4599.10009765625,267451,0.0,0.0
2026-01-14,4594.2998046875,4650.5,4594.2998046875,4635.7001953125,4635.7001953125,306299,0.0,0.0
2026-01-15,4635.7001953125,4637.2001953125,4584.0,4623.7001953125,4623.7001953125,226481,0.0,0.0
2026-01-16,4621.60009765625,4625.5,4539.10009765625,4595.39990234375,4595.39990234375,246155,0.0,0.0
2026-01-20,4633.7001953125,4771.5,4622.2001953125,4765.7998046875,4765.7998046875,414495,0.0,0.0
2026-01-21,4767.5,4891.10009765625,4757.10009765625,4837.5,4837.5,400518,0.0,0.0
2026-01-22,4836.2001953125,4944.2998046875,4772.7001953125,4913.39990234375,4913.39990234375,265088,0.0,0.0
2026-01-23,4940.0,4991.39990234375,4901.2001953125,4979.7001953125,4979.7001953125,276594,0.0,0.0
2026-01-26,5013.39990234375,5107.89990234375,4983.60009765625,5082.5,5082.5,433111,0.0,0.0
2026-01-27,5005.5,5190.7998046875,5004.5,5082.60009765625,5082.60009765625,325759,0.0,0.0
2026-01-28,5179.0,5415.2001953125,5154.7998046875,5303.60009765625,5303.60009765625,112054,0.0,0.0
2026-01-29,5415.7001953125,5586.2001953125,5097.5,5318.39990234375,5318.39990234375,570055,0.0,0.0
2026-01-30,5410.0,5480.2001953125,4700.39990234375,4745.10009765625,4745.10009765625,508003,0.0,0.0
2026-02-02,4816.0,4905.60009765625,4423.2001953125,4652.60009765625,4652.60009765625,385977,0.0,0.0
2026-02-03,4691.0,5018.10009765625,4690.2001953125,4935.0,4935.0,260114,0.0,0.0
2026-02-04,4966.10009765625,5113.89990234375,4867.7001953125,4950.7998046875,4950.7998046875,245957,0.0,0.0
2026-02-05,4986.60009765625,5045.0,4779.60009765625,4889.5,4889.5,234592,0.0,0.0
2026-02-06,4800.0,4995.60009765625,4670.0,4979.7998046875,4979.7998046875,177809,0.0,0.0
2026-02-09,5003.60009765625,5111.10009765625,4988.60009765625,5079.39990234375,5079.39990234375,124150,0.0,0.0
2026-02-10,5084.2998046875,5102.7001953125,5011.0,5031.0,5031.0,105658,0.0,0.0
2026-02-11,5048.0,5144.5,5036.2998046875,5098.5,5098.5,129968,0.0,0.0
2026-02-12,5107.2998046875,5122.7998046875,4900.0,4948.39990234375,4948.39990234375,161618,0.0,0.0
2026-02-13,4950.0,5069.10009765625,4907.10009765625,5046.2998046875,5046.2998046875,123016,0.0,0.0
2026-02-17,5050.0,5074.39990234375,4854.2001953125,4905.89990234375,4905.89990234375,166706,0.0,0.0
2026-02-18,4898.5,5031.89990234375,4868.5,5009.5,5009.5,98203,0.0,0.0
2026-02-19,4993.7001953125,5042.7998046875,4971.5,4997.39990234375,4997.39990234375,87026,0.0,0.0
2026-02-20,5015.0,5131.0,4999.2998046875,5080.89990234375,5080.89990234375,136737,0.0,0.0
2026-02-23,5128.7998046875,5257.2998046875,5120.39990234375,5225.60009765625,5225.60009765625,140957,0.0,0.0
2026-02-24,5247.5,5269.39990234375,5109.5,5176.2998046875,5176.2998046875,145961,0.0,0.0
2026-02-25,5160.0,5237.2998046875,5135.89990234375,5226.2001953125,5226.2001953125,110992,0.0,0.0
2026-02-26,5175.2998046875,5221.89990234375,5144.7998046875,5194.2001953125,5194.2001953125,131633,0.0,0.0
2026-02-27,5201.89990234375,5299.0,5182.89990234375,5247.89990234375,5247.89990234375,151664,0.0,0.0
2026-03-02,5360.0,5434.10009765625,5272.89990234375,5311.60009765625,5311.60009765625,227839,0.0,0.0
2026-03-03,5335.7001953125,5394.2001953125,5005.0,5123.7001953125,5123.7001953125,273216,0.0,0.0
2026-03-04,5110.0,5218.2998046875,5092.7998046875,5134.7001953125,5134.7001953125,146885,0.0,0.0
2026-03-05,5155.7001953125,5204.2998046875,5058.89990234375,5078.7001953125,5078.7001953125,151852,0.0,0.0
2026-03-06,5099.7001953125,5185.0,5071.0,5158.7001953125,5158.7001953125,160268,0.0,0.0
2026-03-09,5186.7001953125,5210.39990234375,5021.2001953125,5103.7001953125,5103.7001953125,181749,0.0,0.0
2026-03-10,5152.39990234375,5248.7001953125,5127.10009765625,5242.10009765625,5242.10009765625,179577,0.0,0.0
2026-03-11,5194.0,5230.89990234375,5155.89990234375,5179.10009765625,5179.10009765625,140336,0.0,0.0
2026-03-12,5185.39990234375,5197.7998046875,5058.2001953125,5125.7998046875,5125.7998046875,153533,0.0,0.0
2026-03-13,5084.0,5132.39990234375,5014.10009765625,5061.7001953125,5061.7001953125,160333,0.0,0.0
2026-03-16,5010.0,5044.5,4970.10009765625,5002.2001953125,5002.2001953125,170909,0.0,0.0
2026-03-17,5012.2001953125,5049.39990234375,4977.0,5008.2001953125,5008.2001953125,119419,0.0,0.0
2026-03-18,5010.60009765625,5022.0,4809.2998046875,4896.2001953125,4896.2001953125,217316,0.0,0.0
2026-03-19,4828.0,4868.7001953125,4505.0,4605.7001953125,4605.7001953125,303828,0.0,0.0
2026-03-20,4653.89990234375,4738.2001953125,4478.39990234375,4574.89990234375,4574.89990234375,226870,0.0,0.0
2026-03-23,4450.0,4537.10009765625,4100.0,4407.2998046875,4407.2998046875,398666,0.0,0.0
2026-03-24,4414.7998046875,4485.60009765625,4306.2998046875,4402.0,4402.0,209745,0.0,0.0
2026-03-25,4473.5,4601.0,4458.2001953125,4552.2998046875,4552.2998046875,245178,0.0,0.0
2026-03-26,4508.89990234375,4541.60009765625,4348.2001953125,4376.2998046875,4376.2998046875,247440,0.0,0.0
2026-03-27,4371.7998046875,4552.10009765625,4369.10009765625,4492.5,4492.5,74348,0.0,0.0
2026-03-30,4482.7998046875,4579.10009765625,4413.39990234375,4526.0,4526.0,10816,0.0,0.0
2026-03-31,4510.0,4684.10009765625,4508.60009765625,4647.60009765625,4647.60009765625,176389,0.0,0.0
2026-04-01,4698.39990234375,4821.0,4690.0,4813.10009765625,4813.10009765625,166758,0.0,0.0
2026-04-02,4783.0,4825.89990234375,4580.39990234375,4679.7001953125,4679.7001953125,0,0.0,0.0
2026-04-06,4675.0,4733.10009765625,4626.2001953125,4684.7001953125,4684.7001953125,89405,0.0,0.0
2026-04-07,4678.60009765625,4745.7001953125,4631.89990234375,4684.7001953125,4684.7001953125,145711,0.0,0.0
2026-04-08,4747.2001953125,4888.0,4720.60009765625,4777.2001953125,4777.2001953125,215119,0.0,0.0
2026-04-09,4744.7998046875,4826.0,4718.60009765625,4818.0,4818.0,133629,0.0,0.0
2026-04-10,4790.5,4820.0,4752.7001953125,4787.39990234375,4787.39990234375,121566,0.0,0.0
2026-04-13,4710.0,4774.39990234375,4626.0,4767.39990234375,4767.39990234375,127322,0.0,0.0
2026-04-14,4769.2998046875,4870.2998046875,4767.60009765625,4850.10009765625,4850.10009765625,129586,0.0,0.0
2026-04-15,4862.7001953125,4895.39990234375,4807.89990234375,4823.60009765625,4823.60009765625,106707,0.0,0.0
2026-04-16,4813.60009765625,4861.2998046875,4792.10009765625,4808.2998046875,4808.2998046875,108864,0.0,0.0
2026-04-17,4811.7998046875,4917.7001953125,4785.89990234375,4879.60009765625,4879.60009765625,135440,0.0,0.0
2026-04-20,4811.7998046875,4847.89990234375,4752.0,4828.7998046875,4828.7998046875,123214,0.0,0.0
2026-04-21,4842.39990234375,4854.7998046875,4685.7998046875,4719.60009765625,4719.60009765625,177092,0.0,0.0
2026-04-22,4738.7001953125,4790.7998046875,4733.10009765625,4753.0,4753.0,100063,0.0,0.0
2026-04-23,4759.2001953125,4771.2998046875,4680.10009765625,4724.0,4724.0,153536,0.0,0.0
2026-04-24,4715.60009765625,4757.10009765625,4672.2001953125,4740.89990234375,4740.89990234375,103218,0.0,0.0
2026-04-27,4713.10009765625,4745.7998046875,4681.2001953125,4693.7001953125,4693.7001953125,85748,0.0,0.0
2026-04-28,4697.5,4716.5,4567.60009765625,4608.39990234375,4608.39990234375,144757,0.0,0.0
2026-04-29,4611.39990234375,4624.2998046875,4522.2001953125,4561.5,4561.5,126415,0.0,0.0
2026-04-30,4557.0,4658.7998046875,4550.7998046875,4629.60009765625,4629.60009765625,119642,0.0,0.0
2026-05-01,4636.89990234375,4673.0,4570.0,4644.5,4644.5,93230,0.0,0.0
2026-05-04,4644.0,4650.60009765625,4510.10009765625,4533.2998046875,4533.2998046875,117006,0.0,0.0
2026-05-05,4534.0,4597.5,4522.7001953125,4568.5,4568.5,88281,0.0,0.0
2026-05-06,4569.2998046875,4734.60009765625,4556.10009765625,4694.2998046875,4694.2998046875,160439,0.0,0.0
2026-05-07,4702.2001953125,4775.2001953125,4693.2998046875,4710.89990234375,4710.89990234375,159525,0.0,0.0
2026-05-08,4682.5,4760.39990234375,4671.0,4730.7001953125,4730.7001953125,122010,0.0,0.0
2026-05-11,4690.0,4758.39990234375,4655.10009765625,4728.7001953125,4728.7001953125,147404,0.0,0.0
2026-05-12,4745.2998046875,4783.39990234375,4645.2001953125,4686.7001953125,4686.7001953125,146315,0.0,0.0
2026-05-13,4722.2998046875,4734.7998046875,4676.0,4706.7001953125,4706.7001953125,120048,0.0,0.0
2026-05-14,4696.7998046875,4725.7998046875,4649.2998046875,4685.2998046875,4685.2998046875,102965,0.0,0.0
2026-05-15,4654.5,4670.10009765625,4513.7998046875,4561.89990234375,4561.89990234375,169760,0.0,0.0
2026-05-18,4547.60009765625,4588.60009765625,4483.5,4558.0,4558.0,151971,0.0,0.0
2026-05-19,4570.60009765625,4593.2001953125,4467.10009765625,4511.2001953125,4511.2001953125,140957,0.0,0.0
2026-05-20,4486.60009765625,4558.39990234375,4455.0,4535.2998046875,4535.2998046875,152270,0.0,0.0
2026-05-21,4548.0,4572.39990234375,4488.2998046875,4542.5,4542.5,153243,0.0,0.0
2026-05-22,4544.2001953125,4547.0,4488.0,4523.2001953125,4523.2001953125,108508,0.0,0.0
2026-05-26,4532.0,4583.2998046875,4480.0,4502.2998046875,4502.2998046875,254516,0.0,0.0
2026-05-27,4507.39990234375,4528.10009765625,4398.5,4448.39990234375,4448.39990234375,81062,0.0,0.0
2026-05-28,4453.60009765625,4512.60009765625,4363.5,4499.2998046875,4499.2998046875,153472,0.0,0.0
2026-05-29,4527.60009765625,4627.10009765625,4519.5,4593.0,4593.0,133439,0.0,0.0
2026-06-01,4575.2001953125,4577.2998046875,4476.0,4506.2998046875,4506.2998046875,116787,0.0,0.0
2026-06-02,4515.7998046875,4571.2998046875,4492.2998046875,4519.89990234375,4519.89990234375,100306,0.0,0.0
2026-06-03,4520.0,4525.10009765625,4454.0,4466.89990234375,4466.89990234375,106691,0.0,0.0
2026-06-04,4462.60009765625,4543.2001953125,4450.10009765625,4505.0,4505.0,109643,0.0,0.0
2026-06-05,4503.0,4508.7001953125,4336.60009765625,4365.2998046875,4365.2998046875,179306,0.0,0.0
2026-06-08,4354.0,4377.5,4293.0,4363.39990234375,4363.39990234375,144089,0.0,0.0
2026-06-09,4354.7001953125,4388.60009765625,4259.89990234375,4286.39990234375,4286.39990234375,138100,0.0,0.0
2026-06-10,4276.10009765625,4281.10009765625,4090.10009765625,4133.2998046875,4133.2998046875,206026,0.0,0.0
2026-06-11,4094.39990234375,4241.2998046875,4046.199951171875,4114.0,4114.0,206270,0.0,0.0
2026-06-12,4234.89990234375,4267.7998046875,4191.10009765625,4238.7998046875,4238.7998046875,136146,0.0,0.0
2026-06-15,4289.39990234375,4391.5,4283.39990234375,4351.60009765625,4351.60009765625,132136,0.0,0.0
2026-06-16,4331.2998046875,4376.5,4326.7001953125,4354.39990234375,4354.39990234375,89925,0.0,0.0
2026-06-17,4352.60009765625,4403.60009765625,4237.39990234375,4381.39990234375,4381.39990234375,160543,0.0,0.0
2026-06-18,4275.10009765625,4350.2001953125,4220.2998046875,4245.89990234375,4245.89990234375,139534,0.0,0.0
2026-06-22,4163.89990234375,4238.10009765625,4151.39990234375,4202.7001953125,4202.7001953125,177657,0.0,0.0
2026-06-23,4210.7998046875,4216.0,4108.2001953125,4149.39990234375,4149.39990234375,118495,0.0,0.0
2026-06-24,4130.0,4132.39990234375,3975.699951171875,4008.800048828125,4008.800048828125,189386,0.0,0.0
2026-06-25,4019.0,4060.0,3976.300048828125,4047.60009765625,4047.60009765625,147347,0.0,0.0
2026-06-26,4044.39990234375,4111.5,3998.10009765625,4096.2998046875,4096.2998046875,118966,0.0,0.0
2026-06-29,4101.10009765625,4102.89990234375,4012.0,4038.89990234375,4038.89990234375,107421,0.0,0.0
2026-06-30,4032.5,4078.10009765625,3955.39990234375,4038.5,4038.5,125413,0.0,0.0
2026-07-01,4025.0,4131.0,3973.0,4082.39990234375,4082.39990234375,146949,0.0,0.0
2026-07-02,4049.199951171875,4157.10009765625,4042.800048828125,4125.7001953125,4125.7001953125,0,0.0,0.0
2026-07-06,4187.5,4215.5,4140.60009765625,4167.5,4167.5,147556,0.0,0.0
2026-07-07,4176.39990234375,4192.39990234375,4102.7001953125,4157.39990234375,4157.39990234375,110330,0.0,0.0
2026-07-08,4106.5,4144.7001953125,4032.5,4082.39990234375,4082.39990234375,170826,0.0,0.0
2026-07-09,4087.60009765625,4148.39990234375,4063.39990234375,4140.7998046875,4140.7998046875,125061,0.0,0.0
2026-07-10,4135.39990234375,4144.60009765625,4081.699951171875,4113.7001953125,4113.7001953125,98745,0.0,0.0
2026-07-13,4106.60009765625,4111.60009765625,3992.89990234375,4005.699951171875,4005.699951171875,154814,0.0,0.0
2026-07-14,4005.89990234375,4112.5,3990.39990234375,4069.699951171875,4069.699951171875,151122,0.0,0.0
2026-07-15,4059.800048828125,4089.10009765625,4023.300048828125,4051.800048828125,4051.800048828125,113034,0.0,0.0
2026-07-16,4068.89990234375,4071.89990234375,3973.39990234375,3992.10009765625,3992.10009765625,125063,0.0,0.0
2026-07-17,3980.10009765625,4028.89990234375,3963.0,4018.800048828125,4018.800048828125,112279,0.0,0.0
2026-07-20,4005.60009765625,4046.0,3986.5,4015.89990234375,4015.89990234375,102847,0.0,0.0
2026-07-21,4013.39990234375,4092.5,4003.300048828125,4076.39990234375,4076.39990234375,119957,0.0,0.0
2026-07-22,4084.699951171875,4171.39990234375,4081.0,4151.89990234375,4151.89990234375,132783,0.0,0.0
2026-07-23,4126.0,4144.0,4042.5,4050.199951171875,4050.199951171875,159889,0.0,0.0
2026-07-24,4053.39990234375,4085.199951171875,4024.0,4070.800048828125,4070.800048828125,120072,0.0,0.0
2026-07-27,4097.5,4119.2998046875,4067.10009765625,4077.0,4077.0,135087,0.0,0.0
2026-07-28,4083.0,4085.699951171875,4011.10009765625,4038.699951171875,4038.699951171875,167757,0.0,0.0
2026-07-29,4020.89990234375,4115.2001953125,3993.800048828125,4036.300048828125,4036.300048828125,89664,0.0,0.0
2026-07-30,4060.699951171875,4118.5,4028.5,4100.10009765625,4100.10009765625,149370,0.0,0.0
2026-07-31,4163.89990234375,4170.7001953125,4076.39990234375,4107.0,4107.0,110633,0.0,0.0
2026-08-03,4135.2001953125,4145.5,4074.0,4090.5,4090.5,93289,0.0,0.0
2026-08-04,4109.60009765625,4163.7998046875,4098.2001953125,4152.60009765625,4152.60009765625,118831,0.0,0.0
2026-08-05,4133.7998046875,4328.2001953125,4121.60009765625,4305.2001953125,4305.2001953125,211902,0.0,0.0
2026-08-06,4307.0,4363.7001953125,4281.2001953125,4299.60009765625,4299.60009765625,167624,0.0,0.0
2026-08-07,4298.2998046875,4432.2998046875,4288.0,4399.7001953125,4399.7001953125,190635,0.0,0.0
2026-08-10,4400.0,4453.7998046875,4373.89990234375,4419.7001953125,4419.7001953125,118606,0.0,0.0
2026-08-11,4446.89990234375,4495.0,4415.7001953125,4441.10009765625,4441.10009765625,138129,0.0,0.0
2026-08-12,4430.0,4502.7001953125,4421.39990234375,4467.5,4467.5,153093,0.0,0.0
2026-08-13,4468.7998046875,4509.10009765625,4400.0,4420.39990234375,4420.39990234375,139219,0.0,0.0
2026-08-14,4408.2001953125,4454.60009765625,4365.5,4437.2998046875,4437.2998046875,126955,0.0,0.0
2026-08-17,4440.0,4486.5,4422.2998046875,4473.7001953125,4473.7001953125,121052,0.0,0.0
2026-08-18,4473.39990234375,4493.10009765625,4383.2998046875,4420.60009765625,4420.60009765625,131150,0.0,0.0
2026-08-19,4391.39990234375,4582.7998046875,4378.0,4545.2998046875,4545.2998046875,250482,0.0,0.0
2026-08-20,4580.0,4597.10009765625,4506.0,4571.39990234375,4571.39990234375,186475,0.0,0.0
2026-08-21,4577.0,4690.39990234375,4565.5,4680.60009765625,4680.60009765625,195566,0.0,0.0
2026-08-24,4673.39990234375,4738.5,4651.7998046875,4697.7998046875,4697.7998046875,206802,0.0,0.0
2026-08-25,4710.10009765625,4755.0,4659.5,4694.5,4694.5,176784,0.0,0.0
2026-08-26,4715.7001953125,4730.89990234375,4638.2001953125,4653.2998046875,4653.2998046875,151459,0.0,0.0
2026-08-27,4650.0,4697.7001953125,4616.0,4664.0,4664.0,140302,0.0,0.0
2026-08-28,4656.0,4688.0,4495.0,4529.89990234375,4529.89990234375,274603,0.0,0.0
2026-08-31,4483.2001953125,4521.5,4445.60009765625,4481.5,4481.5,152216,0.0,0.0
2026-09-01,4498.7001953125,4510.5,4369.7001953125,4396.39990234375,4396.39990234375,198560,0.0,0.0
2026-09-02,4377.2001953125,4444.39990234375,4329.2001953125,4414.60009765625,4414.60009765625,187568,0.0,0.0
2026-09-03,4436.39990234375,4558.5,4426.7001953125,4539.89990234375,4539.89990234375,209167,0.0,0.0
2026-09-04,4522.0,4537.7998046875,4412.0,4476.60009765625,4476.60009765625,189656,0.0,0.0
2026-09-08,4466.5,4488.7998046875,4381.0,4439.0,4439.0,217162,0.0,0.0
2026-09-09,4399.0,4479.0,4384.10009765625,4460.7001953125,4460.7001953125,164390,0.0,0.0
2026-09-10,4448.0,4479.89990234375,4354.7001953125,4407.2998046875,4407.2998046875,201300,0.0,0.0
2026-09-11,4359.39990234375,4444.89990234375,4333.0,4408.89990234375,4408.89990234375,187975,0.0,0.0
2026-09-14,4375.0,4396.7998046875,4293.0,4351.89990234375,4351.89990234375,164499,0.0,0.0
2026-09-15,4340.2998046875,4358.2001953125,4301.60009765625,4332.7998046875,4332.7998046875,146019,0.0,0.0
2026-09-16,4333.5,4413.10009765625,4273.2998046875,4387.5,4387.5,249081,0.0,0.0
2026-09-17,4301.39990234375,4423.2998046875,4294.5,4399.7001953125,4399.7001953125,169188,0.0,0.0
2026-09-18,4381.60009765625,4439.7998046875,4372.2001953125,4424.89990234375,4424.89990234375,169188,0.0,0.0
