date,symbol,open,high,low,close,adj_close,volume,daily_return
2021-01-01,BTC-USD,28994.0098,29600.627,28803.5859,29374.1523,29374.1523,40730301359,0.0
2021-01-02,BTC-USD,29376.4551,33155.1172,29091.1816,32127.2676,32127.2676,67865420765,0.093726
2021-01-03,BTC-USD,32129.4082,34608.5586,32052.3164,32782.0234,32782.0234,78665235202,0.02038
2021-01-04,BTC-USD,32810.9492,33440.2188,28722.7559,31971.9141,31971.9141,81163475344,-0.024712
2021-01-05,BTC-USD,31977.041,34437.5898,30221.1875,33992.4297,33992.4297,67547324782,0.063197
2021-01-06,BTC-USD,34013.6133,36879.6992,33514.0352,36824.3633,36824.3633,75289433811,0.083311
2021-01-07,BTC-USD,36833.875,40180.3672,36491.1914,39371.043,39371.043,84762141031,0.069157
2021-01-08,BTC-USD,39381.7656,41946.7383,36838.6367,40797.6094,40797.6094,88107519480,0.036234
2021-01-09,BTC-USD,40788.6406,41436.3516,38980.875,40254.5469,40254.5469,61984162837,-0.013311
2021-01-10,BTC-USD,40254.2188,41420.1914,35984.6289,38356.4414,38356.4414,79980747690,-0.047153
2021-01-11,BTC-USD,38346.5312,38346.5312,30549.5996,35566.6562,35566.6562,123320567399,-0.072733
2021-01-12,BTC-USD,35516.3594,36568.5273,32697.9766,33922.9609,33922.9609,74773277909,-0.046215
2021-01-13,BTC-USD,33915.1211,37599.9609,32584.668,37316.3594,37316.3594,69364315979,0.100032
2021-01-14,BTC-USD,37325.1094,39966.4062,36868.5625,39187.3281,39187.3281,63615990033,0.050138
2021-01-15,BTC-USD,39156.707,39577.7109,34659.5898,36825.3672,36825.3672,67760757881,-0.060274
2021-01-16,BTC-USD,36821.6484,37864.3672,35633.5547,36178.1406,36178.1406,57706187875,-0.017576
2021-01-17,BTC-USD,36163.6484,36722.3516,34069.3203,35791.2773,35791.2773,52359854336,-0.010693
2021-01-18,BTC-USD,35792.2383,37299.2852,34883.8438,36630.0742,36630.0742,49511702429,0.023436
2021-01-19,BTC-USD,36642.2344,37755.8906,36069.8047,36069.8047,36069.8047,57244195486,-0.015295
2021-01-20,BTC-USD,36050.1133,36378.3281,33570.4766,35547.75,35547.75,66834573161,-0.014473
2021-01-21,BTC-USD,35549.3984,35552.6797,30250.75,30825.6992,30825.6992,75643067688,-0.132837
2021-01-22,BTC-USD,30817.625,33811.8516,28953.373,33005.7617,33005.7617,77207272511,0.070722
2021-01-23,BTC-USD,32985.7578,33360.9766,31493.1602,32067.6426,32067.6426,48354737975,-0.028423
2021-01-24,BTC-USD,32064.377,32944.0078,31106.6855,32289.3789,32289.3789,48643830599,0.006915
2021-01-25,BTC-USD,32285.7988,34802.7422,32087.7871,32366.3926,32366.3926,59897054838,0.002385
2021-01-26,BTC-USD,32358.6133,32794.5508,31030.2656,32569.8496,32569.8496,60255421470,0.006286
2021-01-27,BTC-USD,32564.0293,32564.0293,29367.1387,30432.5469,30432.5469,62576762015,-0.065622
2021-01-28,BTC-USD,30441.041,33858.3125,30023.207,33466.0977,33466.0977,76517157706,0.099681
2021-01-29,BTC-USD,34318.6719,38406.2617,32064.8145,34316.3867,34316.3867,117894572511,0.025407
2021-01-30,BTC-USD,34295.9336,34834.707,32940.1875,34269.5234,34269.5234,65141828798,-0.001366
2021-01-31,BTC-USD,34270.8789,34288.332,32270.1758,33114.3594,33114.3594,52754542671,-0.033708
2021-02-01,BTC-USD,33114.5781,34638.2148,32384.2285,33537.1758,33537.1758,61400400660,0.012768
2021-02-02,BTC-USD,33533.1992,35896.8828,33489.2188,35510.2891,35510.2891,63088585433,0.058834
2021-02-03,BTC-USD,35510.8203,37480.1875,35443.9844,37472.0898,37472.0898,61166818159,0.055246
2021-02-04,BTC-USD,37475.1055,38592.1758,36317.5,36926.0664,36926.0664,68838074392,-0.014571
2021-02-05,BTC-USD,36931.5469,38225.9062,36658.7617,38144.3086,38144.3086,58598066402,0.032991
2021-02-06,BTC-USD,38138.3867,40846.5469,38138.3867,39266.0117,39266.0117,71326033653,0.029407
2021-02-07,BTC-USD,39250.1914,39621.8359,37446.1523,38903.4414,38903.4414,65500641143,-0.009234
2021-02-08,BTC-USD,38886.8281,46203.9297,38076.3242,46196.4648,46196.4648,101467222687,0.187465
2021-02-09,BTC-USD,46184.9922,48003.7227,45166.9609,46481.1055,46481.1055,91809846886,0.006162
2021-02-10,BTC-USD,46469.7617,47145.5664,43881.1523,44918.1836,44918.1836,87301089896,-0.033625
2021-02-11,BTC-USD,44898.7109,48463.4688,44187.7617,47909.332,47909.332,81388911810,0.066591
2021-02-12,BTC-USD,47877.0352,48745.7344,46424.9766,47504.8516,47504.8516,76555041196,-0.008443
2021-02-13,BTC-USD,47491.2031,48047.7461,46392.2812,47105.5156,47105.5156,70250456155,-0.008406
2021-02-14,BTC-USD,47114.5078,49487.6406,47114.5078,48717.2891,48717.2891,71248675228,0.034216
2021-02-15,BTC-USD,48696.5352,48875.5703,46347.4766,47945.0586,47945.0586,77069903166,-0.015851
2021-02-16,BTC-USD,47944.457,50341.1016,47201.3047,49199.8711,49199.8711,77049582886,0.026172
2021-02-17,BTC-USD,49207.2773,52533.9141,49072.3789,52149.0078,52149.0078,80820545404,0.059942
2021-02-18,BTC-USD,52140.9727,52474.1055,51015.7656,51679.7969,51679.7969,52054723579,-0.008998
2021-02-19,BTC-USD,51675.9805,56113.6523,50937.2773,55888.1328,55888.1328,63495496918,0.081431
2021-02-20,BTC-USD,55887.3359,57505.2266,54626.5586,56099.5195,56099.5195,68145460026,0.003782
2021-02-21,BTC-USD,56068.5664,58330.5703,55672.6094,57539.9453,57539.9453,51897585191,0.025676
2021-02-22,BTC-USD,57532.7383,57533.3906,48967.5664,54207.3203,54207.3203,92052420332,-0.057918
2021-02-23,BTC-USD,54204.9297,54204.9297,45290.5898,48824.4258,48824.4258,106102492824,-0.099302
2021-02-24,BTC-USD,48835.0859,51290.1367,47213.5,49705.332,49705.332,63695521388,0.018042
2021-02-25,BTC-USD,49709.082,51948.9688,47093.8516,47093.8516,47093.8516,54506565949,-0.052539
2021-02-26,BTC-USD,47180.4648,48370.7852,44454.8438,46339.7617,46339.7617,350967941479,-0.016012
2021-02-27,BTC-USD,46344.7734,48253.2695,45269.0273,46188.4531,46188.4531,45910946382,-0.003265
2021-02-28,BTC-USD,46194.0156,46716.4297,43241.6172,45137.7695,45137.7695,53443887451,-0.022748
2021-03-01,BTC-USD,45159.5039,49784.0156,45115.0938,49631.2422,49631.2422,53891300112,0.09955
2021-03-02,BTC-USD,49612.1055,50127.5117,47228.8438,48378.9883,48378.9883,47530897720,-0.025231
2021-03-03,BTC-USD,48415.8164,52535.1367,48274.3203,50538.2422,50538.2422,53220811975,0.044632
2021-03-04,BTC-USD,50522.3047,51735.0898,47656.9297,48561.168,48561.168,52343816680,-0.03912
2021-03-05,BTC-USD,48527.0312,49396.4297,46542.5156,48927.3047,48927.3047,48625928883,0.00754
2021-03-06,BTC-USD,48899.2305,49147.2188,47257.5273,48912.3828,48912.3828,34363564661,-0.000305
2021-03-07,BTC-USD,48918.6797,51384.3672,48918.6797,51206.6914,51206.6914,43137459378,0.046906
2021-03-08,BTC-USD,51174.1172,52314.0703,49506.0547,52246.5234,52246.5234,48597428048,0.020307
2021-03-09,BTC-USD,52272.9688,54824.1172,51981.832,54824.1172,54824.1172,50912227385,0.049335
2021-03-10,BTC-USD,54824.0117,57258.2539,53290.8906,56008.5508,56008.5508,57295577614,0.021604
2021-03-11,BTC-USD,55963.1797,58091.0625,54484.5938,57805.1211,57805.1211,56772343595,0.032077
2021-03-12,BTC-USD,57821.2188,57996.6211,55376.6484,57332.0898,57332.0898,55689944702,-0.008183
2021-03-13,BTC-USD,57343.3711,61683.8633,56217.9727,61243.0859,61243.0859,60669829814,0.068217
2021-03-14,BTC-USD,61221.1328,61597.918,59302.3164,59302.3164,59302.3164,43901225564,-0.03169
2021-03-15,BTC-USD,59267.4297,60540.9922,55393.1641,55907.1992,55907.1992,66419369890,-0.057251
2021-03-16,BTC-USD,55840.7852,56833.1797,53555.0273,56804.9023,56804.9023,59749798599,0.016057
2021-03-17,BTC-USD,56825.8281,58969.8164,54528.6289,58870.8945,58870.8945,60258313191,0.03637
2021-03-18,BTC-USD,58893.0781,60116.25,54253.5781,57858.9219,57858.9219,55746041000,-0.01719
2021-03-19,BTC-USD,57850.4414,59498.375,56643.7031,58346.6523,58346.6523,49063873786,0.00843
2021-03-20,BTC-USD,58332.2617,60031.2852,58213.2969,58313.6445,58313.6445,50361731222,-0.000566
2021-03-21,BTC-USD,58309.9141,58767.8984,56005.6172,57523.4219,57523.4219,51943414539,-0.013551
2021-03-22,BTC-USD,57517.8906,58471.4805,54288.1562,54529.1445,54529.1445,56521454974,-0.052053
2021-03-23,BTC-USD,54511.6602,55985.4414,53470.6953,54738.9453,54738.9453,56435023914,0.003847
2021-03-24,BTC-USD,54710.4883,57262.3828,52514.332,52774.2656,52774.2656,70567223787,-0.035892
2021-03-25,BTC-USD,52726.7461,53392.3867,50856.5703,51704.1602,51704.1602,67999812841,-0.020277
2021-03-26,BTC-USD,51683.0117,55137.3125,51579.8555,55137.3125,55137.3125,56652197978,0.0664
2021-03-27,BTC-USD,55137.5664,56568.2148,54242.9102,55973.5117,55973.5117,47266542233,0.015166
2021-03-28,BTC-USD,55974.9414,56610.3125,55071.1133,55950.7461,55950.7461,47686580918,-0.000407
2021-03-29,BTC-USD,55947.8984,58342.0977,55139.3398,57750.1992,57750.1992,57625587027,0.032161
2021-03-30,BTC-USD,57750.1328,59447.2227,57251.5508,58917.6914,58917.6914,54414116432,0.020216
2021-03-31,BTC-USD,58930.2773,59930.0273,57726.418,58918.832,58918.832,65520826225,1.9e-05
2021-04-01,BTC-USD,58926.5625,59586.0703,58505.2773,59095.8086,59095.8086,61669163792,0.003004
2021-04-02,BTC-USD,59098.8789,60267.1875,58869.2812,59384.3125,59384.3125,58727860620,0.004882
2021-04-03,BTC-USD,59397.4102,60110.2695,57603.8906,57603.8906,57603.8906,59641344484,-0.029981
2021-04-04,BTC-USD,57604.8398,58913.7461,57168.6758,58758.5547,58758.5547,50749662970,0.020045
2021-04-05,BTC-USD,58760.875,59891.2969,57694.8242,59057.8789,59057.8789,60706272115,0.005094
2021-04-06,BTC-USD,59171.9336,59479.5781,57646.8086,58192.3594,58192.3594,66058027988,-0.014655
2021-04-07,BTC-USD,58186.5078,58731.1445,55604.0234,56048.9375,56048.9375,75645303584,-0.036833
2021-04-08,BTC-USD,56099.9141,58338.7383,55879.0859,58323.9531,58323.9531,53053855641,0.04059
2021-04-09,BTC-USD,58326.5625,58937.0469,57807.8633,58245.0039,58245.0039,46655208546,-0.001354
2021-04-10,BTC-USD,58253.7773,61276.6641,58038.707,59793.2344,59793.2344,58238470525,0.026581
2021-04-11,BTC-USD,59846.2305,60790.5547,59289.7969,60204.9648,60204.9648,46280252580,0.006886
2021-04-12,BTC-USD,60175.9453,61253.0352,59589.875,59893.4531,59893.4531,51828688519,-0.005174
2021-04-13,BTC-USD,59890.0195,63742.2852,59869.957,63503.457,63503.457,69983454362,0.060274
2021-04-14,BTC-USD,63523.7539,64863.0977,61554.7969,63109.6953,63109.6953,77451779687,-0.006201
2021-04-15,BTC-USD,63075.1953,63821.6719,62208.9648,63314.0117,63314.0117,60954381579,0.003237
2021-04-16,BTC-USD,63258.5039,63594.7227,60222.5312,61572.7891,61572.7891,84293007468,-0.027501
2021-04-17,BTC-USD,61529.9219,62572.1758,60361.3516,60683.8203,60683.8203,66138759198,-0.014438
2021-04-18,BTC-USD,60701.8867,61057.457,52829.5352,56216.1836,56216.1836,97468872758,-0.073622
2021-04-19,BTC-USD,56191.5859,57520.0547,54368.5938,55724.2656,55724.2656,65344865159,-0.00875
2021-04-20,BTC-USD,55681.793,57062.1484,53448.0469,56473.0312,56473.0312,67849323955,0.013437
2021-04-21,BTC-USD,56471.1289,56757.9727,53695.4688,53906.0898,53906.0898,54926612466,-0.045454
2021-04-22,BTC-USD,53857.1055,55410.2305,50583.8125,51762.2734,51762.2734,74798630778,-0.039769
2021-04-23,BTC-USD,51739.8086,52120.793,47714.6641,51093.6523,51093.6523,86668667320,-0.012917
2021-04-24,BTC-USD,51143.2266,51167.5625,48805.2852,50050.8672,50050.8672,49014494781,-0.020409
2021-04-25,BTC-USD,50052.832,50506.0195,47159.4844,49004.2539,49004.2539,46117114240,-0.020911
2021-04-26,BTC-USD,49077.793,54288.0039,48852.7969,54021.7539,54021.7539,58284039825,0.102389
2021-04-27,BTC-USD,54030.3047,55416.9648,53319.1875,55033.1172,55033.1172,49448222757,0.018721
2021-04-28,BTC-USD,55036.6367,56227.207,53887.918,54824.7031,54824.7031,48000572955,-0.003787
2021-04-29,BTC-USD,54858.0898,55115.8438,52418.0273,53555.1094,53555.1094,46088929780,-0.023157
2021-04-30,BTC-USD,53568.6641,57900.7188,53129.6016,57750.1758,57750.1758,52395931985,0.078332
2021-05-01,BTC-USD,57714.6641,58448.3398,57052.2734,57828.0508,57828.0508,42836427360,0.001348
2021-05-02,BTC-USD,57825.8633,57902.5938,56141.9062,56631.0781,56631.0781,38177405335,-0.020699
2021-05-03,BTC-USD,56620.2734,58973.3086,56590.8711,57200.293,57200.293,51713139031,0.010051
2021-05-04,BTC-USD,57214.1797,57214.1797,53191.4258,53333.5391,53333.5391,68564706967,-0.0676
2021-05-05,BTC-USD,53252.1641,57911.3633,52969.0547,57424.0078,57424.0078,69241316747,0.076696
2021-05-06,BTC-USD,57441.3086,58363.3164,55382.5078,56396.5156,56396.5156,69523285106,-0.017893
2021-05-07,BTC-USD,56413.9531,58606.6328,55321.8477,57356.4023,57356.4023,68434023376,0.01702
2021-05-08,BTC-USD,57352.7656,59464.6133,56975.2109,58803.7773,58803.7773,65382980634,0.025235
2021-05-09,BTC-USD,58877.3906,59210.8828,56482.0039,58232.3164,58232.3164,65906690347,-0.009718
2021-05-10,BTC-USD,58250.8711,59519.3555,54071.457,55859.7969,55859.7969,71776546298,-0.040742
2021-05-11,BTC-USD,55847.2422,56872.543,54608.6523,56704.5742,56704.5742,61308396325,0.015123
2021-05-12,BTC-USD,56714.5312,57939.3633,49150.5352,49150.5352,49150.5352,75215403907,-0.133217
2021-05-13,BTC-USD,49735.4336,51330.8438,46980.0195,49716.1914,49716.1914,96721152926,0.011509
2021-05-14,BTC-USD,49682.9805,51438.1172,48868.5781,49880.5352,49880.5352,55737497453,0.003306
2021-05-15,BTC-USD,49855.4961,50639.6641,46664.1406,46760.1875,46760.1875,59161047474,-0.062556
2021-05-16,BTC-USD,46716.6367,49720.043,43963.3516,46456.0586,46456.0586,64047871555,-0.006504
2021-05-17,BTC-USD,46415.8984,46623.5586,42207.2891,43537.5117,43537.5117,74903638450,-0.062824
2021-05-18,BTC-USD,43488.0586,45812.457,42367.832,42909.4023,42909.4023,56187365084,-0.014427
2021-05-19,BTC-USD,42944.9766,43546.1172,30681.4961,37002.4414,37002.4414,126358098747,-0.137661
2021-05-20,BTC-USD,36753.668,42462.9844,35050.6172,40782.7383,40782.7383,88281943359,0.102163
2021-05-21,BTC-USD,40596.9492,42172.1719,33616.4531,37304.6914,37304.6914,82051616861,-0.085282
2021-05-22,BTC-USD,37371.0312,38831.0547,35383.6836,37536.6328,37536.6328,57377273240,0.006217
2021-05-23,BTC-USD,37531.4492,38289.2188,31227.3398,34770.582,34770.582,78469274361,-0.073689
2021-05-24,BTC-USD,34700.3633,39835.1406,34551.082,38705.9805,38705.9805,67359584098,0.113182
2021-05-25,BTC-USD,38795.7812,39776.3516,36581.4297,38402.2227,38402.2227,56211915803,-0.007848
2021-05-26,BTC-USD,38392.625,40782.0781,37905.8359,39294.1992,39294.1992,51346735160,0.023227
2021-05-27,BTC-USD,39316.8906,40379.6172,37247.9023,38436.9688,38436.9688,43210968721,-0.021816
2021-05-28,BTC-USD,38507.082,38856.9688,34779.0391,35697.6055,35697.6055,55200191952,-0.071269
2021-05-29,BTC-USD,35684.1562,37234.5,33693.9297,34616.0664,34616.0664,45231013335,-0.030297
2021-05-30,BTC-USD,34607.4062,36400.668,33520.7383,35678.1289,35678.1289,31646080921,0.030681
2021-05-31,BTC-USD,35658.5938,37468.25,34241.9453,37332.8555,37332.8555,39009847639,0.046379
2021-06-01,BTC-USD,37293.793,37896.7344,35787.0859,36684.9258,36684.9258,34639423297,-0.017355
2021-06-02,BTC-USD,36699.9219,38231.3398,35966.3086,37575.1797,37575.1797,33070867190,0.024268
2021-06-03,BTC-USD,37599.4102,39478.9531,37243.9727,39208.7656,39208.7656,35460750427,0.043475
2021-06-04,BTC-USD,39242.4844,39242.4844,35717.7227,36894.4062,36894.4062,41831090187,-0.059027
2021-06-05,BTC-USD,36880.1562,37917.7148,34900.4141,35551.957,35551.957,35959473399,-0.036386
2021-06-06,BTC-USD,35538.6094,36436.4219,35304.5781,35862.3789,35862.3789,28913440585,0.008731
2021-06-07,BTC-USD,35835.2656,36790.5703,33480.6406,33560.707,33560.707,33683936663,-0.064181
2021-06-08,BTC-USD,33589.5195,34017.3867,31114.4434,33472.6328,33472.6328,49902050442,-0.002624
2021-06-09,BTC-USD,33416.9766,37537.3711,32475.8652,37345.1211,37345.1211,53972919008,0.115691
2021-06-10,BTC-USD,37389.5156,38334.3242,35847.5938,36702.5977,36702.5977,43576032854,-0.017205
2021-06-11,BTC-USD,36697.0312,37608.6953,36044.4492,37334.3984,37334.3984,38699736985,0.017214
2021-06-12,BTC-USD,37340.1445,37408.9258,34728.1914,35552.5156,35552.5156,37924228550,-0.047728
2021-06-13,BTC-USD,35555.7891,39322.7812,34864.1094,39097.8594,39097.8594,40669112838,0.099721
2021-06-14,BTC-USD,39016.9688,40978.3633,38757.2852,40218.4766,40218.4766,43148914673,0.028662
2021-06-15,BTC-USD,40427.168,41295.2695,39609.4688,40406.2695,40406.2695,46420149185,0.004669
2021-06-16,BTC-USD,40168.6914,40516.7773,38176.0352,38347.0625,38347.0625,39211635100,-0.050963
2021-06-17,BTC-USD,38341.4219,39513.6719,37439.6758,38053.5039,38053.5039,37096670047,-0.007655
2021-06-18,BTC-USD,38099.4766,38187.2617,35255.8555,35787.2461,35787.2461,36200887275,-0.059555
2021-06-19,BTC-USD,35854.5273,36457.7969,34933.0625,35615.8711,35615.8711,31207279719,-0.004789
2021-06-20,BTC-USD,35563.1406,36059.4844,33432.0742,35698.2969,35698.2969,36664034054,0.002314
2021-06-21,BTC-USD,35641.1445,35721.6406,31295.9355,31676.6934,31676.6934,52809038594,-0.112655
2021-06-22,BTC-USD,31622.377,33292.4531,28893.6211,32505.6602,32505.6602,58964353058,0.02617
2021-06-23,BTC-USD,32515.7148,34753.4102,31772.6328,33723.0273,33723.0273,46317108925,0.037451
2021-06-24,BTC-USD,33682.8008,35228.8516,32385.2148,34662.4375,34662.4375,33123368116,0.027857
2021-06-25,BTC-USD,34659.1055,35487.2461,31350.8848,31637.7793,31637.7793,40230904226,-0.08726
2021-06-26,BTC-USD,31594.6641,32637.5879,30184.502,32186.2773,32186.2773,38585385521,0.017337
2021-06-27,BTC-USD,32287.5234,34656.1289,32071.7578,34649.6445,34649.6445,35511640894,0.076535
2021-06-28,BTC-USD,34679.1211,35219.8906,33902.0742,34434.3359,34434.3359,33892523752,-0.006214
2021-06-29,BTC-USD,34475.5586,36542.1094,34252.4844,35867.7773,35867.7773,37901460044,0.041628
2021-06-30,BTC-USD,35908.3867,36074.7578,34086.1523,35040.8359,35040.8359,34059036099,-0.023055
2021-07-01,BTC-USD,35035.9844,35035.9844,32883.7812,33572.1172,33572.1172,37838957079,-0.041914
2021-07-02,BTC-USD,33549.6016,33939.5898,32770.6797,33897.0469,33897.0469,38728974942,0.009679
2021-07-03,BTC-USD,33854.4219,34909.2617,33402.6953,34668.5469,34668.5469,24383958643,0.02276
2021-07-04,BTC-USD,34665.5664,35937.5664,34396.4766,35287.7812,35287.7812,24924307911,0.017862
2021-07-05,BTC-USD,35284.3438,35284.3438,33213.6602,33746.0039,33746.0039,26721554282,-0.043692
2021-07-06,BTC-USD,33723.5078,35038.5352,33599.918,34235.1953,34235.1953,26501259870,0.014496
2021-07-07,BTC-USD,34225.6797,34997.6641,33839.2891,33855.3281,33855.3281,24796027477,-0.011096
2021-07-08,BTC-USD,33889.6055,33907.9062,32133.1836,32877.3711,32877.3711,29910396946,-0.028886
2021-07-09,BTC-USD,32861.6719,34042.293,32318.8809,33798.0117,33798.0117,27436021028,0.028002
2021-07-10,BTC-USD,33811.2422,34209.0703,33116.0117,33520.5195,33520.5195,22971873468,-0.00821
2021-07-11,BTC-USD,33509.0781,34584.7031,33346.7383,34240.1875,34240.1875,20108729370,0.021469
2021-07-12,BTC-USD,34254.0156,34592.1562,32697.3086,33155.8477,33155.8477,24321499537,-0.031669
2021-07-13,BTC-USD,33125.4688,33327.1016,32261.4199,32702.0254,32702.0254,19120856669,-0.013688
2021-07-14,BTC-USD,32723.8457,33061.3984,31639.125,32822.3477,32822.3477,21376531210,0.003679
2021-07-15,BTC-USD,32827.875,33159.6406,31175.709,31780.7305,31780.7305,21300524237,-0.031735
2021-07-16,BTC-USD,31841.5508,32218.4062,31100.6738,31421.5391,31421.5391,23699476918,-0.011302
2021-07-17,BTC-USD,31397.3086,31935.9453,31223.9902,31533.0684,31533.0684,18895018942,0.003549
2021-07-18,BTC-USD,31533.8848,32398.9961,31215.4922,31796.8105,31796.8105,18787986667,0.008364
2021-07-19,BTC-USD,31800.0117,31885.8594,30563.7344,30817.832,30817.832,20434789545,-0.030789
2021-07-20,BTC-USD,30838.2852,31006.1875,29360.9551,29807.3477,29807.3477,23148267245,-0.032789
2021-07-21,BTC-USD,29796.2852,32752.3262,29526.1836,32110.6934,32110.6934,28203024559,0.077274
2021-07-22,BTC-USD,32138.873,32576.4004,31745.2988,32313.1055,32313.1055,19555230518,0.006304
2021-07-23,BTC-USD,32305.959,33581.5508,32057.8926,33581.5508,33581.5508,22552046192,0.039255
2021-07-24,BTC-USD,33593.7305,34490.3906,33424.8594,34292.4453,34292.4453,21664706865,0.021169
2021-07-25,BTC-USD,34290.293,35364.9258,33881.8359,35350.1875,35350.1875,20856685287,0.030845
2021-07-26,BTC-USD,35384.0312,40499.6758,35287.3125,37337.5352,37337.5352,51022126212,0.056219
2021-07-27,BTC-USD,37276.0352,39406.9414,36441.7266,39406.9414,39406.9414,35097370560,0.055424
2021-07-28,BTC-USD,39503.1875,40816.0703,38862.4375,39995.9062,39995.9062,38702404695,0.014946
2021-07-29,BTC-USD,39995.4531,40593.0703,39352.0586,40008.4219,40008.4219,27167146027,0.000313
2021-07-30,BTC-USD,40027.4844,42235.5469,38397.3555,42235.5469,42235.5469,33072782960,0.055666
2021-07-31,BTC-USD,42196.3047,42231.4492,41110.832,41626.1953,41626.1953,25802845343,-0.014427
2021-08-01,BTC-USD,41460.8438,42541.6797,39540.9414,39974.8945,39974.8945,26688438115,-0.03967
2021-08-02,BTC-USD,39907.2617,40419.1797,38746.3477,39201.9453,39201.9453,25595265436,-0.019336
2021-08-03,BTC-USD,39178.4023,39750.0312,37782.0508,38152.9805,38152.9805,26189830450,-0.026758
2021-08-04,BTC-USD,38213.332,39952.2969,37589.1641,39747.5039,39747.5039,25372562724,0.041793
2021-08-05,BTC-USD,39744.5156,41341.9336,37458.0039,40869.5547,40869.5547,35185031017,0.028229
2021-08-06,BTC-USD,40865.8672,43271.6602,39932.1797,42816.5,42816.5,38226483046,0.047638
2021-08-07,BTC-USD,42832.7969,44689.8594,42618.5664,44555.8008,44555.8008,40030862141,0.040622
2021-08-08,BTC-USD,44574.4375,45282.3516,43331.9102,43798.1172,43798.1172,36302664750,-0.017005
2021-08-09,BTC-USD,43791.9258,46456.832,42848.6875,46365.4023,46365.4023,38734079049,0.058616
2021-08-10,BTC-USD,46280.8477,46637.9883,44705.5547,45585.0312,45585.0312,33546019517,-0.016831
2021-08-11,BTC-USD,45599.7031,46735.6328,45351.7109,45593.6367,45593.6367,34319709073,0.000189
2021-08-12,BTC-USD,45576.8789,46228.9102,43861.4453,44428.2891,44428.2891,33723620826,-0.025559
2021-08-13,BTC-USD,44439.6914,47831.9766,44282.418,47793.3203,47793.3203,31744259539,0.075741
2021-08-14,BTC-USD,47810.6875,48098.6836,46177.6328,47096.9453,47096.9453,31211354442,-0.014571
2021-08-15,BTC-USD,47096.668,47357.1055,45579.5898,47047.0039,47047.0039,30988958446,-0.00106
2021-08-16,BTC-USD,47019.9609,47998.0977,45700.3203,46004.4844,46004.4844,32776876610,-0.022159
2021-08-17,BTC-USD,45936.457,47139.5703,44512.418,44695.3594,44695.3594,33451362600,-0.028456
2021-08-18,BTC-USD,44686.75,45952.0625,44364.0273,44801.1875,44801.1875,32194123075,0.002368
2021-08-19,BTC-USD,44741.8828,46970.7617,43998.3164,46717.5781,46717.5781,37204312299,0.042775
2021-08-20,BTC-USD,46723.1211,49342.1523,46650.707,49339.1758,49339.1758,34706867452,0.056116
2021-08-21,BTC-USD,49327.0742,49717.0195,48312.1992,48905.4922,48905.4922,40585205312,-0.00879
2021-08-22,BTC-USD,48869.1055,49471.6094,48199.9414,49321.6523,49321.6523,25370975378,0.008509
2021-08-23,BTC-USD,49291.6758,50482.0781,49074.6055,49546.1484,49546.1484,34305053719,0.004552
2021-08-24,BTC-USD,49562.3477,49878.7695,47687.1172,47706.1172,47706.1172,35361168834,-0.037138
2021-08-25,BTC-USD,47727.2578,49202.8789,47163.6133,48960.7891,48960.7891,32646349931,0.0263
2021-08-26,BTC-USD,49002.6406,49347.582,46405.7812,46942.2188,46942.2188,32666549568,-0.041228
2021-08-27,BTC-USD,46894.5547,49112.7852,46394.2812,49058.668,49058.668,34511076995,0.045086
2021-08-28,BTC-USD,49072.5859,49283.5039,48499.2383,48902.4023,48902.4023,28568103401,-0.003185
2021-08-29,BTC-USD,48911.25,49644.1133,47925.8555,48829.832,48829.832,25889650240,-0.001484
2021-08-30,BTC-USD,48834.8516,48925.6055,46950.2734,47054.9844,47054.9844,31847007016,-0.036348
2021-08-31,BTC-USD,47024.3398,48189.5508,46750.0938,47166.6875,47166.6875,34730363427,0.002374
2021-09-01,BTC-USD,47099.7734,49111.0898,46562.4375,48847.0273,48847.0273,39139399125,0.035626
2021-09-02,BTC-USD,48807.8477,50343.4219,48652.3203,49327.7227,49327.7227,39508070319,0.009841
2021-09-03,BTC-USD,49288.25,50982.2734,48386.0859,50025.375,50025.375,43206179619,0.014143
2021-09-04,BTC-USD,50009.3242,50545.582,49548.7812,49944.625,49944.625,37471327794,-0.001614
2021-09-05,BTC-USD,49937.8594,51868.6797,49538.5977,51753.4102,51753.4102,30322676319,0.036216
2021-09-06,BTC-USD,51769.0039,52700.9414,51053.6797,52633.5352,52633.5352,38884105426,0.017006
2021-09-07,BTC-USD,52660.4805,52853.7656,43285.207,46811.1289,46811.1289,65210059683,-0.110622
2021-09-08,BTC-USD,46827.7617,47334.0547,44561.3945,46091.3906,46091.3906,49007762488,-0.015375
2021-09-09,BTC-USD,45774.7422,47261.9492,45669.7383,46391.4219,46391.4219,38672657013,0.006509
2021-09-10,BTC-USD,46396.6641,47031.7422,44344.4844,44883.9102,44883.9102,39154666597,-0.032495
2021-09-11,BTC-USD,44869.8398,45969.293,44818.2656,45201.457,45201.457,34499835245,0.007075
2021-09-12,BTC-USD,45206.6289,46364.8789,44790.4609,46063.2695,46063.2695,27881980161,0.019066
2021-09-13,BTC-USD,46057.2148,46598.6797,43591.3203,44963.0742,44963.0742,40969943253,-0.023884
2021-09-14,BTC-USD,44960.0508,47218.125,44752.332,47092.4922,47092.4922,38652152880,0.047359
2021-09-15,BTC-USD,47098.0,48450.4688,46773.3281,48176.3477,48176.3477,30484496466,0.023015
2021-09-16,BTC-USD,48158.9062,48486.8281,47079.5586,47783.3594,47783.3594,31764293754,-0.008157
2021-09-17,BTC-USD,47771.0039,48160.9219,46832.5234,47267.5195,47267.5195,28727713711,-0.010795
2021-09-18,BTC-USD,47273.5273,48791.7812,47087.2852,48278.3633,48278.3633,28575630451,0.021386
2021-09-19,BTC-USD,48268.8555,48328.3672,46919.8047,47260.2188,47260.2188,26967722648,-0.021089
2021-09-20,BTC-USD,47261.4062,47328.1992,42598.9141,42843.8008,42843.8008,43909845642,-0.093449
2021-09-21,BTC-USD,43012.2344,43607.6094,39787.6094,40693.6758,40693.6758,48701090088,-0.050185
2021-09-22,BTC-USD,40677.9531,43978.6211,40625.6328,43574.5078,43574.5078,38139709246,0.070793
2021-09-23,BTC-USD,43560.2969,44942.1758,43109.3398,44895.0977,44895.0977,34244064430,0.030306
2021-09-24,BTC-USD,44894.3008,45080.4922,40936.5586,42839.75,42839.75,42839345714,-0.045781
2021-09-25,BTC-USD,42840.8906,42996.2578,41759.9219,42716.5938,42716.5938,31604717236,-0.002875
2021-09-26,BTC-USD,42721.6289,43919.3008,40848.4609,43208.5391,43208.5391,30661222077,0.011516
2021-09-27,BTC-USD,43234.1836,44313.2461,42190.6328,42235.7305,42235.7305,30980029059,-0.022514
2021-09-28,BTC-USD,42200.8984,42775.1445,40931.6641,41034.543,41034.543,30214940550,-0.02844
2021-09-29,BTC-USD,41064.9844,42545.2578,40829.668,41564.3633,41564.3633,30602359905,0.012912
2021-09-30,BTC-USD,41551.2695,44092.6016,41444.582,43790.8945,43790.8945,31141681925,0.053568
2021-10-01,BTC-USD,43816.7422,48436.0117,43320.0234,48116.9414,48116.9414,42850641582,0.098789
2021-10-02,BTC-USD,48137.4688,48282.0625,47465.4961,47711.4883,47711.4883,30614346492,-0.008426
2021-10-03,BTC-USD,47680.0273,49130.6914,47157.2891,48199.9531,48199.9531,26638115879,0.010238
2021-10-04,BTC-USD,48208.9062,49456.7773,47045.0039,49112.9023,49112.9023,33383173002,0.018941
2021-10-05,BTC-USD,49174.9609,51839.9844,49072.8398,51514.8125,51514.8125,35873904236,0.048906
2021-10-06,BTC-USD,51486.6641,55568.4648,50488.1914,55361.4492,55361.4492,49034730168,0.07467
2021-10-07,BTC-USD,55338.625,55338.625,53525.4688,53805.9844,53805.9844,36807860413,-0.028097
2021-10-08,BTC-USD,53802.1445,55922.9805,53688.0547,53967.8477,53967.8477,34800873924,0.003008
2021-10-09,BTC-USD,53929.7812,55397.9453,53735.1445,54968.2227,54968.2227,32491211414,0.018536
2021-10-10,BTC-USD,54952.8203,56401.3047,54264.2578,54771.5781,54771.5781,39527792364,-0.003577
2021-10-11,BTC-USD,54734.125,57793.0391,54519.7656,57484.7891,57484.7891,42637331698,0.049537
2021-10-12,BTC-USD,57526.832,57627.8789,54477.9727,56041.0586,56041.0586,41083758949,-0.025115
2021-10-13,BTC-USD,56038.2578,57688.6602,54370.9727,57401.0977,57401.0977,41684252783,0.024269
2021-10-14,BTC-USD,57372.832,58478.7344,56957.0742,57321.5234,57321.5234,36615791366,-0.001386
2021-10-15,BTC-USD,57345.9023,62757.1289,56868.1445,61593.9492,61593.9492,51780081801,0.074534
2021-10-16,BTC-USD,61609.5273,62274.4766,60206.1211,60892.1797,60892.1797,34250964237,-0.011393
2021-10-17,BTC-USD,60887.6523,61645.5234,59164.4688,61553.6172,61553.6172,29032367511,0.010862
2021-10-18,BTC-USD,61548.8047,62614.6602,60012.7578,62026.0781,62026.0781,38055562075,0.007676
2021-10-19,BTC-USD,62043.1641,64434.5352,61622.9336,64261.9922,64261.9922,40471196346,0.036048
2021-10-20,BTC-USD,64284.5859,66930.3906,63610.6758,65992.8359,65992.8359,40788955582,0.026934
2021-10-21,BTC-USD,66002.2344,66600.5469,62117.4102,62210.1719,62210.1719,45908121370,-0.057319
2021-10-22,BTC-USD,62237.8906,63715.0234,60122.7969,60692.2656,60692.2656,38434082775,-0.0244
2021-10-23,BTC-USD,60694.6289,61743.8789,59826.5234,61393.6172,61393.6172,26882546034,0.011556
2021-10-24,BTC-USD,61368.3438,61505.8047,59643.3438,60930.8359,60930.8359,27316183882,-0.007538
2021-10-25,BTC-USD,60893.9258,63729.3242,60691.8008,63039.8242,63039.8242,31064911614,0.034613
2021-10-26,BTC-USD,63032.7617,63229.0273,59991.1602,60363.793,60363.793,34878965587,-0.04245
2021-10-27,BTC-USD,60352.0,61435.1836,58208.1875,58482.3867,58482.3867,43657076893,-0.031168
2021-10-28,BTC-USD,58470.7305,62128.6328,58206.918,60622.1367,60622.1367,45257083247,0.036588
2021-10-29,BTC-USD,60624.8711,62927.6094,60329.9648,62227.9648,62227.9648,36856881767,0.026489
2021-10-30,BTC-USD,62239.3633,62330.1445,60918.3867,61888.832,61888.832,32157938616,-0.00545
2021-10-31,BTC-USD,61850.4883,62406.1719,60074.3281,61318.957,61318.957,32241199927,-0.009208
2021-11-01,BTC-USD,61320.4492,62419.0039,59695.1836,61004.4062,61004.4062,36150572843,-0.00513
2021-11-02,BTC-USD,60963.2539,64242.793,60673.0547,63226.4023,63226.4023,37746665647,0.036424
2021-11-03,BTC-USD,63254.3359,63516.9375,61184.2383,62970.0469,62970.0469,36124731509,-0.004055
2021-11-04,BTC-USD,62941.8047,63123.2891,60799.6641,61452.2305,61452.2305,32615846901,-0.024104
2021-11-05,BTC-USD,61460.0781,62541.4688,60844.6094,61125.6758,61125.6758,30605102446,-0.005314
2021-11-06,BTC-USD,61068.875,61590.6836,60163.7812,61527.4805,61527.4805,29094934221,0.006573
2021-11-07,BTC-USD,61554.9219,63326.9883,61432.4883,63326.9883,63326.9883,24726754302,0.029247
2021-11-08,BTC-USD,63344.0664,67673.7422,63344.0664,67566.8281,67566.8281,41125608330,0.066952
2021-11-09,BTC-USD,67549.7344,68530.3359,66382.0625,66971.8281,66971.8281,42357991721,-0.008806
2021-11-10,BTC-USD,66953.3359,68789.625,63208.1133,64995.2305,64995.2305,48730828378,-0.029514
2021-11-11,BTC-USD,64978.8906,65579.0156,64180.4883,64949.9609,64949.9609,35880633236,-0.000697
2021-11-12,BTC-USD,64863.9805,65460.8164,62333.9141,64155.9414,64155.9414,36084893887,-0.012225
2021-11-13,BTC-USD,64158.1211,64915.6758,63303.7344,64469.5273,64469.5273,30474228777,0.004888
2021-11-14,BTC-USD,64455.3711,65495.1797,63647.8086,65466.8398,65466.8398,25122092191,0.01547
2021-11-15,BTC-USD,65521.2891,66281.5703,63548.1445,63557.8711,63557.8711,30558763548,-0.029159
2021-11-16,BTC-USD,63721.1953,63721.1953,59016.3359,60161.2461,60161.2461,46844335592,-0.053441
2021-11-17,BTC-USD,60139.6211,60823.6094,58515.4102,60368.0117,60368.0117,39178392930,0.003437
2021-11-18,BTC-USD,60360.1367,60948.5,56550.793,56942.1367,56942.1367,41388338699,-0.05675
2021-11-19,BTC-USD,56896.1289,58351.1133,55705.1797,58119.5781,58119.5781,38702407772,0.020678
2021-11-20,BTC-USD,58115.082,59859.8789,57469.7266,59697.1953,59697.1953,30624264863,0.027144
2021-11-21,BTC-USD,59730.5078,60004.4258,58618.9297,58730.4766,58730.4766,26123447605,-0.016194
2021-11-22,BTC-USD,58706.8477,59266.3594,55679.8398,56289.2891,56289.2891,35036121783,-0.041566
2021-11-23,BTC-USD,56304.5547,57875.5156,55632.7617,57569.0742,57569.0742,37485803899,0.022736
2021-11-24,BTC-USD,57565.8516,57803.0664,55964.2227,56280.4258,56280.4258,36635566789,-0.022384
2021-11-25,BTC-USD,57165.418,59367.9688,57146.6836,57274.6797,57274.6797,34284016248,0.017666
2021-11-26,BTC-USD,58960.2852,59183.4805,53569.7656,53569.7656,53569.7656,41810748221,-0.064687
2021-11-27,BTC-USD,53736.4297,55329.2578,53668.3555,54815.0781,54815.0781,30560857714,0.023247
2021-11-28,BTC-USD,54813.0234,57393.8438,53576.7344,57248.457,57248.457,28116886357,0.044393
2021-11-29,BTC-USD,57291.9062,58872.8789,56792.5273,57806.5664,57806.5664,32370840356,0.009749
2021-11-30,BTC-USD,57830.1133,59113.4023,56057.2812,57005.4258,57005.4258,36708594618,-0.013859
2021-12-01,BTC-USD,56907.9648,59041.6836,56553.082,57229.8281,57229.8281,36858195307,0.003937
2021-12-02,BTC-USD,57217.3711,57349.2344,55895.1328,56477.8164,56477.8164,32379968686,-0.01314
2021-12-03,BTC-USD,56509.1641,57482.168,52496.5859,53598.2461,53598.2461,39789134215,-0.050986
2021-12-04,BTC-USD,53727.8789,53904.6797,42874.6172,49200.7031,49200.7031,61385677469,-0.082046
2021-12-05,BTC-USD,49201.5195,49768.1484,47857.4961,49368.8477,49368.8477,37198201161,0.003418
2021-12-06,BTC-USD,49413.4805,50929.5195,47281.0352,50582.625,50582.625,37707308001,0.024586
2021-12-07,BTC-USD,50581.8281,51934.7812,50175.8086,50700.0859,50700.0859,33676814852,0.002322
2021-12-08,BTC-USD,50667.6484,51171.375,48765.9883,50504.7969,50504.7969,28479699446,-0.003852
2021-12-09,BTC-USD,50450.082,50797.1641,47358.3516,47672.1211,47672.1211,29603577251,-0.056087
2021-12-10,BTC-USD,47642.1445,50015.2539,47023.6992,47243.3047,47243.3047,30966005122,-0.008995
2021-12-11,BTC-USD,47264.6328,49458.2109,46942.3477,49362.5078,49362.5078,25775869261,0.044857
2021-12-12,BTC-USD,49354.8555,50724.8672,48725.8516,50098.3359,50098.3359,21939223599,0.014907
2021-12-13,BTC-USD,50114.7422,50205.0,45894.8477,46737.4805,46737.4805,32166727776,-0.067085
2021-12-14,BTC-USD,46709.8242,48431.3984,46424.4961,46612.6328,46612.6328,34638619079,-0.002671
2021-12-15,BTC-USD,48379.7539,49473.957,46671.9648,48896.7227,48896.7227,36541828520,0.049002
2021-12-16,BTC-USD,48900.4648,49425.5742,47529.8789,47665.4258,47665.4258,27268150947,-0.025182
2021-12-17,BTC-USD,47653.7305,48004.8945,45618.2148,46202.1445,46202.1445,32902725329,-0.030699
2021-12-18,BTC-USD,46219.2539,47313.8281,45598.4414,46848.7773,46848.7773,26098292690,0.013996
2021-12-19,BTC-USD,46853.8672,48089.6641,46502.9531,46707.0156,46707.0156,25154053861,-0.003026
2021-12-20,BTC-USD,46707.0625,47401.7188,45579.8086,46880.2773,46880.2773,30961902129,0.00371
2021-12-21,BTC-USD,46886.0781,49300.918,46698.7734,48936.6133,48936.6133,27055803928,0.043864
2021-12-22,BTC-USD,48937.0977,49544.7969,48450.9414,48628.5117,48628.5117,24447979559,-0.006296
2021-12-23,BTC-USD,48626.3438,51332.3398,48065.8359,50784.5391,50784.5391,28223878108,0.044337
2021-12-24,BTC-USD,50806.0508,51814.0273,50514.4961,50822.1953,50822.1953,24367912228,0.000741
2021-12-25,BTC-USD,50854.918,51176.5977,50236.707,50429.8594,50429.8594,19030650914,-0.00772
2021-12-26,BTC-USD,50428.6914,51196.3789,49623.1055,50809.5156,50809.5156,20964372926,0.007528
2021-12-27,BTC-USD,50802.6094,51956.3281,50499.4688,50640.418,50640.418,24324345758,-0.003328
2021-12-28,BTC-USD,50679.8594,50679.8594,47414.2109,47588.8555,47588.8555,33430376883,-0.060259
2021-12-29,BTC-USD,47623.8711,48119.7422,46201.4961,46444.7109,46444.7109,30049226299,-0.024042
2021-12-30,BTC-USD,46490.6055,47879.9648,46060.3125,47178.125,47178.125,26686491018,0.015791
2021-12-31,BTC-USD,47169.3711,48472.5273,45819.9531,46306.4453,46306.4453,36974172400,-0.018476
2022-01-01,BTC-USD,46311.7461,47827.3125,46288.4844,47686.8125,47686.8125,24582667004,0.029809
2022-01-02,BTC-USD,47680.9258,47881.4062,46856.9375,47345.2188,47345.2188,27951569547,-0.007163
2022-01-03,BTC-USD,47343.543,47510.7266,45835.9648,46458.1172,46458.1172,33071628362,-0.018737
2022-01-04,BTC-USD,46458.8516,47406.5469,45752.4648,45897.5742,45897.5742,42494677905,-0.012066
2022-01-05,BTC-USD,45899.3594,46929.0469,42798.2227,43569.0039,43569.0039,36851084859,-0.050734
2022-01-06,BTC-USD,43565.5117,43748.7188,42645.5391,43160.9297,43160.9297,30208048289,-0.009366
2022-01-07,BTC-USD,43153.5703,43153.5703,41077.4453,41557.9023,41557.9023,84196607520,-0.037141
2022-01-08,BTC-USD,41561.4648,42228.9414,40672.2773,41733.9414,41733.9414,28066355845,0.004236
2022-01-09,BTC-USD,41734.7266,42663.9492,41338.1602,41911.6016,41911.6016,21294384372,0.004257
2022-01-10,BTC-USD,41910.2305,42199.4844,39796.5703,41821.2617,41821.2617,32104232331,-0.002155
2022-01-11,BTC-USD,41819.5078,43001.1562,41407.7539,42735.8555,42735.8555,26327648900,0.021869
2022-01-12,BTC-USD,42742.1797,44135.3672,42528.9883,43949.1016,43949.1016,33499938689,0.028389
2022-01-13,BTC-USD,43946.7422,44278.4219,42447.043,42591.5703,42591.5703,47691135082,-0.030889
2022-01-14,BTC-USD,42598.8711,43346.6875,41982.6172,43099.6992,43099.6992,23577403399,0.01193
2022-01-15,BTC-USD,43101.8984,43724.6719,42669.0352,43177.3984,43177.3984,18371348298,0.001803
2022-01-16,BTC-USD,43172.0391,43436.8086,42691.0234,43113.8789,43113.8789,17902097845,-0.001471
2022-01-17,BTC-USD,43118.1211,43179.3906,41680.3203,42250.5508,42250.5508,21690904261,-0.020024
2022-01-18,BTC-USD,42250.0742,42534.4023,41392.2148,42375.6328,42375.6328,22417209227,0.00296
2022-01-19,BTC-USD,42374.0391,42478.3047,41242.9141,41744.3281,41744.3281,23091543258,-0.014898
2022-01-20,BTC-USD,41744.0273,43413.0234,40672.8242,40680.418,40680.418,20382033940,-0.025486
2022-01-21,BTC-USD,40699.6055,41060.5273,35791.4258,36457.3164,36457.3164,43011992031,-0.103812
2022-01-22,BTC-USD,36471.5898,36688.8125,34349.25,35030.25,35030.25,39714385405,-0.039143
2022-01-23,BTC-USD,35047.3594,36433.3125,34784.9688,36276.8047,36276.8047,26017975951,0.035585
2022-01-24,BTC-USD,36275.7344,37247.5195,33184.0586,36654.3281,36654.3281,41856658597,0.010407
2022-01-25,BTC-USD,36654.8047,37444.5703,35779.4297,36954.0039,36954.0039,26428189594,0.008176
2022-01-26,BTC-USD,36950.5156,38825.4102,36374.9062,36852.1211,36852.1211,31324598034,-0.002757
2022-01-27,BTC-USD,36841.8789,37148.3242,35629.2812,37138.2344,37138.2344,25041426629,0.007764
2022-01-28,BTC-USD,37128.4453,37952.8789,36211.1094,37784.332,37784.332,22238830523,0.017397
2022-01-29,BTC-USD,37780.7148,38576.2617,37406.4727,38138.1797,38138.1797,17194183075,0.009365
2022-01-30,BTC-USD,38151.918,38266.3398,37437.7109,37917.6016,37917.6016,14643548444,-0.005784
2022-01-31,BTC-USD,37920.2812,38647.2617,36733.5742,38483.125,38483.125,20734730465,0.014915
2022-02-01,BTC-USD,38481.7656,39115.1328,38113.6641,38743.2734,38743.2734,20288500328,0.00676
2022-02-02,BTC-USD,38743.7148,38834.6172,36832.7305,36952.9844,36952.9844,19155189416,-0.046209
2022-02-03,BTC-USD,36944.8047,37154.6016,36375.5391,37154.6016,37154.6016,18591534769,0.005456
2022-02-04,BTC-USD,37149.2656,41527.7852,37093.6289,41500.875,41500.875,29412210792,0.116978
2022-02-05,BTC-USD,41501.4805,41847.1641,41038.0977,41441.1641,41441.1641,19652846215,-0.001439
2022-02-06,BTC-USD,41441.1211,42500.7852,41244.9062,42412.4336,42412.4336,16142097334,0.023437
2022-02-07,BTC-USD,42406.7812,44401.8633,41748.1562,43840.2852,43840.2852,28641855926,0.033666
2022-02-08,BTC-USD,43854.6523,45293.8672,42807.8359,44118.4453,44118.4453,33079398868,0.006345
2022-02-09,BTC-USD,44096.7031,44727.8008,43232.9688,44338.7969,44338.7969,23245887300,0.004995
2022-02-10,BTC-USD,44347.8008,45661.1719,43402.8086,43565.1133,43565.1133,32142048537,-0.017449
2022-02-11,BTC-USD,43571.1289,43810.832,42114.5391,42407.9375,42407.9375,26954925781,-0.026562
2022-02-12,BTC-USD,42412.3008,42992.5508,41852.5742,42244.4688,42244.4688,18152390304,-0.003855
2022-02-13,BTC-USD,42236.5664,42693.0547,41950.9414,42197.5156,42197.5156,14741589015,-0.001111
2022-02-14,BTC-USD,42157.3984,42775.7773,41681.957,42586.918,42586.918,20827783012,0.009228
2022-02-15,BTC-USD,42586.4648,44667.2188,42491.0352,44575.2031,44575.2031,22721659051,0.046688
2022-02-16,BTC-USD,44578.2773,44578.2773,43456.6914,43961.8594,43961.8594,19792547657,-0.01376
2022-02-17,BTC-USD,43937.0703,44132.9727,40249.3711,40538.0117,40538.0117,26246662813,-0.077882
2022-02-18,BTC-USD,40552.1328,40929.1523,39637.6172,40030.9766,40030.9766,23310007704,-0.012508
2022-02-19,BTC-USD,40026.0234,40418.8789,39713.0586,40122.1562,40122.1562,13736557863,0.002278
2022-02-20,BTC-USD,40118.1016,40119.8906,38112.8125,38431.3789,38431.3789,18340576452,-0.042141
2022-02-21,BTC-USD,38423.2109,39394.4375,36950.4766,37075.2812,37075.2812,29280402798,-0.035286
2022-02-22,BTC-USD,37068.7695,38359.8555,36488.9336,38286.0273,38286.0273,25493150450,0.032656
2022-02-23,BTC-USD,38285.2812,39122.3945,37201.8164,37296.5703,37296.5703,21849073843,-0.025844
2022-02-24,BTC-USD,37278.5664,38968.8398,34459.2188,38332.6094,38332.6094,46383802093,0.027778
2022-02-25,BTC-USD,38333.7461,39630.3242,38111.3438,39214.2188,39214.2188,26545599159,0.022999
2022-02-26,BTC-USD,39213.082,40005.3477,38702.5352,39105.1484,39105.1484,17467554129,-0.002781
2022-02-27,BTC-USD,39098.6992,39778.9414,37268.9766,37709.7852,37709.7852,23450127612,-0.035682
2022-02-28,BTC-USD,37706.0,43760.457,37518.2148,43193.2344,43193.2344,35690014104,0.145412
2022-03-01,BTC-USD,43194.5039,44793.6016,42952.5859,44354.6367,44354.6367,32479047645,0.026889
2022-03-02,BTC-USD,44357.6172,45077.5781,43432.8516,43924.1172,43924.1172,29183112630,-0.009706
2022-03-03,BTC-USD,43925.1953,44021.5781,41914.75,42451.7891,42451.7891,24967782593,-0.03352
2022-03-04,BTC-USD,42458.1406,42479.6133,38805.8477,39137.6055,39137.6055,28516271427,-0.078069
2022-03-05,BTC-USD,39148.4492,39566.3359,38777.0352,39400.5859,39400.5859,16975917450,0.006719
2022-03-06,BTC-USD,39404.1992,39640.1758,38211.6484,38419.9844,38419.9844,19745229902,-0.024888
2022-03-07,BTC-USD,38429.3047,39430.2266,37260.2031,38062.0391,38062.0391,28546143503,-0.009317
2022-03-08,BTC-USD,38059.9023,39304.4414,37957.3867,38737.2695,38737.2695,25776583476,0.01774
2022-03-09,BTC-USD,38742.8164,42465.6719,38706.0938,41982.9258,41982.9258,32284121034,0.083786
2022-03-10,BTC-USD,41974.0703,42004.7266,38832.9414,39437.4609,39437.4609,31078064711,-0.060631
2022-03-11,BTC-USD,39439.9688,40081.6797,38347.4336,38794.9727,38794.9727,26364890465,-0.016291
2022-03-12,BTC-USD,38794.4648,39308.5977,38772.5352,38904.0117,38904.0117,14616450657,0.002811
2022-03-13,BTC-USD,38884.7266,39209.3516,37728.1445,37849.6641,37849.6641,17300745310,-0.027101
2022-03-14,BTC-USD,37846.3164,39742.5,37680.7344,39666.7539,39666.7539,24322159070,0.048008
2022-03-15,BTC-USD,39664.25,39794.6289,38310.2109,39338.7852,39338.7852,23934000868,-0.008268
2022-03-16,BTC-USD,39335.5703,41465.4531,39022.3477,41143.9297,41143.9297,39616916192,0.045887
2022-03-17,BTC-USD,41140.8438,41287.5352,40662.8711,40951.3789,40951.3789,22009601093,-0.00468
2022-03-18,BTC-USD,40944.8398,42195.7461,40302.3984,41801.1562,41801.1562,34421564942,0.020751
2022-03-19,BTC-USD,41794.6484,42316.5547,41602.668,42190.6523,42190.6523,19664853187,0.009318
2022-03-20,BTC-USD,42191.4062,42241.1641,41004.7578,41247.8242,41247.8242,20127946682,-0.022347
2022-03-21,BTC-USD,41246.1328,41454.4102,40668.043,41077.9961,41077.9961,24615543271,-0.004117
2022-03-22,BTC-USD,41074.1055,43124.707,40948.2812,42358.8086,42358.8086,32004652376,0.03118
2022-03-23,BTC-USD,42364.3789,42893.5078,41877.5078,42892.957,42892.957,25242943069,0.01261
2022-03-24,BTC-USD,42886.6523,44131.8555,42726.1641,43960.9336,43960.9336,31042992291,0.024899
2022-03-25,BTC-USD,43964.5469,44999.4922,43706.2852,44348.7305,44348.7305,30574413034,0.008821
2022-03-26,BTC-USD,44349.8594,44735.9961,44166.2734,44500.8281,44500.8281,16950455995,0.00343
2022-03-27,BTC-USD,44505.3555,46827.5469,44437.293,46820.4922,46820.4922,28160889722,0.052126
2022-03-28,BTC-USD,46821.8516,48086.8359,46690.2031,47128.0039,47128.0039,36362175703,0.006568
2022-03-29,BTC-USD,47100.4375,48022.2891,47100.4375,47465.7305,47465.7305,31397059069,0.007166
2022-03-30,BTC-USD,47456.8984,47655.1484,46746.2109,47062.6641,47062.6641,29333883962,-0.008492
2022-03-31,BTC-USD,47062.1484,47512.0273,45390.5391,45538.6758,45538.6758,33327427106,-0.032382
2022-04-01,BTC-USD,45554.1641,46616.2422,44403.1406,46281.6445,46281.6445,38162644287,0.016315
2022-04-02,BTC-USD,46285.5,47028.2812,45782.5117,45868.9492,45868.9492,29336594194,-0.008917
2022-04-03,BTC-USD,45859.1289,47313.4766,45634.1055,46453.5664,46453.5664,25414397610,0.012745
2022-04-04,BTC-USD,46445.2734,46791.0898,45235.8164,46622.6758,46622.6758,32499785455,0.00364
2022-04-05,BTC-USD,46624.5078,47106.1406,45544.8086,45555.9922,45555.9922,29640604055,-0.022879
2022-04-06,BTC-USD,45544.3555,45544.3555,43193.9531,43206.7383,43206.7383,39393395788,-0.051568
2022-04-07,BTC-USD,43207.5,43860.6992,42899.9062,43503.8477,43503.8477,26101973106,0.006876
2022-04-08,BTC-USD,43505.1367,43903.0195,42183.2891,42287.6641,42287.6641,27215995394,-0.027956
2022-04-09,BTC-USD,42282.0781,42786.8164,42183.2539,42782.1367,42782.1367,16050772496,0.011693
2022-04-10,BTC-USD,42781.0898,43376.3789,42021.207,42207.6719,42207.6719,17654475582,-0.013428
2022-04-11,BTC-USD,42201.0391,42424.5898,39373.0586,39521.9023,39521.9023,33949912166,-0.063632
2022-04-12,BTC-USD,39533.7148,40617.5859,39388.3281,40127.1836,40127.1836,30991500854,0.015315
2022-04-13,BTC-USD,40123.5703,41430.0547,39712.7461,41166.7305,41166.7305,27691105228,0.025906
2022-04-14,BTC-USD,41160.2188,41451.4805,39695.7461,39935.5156,39935.5156,24342001973,-0.029908
2022-04-15,BTC-USD,39939.4023,40617.7227,39866.832,40553.4648,40553.4648,21756855753,0.015474
2022-04-16,BTC-USD,40552.3164,40633.6797,40078.4258,40424.4844,40424.4844,16833150693,-0.003181
2022-04-17,BTC-USD,40417.7773,40570.7266,39620.8945,39716.9531,39716.9531,19087633042,-0.017503
2022-04-18,BTC-USD,39721.2031,40986.3203,38696.1914,40826.2148,40826.2148,33705182072,0.027929
2022-04-19,BTC-USD,40828.1758,41672.9609,40618.6328,41502.75,41502.75,25303206547,0.016571
2022-04-20,BTC-USD,41501.7461,42126.3008,40961.0977,41374.3789,41374.3789,27819532341,-0.003093
2022-04-21,BTC-USD,41371.5156,42893.582,40063.8281,40527.3633,40527.3633,35372786395,-0.020472
2022-04-22,BTC-USD,40525.8633,40777.7578,39315.418,39740.3203,39740.3203,28011716745,-0.01942
2022-04-23,BTC-USD,39738.7227,39935.8594,39352.2031,39486.7305,39486.7305,16138021249,-0.006381
2022-04-24,BTC-USD,39478.375,39845.9258,39233.5391,39469.293,39469.293,17964398167,-0.000442
2022-04-25,BTC-USD,39472.6055,40491.7539,38338.3789,40458.3086,40458.3086,35445730570,0.025058
2022-04-26,BTC-USD,40448.4219,40713.8906,37884.9844,38117.4609,38117.4609,34569088416,-0.057858
2022-04-27,BTC-USD,38120.3008,39397.918,37997.3125,39241.1211,39241.1211,30981015184,0.029479
2022-04-28,BTC-USD,39241.4297,40269.4648,38941.4219,39773.8281,39773.8281,33903704907,0.013575
2022-04-29,BTC-USD,39768.6172,39887.2695,38235.5352,38609.8242,38609.8242,30882994649,-0.029266
2022-04-30,BTC-USD,38605.8594,38771.2109,37697.9414,37714.875,37714.875,23895713731,-0.023179
2022-05-01,BTC-USD,37713.2656,38627.8594,37585.7891,38469.0938,38469.0938,27002760110,0.019998
2022-05-02,BTC-USD,38472.1875,39074.9727,38156.5625,38529.3281,38529.3281,32922642426,0.001566
2022-05-03,BTC-USD,38528.1094,38629.9961,37585.6211,37750.4531,37750.4531,27326943244,-0.020215
2022-05-04,BTC-USD,37748.0117,39902.9492,37732.0586,39698.3711,39698.3711,36754404490,0.0516
2022-05-05,BTC-USD,39695.7461,39789.2812,35856.5156,36575.1406,36575.1406,43106256317,-0.078674
2022-05-06,BTC-USD,36573.1836,36624.3594,35482.1328,36040.9219,36040.9219,37795577489,-0.014606
2022-05-07,BTC-USD,36042.5039,36129.9258,34940.8242,35501.9531,35501.9531,24375896406,-0.014954
2022-05-08,BTC-USD,35502.9414,35502.9414,33878.9648,34059.2656,34059.2656,36763041910,-0.040637
2022-05-09,BTC-USD,34060.0156,34222.0742,30296.9531,30296.9531,30296.9531,63355494961,-0.110464
2022-05-10,BTC-USD,30273.6543,32596.3086,29944.8027,31022.9062,31022.9062,59811038817,0.023961
2022-05-11,BTC-USD,31016.1836,32013.4023,28170.4141,28936.3555,28936.3555,70388855818,-0.067258
2022-05-12,BTC-USD,28936.7344,30032.4395,26350.4902,29047.752,29047.752,66989173272,0.00385
2022-05-13,BTC-USD,29030.9102,30924.8027,28782.3301,29283.1035,29283.1035,42841124537,0.008102
2022-05-14,BTC-USD,29285.6426,30192.8027,28702.9102,30101.2656,30101.2656,28579868620,0.02794
2022-05-15,BTC-USD,30098.5859,31308.1914,29527.7402,31305.1133,31305.1133,25835372065,0.039993
2022-05-16,BTC-USD,31304.375,31305.3418,29251.8848,29862.918,29862.918,32613897286,-0.046069
2022-05-17,BTC-USD,29862.4082,30694.4902,29570.3027,30425.8574,30425.8574,29101473475,0.018851
2022-05-18,BTC-USD,30424.4785,30618.7168,28720.2715,28720.2715,28720.2715,31285268319,-0.056057
2022-05-19,BTC-USD,28720.3594,30430.752,28708.9551,30314.334,30314.334,33773447707,0.055503
2022-05-20,BTC-USD,30311.1191,30664.9766,28793.6055,29200.7402,29200.7402,30749382605,-0.036735
2022-05-21,BTC-USD,29199.8594,29588.8691,29027.3945,29432.2266,29432.2266,17274840442,0.007927
2022-05-22,BTC-USD,29432.4727,30425.8613,29275.1836,30323.7227,30323.7227,21631532270,0.03029
2022-05-23,BTC-USD,30309.3965,30590.5859,28975.5605,29098.9102,29098.9102,31483454557,-0.040391
2022-05-24,BTC-USD,29101.125,29774.3555,28786.5898,29655.5859,29655.5859,26616506245,0.01913
2022-05-25,BTC-USD,29653.1348,30157.7852,29384.9492,29562.3613,29562.3613,27525063551,-0.003144
2022-05-26,BTC-USD,29564.7773,29834.1602,28261.9062,29267.2246,29267.2246,36774325352,-0.009984
2022-05-27,BTC-USD,29251.1406,29346.9434,28326.6133,28627.5742,28627.5742,36582005748,-0.021856
2022-05-28,BTC-USD,28622.625,28814.9004,28554.5664,28814.9004,28814.9004,35519577634,0.006544
2022-05-29,BTC-USD,29019.8672,29498.0098,28841.1074,29445.957,29445.957,18093886409,0.0219
2022-05-30,BTC-USD,29443.3652,31949.6309,29303.5723,31726.3906,31726.3906,39277993274,0.077445
2022-05-31,BTC-USD,31723.8652,32249.8633,31286.1543,31792.3105,31792.3105,33538210634,0.002078
2022-06-01,BTC-USD,31792.5547,31957.2852,29501.5879,29799.0801,29799.0801,41135817341,-0.062695
2022-06-02,BTC-USD,29794.8906,30604.7344,29652.7051,30467.4883,30467.4883,29083562061,0.02243
2022-06-03,BTC-USD,30467.8066,30633.0352,29375.6895,29704.3906,29704.3906,26175547452,-0.025046
2022-06-04,BTC-USD,29706.1387,29930.5645,29500.0059,29832.9141,29832.9141,16588370958,0.004327
2022-06-05,BTC-USD,29835.1172,30117.7441,29574.4492,29906.6621,29906.6621,17264085441,0.002472
2022-06-06,BTC-USD,29910.2832,31693.291,29894.1875,31370.6719,31370.6719,31947336829,0.048953
2022-06-07,BTC-USD,31371.7422,31489.6836,29311.6836,31155.4785,31155.4785,40770974039,-0.00686
2022-06-08,BTC-USD,31151.4805,31253.6914,29944.4043,30214.3555,30214.3555,30242059107,-0.030207
2022-06-09,BTC-USD,30215.2793,30609.3105,30020.2656,30111.998,30111.998,21692004719,-0.003388
2022-06-10,BTC-USD,30110.3301,30245.8086,28978.1465,29083.8047,29083.8047,29867476527,-0.034146
2022-06-11,BTC-USD,29084.666,29401.916,28236.2129,28360.8105,28360.8105,27246574439,-0.024859
2022-06-12,BTC-USD,28373.5137,28502.6855,26762.6484,26762.6484,26762.6484,34163220274,-0.056351
2022-06-13,BTC-USD,26737.5781,26795.5898,22141.2578,22487.3887,22487.3887,68204556440,-0.159747
2022-06-14,BTC-USD,22487.9863,23018.9512,20950.8184,22206.793,22206.793,50913575242,-0.012478
2022-06-15,BTC-USD,22196.7305,22642.6719,20178.377,22572.8398,22572.8398,54912007015,0.016484
2022-06-16,BTC-USD,22576.3047,22868.9219,20265.2266,20381.6504,20381.6504,31183975654,-0.097072
2022-06-17,BTC-USD,20385.7188,21243.3125,20326.5195,20471.4824,20471.4824,27132421514,0.004407
2022-06-18,BTC-USD,20473.4258,20736.041,17708.623,19017.6426,19017.6426,42009436760,-0.071018
2022-06-19,BTC-USD,19010.9023,20683.8223,18067.1523,20553.2715,20553.2715,35329942625,0.080748
2022-06-20,BTC-USD,20553.3711,20913.3223,19689.1699,20599.5371,20599.5371,30818458597,0.002251
2022-06-21,BTC-USD,20594.2949,21620.6289,20415.0625,20710.5977,20710.5977,28970212744,0.005391
2022-06-22,BTC-USD,20719.4141,20835.75,19848.0781,19987.0293,19987.0293,28574793478,-0.034937
2022-06-23,BTC-USD,19986.6074,21135.7617,19950.1172,21085.877,21085.877,26188097173,0.054978
2022-06-24,BTC-USD,21084.6484,21472.918,20777.5117,21231.6562,21231.6562,24957784918,0.006914
2022-06-25,BTC-USD,21233.6094,21520.9141,20964.5859,21502.3379,21502.3379,18372538715,0.012749
2022-06-26,BTC-USD,21496.4941,21783.7246,21016.2695,21027.2949,21027.2949,18027170497,-0.022093
2022-06-27,BTC-USD,21028.2383,21478.0898,20620.1992,20735.4785,20735.4785,20965695707,-0.013878
2022-06-28,BTC-USD,20731.5449,21164.4238,20228.8125,20280.6348,20280.6348,21381535161,-0.021936
2022-06-29,BTC-USD,20281.1699,20364.1562,19937.791,20104.0234,20104.0234,23552740328,-0.008708
2022-06-30,BTC-USD,20108.3125,20141.1602,18729.6562,19784.7266,19784.7266,26267239923,-0.015882
2022-07-01,BTC-USD,19820.4707,20632.6719,19073.709,19269.3672,19269.3672,30767551159,-0.026048
2022-07-02,BTC-USD,19274.8359,19371.748,19027.082,19242.2559,19242.2559,18100418740,-0.001407
2022-07-03,BTC-USD,19242.0957,19558.2695,18966.9512,19297.0762,19297.0762,16390821947,0.002849
2022-07-04,BTC-USD,19297.3145,20258.748,19063.0664,20231.2617,20231.2617,21594638208,0.048411
2022-07-05,BTC-USD,20225.3535,20635.4668,19341.2324,20190.1152,20190.1152,26715546990,-0.002034
2022-07-06,BTC-USD,20194.6191,20595.5293,19823.5117,20548.2461,20548.2461,24598943708,0.017738
2022-07-07,BTC-USD,20547.8145,21771.8164,20296.1035,21637.5879,21637.5879,25814972520,0.053014
2022-07-08,BTC-USD,21637.1543,22314.9414,21257.4531,21731.1172,21731.1172,49899834488,0.004323
2022-07-09,BTC-USD,21716.8281,21877.1387,21445.957,21592.207,21592.207,29641127858,-0.006392
2022-07-10,BTC-USD,21591.0801,21591.0801,20727.123,20860.4492,20860.4492,28688807249,-0.03389
2022-07-11,BTC-USD,20856.3535,20856.3535,19924.5391,19970.5566,19970.5566,24150249025,-0.042659
2022-07-12,BTC-USD,19970.4746,20043.4453,19308.5312,19323.9141,19323.9141,25810220018,-0.03238
2022-07-13,BTC-USD,19325.9727,20223.0527,18999.9531,20212.0742,20212.0742,33042430345,0.045962
2022-07-14,BTC-USD,20211.4668,20789.8945,19689.2578,20569.9199,20569.9199,31158743333,0.017705
2022-07-15,BTC-USD,20573.1562,21138.2441,20397.0,20836.3281,20836.3281,25905575359,0.012951
2022-07-16,BTC-USD,20834.1035,21514.4043,20518.8984,21190.3164,21190.3164,24302954056,0.016989
2022-07-17,BTC-USD,21195.041,21600.6406,20778.1797,20779.3438,20779.3438,22927802083,-0.019394
2022-07-18,BTC-USD,20781.9121,22633.0332,20781.9121,22485.6895,22485.6895,39974475562,0.082117
2022-07-19,BTC-USD,22467.8496,23666.9629,21683.4062,23389.4336,23389.4336,48765202697,0.040192
2022-07-20,BTC-USD,23393.1914,24196.8184,23009.9492,23231.7324,23231.7324,42932549127,-0.006742
2022-07-21,BTC-USD,23233.2012,23388.3223,22431.1484,23164.6289,23164.6289,33631012204,-0.002888
2022-07-22,BTC-USD,23163.752,23671.9277,22603.416,22714.9785,22714.9785,31421555646,-0.019411
2022-07-23,BTC-USD,22706.9844,22977.2109,22002.9102,22465.4785,22465.4785,24021799169,-0.010984
2022-07-24,BTC-USD,22465.5098,22974.002,22306.8398,22609.1641,22609.1641,23565495303,0.006396
2022-07-25,BTC-USD,22607.1562,22649.1211,21361.6426,21361.7012,21361.7012,35574561406,-0.055175
2022-07-26,BTC-USD,21361.1211,21361.1211,20776.8164,21239.7539,21239.7539,28624673855,-0.005709
2022-07-27,BTC-USD,21244.1699,22986.5293,21070.8066,22930.5488,22930.5488,31758955233,0.079605
2022-07-28,BTC-USD,22933.6406,24110.4707,22722.2656,23843.8867,23843.8867,40212386158,0.039831
2022-07-29,BTC-USD,23845.2129,24294.7871,23481.1738,23804.6328,23804.6328,35887249746,-0.001646
2022-07-30,BTC-USD,23796.8184,24572.5801,23580.5078,23656.207,23656.207,28148218301,-0.006235
2022-07-31,BTC-USD,23652.0703,24121.6426,23275.7031,23336.8965,23336.8965,23553591896,-0.013498
2022-08-01,BTC-USD,23336.7188,23464.7871,22890.7969,23314.1992,23314.1992,25849159141,-0.000973
2022-08-02,BTC-USD,23308.4336,23415.041,22710.084,22978.1172,22978.1172,28389250717,-0.014415
2022-08-03,BTC-USD,22981.3027,23578.6504,22747.8359,22846.5078,22846.5078,26288169966,-0.005728
2022-08-04,BTC-USD,22848.2148,23198.0098,22485.7012,22630.957,22630.957,25120229769,-0.009435
2022-08-05,BTC-USD,22626.834,23422.8281,22612.1777,23289.3145,23289.3145,28881249043,0.029091
2022-08-06,BTC-USD,23291.4238,23326.5625,22961.2793,22961.2793,22961.2793,15978259885,-0.014085
2022-08-07,BTC-USD,22963.5059,23359.0098,22894.5566,23175.8906,23175.8906,15886817043,0.009347
2022-08-08,BTC-USD,23179.5273,24203.6895,23176.5469,23809.4863,23809.4863,28575544847,0.027339
2022-08-09,BTC-USD,23811.4844,23898.6152,22982.0,23164.3184,23164.3184,23555719219,-0.027097
2022-08-10,BTC-USD,23162.8984,24127.4141,22771.5195,23947.6426,23947.6426,32837431722,0.033816
2022-08-11,BTC-USD,23948.3457,24822.6289,23900.9961,23957.5293,23957.5293,37127036580,0.000413
2022-08-12,BTC-USD,23957.2031,24412.5664,23657.2656,24402.8184,24402.8184,27265804688,0.018587
2022-08-13,BTC-USD,24402.1875,24860.0508,24346.1152,24424.0684,24424.0684,22987346289,0.000871
2022-08-14,BTC-USD,24429.0566,24974.9141,24206.2598,24319.334,24319.334,22994133555,-0.004288
2022-08-15,BTC-USD,24318.3164,25135.5898,23839.7754,24136.9727,24136.9727,35123501685,-0.007499
2022-08-16,BTC-USD,24126.1367,24228.416,23733.5,23883.291,23883.291,27753685646,-0.01051
2022-08-17,BTC-USD,23881.3164,24407.0586,23243.3535,23335.998,23335.998,30931623076,-0.022915
2022-08-18,BTC-USD,23341.0391,23563.832,23177.6016,23212.7383,23212.7383,23747613147,-0.005282
2022-08-19,BTC-USD,23213.3125,23213.3125,20868.8477,20877.5527,20877.5527,40509610260,-0.100599
2022-08-20,BTC-USD,20872.8418,21350.8066,20856.7305,21166.0605,21166.0605,27595671000,0.013819
2022-08-21,BTC-USD,21160.3926,21668.8457,21103.1973,21534.1211,21534.1211,23102307723,0.017389
2022-08-22,BTC-USD,21531.4629,21531.4629,20939.1836,21398.9082,21398.9082,31666498758,-0.006279
2022-08-23,BTC-USD,21401.0449,21646.2031,20955.1387,21528.0879,21528.0879,31878280659,0.006037
2022-08-24,BTC-USD,21526.4551,21783.0762,21195.0059,21395.0195,21395.0195,31962253368,-0.006181
2022-08-25,BTC-USD,21395.459,21789.6367,21362.4414,21600.9043,21600.9043,31028679593,0.009623
2022-08-26,BTC-USD,21596.0859,21804.9082,20199.4824,20260.0195,20260.0195,42326789564,-0.062075
2022-08-27,BTC-USD,20262.4805,20340.7754,19890.5234,20041.7383,20041.7383,30116729776,-0.010774
2022-08-28,BTC-USD,20041.0352,20139.0547,19616.8145,19616.8145,19616.8145,24366810591,-0.021202
2022-08-29,BTC-USD,19615.1543,20357.4629,19600.7852,20297.9941,20297.9941,32637854078,0.034724
2022-08-30,BTC-USD,20298.6113,20542.6445,19617.6406,19796.8086,19796.8086,34483360283,-0.024691
2022-08-31,BTC-USD,19799.582,20420.9902,19799.582,20049.7637,20049.7637,33225232872,0.012778
2022-09-01,BTC-USD,20050.498,20198.3906,19653.9688,20127.1406,20127.1406,30182031010,0.003859
2022-09-02,BTC-USD,20126.0723,20401.5684,19814.7656,19969.7715,19969.7715,29123998928,-0.007819
2022-09-03,BTC-USD,19969.7188,20037.0098,19698.3555,19832.0879,19832.0879,23613051457,-0.006895
2022-09-04,BTC-USD,19832.4707,19999.6895,19636.8164,19986.7129,19986.7129,25245861652,0.007797
2022-09-05,BTC-USD,19988.7891,20031.1602,19673.0469,19812.3711,19812.3711,28813460025,-0.008723
2022-09-06,BTC-USD,19817.7246,20155.2695,18800.1719,18837.668,18837.668,43403978910,-0.049197
2022-09-07,BTC-USD,18837.6836,19427.1719,18644.4668,19290.3242,19290.3242,35239757134,0.024029
2022-09-08,BTC-USD,19289.9414,19417.3516,19076.7148,19329.834,19329.834,32194477850,0.002048
2022-09-09,BTC-USD,19328.1406,21439.4102,19310.9629,21381.1523,21381.1523,48469528171,0.106122
2022-09-10,BTC-USD,21376.9121,21760.2754,21168.7227,21680.5391,21680.5391,36913738894,0.014002
2022-09-11,BTC-USD,21678.543,21770.5527,21406.9453,21769.2559,21769.2559,34493951963,0.004092
2022-09-12,BTC-USD,21770.1484,22439.1816,21603.8965,22370.4492,22370.4492,50212088965,0.027617
2022-09-13,BTC-USD,22371.4805,22673.8203,20062.6699,20296.707,20296.707,51091116622,-0.0927
2022-09-14,BTC-USD,20184.5547,20467.2012,19793.3965,20241.0898,20241.0898,37872380889,-0.00274
2022-09-15,BTC-USD,20242.2891,20318.166,19636.7344,19701.2109,19701.2109,36389011503,-0.026672
2022-09-16,BTC-USD,19704.0059,19870.6289,19400.0762,19772.584,19772.584,30123362273,0.003623
2022-09-17,BTC-USD,19777.0332,20162.5312,19777.0332,20127.5762,20127.5762,24957448100,0.017954
2022-09-18,BTC-USD,20127.2344,20127.2344,19387.4922,19419.5059,19419.5059,31254779144,-0.035179
2022-09-19,BTC-USD,19418.5723,19639.4805,18390.3184,19544.1289,19544.1289,40177002624,0.006417
2022-09-20,BTC-USD,19545.5918,19602.457,18813.4551,18890.7891,18890.7891,36791346508,-0.033429
2022-09-21,BTC-USD,18891.2832,19674.6309,18290.3145,18547.4004,18547.4004,46363793975,-0.018178
2022-09-22,BTC-USD,18534.6504,19456.9102,18415.5918,19413.5508,19413.5508,41135767926,0.046699
2022-09-23,BTC-USD,19412.4004,19464.6719,18617.5527,19297.6387,19297.6387,38896078052,-0.005971
2022-09-24,BTC-USD,19296.9902,19310.1973,18861.9746,18937.0117,18937.0117,26149643168,-0.018688
2022-09-25,BTC-USD,18936.3105,19134.7324,18696.4688,18802.0977,18802.0977,23359966112,-0.007124
2022-09-26,BTC-USD,18803.9004,19274.873,18721.2852,19222.6719,19222.6719,44148798321,0.022368
2022-09-27,BTC-USD,19221.8398,20338.4551,18915.668,19110.5469,19110.5469,58571439619,-0.005833
2022-09-28,BTC-USD,19104.6211,19688.3438,18553.2969,19426.7207,19426.7207,53071298734,0.016544
2022-09-29,BTC-USD,19427.7793,19589.2656,18924.3535,19573.0508,19573.0508,41037843771,0.007532
2022-09-30,BTC-USD,19573.4316,20109.8496,19265.6621,19431.7891,19431.7891,43975248085,-0.007217
2022-10-01,BTC-USD,19431.1055,19471.1543,19231.082,19312.0957,19312.0957,18719537670,-0.00616
2022-10-02,BTC-USD,19311.8496,19370.3086,18970.6211,19044.1074,19044.1074,20765955327,-0.013877
2022-10-03,BTC-USD,19044.0684,19653.543,19025.2266,19623.5801,19623.5801,30484729489,0.030428
2022-10-04,BTC-USD,19623.584,20380.3438,19523.8398,20336.8438,20336.8438,35887278685,0.036347
2022-10-05,BTC-USD,20335.9004,20343.748,19801.8008,20160.7168,20160.7168,33223790572,-0.00866
2022-10-06,BTC-USD,20161.0391,20408.3926,19900.0879,19955.4434,19955.4434,34711412966,-0.010182
2022-10-07,BTC-USD,19957.5586,20041.0859,19395.793,19546.8496,19546.8496,29227315390,-0.020475
2022-10-08,BTC-USD,19546.3281,19601.6953,19299.4141,19416.5684,19416.5684,16437423167,-0.006665
2022-10-09,BTC-USD,19417.4785,19542.5391,19349.2598,19446.4258,19446.4258,16837262532,0.001538
2022-10-10,BTC-USD,19446.416,19515.4668,19102.9785,19141.4844,19141.4844,27425022774,-0.015681
2022-10-11,BTC-USD,19139.0,19241.9609,18925.6035,19051.418,19051.418,28711532910,-0.004705
2022-10-12,BTC-USD,19052.6465,19203.1992,19029.7578,19157.4453,19157.4453,24950173846,0.005565
2022-10-13,BTC-USD,19156.9668,19453.3281,18319.8223,19382.9043,19382.9043,44219840004,0.011769
2022-10-14,BTC-USD,19382.5332,19889.1465,19115.4082,19185.6562,19185.6562,38452356727,-0.010176
2022-10-15,BTC-USD,19185.4375,19212.541,19019.25,19067.6348,19067.6348,16192235532,-0.006152
2022-10-16,BTC-USD,19068.9141,19389.6035,19068.9141,19268.0938,19268.0938,17988916650,0.010513
2022-10-17,BTC-USD,19268.5625,19635.8027,19173.334,19550.7578,19550.7578,27472552998,0.01467
2022-10-18,BTC-USD,19550.4668,19666.9941,19144.7695,19334.416,19334.416,30580012344,-0.011066
2022-10-19,BTC-USD,19335.0273,19348.416,19127.6875,19139.5352,19139.5352,22425387184,-0.010079
2022-10-20,BTC-USD,19138.0859,19315.1992,18971.459,19053.7402,19053.7402,24493974420,-0.004483
2022-10-21,BTC-USD,19053.2031,19237.3848,18770.9707,19172.4688,19172.4688,32459287866,0.006231
2022-10-22,BTC-USD,19172.3809,19248.0684,19132.2441,19208.1895,19208.1895,16104440957,0.001863
2022-10-23,BTC-USD,19207.7344,19646.6523,19124.1973,19567.0078,19567.0078,22128794335,0.01868
2022-10-24,BTC-USD,19567.7695,19589.125,19206.3242,19345.5723,19345.5723,30202235805,-0.011317
2022-10-25,BTC-USD,19344.9648,20348.4121,19261.4473,20095.8574,20095.8574,47761524910,0.038783
2022-10-26,BTC-USD,20092.2363,20938.1348,20076.1172,20770.4414,20770.4414,58895950537,0.033568
2022-10-27,BTC-USD,20772.8027,20854.0449,20255.373,20285.8359,20285.8359,49625110402,-0.023331
2022-10-28,BTC-USD,20287.957,20724.9805,20086.0684,20595.3516,20595.3516,43994715910,0.015258
2022-10-29,BTC-USD,20595.1035,20988.3945,20566.4844,20818.4766,20818.4766,40369840645,0.010834
2022-10-30,BTC-USD,20817.9824,20917.0059,20547.4629,20635.6035,20635.6035,31486345556,-0.008784
2022-10-31,BTC-USD,20633.6953,20795.3203,20287.459,20495.7734,20495.7734,45668466815,-0.006776
2022-11-01,BTC-USD,20494.8984,20647.2891,20359.8457,20485.2734,20485.2734,39819303159,-0.000512
2022-11-02,BTC-USD,20482.959,20742.8105,20087.1348,20159.5039,20159.5039,55552169483,-0.015903
2022-11-03,BTC-USD,20162.6895,20382.0957,20086.2402,20209.9883,20209.9883,43228750179,0.002504
2022-11-04,BTC-USD,20208.7695,21209.5605,20188.0195,21147.2305,21147.2305,64072727950,0.046375
2022-11-05,BTC-USD,21144.832,21446.8867,21097.6348,21282.6914,21282.6914,37846047609,0.006406
2022-11-06,BTC-USD,21285.0566,21345.377,20920.1914,20926.4863,20926.4863,35082693210,-0.016737
2022-11-07,BTC-USD,20924.6211,21053.2461,20489.9727,20602.8164,20602.8164,53510852236,-0.015467
2022-11-08,BTC-USD,20600.6719,20664.6074,17603.5449,18541.2715,18541.2715,118992465607,-0.100061
2022-11-09,BTC-USD,18543.7617,18590.459,15682.6924,15880.7803,15880.7803,102905151606,-0.14349
2022-11-10,BTC-USD,15883.1582,18054.3125,15834.0186,17586.7715,17586.7715,83202283721,0.107425
2022-11-11,BTC-USD,17583.252,17650.9434,16543.4824,17034.293,17034.293,55871616488,-0.031414
2022-11-12,BTC-USD,17036.875,17066.6758,16651.7754,16799.1855,16799.1855,29717699419,-0.013802
2022-11-13,BTC-USD,16799.7227,16920.7656,16320.6348,16353.3652,16353.3652,27209183682,-0.026538
2022-11-14,BTC-USD,16352.0283,17109.3242,15872.9414,16618.1992,16618.1992,49630243054,0.016194
2022-11-15,BTC-USD,16617.4844,17051.9629,16542.5508,16884.6133,16884.6133,36599436183,0.016031
2022-11-16,BTC-USD,16884.3418,16960.2949,16430.1113,16669.4395,16669.4395,33925512989,-0.012744
2022-11-17,BTC-USD,16670.4258,16726.4395,16460.6836,16687.5176,16687.5176,27868914022,0.001085
2022-11-18,BTC-USD,16687.9121,16947.0586,16564.6113,16697.7773,16697.7773,26862218609,0.000615
2022-11-19,BTC-USD,16696.2207,16797.877,16570.4102,16711.5469,16711.5469,16106223492,0.000825
2022-11-20,BTC-USD,16712.9199,16746.7793,16248.6924,16291.832,16291.832,21313378652,-0.025115
2022-11-21,BTC-USD,16291.2236,16291.2236,15599.0469,15787.2842,15787.2842,37429485518,-0.030969
2022-11-22,BTC-USD,15782.3008,16253.0479,15656.6064,16189.7695,16189.7695,30726828760,0.025494
2022-11-23,BTC-USD,16195.5889,16638.1934,16170.5029,16610.707,16610.707,32958875628,0.026
2022-11-24,BTC-USD,16611.6367,16771.4746,16501.7676,16604.4648,16604.4648,26129037414,-0.000376
2022-11-25,BTC-USD,16602.2695,16603.3164,16388.4043,16521.8418,16521.8418,18678255976,-0.004976
2022-11-26,BTC-USD,16521.5762,16666.8633,16416.2285,16464.2812,16464.2812,18000008764,-0.003484
2022-11-27,BTC-USD,16463.8828,16594.4062,16437.0254,16444.627,16444.627,20443898509,-0.001194
2022-11-28,BTC-USD,16440.2227,16482.9336,16054.5303,16217.3223,16217.3223,27743025156,-0.013822
2022-11-29,BTC-USD,16217.6396,16522.2578,16139.3965,16444.9824,16444.9824,23581685468,0.014038
2022-11-30,BTC-USD,16445.4766,17190.9375,16445.4766,17168.5664,17168.5664,29523576583,0.044
2022-12-01,BTC-USD,17168.002,17197.498,16888.3887,16967.1328,16967.1328,22895392882,-0.011733
2022-12-02,BTC-USD,16968.6836,17088.6602,16877.8809,17088.6602,17088.6602,19539705127,0.007163
2022-12-03,BTC-USD,17090.0977,17116.041,16888.1406,16908.2363,16908.2363,16217776704,-0.010558
2022-12-04,BTC-USD,16908.1699,17157.7676,16903.4395,17130.4863,17130.4863,16824520830,0.013144
2022-12-05,BTC-USD,17128.8945,17378.1523,16922.4316,16974.8262,16974.8262,22209086834,-0.009087
2022-12-06,BTC-USD,16975.2383,17091.8633,16939.9219,17089.5039,17089.5039,19889922369,0.006756
2022-12-07,BTC-USD,17089.5059,17109.377,16750.5586,16848.127,16848.127,19675404389,-0.014124
2022-12-08,BTC-USD,16847.3496,17267.916,16788.7832,17233.4746,17233.4746,20496603770,0.022872
2022-12-09,BTC-USD,17232.1484,17280.5469,17100.8359,17133.1523,17133.1523,20328426366,-0.005821
2022-12-10,BTC-USD,17134.2207,17216.8262,17120.6836,17128.7246,17128.7246,12706781969,-0.000258
2022-12-11,BTC-USD,17129.7109,17245.6348,17091.8203,17104.1934,17104.1934,14122486832,-0.001432
2022-12-12,BTC-USD,17102.5,17212.5645,16899.3945,17206.4375,17206.4375,19617581341,0.005978
2022-12-13,BTC-USD,17206.4414,17930.0859,17111.7637,17781.3184,17781.3184,26634741631,0.033411
2022-12-14,BTC-USD,17782.0664,18318.5312,17739.5137,17815.6504,17815.6504,25534481470,0.001931
2022-12-15,BTC-USD,17813.6445,17846.7441,17322.5898,17364.8652,17364.8652,20964448341,-0.025303
2022-12-16,BTC-USD,17364.5469,17505.5254,16584.7012,16647.4844,16647.4844,24031608960,-0.041312
2022-12-17,BTC-USD,16646.9824,16800.5898,16614.0293,16795.0918,16795.0918,14463581825,0.008867
2022-12-18,BTC-USD,16795.6094,16815.3867,16697.8203,16757.9766,16757.9766,10924354698,-0.00221
2022-12-19,BTC-USD,16759.041,16807.5273,16398.1367,16439.6797,16439.6797,17221074814,-0.018994
2022-12-20,BTC-USD,16441.7871,17012.9844,16427.8672,16906.3047,16906.3047,22722096615,0.028384
2022-12-21,BTC-USD,16904.5273,16916.8008,16755.9121,16817.5352,16817.5352,14882945045,-0.005251
2022-12-22,BTC-USD,16818.3809,16866.6738,16592.4082,16830.3418,16830.3418,16441573050,0.000762
2022-12-23,BTC-USD,16829.6445,16905.2188,16794.459,16796.9531,16796.9531,15329265213,-0.001984
2022-12-24,BTC-USD,16796.9766,16864.7031,16793.5273,16847.7559,16847.7559,9744636213,0.003025
2022-12-25,BTC-USD,16847.5059,16860.5547,16755.2539,16841.9863,16841.9863,11656379938,-0.000342
2022-12-26,BTC-USD,16842.25,16920.123,16812.3691,16919.8047,16919.8047,11886957804,0.00462
2022-12-27,BTC-USD,16919.291,16959.8457,16642.0723,16717.1738,16717.1738,15748580239,-0.011976
2022-12-28,BTC-USD,16716.4004,16768.1699,16497.5566,16552.5723,16552.5723,17005713920,-0.009846
2022-12-29,BTC-USD,16552.3223,16651.7559,16508.6836,16642.3418,16642.3418,14472237479,0.005423
2022-12-30,BTC-USD,16641.3301,16643.4277,16408.4746,16602.5859,16602.5859,15929162910,-0.002389
2022-12-31,BTC-USD,16603.6738,16628.9863,16517.5195,16547.4961,16547.4961,11239186456,-0.003318
2023-01-01,BTC-USD,16547.9141,16630.4395,16521.2344,16625.0801,16625.0801,9244361700,0.004689
2023-01-02,BTC-USD,16625.5098,16759.3438,16572.2285,16688.4707,16688.4707,12097775227,0.003813
2023-01-03,BTC-USD,16688.8477,16760.4473,16622.3711,16679.8574,16679.8574,13903079207,-0.000516
2023-01-04,BTC-USD,16680.2051,16964.5859,16667.7637,16863.2383,16863.2383,18421743322,0.010994
2023-01-05,BTC-USD,16863.4727,16884.0215,16790.2832,16836.7363,16836.7363,13692758566,-0.001572
2023-01-06,BTC-USD,16836.4727,16991.9941,16716.4219,16951.9688,16951.9688,14413662913,0.006844
2023-01-07,BTC-USD,16952.1172,16975.0176,16914.1914,16955.0781,16955.0781,7714767174,0.000183
2023-01-08,BTC-USD,16954.1465,17091.1445,16924.0508,17091.1445,17091.1445,9768827914,0.008025
2023-01-09,BTC-USD,17093.9922,17389.957,17093.9922,17196.5547,17196.5547,18624736866,0.006168
2023-01-10,BTC-USD,17192.9492,17484.7207,17162.9902,17446.293,17446.293,15808338949,0.014523
2023-01-11,BTC-USD,17446.3594,17934.8965,17337.9941,17934.8965,17934.8965,18372283782,0.028006
2023-01-12,BTC-USD,18117.5938,19030.0879,17995.2031,18869.5879,18869.5879,34971338710,0.052116
2023-01-13,BTC-USD,18868.9062,19964.3223,18753.1641,19909.5742,19909.5742,29225029694,0.055114
2023-01-14,BTC-USD,19910.5371,21075.1426,19907.8281,20976.2988,20976.2988,38967784639,0.053578
2023-01-15,BTC-USD,20977.4844,20993.748,20606.9863,20880.7988,20880.7988,19298407543,-0.004553
2023-01-16,BTC-USD,20882.2246,21360.875,20715.7461,21169.6328,21169.6328,26792494050,0.013833
2023-01-17,BTC-USD,21175.834,21438.6602,20978.5332,21161.5195,21161.5195,24999983362,-0.000383
2023-01-18,BTC-USD,21161.0508,21564.502,20541.5449,20688.7812,20688.7812,30005625418,-0.02234
2023-01-19,BTC-USD,20686.7461,21163.0117,20685.3809,21086.793,21086.793,21152848261,0.019238
2023-01-20,BTC-USD,21085.373,22692.3574,20919.127,22676.5527,22676.5527,28799154319,0.075391
2023-01-21,BTC-USD,22677.4277,23282.3477,22511.834,22777.625,22777.625,32442278429,0.004457
2023-01-22,BTC-USD,22777.9863,23056.7305,22387.9004,22720.416,22720.416,24746386230,-0.002512
2023-01-23,BTC-USD,22721.0879,23126.4863,22654.3047,22934.4316,22934.4316,26518700512,0.00942
2023-01-24,BTC-USD,22929.627,23134.0117,22549.7441,22636.4688,22636.4688,26405069715,-0.012992
2023-01-25,BTC-USD,22639.2676,23722.0996,22406.0762,23117.8594,23117.8594,30685366709,0.021266
2023-01-26,BTC-USD,23108.9551,23237.0781,22911.373,23032.7773,23032.7773,26357839322,-0.00368
2023-01-27,BTC-USD,23030.7168,23417.7207,22654.5938,23078.7285,23078.7285,25383335641,0.001995
2023-01-28,BTC-USD,23079.9648,23165.8965,22908.8457,23031.0898,23031.0898,14712928379,-0.002064
2023-01-29,BTC-USD,23031.4492,23919.8906,22985.0703,23774.5664,23774.5664,27423687259,0.032281
2023-01-30,BTC-USD,23774.6484,23789.3477,22657.582,22840.1387,22840.1387,27205595568,-0.039304
2023-01-31,BTC-USD,22840.7969,23225.0215,22765.5684,23139.2832,23139.2832,22837828665,0.013097
2023-02-01,BTC-USD,23137.8359,23764.5391,22877.75,23723.7695,23723.7695,26683255504,0.025259
2023-02-02,BTC-USD,23720.8242,24167.2109,23468.5957,23471.8711,23471.8711,32066936882,-0.010618
2023-02-03,BTC-USD,23469.4121,23678.1035,23279.9551,23449.3223,23449.3223,27083066007,-0.000961
2023-02-04,BTC-USD,23446.3203,23556.9492,23291.7949,23331.8477,23331.8477,15639298538,-0.00501
2023-02-05,BTC-USD,23332.248,23423.4355,22841.7598,22955.666,22955.666,19564262605,-0.016123
2023-02-06,BTC-USD,22954.0215,23119.2793,22692.0254,22760.1094,22760.1094,23825006542,-0.008519
2023-02-07,BTC-USD,22757.2676,23310.9746,22756.2578,23264.291,23264.291,27187964471,0.022152
2023-02-08,BTC-USD,23263.416,23367.959,22731.0977,22939.3984,22939.3984,25371367758,-0.013965
2023-02-09,BTC-USD,22946.5664,22996.4375,21773.9746,21819.0391,21819.0391,32572572185,-0.04884
2023-02-10,BTC-USD,21819.0059,21941.1855,21539.3926,21651.1836,21651.1836,27078406594,-0.007693
2023-02-11,BTC-USD,21651.8418,21891.4102,21618.4492,21870.875,21870.875,16356226232,0.010147
2023-02-12,BTC-USD,21870.9023,22060.9941,21682.8281,21788.2031,21788.2031,17821046406,-0.00378
2023-02-13,BTC-USD,21787.0,21898.4141,21460.0879,21808.1016,21808.1016,23918742607,0.000913
2023-02-14,BTC-USD,21801.8223,22293.1406,21632.3945,22220.8047,22220.8047,26792596581,0.018924
2023-02-15,BTC-USD,22220.5859,24307.8418,22082.7695,24307.8418,24307.8418,32483312909,0.093923
2023-02-16,BTC-USD,24307.3496,25134.1172,23602.5234,23623.4746,23623.4746,39316664596,-0.028154
2023-02-17,BTC-USD,23621.2832,24924.041,23460.7559,24565.6016,24565.6016,41358451255,0.039881
2023-02-18,BTC-USD,24565.2969,24798.8359,24468.373,24641.2773,24641.2773,19625427158,0.003081
2023-02-19,BTC-USD,24640.0273,25093.0547,24327.6426,24327.6426,24327.6426,25555105670,-0.012728
2023-02-20,BTC-USD,24336.623,25020.459,23927.9102,24829.1484,24829.1484,28987376573,0.020615
2023-02-21,BTC-USD,24833.0488,25126.8516,24200.3633,24436.3535,24436.3535,31252098714,-0.01582
2023-02-22,BTC-USD,24437.418,24472.3398,23644.3184,24188.8438,24188.8438,30199996781,-0.010129
2023-02-23,BTC-USD,24190.7188,24572.0898,23693.9199,23947.4922,23947.4922,30476264066,-0.009978
2023-02-24,BTC-USD,23946.0078,24103.7051,23007.0723,23198.127,23198.127,26811744928,-0.031292
2023-02-25,BTC-USD,23200.125,23210.2109,22861.5586,23175.375,23175.375,16100721565,-0.000981
2023-02-26,BTC-USD,23174.1504,23654.3672,23084.2207,23561.2129,23561.2129,16644534842,0.016649
2023-02-27,BTC-USD,23561.4512,23857.8906,23205.8789,23522.8711,23522.8711,22660763494,-0.001627
2023-02-28,BTC-USD,23521.8379,23585.3848,23077.6504,23147.3535,23147.3535,20535363434,-0.015964
2023-03-01,BTC-USD,23150.9297,23880.6328,23088.627,23646.5508,23646.5508,24662841200,0.021566
2023-03-02,BTC-USD,23647.0195,23739.1387,23245.0215,23475.4668,23475.4668,20386398516,-0.007235
2023-03-03,BTC-USD,23476.6328,23479.3477,22213.2383,22362.6797,22362.6797,26062404610,-0.047402
2023-03-04,BTC-USD,22362.9238,22405.1777,22198.9805,22353.3496,22353.3496,11166012913,-0.000417
2023-03-05,BTC-USD,22354.1445,22613.6855,22307.1426,22435.5137,22435.5137,13317001733,0.003676
2023-03-06,BTC-USD,22436.8164,22584.293,22331.3145,22429.7578,22429.7578,17353192895,-0.000257
2023-03-07,BTC-USD,22428.3223,22527.418,22011.2617,22219.7695,22219.7695,22765452204,-0.009362
2023-03-08,BTC-USD,22216.4414,22268.8965,21708.0508,21718.0801,21718.0801,22536575684,-0.022579
2023-03-09,BTC-USD,21720.0801,21802.7168,20210.3066,20363.0215,20363.0215,30364664171,-0.062393
2023-03-10,BTC-USD,20367.002,20370.5957,19628.2539,20187.2441,20187.2441,39578257695,-0.008632
2023-03-11,BTC-USD,20187.877,20792.5254,20068.6602,20632.4102,20632.4102,30180288176,0.022052
2023-03-12,BTC-USD,20628.0293,22185.0312,20448.8066,22163.9492,22163.9492,29279035521,0.07423
2023-03-13,BTC-USD,22156.4062,24550.8379,21918.1992,24197.5332,24197.5332,49466362688,0.091752
2023-03-14,BTC-USD,24201.7656,26514.7168,24081.1836,24746.0742,24746.0742,54622230164,0.022669
2023-03-15,BTC-USD,24770.9258,25240.6152,23964.9102,24375.9609,24375.9609,43655701450,-0.014956
2023-03-16,BTC-USD,24373.457,25190.3262,24225.1113,25052.7891,25052.7891,33866061747,0.027766
2023-03-17,BTC-USD,25055.123,27787.8125,24955.1699,27423.9297,27423.9297,50730261335,0.094646
2023-03-18,BTC-USD,27448.1172,27725.9531,26636.2617,26965.8789,26965.8789,35723036817,-0.016703
2023-03-19,BTC-USD,26969.5039,28440.5605,26907.7168,28038.6758,28038.6758,37769448859,0.039783
2023-03-20,BTC-USD,28041.6016,28527.7246,27242.8809,27767.2363,27767.2363,44774027664,-0.009681
2023-03-21,BTC-USD,27768.3926,28439.5625,27439.6465,28175.8164,28175.8164,36102192830,0.014714
2023-03-22,BTC-USD,28158.7207,28803.3359,26759.9961,27307.4375,27307.4375,33382021890,-0.03082
2023-03-23,BTC-USD,27301.957,28729.8438,27183.3633,28333.9727,28333.9727,24220433689,0.037592
2023-03-24,BTC-USD,28324.1113,28388.4375,27039.2656,27493.2852,27493.2852,25980310960,-0.029671
2023-03-25,BTC-USD,27487.3379,27791.8262,27196.2344,27494.707,27494.707,13383005987,5.2e-05
2023-03-26,BTC-USD,27495.5234,28178.1445,27445.0469,27994.3301,27994.3301,13878363192,0.018172
2023-03-27,BTC-USD,27994.0684,28037.9258,26606.6895,27139.8887,27139.8887,18188895178,-0.030522
2023-03-28,BTC-USD,27132.8887,27460.7188,26677.8184,27268.1309,27268.1309,17783600385,0.004725
2023-03-29,BTC-USD,27267.0312,28619.543,27259.6621,28348.4414,28348.4414,20684945906,0.039618
2023-03-30,BTC-USD,28350.1406,29159.9023,27720.1602,28033.5625,28033.5625,22435349951,-0.011107
2023-03-31,BTC-USD,28032.2617,28639.8965,27583.7148,28478.4844,28478.4844,19001327598,0.015871
2023-04-01,BTC-USD,28473.332,28802.457,28297.1719,28411.0352,28411.0352,10876469901,-0.002368
2023-04-02,BTC-USD,28462.8457,28518.959,27884.0879,28199.3086,28199.3086,12284641999,-0.007452
2023-04-03,BTC-USD,28183.0801,28475.623,27276.7207,27790.2207,27790.2207,19556501327,-0.014507
2023-04-04,BTC-USD,27795.2734,28433.7422,27681.3047,28168.0898,28168.0898,15284538859,0.013597
2023-04-05,BTC-USD,28169.7266,28739.2383,27843.7637,28177.9844,28177.9844,17052315986,0.000351
2023-04-06,BTC-USD,28175.2266,28178.3848,27738.7598,28044.1406,28044.1406,13837809380,-0.00475
2023-04-07,BTC-USD,28038.9668,28111.5938,27794.0312,27925.8594,27925.8594,10861680497,-0.004218
2023-04-08,BTC-USD,27920.5137,28159.8633,27883.3867,27947.7949,27947.7949,9373255556,0.000785
2023-04-09,BTC-USD,27952.3672,28532.8301,27828.4805,28333.0508,28333.0508,12175322951,0.013785
2023-04-10,BTC-USD,28336.0273,29771.4648,28189.2715,29652.9805,29652.9805,19282400094,0.046586
2023-04-11,BTC-USD,29653.6797,30509.084,29609.3008,30235.0586,30235.0586,20121259843,0.01963
2023-04-12,BTC-USD,30231.582,30462.4805,29725.5742,30139.0527,30139.0527,18651929926,-0.003175
2023-04-13,BTC-USD,29892.7402,30539.8457,29878.623,30399.0664,30399.0664,17487721001,0.008627
2023-04-14,BTC-USD,30409.5625,31005.6074,30044.498,30485.6992,30485.6992,22659995079,0.00285
2023-04-15,BTC-USD,30490.75,30601.7402,30245.8828,30318.4961,30318.4961,11940685378,-0.005485
2023-04-16,BTC-USD,30315.9766,30555.5371,30157.832,30315.3555,30315.3555,12854816417,-0.000104
2023-04-17,BTC-USD,30317.1465,30319.1973,29275.3711,29445.0449,29445.0449,17872186762,-0.028709
2023-04-18,BTC-USD,29449.0918,30470.3027,29154.8496,30397.5527,30397.5527,19480529496,0.032349
2023-04-19,BTC-USD,30394.1875,30411.0547,28669.8984,28822.6797,28822.6797,24571565421,-0.051809
2023-04-20,BTC-USD,28823.6836,29076.4004,28037.2578,28245.9883,28245.9883,21340360360,-0.020008
2023-04-21,BTC-USD,28249.2305,28349.9688,27177.3652,27276.9102,27276.9102,20759504330,-0.034309
2023-04-22,BTC-USD,27265.8945,27872.1426,27169.5703,27817.5,27817.5,13125734602,0.019819
2023-04-23,BTC-USD,27816.1445,27820.2441,27400.3145,27591.3848,27591.3848,12785446832,-0.008129
2023-04-24,BTC-USD,27591.7305,27979.9824,27070.8496,27525.3398,27525.3398,17703288330,-0.002394
2023-04-25,BTC-USD,27514.873,28371.0781,27207.9316,28307.5977,28307.5977,17733373139,0.02842
2023-04-26,BTC-USD,28300.0586,29995.8379,27324.5488,28422.7012,28422.7012,31854242019,0.004066
2023-04-27,BTC-USD,28428.4648,29871.5469,28402.8867,29473.7871,29473.7871,27153445027,0.036981
2023-04-28,BTC-USD,29481.0137,29572.791,28929.6094,29340.2617,29340.2617,17544464887,-0.00453
2023-04-29,BTC-USD,29336.5664,29452.4551,29088.043,29248.4883,29248.4883,10662634333,-0.003128
2023-04-30,BTC-USD,29245.5156,29952.0293,29114.0215,29268.8066,29268.8066,14652199272,0.000695
2023-05-01,BTC-USD,29227.1035,29329.9355,27680.793,28091.5684,28091.5684,18655599976,-0.040222
2023-05-02,BTC-USD,28087.1758,28881.2988,27924.123,28680.5371,28680.5371,16432924527,0.020966
2023-05-03,BTC-USD,28680.4941,29259.5332,28178.3887,29006.3086,29006.3086,19122972518,0.011359
2023-05-04,BTC-USD,29031.3047,29353.1855,28694.0391,28847.7109,28847.7109,15548678514,-0.005468
2023-05-05,BTC-USD,28851.4805,29668.9082,28845.5098,29534.3848,29534.3848,17936566518,0.023803
2023-05-06,BTC-USD,29538.8594,29820.127,28468.9668,28904.623,28904.623,15913866714,-0.021323
2023-05-07,BTC-USD,28901.623,29157.5176,28441.3672,28454.9785,28454.9785,11301355486,-0.015556
2023-05-08,BTC-USD,28450.457,28663.2715,27310.1348,27694.2734,27694.2734,19122903752,-0.026734
2023-05-09,BTC-USD,27695.0684,27821.4004,27375.6016,27658.7754,27658.7754,14128593256,-0.001282
2023-05-10,BTC-USD,27654.6367,28322.6875,26883.6699,27621.7559,27621.7559,20656025026,-0.001338
2023-05-11,BTC-USD,27621.0859,27621.9414,26781.8262,27000.7891,27000.7891,16724343943,-0.022481
2023-05-12,BTC-USD,26987.6621,27055.6465,25878.4297,26804.9902,26804.9902,19313599897,-0.007252
2023-05-13,BTC-USD,26807.7695,27030.4824,26710.873,26784.0781,26784.0781,9999171605,-0.00078
2023-05-14,BTC-USD,26788.9746,27150.9766,26661.3555,26930.6387,26930.6387,10014858959,0.005472
2023-05-15,BTC-USD,26931.3848,27646.3477,26766.0977,27192.6934,27192.6934,14413231792,0.009731
2023-05-16,BTC-USD,27171.5137,27299.3047,26878.9473,27036.6504,27036.6504,12732238816,-0.005738
2023-05-17,BTC-USD,27035.4707,27465.9277,26600.1445,27398.8027,27398.8027,15140006925,0.013395
2023-05-18,BTC-USD,27401.6504,27466.5273,26415.1016,26832.209,26832.209,15222938600,-0.02068
2023-05-19,BTC-USD,26826.7539,27128.6191,26700.2109,26890.1289,26890.1289,11258983301,0.002159
2023-05-20,BTC-USD,26888.8418,27155.1582,26843.2773,27129.5859,27129.5859,7044911360,0.008905
2023-05-21,BTC-USD,27118.4238,27265.918,26706.9219,26753.8262,26753.8262,8647416921,-0.013851
2023-05-22,BTC-USD,26749.8926,27045.7344,26549.7344,26851.2773,26851.2773,11056770492,0.003643
2023-05-23,BTC-USD,26855.9609,27434.6836,26816.1797,27225.7266,27225.7266,13697203143,0.013945
2023-05-24,BTC-USD,27224.6035,27224.6035,26106.5762,26334.8184,26334.8184,16299104428,-0.032723
2023-05-25,BTC-USD,26329.4609,26591.5195,25890.5938,26476.207,26476.207,13851122697,0.005369
2023-05-26,BTC-USD,26474.1816,26916.6699,26343.9492,26719.291,26719.291,12711619225,0.009181
2023-05-27,BTC-USD,26720.1816,26888.8828,26621.1406,26868.3535,26868.3535,7892015141,0.005579
2023-05-28,BTC-USD,26871.1582,28193.4492,26802.752,28085.6465,28085.6465,14545229578,0.045306
2023-05-29,BTC-USD,28075.5918,28432.0391,27563.877,27745.8848,27745.8848,15181308984,-0.012097
2023-05-30,BTC-USD,27745.123,28044.7598,27588.502,27702.3496,27702.3496,13251081851,-0.001569
2023-05-31,BTC-USD,27700.5293,27831.6777,26866.4531,27219.6582,27219.6582,15656371534,-0.017424
2023-06-01,BTC-USD,27218.4121,27346.1055,26671.7207,26819.9727,26819.9727,14678970415,-0.014684
2023-06-02,BTC-USD,26824.5566,27303.8613,26574.6445,27249.5898,27249.5898,14837415000,0.016019
2023-06-03,BTC-USD,27252.3242,27317.0527,26958.0039,27075.1289,27075.1289,8385597470,-0.006402
2023-06-04,BTC-USD,27075.123,27407.0195,26968.2246,27119.0664,27119.0664,9360912318,0.001623
2023-06-05,BTC-USD,27123.1094,27129.9824,25445.168,25760.0977,25760.0977,21513292646,-0.050111
2023-06-06,BTC-USD,25732.1094,27313.8203,25434.8672,27238.7832,27238.7832,21929670693,0.057402
2023-06-07,BTC-USD,27235.6504,27332.1816,26146.9883,26345.998,26345.998,19530045082,-0.032776
2023-06-08,BTC-USD,26347.6543,26797.5137,26246.6641,26508.2168,26508.2168,11904824295,0.006157
2023-06-09,BTC-USD,26505.9238,26770.2891,26339.3145,26480.375,26480.375,11015551640,-0.00105
2023-06-10,BTC-USD,26481.7617,26531.0449,25501.8359,25851.2402,25851.2402,19872933189,-0.023759
2023-06-11,BTC-USD,25854.0312,26203.4395,25668.9863,25940.168,25940.168,10732609603,0.00344
2023-06-12,BTC-USD,25934.2852,26087.9199,25675.1973,25902.5,25902.5,11677889997,-0.001452
2023-06-13,BTC-USD,25902.9414,26376.3516,25728.3652,25918.7285,25918.7285,14143474486,0.000627
2023-06-14,BTC-USD,25920.2578,26041.8008,24902.1523,25124.6758,25124.6758,14265717766,-0.030636
2023-06-15,BTC-USD,25121.6738,25735.3086,24797.168,25576.3945,25576.3945,15837384409,0.017979
2023-06-16,BTC-USD,25575.2832,26463.1738,25245.3574,26327.4629,26327.4629,16324646965,0.029366
2023-06-17,BTC-USD,26328.6797,26769.3945,26174.4922,26510.6758,26510.6758,11090276850,0.006959
2023-06-18,BTC-USD,26510.457,26675.9258,26325.8906,26336.2129,26336.2129,9565695129,-0.006581
2023-06-19,BTC-USD,26335.4414,26984.6113,26312.832,26851.0293,26851.0293,12826986222,0.019548
2023-06-20,BTC-USD,26841.6641,28388.9688,26668.791,28327.4883,28327.4883,22211859147,0.054987
2023-06-21,BTC-USD,28311.3105,30737.3301,28283.4102,30027.2969,30027.2969,33346760979,0.060006
2023-06-22,BTC-USD,29995.9355,30495.998,29679.1582,29912.2812,29912.2812,20653160491,-0.00383
2023-06-23,BTC-USD,29896.3828,31389.5391,29845.2148,30695.4688,30695.4688,24115570085,0.026183
2023-06-24,BTC-USD,30708.7383,30804.1484,30290.1465,30548.6953,30548.6953,12147822496,-0.004782
2023-06-25,BTC-USD,30545.1504,31041.2715,30327.9434,30480.2617,30480.2617,12703464114,-0.00224
2023-06-26,BTC-USD,30480.5234,30636.0293,29955.7441,30271.1309,30271.1309,16493186997,-0.006861
2023-06-27,BTC-USD,30274.3203,31006.7871,30236.6504,30688.1641,30688.1641,16428827944,0.013777
2023-06-28,BTC-USD,30696.5605,30703.2793,29921.8223,30086.2461,30086.2461,14571500779,-0.019614
2023-06-29,BTC-USD,30086.1875,30796.25,30057.2031,30445.3516,30445.3516,13180860821,0.011936
2023-06-30,BTC-USD,30441.3535,31256.8633,29600.2754,30477.252,30477.252,26387306197,0.001048
2023-07-01,BTC-USD,30471.8477,30641.2891,30328.8652,30590.0781,30590.0781,9086606733,0.003702
2023-07-02,BTC-USD,30587.2695,30766.1406,30264.0195,30620.7695,30620.7695,10533418042,0.001003
2023-07-03,BTC-USD,30624.5156,31375.6133,30586.5137,31156.4395,31156.4395,15271884873,0.017494
2023-07-04,BTC-USD,31156.8652,31325.1973,30659.3555,30777.582,30777.582,12810828427,-0.01216
2023-07-05,BTC-USD,30778.7246,30877.3301,30225.6133,30514.166,30514.166,12481622280,-0.008559
2023-07-06,BTC-USD,30507.1504,31460.0527,29892.2266,29909.3379,29909.3379,21129219509,-0.019821
2023-07-07,BTC-USD,29907.998,30434.6445,29777.2852,30342.2656,30342.2656,13384770155,0.014475
2023-07-08,BTC-USD,30346.9219,30374.4375,30080.1602,30292.541,30292.541,7509378699,-0.001639
2023-07-09,BTC-USD,30291.6113,30427.5898,30085.5918,30171.2344,30171.2344,7903327692,-0.004005
2023-07-10,BTC-USD,30172.4238,31026.084,29985.3945,30414.4707,30414.4707,14828209155,0.008062
2023-07-11,BTC-USD,30417.6328,30788.3145,30358.0977,30620.9512,30620.9512,12151839152,0.006789
2023-07-12,BTC-USD,30622.2461,30959.9648,30228.8359,30391.6465,30391.6465,14805659717,-0.007488
2023-07-13,BTC-USD,30387.4883,31814.5156,30268.3516,31476.0488,31476.0488,23686079548,0.035681
2023-07-14,BTC-USD,31474.7207,31582.2539,29966.3867,30334.0684,30334.0684,20917902660,-0.036281
2023-07-15,BTC-USD,30331.7832,30407.7812,30263.4629,30295.8066,30295.8066,8011667756,-0.001261
2023-07-16,BTC-USD,30297.4727,30437.5605,30089.6699,30249.1328,30249.1328,8516564470,-0.001541
2023-07-17,BTC-USD,30249.627,30336.4004,29685.7832,30145.8887,30145.8887,13240156074,-0.003413
2023-07-18,BTC-USD,30147.0703,30233.6562,29556.4277,29856.5625,29856.5625,13138897269,-0.009598
2023-07-19,BTC-USD,29862.0469,30184.1816,29794.2695,29913.9238,29913.9238,12128602812,0.001921
2023-07-20,BTC-USD,29915.25,30195.5312,29638.0957,29792.0156,29792.0156,14655207121,-0.004075
2023-07-21,BTC-USD,29805.1113,30045.998,29733.8516,29908.7441,29908.7441,10972789818,0.003918
2023-07-22,BTC-USD,29908.6973,29991.6152,29664.1211,29771.8027,29771.8027,7873300598,-0.004579
2023-07-23,BTC-USD,29790.1113,30330.6406,29741.5273,30084.5391,30084.5391,9220145050,0.010504
2023-07-24,BTC-USD,30081.6621,30093.3945,28934.2949,29176.916,29176.916,15395817395,-0.030169
2023-07-25,BTC-USD,29178.9707,29353.1602,29062.4336,29227.3906,29227.3906,10266772793,0.00173
2023-07-26,BTC-USD,29225.7598,29675.5527,29113.9121,29354.9727,29354.9727,13497554655,0.004365
2023-07-27,BTC-USD,29353.7988,29560.9668,29099.3516,29210.6895,29210.6895,10770779217,-0.004915
2023-07-28,BTC-USD,29212.1641,29521.5137,29125.8457,29319.2461,29319.2461,11218474952,0.003716
2023-07-29,BTC-USD,29319.4453,29396.8438,29264.166,29356.918,29356.918,6481775959,0.001285
2023-07-30,BTC-USD,29357.0938,29443.1699,29059.502,29275.3086,29275.3086,8678454527,-0.00278
2023-07-31,BTC-USD,29278.3145,29489.873,29131.5781,29230.1113,29230.1113,11656781982,-0.001544
2023-08-01,BTC-USD,29230.873,29675.7324,28657.0234,29675.7324,29675.7324,18272392391,0.015245
2023-08-02,BTC-USD,29704.1465,29987.998,28946.5098,29151.959,29151.959,19212655598,-0.01765
2023-08-03,BTC-USD,29161.8125,29375.707,28959.4883,29178.6797,29178.6797,12780357746,0.000917
2023-08-04,BTC-USD,29174.3828,29302.0781,28885.3359,29074.0918,29074.0918,12036639988,-0.003584
2023-08-05,BTC-USD,29075.3887,29102.4648,28957.7969,29042.127,29042.127,6598366353,-0.001099
2023-08-06,BTC-USD,29043.7012,29160.8223,28963.834,29041.8555,29041.8555,7269806994,-9e-06
2023-08-07,BTC-USD,29038.5137,29244.2812,28724.1406,29180.5781,29180.5781,13618163710,0.004777
2023-08-08,BTC-USD,29180.0195,30176.7969,29113.8145,29765.4922,29765.4922,17570561357,0.020045
2023-08-09,BTC-USD,29766.6953,30093.4355,29376.8008,29561.4941,29561.4941,18379521213,-0.006854
2023-08-10,BTC-USD,29563.9727,29688.5645,29354.4473,29429.5918,29429.5918,11865344789,-0.004462
2023-08-11,BTC-USD,29424.9023,29517.7734,29253.5176,29397.7148,29397.7148,10195168197,-0.001083
2023-08-12,BTC-USD,29399.7871,29465.1133,29357.5879,29415.9648,29415.9648,6194358008,0.000621
2023-08-13,BTC-USD,29416.5938,29441.4336,29265.8066,29282.9141,29282.9141,7329897180,-0.004523
2023-08-14,BTC-USD,29283.2637,29660.2539,29124.1055,29408.4434,29408.4434,14013695304,0.004287
2023-08-15,BTC-USD,29408.0488,29439.1211,29088.8535,29170.3477,29170.3477,12640195779,-0.008096
2023-08-16,BTC-USD,29169.0742,29221.9766,28701.7793,28701.7793,28701.7793,14949271904,-0.016063
2023-08-17,BTC-USD,28699.8027,28745.9473,25409.1113,26664.5508,26664.5508,31120851211,-0.070979
2023-08-18,BTC-USD,26636.0781,26808.1953,25668.9219,26049.5566,26049.5566,24026236529,-0.023064
2023-08-19,BTC-USD,26047.832,26249.4492,25802.4082,26096.2051,26096.2051,10631443812,0.001791
2023-08-20,BTC-USD,26096.8613,26260.6816,26004.3145,26189.584,26189.584,9036580420,0.003578
2023-08-21,BTC-USD,26188.6914,26220.2012,25846.0879,26124.1406,26124.1406,13371557893,-0.002499
2023-08-22,BTC-USD,26130.748,26135.5078,25520.7285,26031.6562,26031.6562,14503820706,-0.00354
2023-08-23,BTC-USD,26040.4746,26786.8984,25804.998,26431.6406,26431.6406,16985265785,0.015365
2023-08-24,BTC-USD,26431.5195,26554.9102,25914.9258,26162.373,26162.373,12871532023,-0.010187
2023-08-25,BTC-USD,26163.6797,26248.1035,25786.8125,26047.668,26047.668,12406045118,-0.004384
2023-08-26,BTC-USD,26047.2344,26107.3848,25983.8789,26008.4629,26008.4629,6034817316,-0.001505
2023-08-27,BTC-USD,26008.2422,26165.373,25965.0977,26089.6934,26089.6934,6913768611,0.003123
2023-08-28,BTC-USD,26089.6152,26198.5781,25880.5996,26106.1504,26106.1504,11002805166,0.000631
2023-08-29,BTC-USD,26102.4863,28089.3379,25912.6289,27727.3926,27727.3926,29368391712,0.062102
2023-08-30,BTC-USD,27726.084,27760.1602,27069.207,27297.2656,27297.2656,16343655235,-0.015513
2023-08-31,BTC-USD,27301.9297,27456.0781,25752.9297,25931.4727,25931.4727,20181001451,-0.050034
2023-09-01,BTC-USD,25934.0215,26125.8691,25362.6094,25800.7246,25800.7246,17202862221,-0.005042
2023-09-02,BTC-USD,25800.9102,25970.2852,25753.0938,25868.7988,25868.7988,10100387473,0.002638
2023-09-03,BTC-USD,25869.4727,26087.1484,25817.0312,25969.5664,25969.5664,8962524523,0.003895
2023-09-04,BTC-USD,25968.1699,26081.5254,25657.0254,25812.416,25812.416,10680635106,-0.006051
2023-09-05,BTC-USD,25814.957,25858.375,25589.9883,25779.9824,25779.9824,11094740040,-0.001257
2023-09-06,BTC-USD,25783.9316,25953.0156,25404.3594,25753.2363,25753.2363,12752705327,-0.001037
2023-09-07,BTC-USD,25748.3125,26409.3027,25608.2012,26240.1953,26240.1953,11088307100,0.018909
2023-09-08,BTC-USD,26245.209,26414.0059,25677.4805,25905.6543,25905.6543,10817356400,-0.012749
2023-09-09,BTC-USD,25905.4258,25921.9766,25810.4941,25895.6777,25895.6777,5481314132,-0.000385
2023-09-10,BTC-USD,25895.2109,25978.1309,25640.2617,25832.2266,25832.2266,7899553047,-0.00245
2023-09-11,BTC-USD,25831.7148,25883.9473,24930.2969,25162.6543,25162.6543,14600006467,-0.02592
2023-09-12,BTC-USD,25160.6582,26451.9395,25133.0781,25833.3438,25833.3438,18657279324,0.026654
2023-09-13,BTC-USD,25837.5547,26376.1133,25781.123,26228.3242,26228.3242,13072077070,0.01529
2023-09-14,BTC-USD,26228.2773,26774.623,26171.4512,26539.6738,26539.6738,13811359124,0.011871
2023-09-15,BTC-USD,26533.8184,26840.498,26240.7012,26608.6934,26608.6934,11479735788,0.002601
2023-09-16,BTC-USD,26606.1992,26754.7695,26473.8906,26568.2812,26568.2812,7402031417,-0.001519
2023-09-17,BTC-USD,26567.9277,26617.998,26445.0742,26534.1875,26534.1875,6774210670,-0.001283
2023-09-18,BTC-USD,26532.9941,27414.7344,26415.5156,26754.2812,26754.2812,15615339655,0.008295
2023-09-19,BTC-USD,26760.8516,27488.7637,26681.6055,27211.1172,27211.1172,13807690550,0.017075
2023-09-20,BTC-USD,27210.2285,27379.5059,26864.082,27132.0078,27132.0078,13281116604,-0.002907
2023-09-21,BTC-USD,27129.8398,27152.9395,26389.3008,26567.6328,26567.6328,13371443708,-0.020801
2023-09-22,BTC-USD,26564.0566,26726.0781,26495.5332,26579.5684,26579.5684,10578746709,0.000449
2023-09-23,BTC-USD,26578.5566,26634.1855,26520.5195,26579.3906,26579.3906,7404700301,-7e-06
2023-09-24,BTC-USD,26579.373,26716.0586,26221.0508,26256.8262,26256.8262,8192867686,-0.012136
2023-09-25,BTC-USD,26253.7754,26421.5078,26011.4688,26298.4805,26298.4805,11997833257,0.001586
2023-09-26,BTC-USD,26294.7578,26389.8848,26090.7129,26217.25,26217.25,9985498161,-0.003089
2023-09-27,BTC-USD,26209.498,26817.8418,26111.4648,26352.7168,26352.7168,11718380997,0.005167
2023-09-28,BTC-USD,26355.8125,27259.5,26327.3223,27021.5469,27021.5469,14079002707,0.02538
2023-09-29,BTC-USD,27024.8418,27225.9375,26721.7637,26911.7207,26911.7207,10396435377,-0.004064
2023-09-30,BTC-USD,26911.6895,27091.7949,26888.9688,26967.916,26967.916,5331172801,0.002088
2023-10-01,BTC-USD,26967.3965,28047.2383,26965.0938,27983.75,27983.75,9503917434,0.037668
2023-10-02,BTC-USD,27976.7988,28494.459,27347.7871,27530.7852,27530.7852,19793041322,-0.016187
2023-10-03,BTC-USD,27508.252,27667.1914,27216.002,27429.9785,27429.9785,11407814187,-0.003662
2023-10-04,BTC-USD,27429.0742,27826.6582,27248.1055,27799.3945,27799.3945,11143355314,0.013468
2023-10-05,BTC-USD,27798.6465,28091.8613,27375.6016,27415.9121,27415.9121,11877253670,-0.013795
2023-10-06,BTC-USD,27412.123,28252.5371,27215.5527,27946.5977,27946.5977,13492391599,0.019357
2023-10-07,BTC-USD,27946.7812,28028.0918,27870.4238,27968.8398,27968.8398,6553044316,0.000796
2023-10-08,BTC-USD,27971.6777,28102.1699,27740.6621,27935.0898,27935.0898,7916875290,-0.001207
2023-10-09,BTC-USD,27934.4727,27989.4707,27302.5625,27583.6777,27583.6777,12007668568,-0.01258
2023-10-10,BTC-USD,27589.2012,27715.8477,27301.6543,27391.0195,27391.0195,9973350678,-0.006985
2023-10-11,BTC-USD,27392.0762,27474.1152,26561.0996,26873.3203,26873.3203,13648094333,-0.0189
2023-10-12,BTC-USD,26873.293,26921.4395,26558.3203,26756.7988,26756.7988,9392909295,-0.004336
2023-10-13,BTC-USD,26752.8789,27092.6973,26686.3223,26862.375,26862.375,15165312851,0.003946
2023-10-14,BTC-USD,26866.2031,26969.0,26814.5859,26861.707,26861.707,5388116782,-2.5e-05
2023-10-15,BTC-USD,26858.0117,27289.1699,26817.8945,27159.6523,27159.6523,7098201980,0.011092
2023-10-16,BTC-USD,27162.6289,29448.1387,27130.4727,28519.4668,28519.4668,27833876539,0.050067
2023-10-17,BTC-USD,28522.0977,28618.752,28110.1855,28415.748,28415.748,14872527508,-0.003637
2023-10-18,BTC-USD,28413.5312,28889.0098,28174.252,28328.3418,28328.3418,12724128586,-0.003076
2023-10-19,BTC-USD,28332.416,28892.4746,28177.9883,28719.8066,28719.8066,14448058195,0.013819
2023-10-20,BTC-USD,28732.8125,30104.0859,28601.6699,29682.9492,29682.9492,21536125230,0.033536
2023-10-21,BTC-USD,29683.3809,30287.4824,29481.752,29918.4121,29918.4121,11541146996,0.007933
2023-10-22,BTC-USD,29918.6543,30199.4336,29720.3125,29993.8965,29993.8965,10446520040,0.002523
2023-10-23,BTC-USD,30140.6855,34370.4375,30097.8281,33086.2344,33086.2344,38363572311,0.103099
2023-10-24,BTC-USD,33077.3047,35150.4336,32880.7617,33901.5273,33901.5273,44934999645,0.024641
2023-10-25,BTC-USD,33916.043,35133.7578,33709.1094,34502.8203,34502.8203,25254318008,0.017736
2023-10-26,BTC-USD,34504.2891,34832.9102,33762.3242,34156.6484,34156.6484,19427195376,-0.010033
2023-10-27,BTC-USD,34156.5,34238.2109,33416.8867,33909.8008,33909.8008,16418032871,-0.007227
2023-10-28,BTC-USD,33907.7227,34399.3906,33874.8047,34089.5742,34089.5742,10160330825,0.005302
2023-10-29,BTC-USD,34089.3711,34743.2617,33947.5664,34538.4805,34538.4805,11160323986,0.013168
2023-10-30,BTC-USD,34531.7422,34843.9336,34110.9727,34502.3633,34502.3633,17184860315,-0.001046
2023-10-31,BTC-USD,34500.0781,34719.2539,34083.3086,34667.7812,34667.7812,15758270810,0.004794
2023-11-01,BTC-USD,34657.2734,35527.9297,34170.6914,35437.2539,35437.2539,22446272005,0.022196
2023-11-02,BTC-USD,35441.5781,35919.8438,34401.5742,34938.2422,34938.2422,20998158544,-0.014082
2023-11-03,BTC-USD,34942.4727,34942.4727,34133.4414,34732.3242,34732.3242,17158456701,-0.005894
2023-11-04,BTC-USD,34736.3242,35256.0312,34616.6914,35082.1953,35082.1953,9561294264,0.010073
2023-11-05,BTC-USD,35090.0117,35340.3398,34594.2422,35049.3555,35049.3555,12412743996,-0.000936
2023-11-06,BTC-USD,35044.7891,35286.0273,34765.3633,35037.3711,35037.3711,12693436420,-0.000342
2023-11-07,BTC-USD,35047.793,35892.418,34545.8164,35443.5625,35443.5625,18834737789,0.011593
2023-11-08,BTC-USD,35419.4766,35994.418,35147.8008,35655.2773,35655.2773,17295394918,0.005973
2023-11-09,BTC-USD,35633.6328,37926.2578,35592.1016,36693.125,36693.125,37762672382,0.029108
2023-11-10,BTC-USD,36702.25,37493.8008,36362.7539,37313.9688,37313.9688,22711265155,0.01692
2023-11-11,BTC-USD,37310.0703,37407.0938,36773.668,37138.0508,37138.0508,13924272142,-0.004715
2023-11-12,BTC-USD,37133.9922,37227.6914,36779.1172,37054.5195,37054.5195,11545715999,-0.002249
2023-11-13,BTC-USD,37070.3047,37405.1172,36399.6055,36502.3555,36502.3555,19057712790,-0.014901
2023-11-14,BTC-USD,36491.7891,36753.3516,34948.5,35537.6406,35537.6406,23857403554,-0.026429
2023-11-15,BTC-USD,35548.1133,37964.8945,35383.7812,37880.582,37880.582,27365821679,0.065928
2023-11-16,BTC-USD,37879.9805,37934.625,35545.4727,36154.7695,36154.7695,26007385366,-0.045559
2023-11-17,BTC-USD,36164.8242,36704.4844,35901.2344,36596.6836,36596.6836,22445028430,0.012223
2023-11-18,BTC-USD,36625.3711,36839.2812,36233.3125,36585.7031,36585.7031,11886022717,-0.0003
2023-11-19,BTC-USD,36585.7656,37509.3555,36414.5977,37386.5469,37386.5469,12915986553,0.02189
2023-11-20,BTC-USD,37374.0742,37756.8203,36882.5312,37476.957,37476.957,20888209068,0.002418
2023-11-21,BTC-USD,37469.1602,37631.1406,35813.8125,35813.8125,35813.8125,25172163756,-0.044378
2023-11-22,BTC-USD,35756.5547,37856.9805,35670.9727,37432.3398,37432.3398,24397247860,0.045193
2023-11-23,BTC-USD,37420.4336,37643.918,36923.8633,37289.6211,37289.6211,14214948217,-0.003813
2023-11-24,BTC-USD,37296.3164,38415.3398,37261.6055,37720.2812,37720.2812,22922957823,0.011549
2023-11-25,BTC-USD,37721.4141,37892.4297,37617.418,37796.793,37796.793,9099571165,0.002028
2023-11-26,BTC-USD,37796.8281,37820.3008,37162.75,37479.1211,37479.1211,13744796068,-0.008405
2023-11-27,BTC-USD,37454.1914,37559.3555,36750.1289,37254.168,37254.168,19002925720,-0.006002
2023-11-28,BTC-USD,37247.9922,38368.4805,36891.0898,37831.0859,37831.0859,21696137014,0.015486
2023-11-29,BTC-USD,37826.1055,38366.1133,37612.6328,37858.4922,37858.4922,20728546658,0.000724
2023-11-30,BTC-USD,37861.1172,38141.7539,37531.1406,37712.7461,37712.7461,18115982627,-0.00385
2023-12-01,BTC-USD,37718.0078,38954.1094,37629.3594,38688.75,38688.75,23512784002,0.02588
2023-12-02,BTC-USD,38689.2773,39678.9375,38652.5938,39476.332,39476.332,15534035612,0.020357
2023-12-03,BTC-USD,39472.207,40135.6055,39298.1641,39978.3906,39978.3906,15769696322,0.012718
2023-12-04,BTC-USD,39978.6289,42371.75,39978.6289,41980.0977,41980.0977,39856129827,0.05007
2023-12-05,BTC-USD,41986.2656,44408.6641,41421.1484,44080.6484,44080.6484,36312154535,0.050037
2023-12-06,BTC-USD,44080.0234,44265.7695,43478.082,43746.4453,43746.4453,29909761586,-0.007582
2023-12-07,BTC-USD,43769.1328,44042.5898,42880.6484,43292.6641,43292.6641,27635760671,-0.010373
2023-12-08,BTC-USD,43293.1367,44705.5156,43125.2969,44166.6016,44166.6016,24421116687,0.020187
2023-12-09,BTC-USD,44180.0195,44361.2578,43627.5977,43725.9844,43725.9844,17368210171,-0.009976
2023-12-10,BTC-USD,43728.3828,44034.625,43593.2852,43779.6992,43779.6992,13000481418,0.001228
2023-12-11,BTC-USD,43792.0195,43808.375,40234.5781,41243.832,41243.832,40632672038,-0.057923
2023-12-12,BTC-USD,41238.7344,42048.3047,40667.5625,41450.2227,41450.2227,24779520132,0.005004
2023-12-13,BTC-USD,41468.4648,43429.7812,40676.8672,42890.7422,42890.7422,26797884674,0.034753
2023-12-14,BTC-USD,42884.2617,43390.8594,41767.0898,43023.9727,43023.9727,25578530178,0.003106
2023-12-15,BTC-USD,43028.25,43087.8242,41692.9688,41929.7578,41929.7578,19639442462,-0.025433
2023-12-16,BTC-USD,41937.7422,42664.9453,41723.1133,42240.1172,42240.1172,14386729590,0.007402
2023-12-17,BTC-USD,42236.1094,42359.4961,41274.543,41364.6641,41364.6641,16678702876,-0.020726
2023-12-18,BTC-USD,41348.2031,42720.2969,40530.2578,42623.5391,42623.5391,25224642008,0.030434
2023-12-19,BTC-USD,42641.5117,43354.2969,41826.3359,42270.5273,42270.5273,23171001281,-0.008282
2023-12-20,BTC-USD,42261.3008,44275.5859,42223.8164,43652.25,43652.25,27868908174,0.032688
2023-12-21,BTC-USD,43648.125,44240.668,43330.0508,43869.1523,43869.1523,22452766169,0.004969
2023-12-22,BTC-USD,43868.9883,44367.957,43441.9688,43997.9023,43997.9023,21028503216,0.002935
2023-12-23,BTC-USD,44012.1992,44015.6992,43351.3555,43739.543,43739.543,13507796558,-0.005872
2023-12-24,BTC-USD,43728.3672,43945.5234,42786.918,43016.1172,43016.1172,18830554085,-0.016539
2023-12-25,BTC-USD,43010.5742,43765.0938,42765.7695,43613.1406,43613.1406,21115795370,0.013879
2023-12-26,BTC-USD,43599.8477,43603.1758,41676.4883,42520.4023,42520.4023,30026850982,-0.025055
2023-12-27,BTC-USD,42518.4688,43683.1602,42167.582,43442.8555,43442.8555,25260941032,0.021694
2023-12-28,BTC-USD,43468.1992,43804.7812,42318.5508,42627.8555,42627.8555,22992093014,-0.01876
2023-12-29,BTC-USD,42614.6445,43124.3242,41424.0625,42099.4023,42099.4023,26000021055,-0.012397
2023-12-30,BTC-USD,42091.7539,42584.125,41556.2266,42156.9023,42156.9023,16013925945,0.001366
2023-12-31,BTC-USD,42152.0977,42860.9375,41998.2539,42265.1875,42265.1875,16397498810,0.002569
2024-01-01,BTC-USD,42280.2344,44175.4375,42214.9766,44167.332,44167.332,18426978443,0.045005
2024-01-02,BTC-USD,44187.1406,45899.707,44176.9492,44957.9688,44957.9688,39335274536,0.017901
2024-01-03,BTC-USD,44961.6016,45503.2422,40813.5352,42848.1758,42848.1758,46342323118,-0.046928
2024-01-04,BTC-USD,42855.8164,44770.0234,42675.1758,44179.9219,44179.9219,30448091210,0.031081
2024-01-05,BTC-USD,44192.9805,44353.2852,42784.7188,44162.6914,44162.6914,32336029347,-0.00039
2024-01-06,BTC-USD,44178.9531,44227.6328,43475.1562,43989.1953,43989.1953,16092503468,-0.003929
2024-01-07,BTC-USD,43998.4648,44495.5703,43662.2305,43943.0977,43943.0977,19330573863,-0.001048
2024-01-08,BTC-USD,43948.707,47218.0,43244.082,46970.5039,46970.5039,42746192015,0.068894
2024-01-09,BTC-USD,46987.6406,47893.6992,45244.7148,46139.7305,46139.7305,39821290992,-0.017687
2024-01-10,BTC-USD,46121.5391,47647.2227,44483.1523,46627.7773,46627.7773,50114613298,0.010578
2024-01-11,BTC-USD,46656.0742,48969.3711,45678.6445,46368.5859,46368.5859,45833734549,-0.005559
2024-01-12,BTC-USD,46354.793,46498.1367,41903.7695,42853.168,42853.168,43332698900,-0.075815
2024-01-13,BTC-USD,42799.4453,43234.6602,42464.1445,42842.3828,42842.3828,20601860469,-0.000252
2024-01-14,BTC-USD,42842.2617,43065.5977,41724.6133,41796.2695,41796.2695,17521429522,-0.024418
2024-01-15,BTC-USD,41715.0664,43319.7227,41705.418,42511.9688,42511.9688,22320220558,0.017124
2024-01-16,BTC-USD,42499.3359,43566.2734,42085.9961,43154.9453,43154.9453,24062872740,0.015125
2024-01-17,BTC-USD,43132.1016,43189.8906,42189.3086,42742.6523,42742.6523,20851232595,-0.009554
2024-01-18,BTC-USD,42742.3125,42876.3477,40631.1719,41262.0586,41262.0586,25218357242,-0.03464
2024-01-19,BTC-USD,41278.4609,42134.1602,40297.457,41618.4062,41618.4062,25752407154,0.008636
2024-01-20,BTC-USD,41624.5898,41877.8945,41446.8242,41665.5859,41665.5859,11586690904,0.001134
2024-01-21,BTC-USD,41671.4883,41855.3672,41497.0078,41545.7852,41545.7852,9344043642,-0.002875
2024-01-22,BTC-USD,41553.6523,41651.207,39450.1172,39507.3672,39507.3672,31338708143,-0.049064
2024-01-23,BTC-USD,39518.7148,40127.3516,38521.8945,39845.5508,39845.5508,29244553045,0.00856
2024-01-24,BTC-USD,39877.5938,40483.7852,39508.7969,40077.0742,40077.0742,22359526178,0.005811
2024-01-25,BTC-USD,40075.5508,40254.4805,39545.6641,39933.8086,39933.8086,18491782013,-0.003575
2024-01-26,BTC-USD,39936.8164,42209.3867,39825.6914,41816.8711,41816.8711,25598119893,0.047155
2024-01-27,BTC-USD,41815.625,42195.6328,41431.2812,42120.0547,42120.0547,11422941934,0.00725
2024-01-28,BTC-USD,42126.125,42797.1758,41696.9102,42035.5938,42035.5938,16858971687,-0.002005
2024-01-29,BTC-USD,42030.9141,43305.8672,41818.332,43288.2461,43288.2461,20668476578,0.0298
2024-01-30,BTC-USD,43300.2266,43838.9453,42711.3711,42952.6094,42952.6094,23842814518,-0.007754
2024-01-31,BTC-USD,42946.25,43717.4062,42298.9453,42582.6055,42582.6055,24673628793,-0.008614
2024-02-01,BTC-USD,42569.7617,43243.168,41879.1914,43075.7734,43075.7734,21423953779,0.011581
2024-02-02,BTC-USD,43077.6406,43422.4883,42584.3359,43185.8594,43185.8594,18603843039,0.002556
2024-02-03,BTC-USD,43184.9648,43359.9414,42890.8086,42992.25,42992.25,11169245236,-0.004483
2024-02-04,BTC-USD,42994.9414,43097.6445,42374.832,42583.582,42583.582,14802225490,-0.009506
2024-02-05,BTC-USD,42577.6211,43494.25,42264.8164,42658.668,42658.668,18715487317,0.001763
2024-02-06,BTC-USD,42657.3906,43344.1484,42529.0195,43084.6719,43084.6719,16798476726,0.009986
2024-02-07,BTC-USD,43090.0195,44341.9492,42775.957,44318.2227,44318.2227,21126587775,0.028631
2024-02-08,BTC-USD,44332.125,45575.8398,44332.125,45301.5664,45301.5664,26154524080,0.022188
2024-02-09,BTC-USD,45297.3828,48152.4961,45260.8242,47147.1992,47147.1992,39316770844,0.040741
2024-02-10,BTC-USD,47153.5273,48146.1719,46905.3203,47771.2773,47771.2773,16398681570,0.013237
2024-02-11,BTC-USD,47768.9688,48535.9375,47617.4062,48293.918,48293.918,19315867136,0.01094
2024-02-12,BTC-USD,48296.3867,50280.4766,47745.7617,49958.2227,49958.2227,34511985805,0.034462
2024-02-13,BTC-USD,49941.3594,50358.3906,48406.4961,49742.4414,49742.4414,35593051468,-0.004319
2024-02-14,BTC-USD,49733.4453,52021.3711,49296.832,51826.6953,51826.6953,39105608050,0.041901
2024-02-15,BTC-USD,51836.7852,52820.0664,51371.6289,51938.5547,51938.5547,38564360533,0.002158
2024-02-16,BTC-USD,51937.7266,52537.9688,51641.3672,52160.2031,52160.2031,28180567298,0.004268
2024-02-17,BTC-USD,52161.6758,52191.9141,50669.668,51662.9961,51662.9961,20009091006,-0.009532
2024-02-18,BTC-USD,51661.9688,52356.9648,51233.707,52122.5469,52122.5469,17595377311,0.008895
2024-02-19,BTC-USD,52134.8125,52483.3242,51711.8203,51779.1445,51779.1445,21362184346,-0.006588
2024-02-20,BTC-USD,51777.7266,52945.0508,50792.3125,52284.875,52284.875,33353758256,0.009767
2024-02-21,BTC-USD,52273.5352,52368.8164,50671.7578,51839.1797,51839.1797,28624907020,-0.008524
2024-02-22,BTC-USD,51854.6445,52009.6133,50926.293,51304.9727,51304.9727,25413900611,-0.010305
2024-02-23,BTC-USD,51283.9062,51497.9336,50561.7773,50731.9492,50731.9492,21427078270,-0.011169
2024-02-24,BTC-USD,50736.3711,51684.1953,50585.4453,51571.1016,51571.1016,15174077879,0.016541
2024-02-25,BTC-USD,51565.2148,51950.0273,51306.1719,51733.2383,51733.2383,15413239245,0.003144
2024-02-26,BTC-USD,51730.5391,54938.1758,50931.0312,54522.4023,54522.4023,34074411896,0.053914
2024-02-27,BTC-USD,54519.3633,57537.8398,54484.1992,57085.3711,57085.3711,49756832031,0.047008
2024-02-28,BTC-USD,57071.0977,63913.1328,56738.4258,62504.7891,62504.7891,83239156760,0.094935
2024-02-29,BTC-USD,62499.1836,63585.6445,60498.7305,61198.3828,61198.3828,65496611844,-0.020901
2024-03-01,BTC-USD,61168.0625,63155.1016,60802.5273,62440.6328,62440.6328,40186368423,0.020299
2024-03-02,BTC-USD,62431.6523,62458.6992,61657.2891,62029.8477,62029.8477,23888473685,-0.006579
2024-03-03,BTC-USD,62031.5781,63230.2109,61435.0234,63167.3711,63167.3711,26253811450,0.018338
2024-03-04,BTC-USD,63137.0039,68537.0312,62386.5195,68330.4141,68330.4141,70670471105,0.081736
2024-03-05,BTC-USD,68341.0547,69170.625,59323.9102,63801.1992,63801.1992,102802940877,-0.066284
2024-03-06,BTC-USD,63776.0508,67637.9297,62848.6719,66106.8047,66106.8047,68750229073,0.036137
2024-03-07,BTC-USD,66099.7422,68029.9219,65655.5312,66925.4844,66925.4844,46989543159,0.012384
2024-03-08,BTC-USD,66938.0938,70083.0547,66230.4531,68300.0938,68300.0938,59202881172,0.020539
2024-03-09,BTC-USD,68299.2578,68673.0547,68053.125,68498.8828,68498.8828,21609650379,0.002911
2024-03-10,BTC-USD,68500.2578,70005.2031,68239.9766,69019.7891,69019.7891,35683977532,0.007605
2024-03-11,BTC-USD,69020.5469,72850.7109,67194.8828,72123.9062,72123.9062,65716656765,0.044974
2024-03-12,BTC-USD,72125.125,72825.6562,68728.8516,71481.2891,71481.2891,62554434520,-0.00891
2024-03-13,BTC-USD,71482.1172,73637.4766,71334.0938,73083.5,73083.5,48212536929,0.022414
2024-03-14,BTC-USD,73079.375,73750.0703,68563.0234,71396.5938,71396.5938,59594605698,-0.023082
2024-03-15,BTC-USD,71387.875,72357.1328,65630.6953,69403.7734,69403.7734,78320453976,-0.027912
2024-03-16,BTC-USD,69392.4844,70046.2734,64801.3945,65315.1172,65315.1172,46842198371,-0.058911
2024-03-17,BTC-USD,65316.3438,68845.7188,64545.3164,68390.625,68390.625,44716864318,0.047087
2024-03-18,BTC-USD,68371.3047,68897.1328,66594.2266,67548.5938,67548.5938,49261579492,-0.012312
2024-03-19,BTC-USD,67556.1328,68106.9297,61536.1797,61912.7734,61912.7734,74215844794,-0.083434
2024-03-20,BTC-USD,61930.1562,68115.2578,60807.7852,67913.6719,67913.6719,66792634382,0.096925
2024-03-21,BTC-USD,67911.5859,68199.9922,64580.918,65491.3906,65491.3906,44480350565,-0.035667
2024-03-22,BTC-USD,65489.9297,66623.75,62355.3711,63778.7617,63778.7617,41401116964,-0.02615
2024-03-23,BTC-USD,63802.7227,65976.3984,63038.4922,64062.2031,64062.2031,24738964812,0.004444
2024-03-24,BTC-USD,64070.7539,67622.7578,63825.8516,67234.1719,67234.1719,27206630673,0.049514
2024-03-25,BTC-USD,67234.0938,71162.5938,66414.8359,69958.8125,69958.8125,42700139523,0.040525
2024-03-26,BTC-USD,69931.3281,71535.7422,69335.6094,69987.8359,69987.8359,36010437368,0.000415
2024-03-27,BTC-USD,69991.8984,71727.6875,68381.9297,69455.3438,69455.3438,40827113309,-0.007608
2024-03-28,BTC-USD,69452.7734,71546.0234,68895.5078,70744.9531,70744.9531,34374900617,0.018567
2024-03-29,BTC-USD,70744.7969,70913.0938,69076.6562,69892.8281,69892.8281,25230851763,-0.012045
2024-03-30,BTC-USD,69893.4453,70355.4922,69601.0625,69645.3047,69645.3047,17130241883,-0.003541
2024-03-31,BTC-USD,69647.7812,71377.7812,69624.8672,71333.6484,71333.6484,20050941373,0.024242
2024-04-01,BTC-USD,71333.4844,71342.0938,68110.6953,69702.1484,69702.1484,34873527352,-0.022871
2024-04-02,BTC-USD,69705.0234,69708.3828,64586.5938,65446.9727,65446.9727,50705240709,-0.061048
2024-04-03,BTC-USD,65446.6719,66914.3203,64559.8984,65980.8125,65980.8125,34488018367,0.008157
2024-04-04,BTC-USD,65975.6953,69291.2578,65113.7969,68508.8438,68508.8438,34439527442,0.038315
2024-04-05,BTC-USD,68515.7578,68725.7578,66011.4766,67837.6406,67837.6406,33748230056,-0.009797
2024-04-06,BTC-USD,67840.5703,69629.6016,67491.7188,68896.1094,68896.1094,19967785809,0.015603
2024-04-07,BTC-USD,68897.1094,70284.4297,68851.6328,69362.5547,69362.5547,21204930369,0.00677
2024-04-08,BTC-USD,69362.5547,72715.3594,69064.2422,71631.3594,71631.3594,37261432669,0.032709
2024-04-09,BTC-USD,71632.5,71742.5078,68212.9219,69139.0156,69139.0156,36426900409,-0.034794
2024-04-10,BTC-USD,69140.2422,71093.4297,67503.5625,70587.8828,70587.8828,38318601774,0.020956
2024-04-11,BTC-USD,70575.7344,71256.2344,69571.8125,70060.6094,70060.6094,30153382941,-0.00747
2024-04-12,BTC-USD,70061.3828,71222.7422,65254.8359,67195.8672,67195.8672,44129299406,-0.040889
2024-04-13,BTC-USD,67188.375,67931.4297,60919.1055,63821.4727,63821.4727,52869738185,-0.050217
2024-04-14,BTC-USD,63836.2305,65824.4297,62205.8516,65738.7266,65738.7266,49084320047,0.030041
2024-04-15,BTC-USD,65739.6484,66878.6484,62332.0703,63426.2109,63426.2109,43595917654,-0.035177
2024-04-16,BTC-USD,63419.2969,64355.668,61716.4023,63811.8633,63811.8633,42847528078,0.00608
2024-04-17,BTC-USD,63831.8477,64486.3633,59768.5859,61276.6914,61276.6914,41915247049,-0.039729
2024-04-18,BTC-USD,61275.3164,64125.6875,60833.4805,63512.7539,63512.7539,36006307335,0.036491
2024-04-19,BTC-USD,63510.75,65481.5977,59651.3906,63843.5703,63843.5703,49920425401,0.005209
2024-04-20,BTC-USD,63851.1016,65442.457,63172.4023,64994.4414,64994.4414,23097485495,0.018026
2024-04-21,BTC-USD,64992.8164,65723.2422,64277.7227,64926.6445,64926.6445,20506644853,-0.001043
2024-04-22,BTC-USD,64935.6328,67233.9609,64548.1797,66837.6797,66837.6797,28282686673,0.029434
2024-04-23,BTC-USD,66839.8906,67199.2422,65864.8672,66407.2734,66407.2734,24310975583,-0.00644
2024-04-24,BTC-USD,66408.7188,67075.3672,63589.8711,64276.8984,64276.8984,30276655120,-0.03208
2024-04-25,BTC-USD,64275.0195,65275.207,62783.6328,64481.707,64481.707,32155786816,0.003186
2024-04-26,BTC-USD,64485.3711,64789.6562,63322.3984,63755.3203,63755.3203,24139372950,-0.011265
2024-04-27,BTC-USD,63750.9883,63898.3633,62424.7188,63419.1406,63419.1406,19530783039,-0.005273
2024-04-28,BTC-USD,63423.5156,64321.4844,62793.5977,63113.2305,63113.2305,17334827993,-0.004824
2024-04-29,BTC-USD,63106.3633,64174.8789,61795.457,63841.1211,63841.1211,26635912073,0.011533
2024-04-30,BTC-USD,63839.418,64703.332,59120.0664,60636.8555,60636.8555,37840840057,-0.050191
2024-05-01,BTC-USD,60609.4961,60780.5,56555.293,58254.0117,58254.0117,48439780271,-0.039297
2024-05-02,BTC-USD,58253.7031,59602.2969,56937.2031,59123.4336,59123.4336,32711813559,0.014925
2024-05-03,BTC-USD,59122.3008,63320.5039,58848.3125,62889.8359,62889.8359,33172023048,0.063704
2024-05-04,BTC-USD,62891.0312,64494.957,62599.3516,63891.4727,63891.4727,20620477992,0.015927
2024-05-05,BTC-USD,63892.4531,64610.8906,62955.3047,64031.1328,64031.1328,18296164805,0.002186
2024-05-06,BTC-USD,64038.3125,65494.9023,62746.2383,63161.9492,63161.9492,28697928697,-0.013574
2024-05-07,BTC-USD,63162.7617,64390.457,62285.9805,62334.8164,62334.8164,25930730982,-0.013095
2024-05-08,BTC-USD,62332.6406,62986.0859,60877.1289,61187.9414,61187.9414,26088172222,-0.018399
2024-05-09,BTC-USD,61191.1992,63404.9141,60648.0742,63049.9609,63049.9609,25453338161,0.030431
2024-05-10,BTC-USD,63055.1914,63446.7422,60208.7812,60792.7773,60792.7773,27804954694,-0.0358
2024-05-11,BTC-USD,60793.3555,61451.1523,60492.625,60793.7109,60793.7109,13842272968,1.5e-05
2024-05-12,BTC-USD,60793.5039,61818.1562,60632.6016,61448.3945,61448.3945,13800459405,0.010769
2024-05-13,BTC-USD,61451.2188,63422.6602,60769.8398,62901.4492,62901.4492,27889181179,0.023647
2024-05-14,BTC-USD,62900.7734,63092.125,61123.7656,61552.7891,61552.7891,28186271527,-0.021441
2024-05-15,BTC-USD,61553.9883,66454.4531,61330.4102,66267.4922,66267.4922,39815167074,0.076596
2024-05-16,BTC-USD,66256.1094,66712.4297,64613.0547,65231.582,65231.582,31573077994,-0.015632
2024-05-17,BTC-USD,65231.2969,67459.4609,65119.3164,67051.875,67051.875,28031279310,0.027905
2024-05-18,BTC-USD,67066.2109,67387.3281,66663.5,66940.8047,66940.8047,16712277406,-0.001656
2024-05-19,BTC-USD,66937.9297,67694.2969,65937.1797,66278.3672,66278.3672,19249094538,-0.009896
2024-05-20,BTC-USD,66278.7422,71483.5625,66086.1719,71448.1953,71448.1953,43850655717,0.078002
2024-05-21,BTC-USD,71443.0625,71946.4609,69191.125,70136.5312,70136.5312,46932005990,-0.018358
2024-05-22,BTC-USD,70135.3203,70623.6953,68977.6953,69122.3359,69122.3359,32802561717,-0.01446
2024-05-23,BTC-USD,69121.3047,70041.2734,66356.9531,67929.5625,67929.5625,41895680979,-0.017256
2024-05-24,BTC-USD,67928.1328,69220.2969,66622.6719,68526.1016,68526.1016,29197308153,0.008782
2024-05-25,BTC-USD,68526.9219,69579.3203,68515.8203,69265.9453,69265.9453,15473071741,0.010797
2024-05-26,BTC-USD,69264.2891,69506.2266,68183.8906,68518.0938,68518.0938,15628433737,-0.010797
2024-05-27,BTC-USD,68512.1797,70597.8828,68232.5,69394.5547,69394.5547,25870990717,0.012792
2024-05-28,BTC-USD,69392.1953,69514.6406,67227.1562,68296.2188,68296.2188,32722265965,-0.015827
2024-05-29,BTC-USD,68296.3516,68852.4609,67101.4922,67578.0938,67578.0938,26707072906,-0.010515
2024-05-30,BTC-USD,67576.0859,69500.5391,67118.0781,68364.9922,68364.9922,29509712534,0.011644
2024-05-31,BTC-USD,68362.5156,68999.5625,66633.4219,67491.4141,67491.4141,27387283769,-0.012778
2024-06-01,BTC-USD,67489.6094,67839.7656,67386.1953,67706.9375,67706.9375,11641495604,0.003193
2024-06-02,BTC-USD,67710.2734,68409.1641,67315.5234,67751.6016,67751.6016,17110588415,0.00066
2024-06-03,BTC-USD,67753.8984,70230.8203,67589.8359,68804.7812,68804.7812,32401285324,0.015545
2024-06-04,BTC-USD,68804.5703,71047.4062,68564.6406,70567.7656,70567.7656,33149696545,0.025623
2024-06-05,BTC-USD,70568.3516,71735.4141,70390.7109,71082.8203,71082.8203,32810771409,0.007299
2024-06-06,BTC-USD,71082.8438,71625.7344,70119.125,70757.1641,70757.1641,25223152007,-0.004581
2024-06-07,BTC-USD,70759.1875,71907.8516,68507.2578,69342.5859,69342.5859,36188381096,-0.019992
2024-06-08,BTC-USD,69324.1797,69533.3203,69210.7422,69305.7734,69305.7734,14262185861,-0.000531
2024-06-09,BTC-USD,69297.4922,69817.5234,69160.8438,69647.9922,69647.9922,13534028500,0.004938
2024-06-10,BTC-USD,69644.3125,70146.0703,69232.4219,69512.2812,69512.2812,20597699541,-0.001949
2024-06-11,BTC-USD,69508.0781,69549.4141,66123.6016,67332.0312,67332.0312,37116136345,-0.031365
2024-06-12,BTC-USD,67321.375,69977.8906,66902.4531,68241.1875,68241.1875,34497940694,0.013503
2024-06-13,BTC-USD,68243.1016,68365.7812,66304.5625,66756.3984,66756.3984,28955204146,-0.021758
2024-06-14,BTC-USD,66747.5703,67294.6484,65056.8945,66011.0938,66011.0938,27403884779,-0.011165
2024-06-15,BTC-USD,66006.7422,66402.1875,65871.7734,66191.0,66191.0,14121265576,0.002725
2024-06-16,BTC-USD,66189.3594,66894.8438,66018.25,66639.0469,66639.0469,13281140541,0.006769
2024-06-17,BTC-USD,66636.5156,67188.3203,65094.9648,66490.2969,66490.2969,30006354476,-0.002232
2024-06-18,BTC-USD,66490.9766,66556.7031,64066.957,65140.7461,65140.7461,39481285950,-0.020297
2024-06-19,BTC-USD,65146.6602,65695.3516,64693.3008,64960.2969,64960.2969,21103423504,-0.00277
2024-06-20,BTC-USD,64960.2969,66438.9609,64547.8477,64828.6562,64828.6562,25641109124,-0.002026
2024-06-21,BTC-USD,64837.9883,65007.5469,63378.8945,64096.1992,64096.1992,26188171739,-0.011298
2024-06-22,BTC-USD,64113.8633,64475.4688,63929.7578,64252.5781,64252.5781,9858198793,0.00244
2024-06-23,BTC-USD,64248.9648,64491.7031,63180.7969,63180.7969,63180.7969,11170471802,-0.016681
2024-06-24,BTC-USD,63173.3516,63292.5273,58601.6992,60277.4141,60277.4141,43152133651,-0.045954
2024-06-25,BTC-USD,60266.2812,62258.2617,60239.75,61804.6406,61804.6406,29201215431,0.025337
2024-06-26,BTC-USD,61789.6758,62434.1367,60695.1875,60811.2773,60811.2773,22506003064,-0.016073
2024-06-27,BTC-USD,60811.2266,62293.8633,60585.332,61604.8008,61604.8008,21231745045,0.013049
2024-06-28,BTC-USD,61612.8047,62126.0977,59985.4023,60320.1367,60320.1367,24952866877,-0.020853
2024-06-29,BTC-USD,60319.875,61097.6211,60300.9648,60887.3789,60887.3789,12652903396,0.009404
2024-06-30,BTC-USD,60888.4453,62892.8281,60632.9492,62678.293,62678.293,17333226409,0.029414
2024-07-01,BTC-USD,62673.6055,63777.2266,62495.5117,62851.9805,62851.9805,25468379421,0.002771
2024-07-02,BTC-USD,62844.4102,63203.3594,61752.7461,62029.0156,62029.0156,20151616992,-0.013094
2024-07-03,BTC-USD,62034.332,62187.7031,59419.3867,60173.9219,60173.9219,29756701685,-0.029907
2024-07-04,BTC-USD,60147.1367,60399.6758,56777.8047,56977.7031,56977.7031,41149609230,-0.053116
2024-07-05,BTC-USD,57022.8086,57497.1523,53717.375,56662.375,56662.375,55417544033,-0.005534
2024-07-06,BTC-USD,56659.0742,58472.5469,56038.9609,58303.5391,58303.5391,20610320577,0.028964
2024-07-07,BTC-USD,58239.4297,58371.1211,55793.3242,55849.1094,55849.1094,20553359505,-0.042097
2024-07-08,BTC-USD,55849.5742,58131.3359,54321.0195,56705.0977,56705.0977,39766159899,0.015327
2024-07-09,BTC-USD,56704.5977,58239.1953,56316.875,58009.2266,58009.2266,27849512607,0.022998
2024-07-10,BTC-USD,58033.8828,59359.4336,57178.4141,57742.4961,57742.4961,26175260526,-0.004598
2024-07-11,BTC-USD,57729.8906,59299.4336,57120.3789,57344.9141,57344.9141,28707803842,-0.006885
2024-07-12,BTC-USD,57341.1953,58532.5547,56590.1758,57899.4648,57899.4648,25604805221,0.00967
2024-07-13,BTC-USD,57908.7383,59787.0781,57796.4414,59231.9531,59231.9531,17080061806,0.023014
2024-07-14,BTC-USD,59225.25,61329.5273,59225.25,60787.793,60787.793,22223416061,0.026267
2024-07-15,BTC-USD,60815.457,64870.1523,60704.9297,64870.1523,64870.1523,38094526099,0.067158
2024-07-16,BTC-USD,64784.418,65354.3398,62487.9688,65097.1484,65097.1484,41617346768,0.003499
2024-07-17,BTC-USD,65091.832,66066.7344,63896.0859,64118.793,64118.793,32525071311,-0.015029
2024-07-18,BTC-USD,64104.7383,65104.6602,63246.1641,63974.0664,63974.0664,27239305337,-0.002257
2024-07-19,BTC-USD,63972.3242,67442.6406,63329.3438,66710.1562,66710.1562,37003855410,0.042769
2024-07-20,BTC-USD,66709.9219,67610.7344,66299.6172,67163.6484,67163.6484,19029581250,0.006798
2024-07-21,BTC-USD,67164.9141,68372.9062,65842.2969,68154.5234,68154.5234,26652190004,0.014753
2024-07-22,BTC-USD,68152.9766,68480.0625,66611.2969,67585.25,67585.25,42649109453,-0.008353
2024-07-23,BTC-USD,67584.8047,67779.0156,65484.4609,65927.6719,65927.6719,35605668666,-0.024526
2024-07-24,BTC-USD,65927.8594,67113.9844,65146.9961,65372.1328,65372.1328,27470942309,-0.008426
2024-07-25,BTC-USD,65375.875,66112.4219,63473.4727,65777.2266,65777.2266,38315761670,0.006197
2024-07-26,BTC-USD,65771.8125,68207.6016,65743.7656,67912.0625,67912.0625,30488630457,0.032456
2024-07-27,BTC-USD,67911.8125,69398.5078,66705.2188,67813.3359,67813.3359,34691905492,-0.001454
2024-07-28,BTC-USD,67808.6562,68301.8516,67085.8281,68255.8672,68255.8672,18043166945,0.006526
2024-07-29,BTC-USD,68259.0547,69987.5391,66532.5938,66819.9141,66819.9141,40780682628,-0.021038
2024-07-30,BTC-USD,66819.0547,66987.6719,65323.1914,66201.0156,66201.0156,31380492109,-0.009262
2024-07-31,BTC-USD,66201.2734,66810.2109,64532.0469,64619.25,64619.25,31292785994,-0.023893
2024-08-01,BTC-USD,64625.8398,65593.2422,62248.9414,65357.5,65357.5,40975554494,0.011425
2024-08-02,BTC-USD,65353.5,65523.2227,61184.8945,61415.0664,61415.0664,43060875727,-0.060321
2024-08-03,BTC-USD,61414.8086,62148.3711,59836.5273,60680.0938,60680.0938,31753030589,-0.011967
2024-08-04,BTC-USD,60676.0938,61062.9883,57210.8047,58116.9766,58116.9766,31758917219,-0.04224
2024-08-05,BTC-USD,58110.2969,58268.8281,49121.2383,53991.457,53991.457,108991085584,-0.070986
2024-08-06,BTC-USD,53991.3477,57059.918,53973.2734,56034.3164,56034.3164,49300484106,0.037837
2024-08-07,BTC-USD,56040.6328,57726.8828,54620.5078,55027.4609,55027.4609,41637562185,-0.017969
2024-08-08,BTC-USD,55030.0273,62673.7656,54766.7266,61710.1367,61710.1367,45298472567,0.121443
2024-08-09,BTC-USD,61728.207,61751.8633,59587.8594,60880.1133,60880.1133,33425553115,-0.01345
2024-08-10,BTC-USD,60881.2305,61464.5117,60287.5664,60945.8125,60945.8125,15745822278,0.001079
2024-08-11,BTC-USD,60944.8906,61778.6602,58348.8242,58719.4844,58719.4844,22759754812,-0.03653
2024-08-12,BTC-USD,58719.3945,60680.332,57688.8984,59354.5156,59354.5156,37078637820,0.010815
2024-08-13,BTC-USD,59356.207,61572.3984,58506.2539,60609.5664,60609.5664,30327698167,0.021145
2024-08-14,BTC-USD,60611.0508,61687.7578,58472.875,58737.2695,58737.2695,29961696180,-0.030891
2024-08-15,BTC-USD,58733.2617,59838.6484,56161.5938,57560.0977,57560.0977,35682112440,-0.020041
2024-08-16,BTC-USD,57560.2734,59847.3594,57110.0195,58894.1055,58894.1055,29350938673,0.023176
2024-08-17,BTC-USD,58893.5312,59694.668,58814.832,59478.9727,59478.9727,13589684021,0.009931
2024-08-18,BTC-USD,59468.1328,60262.7188,58445.4023,58483.9648,58483.9648,17740625837,-0.016729
2024-08-19,BTC-USD,58480.7109,59612.6602,57864.7109,59493.4531,59493.4531,25911207712,0.017261
2024-08-20,BTC-USD,59493.4531,61396.3281,58610.8828,59012.793,59012.793,31613400008,-0.008079
2024-08-21,BTC-USD,59014.9883,61834.3516,58823.4453,61175.1914,61175.1914,32731154072,0.036643
2024-08-22,BTC-USD,61168.3164,61408.1094,59815.2539,60381.9141,60381.9141,27625734377,-0.012967
2024-08-23,BTC-USD,60380.9531,64947.0625,60372.0508,64094.3555,64094.3555,42530509233,0.061483
2024-08-24,BTC-USD,64103.8711,64513.7891,63619.918,64178.9922,64178.9922,21430585163,0.001321
2024-08-25,BTC-USD,64176.3672,64996.4219,63833.5195,64333.543,64333.543,18827683555,0.002408
2024-08-26,BTC-USD,64342.2266,64489.707,62849.5586,62880.6602,62880.6602,27682040631,-0.022584
2024-08-27,BTC-USD,62879.707,63210.7969,58116.75,59504.1328,59504.1328,39103882198,-0.053697
2024-08-28,BTC-USD,59507.9258,60236.4492,57890.6758,59027.625,59027.625,40289564698,-0.008008
2024-08-29,BTC-USD,59027.4688,61184.082,58786.2266,59388.1797,59388.1797,32224990582,0.006108
2024-08-30,BTC-USD,59388.6016,59896.8867,57768.5312,59119.4766,59119.4766,32292756405,-0.004525
2024-08-31,BTC-USD,59117.4805,59432.5938,58768.7852,58969.8984,58969.8984,12403470760,-0.00253
2024-09-01,BTC-USD,58969.8008,59062.0703,57217.8242,57325.4883,57325.4883,24592449997,-0.027886
2024-09-02,BTC-USD,57326.9688,59403.0703,57136.0273,59112.4805,59112.4805,27036454524,0.031173
2024-09-03,BTC-USD,59106.1914,59815.0586,57425.168,57431.0234,57431.0234,26666961053,-0.028445
2024-09-04,BTC-USD,57430.3477,58511.5703,55673.1641,57971.5391,57971.5391,35627680312,0.009412
2024-09-05,BTC-USD,57971.7031,58300.582,55712.4531,56160.4883,56160.4883,31030280656,-0.03124
2024-09-06,BTC-USD,56160.1914,56976.1094,52598.6992,53948.7539,53948.7539,49361693566,-0.039382
2024-09-07,BTC-USD,53949.0859,54838.1445,53740.0703,54139.6875,54139.6875,19061486526,0.003539
2024-09-08,BTC-USD,54147.9336,55300.8594,53653.7578,54841.5664,54841.5664,18268287531,0.012964
2024-09-09,BTC-USD,54851.8867,58041.125,54598.4336,57019.5352,57019.5352,34618096173,0.039714
2024-09-10,BTC-USD,57020.0977,58029.9766,56419.4141,57648.7109,57648.7109,28857630507,0.011034
2024-09-11,BTC-USD,57650.2891,57991.3203,55567.3398,57343.1719,57343.1719,37049062672,-0.0053
2024-09-12,BTC-USD,57343.1719,58534.3594,57330.1016,58127.0117,58127.0117,33835707949,0.013669
2024-09-13,BTC-USD,58130.3242,60648.0234,57650.1133,60571.3008,60571.3008,32490528356,0.042051
2024-09-14,BTC-USD,60569.1172,60656.7227,59517.8828,60005.1211,60005.1211,16428405496,-0.009347
2024-09-15,BTC-USD,60000.7266,60381.918,58696.3086,59182.8359,59182.8359,18120960867,-0.013704
2024-09-16,BTC-USD,59185.2266,59205.5117,57501.3398,58192.5078,58192.5078,32032822113,-0.016733
2024-09-17,BTC-USD,58192.5078,61316.0898,57628.0703,60308.5391,60308.5391,38075570118,0.036363
2024-09-18,BTC-USD,60309.0,61664.0664,59218.2539,61649.6797,61649.6797,40990702891,0.022238
2024-09-19,BTC-USD,61651.1562,63872.4414,61609.8672,62940.457,62940.457,42710252573,0.020937
2024-09-20,BTC-USD,62941.4258,64119.5312,62364.6055,63192.9766,63192.9766,35177164222,0.004012
2024-09-21,BTC-USD,63184.3398,63543.3594,62783.1055,63394.8398,63394.8398,14408616220,0.003194
2024-09-22,BTC-USD,63396.8047,63993.4219,62440.7266,63648.7109,63648.7109,20183348802,0.004005
2024-09-23,BTC-USD,63643.1016,64733.5586,62628.0781,63329.8008,63329.8008,31400285425,-0.00501
2024-09-24,BTC-USD,63326.8398,64695.2148,62737.418,64301.9688,64301.9688,29938335243,0.015351
2024-09-25,BTC-USD,64302.5898,64804.5039,62945.375,63143.1445,63143.1445,25078377700,-0.018022
2024-09-26,BTC-USD,63138.5469,65790.7969,62669.2695,65181.0195,65181.0195,36873129847,0.032274
2024-09-27,BTC-USD,65180.6641,66480.6953,64852.9922,65790.6641,65790.6641,32058813449,0.009353
2024-09-28,BTC-USD,65792.1797,66255.5312,65458.0352,65887.6484,65887.6484,15243637984,0.001474
2024-09-29,BTC-USD,65888.8984,66069.3438,65450.0156,65635.3047,65635.3047,14788214575,-0.00383
2024-09-30,BTC-USD,65634.6562,65635.0547,62873.6172,63329.5,63329.5,37112957475,-0.035131
2024-10-01,BTC-USD,63335.6055,64110.9805,60189.2773,60837.0078,60837.0078,50220923500,-0.039358
2024-10-02,BTC-USD,60836.3242,62357.6875,59996.9492,60632.7852,60632.7852,40762722398,-0.003357
2024-10-03,BTC-USD,60632.4844,61469.0391,59878.8047,60759.4023,60759.4023,36106447279,0.002088
2024-10-04,BTC-USD,60754.625,62465.9922,60459.9414,62067.4766,62067.4766,29585472513,0.021529
2024-10-05,BTC-USD,62067.6094,62371.0234,61689.582,62089.9492,62089.9492,13305410749,0.000362
2024-10-06,BTC-USD,62084.9883,62959.5703,61833.1484,62818.9531,62818.9531,14776233667,0.011741
2024-10-07,BTC-USD,62819.1094,64443.707,62152.5508,62236.6602,62236.6602,34253562610,-0.009269
2024-10-08,BTC-USD,62221.6445,63174.3047,61843.5625,62131.9688,62131.9688,28134475157,-0.001682
2024-10-09,BTC-USD,62131.7266,62508.8359,60314.6133,60582.1016,60582.1016,27670982363,-0.024945
2024-10-10,BTC-USD,60581.9297,61236.7227,58895.207,60274.5,60274.5,30452813570,-0.005077
2024-10-11,BTC-USD,60275.4609,63400.8711,60046.125,62445.0898,62445.0898,30327141594,0.036012
2024-10-12,BTC-USD,62444.6172,63448.7852,62443.2695,63193.0234,63193.0234,16744110886,0.011977
2024-10-13,BTC-USD,63192.9453,63272.6523,62035.6367,62851.375,62851.375,18177529690,-0.005406
2024-10-14,BTC-USD,62848.3984,66482.4922,62442.1523,66046.125,66046.125,43706958056,0.05083
2024-10-15,BTC-USD,66050.3672,67881.6797,64809.1953,67041.1094,67041.1094,48863870879,0.015065
2024-10-16,BTC-USD,67042.4609,68375.2891,66758.7266,67612.7188,67612.7188,38195189534,0.008526
2024-10-17,BTC-USD,67617.0781,67912.2109,66647.3906,67399.8359,67399.8359,32790898511,-0.003149
2024-10-18,BTC-USD,67419.1094,68969.75,67177.8203,68418.7891,68418.7891,36857165014,0.015118
2024-10-19,BTC-USD,68418.9766,68668.0078,68024.6406,68362.7344,68362.7344,14443497908,-0.000819
2024-10-20,BTC-USD,68364.1797,69359.0078,68105.7188,69001.7031,69001.7031,18975847518,0.009347
2024-10-21,BTC-USD,69002.0,69462.7344,66829.8516,67367.8516,67367.8516,37498611780,-0.023678
2024-10-22,BTC-USD,67360.7031,67801.5781,66581.3672,67361.4062,67361.4062,31808472566,-9.6e-05
2024-10-23,BTC-USD,67362.375,67402.7422,65188.0352,66432.1953,66432.1953,32263980353,-0.013794
2024-10-24,BTC-USD,66653.7031,68798.9609,66454.1016,68161.0547,68161.0547,31414428647,0.026024
2024-10-25,BTC-USD,68165.2969,68722.1562,65521.793,66642.4141,66642.4141,41469984306,-0.02228
2024-10-26,BTC-USD,66628.7344,67317.9219,66360.5938,67014.6953,67014.6953,19588098156,0.005586
2024-10-27,BTC-USD,67023.4766,68221.3125,66847.2266,67929.2969,67929.2969,16721307878,0.013648
2024-10-28,BTC-USD,67922.6719,70212.2656,67535.1328,69907.7578,69907.7578,38799856657,0.029125
2024-10-29,BTC-USD,69910.0469,73577.2109,69729.9141,72720.4922,72720.4922,58541874402,0.040235
2024-10-30,BTC-USD,72715.3672,72905.2969,71411.7344,72339.5391,72339.5391,40646637831,-0.005239
2024-10-31,BTC-USD,72335.0469,72662.3125,69590.5,70215.1875,70215.1875,40627912076,-0.029366
2024-11-01,BTC-USD,70216.8984,71559.0156,68779.7031,69482.4688,69482.4688,49989795365,-0.010435
2024-11-02,BTC-USD,69486.0234,69867.3516,69033.7188,69289.2734,69289.2734,18184612091,-0.00278
2024-11-03,BTC-USD,69296.3828,69361.6562,67482.5234,68741.1172,68741.1172,34868307655,-0.007911
2024-11-04,BTC-USD,68742.1328,69433.1797,66803.6484,67811.5078,67811.5078,41184819348,-0.013523
2024-11-05,BTC-USD,67811.1719,70522.7891,67458.8672,69359.5625,69359.5625,46046889204,0.022829
2024-11-06,BTC-USD,69358.5,76460.1562,69322.0312,75639.0781,75639.0781,118592653963,0.090536
2024-11-07,BTC-USD,75637.0859,76943.1172,74480.4219,75904.8594,75904.8594,63467654989,0.003514
2024-11-08,BTC-USD,75902.8359,77252.75,75648.7422,76545.4766,76545.4766,55176858003,0.00844
2024-11-09,BTC-USD,76556.1875,76932.7656,75773.7891,76778.8672,76778.8672,29009480361,0.003049
2024-11-10,BTC-USD,76775.5469,81474.4219,76565.4297,80474.1875,80474.1875,82570594495,0.048129
2024-11-11,BTC-USD,80471.4141,89604.5,80283.25,88701.4844,88701.4844,117966845037,0.102235
2024-11-12,BTC-USD,88705.5625,89956.8828,85155.1094,87955.8125,87955.8125,133673285375,-0.008407
2024-11-13,BTC-USD,87929.9688,93434.3516,86256.9297,90584.1641,90584.1641,123559027869,0.029883
2024-11-14,BTC-USD,90574.8828,91765.2188,86682.8125,87250.4297,87250.4297,87616705248,-0.036803
2024-11-15,BTC-USD,87284.1797,91868.7422,87124.8984,91066.0078,91066.0078,78243109518,0.043731
2024-11-16,BTC-USD,91064.3672,91763.9453,90094.2266,90558.4766,90558.4766,44333192814,-0.005573
2024-11-17,BTC-USD,90558.4609,91433.0391,88741.6641,89845.8516,89845.8516,46350159305,-0.007869
2024-11-18,BTC-USD,89843.7188,92596.7891,89393.5938,90542.6406,90542.6406,75535775084,0.007755
2024-11-19,BTC-USD,90536.8125,94002.8672,90426.9844,92343.7891,92343.7891,74521048295,0.019893
2024-11-20,BTC-USD,92341.8906,94902.0234,91619.5,94339.4922,94339.4922,71730956426,0.021612
2024-11-21,BTC-USD,94334.6406,99014.2188,94132.6016,98504.7266,98504.7266,106024505582,0.044152
2024-11-22,BTC-USD,98496.4297,99655.5,97222.6641,98997.6641,98997.6641,78473580551,0.005004
2024-11-23,BTC-USD,99006.7422,99014.6797,97232.8906,97777.2812,97777.2812,44414644677,-0.012327
2024-11-24,BTC-USD,97778.0938,98647.1797,95788.0781,98013.8203,98013.8203,51712020623,0.002419
2024-11-25,BTC-USD,98033.4453,98935.0312,92642.9141,93102.2969,93102.2969,80909462490,-0.050111
2024-11-26,BTC-USD,93087.2812,94991.75,90770.8125,91985.3203,91985.3203,91656519855,-0.011997
2024-11-27,BTC-USD,91978.1406,97361.1797,91778.6641,95962.5312,95962.5312,71133452438,0.043237
2024-11-28,BTC-USD,95954.9453,96650.2031,94677.3516,95652.4688,95652.4688,52260008261,-0.003231
2024-11-29,BTC-USD,95653.9531,98693.1719,95407.8828,97461.5234,97461.5234,54968682476,0.018913
2024-11-30,BTC-USD,97468.8125,97499.3438,96144.2188,96449.0547,96449.0547,31634227866,-0.010388
2024-12-01,BTC-USD,96461.3359,97888.125,95770.1875,97279.7891,97279.7891,36590695296,0.008613
2024-12-02,BTC-USD,97276.0078,98152.6016,94482.8672,95865.3047,95865.3047,72680784305,-0.01454
2024-12-03,BTC-USD,95854.5938,96297.2031,93629.5625,96002.1641,96002.1641,67067810961,0.001428
2024-12-04,BTC-USD,95988.5312,99207.3281,94660.5234,98768.5312,98768.5312,77199817112,0.028816
2024-12-05,BTC-USD,98741.5391,103900.4688,91998.7812,96593.5703,96593.5703,149218945580,-0.022021
2024-12-06,BTC-USD,97074.2266,102039.8828,96514.875,99920.7109,99920.7109,94534772658,0.034445
2024-12-07,BTC-USD,99916.7109,100563.3828,99030.8828,99923.3359,99923.3359,44177510897,2.6e-05
2024-12-08,BTC-USD,99921.9141,101399.9922,98771.5156,101236.0156,101236.0156,44125751925,0.013137
2024-12-09,BTC-USD,101237.0625,101272.5078,94355.9141,97432.7188,97432.7188,110676473908,-0.037569
2024-12-10,BTC-USD,97441.2344,98270.1562,94321.2578,96675.4297,96675.4297,104823780634,-0.007772
2024-12-11,BTC-USD,96656.0625,101913.3594,95747.2266,101173.0312,101173.0312,85391409936,0.046523
2024-12-12,BTC-USD,101167.8047,102524.9141,99339.9531,100043.0,100043.0,72073983533,-0.011169
2024-12-13,BTC-USD,100046.6484,101888.8047,99233.2812,101459.2578,101459.2578,56894751583,0.014156
2024-12-14,BTC-USD,101451.4375,102618.8828,100634.0547,101372.9688,101372.9688,40422968793,-0.00085
2024-12-15,BTC-USD,101373.5312,105047.5391,101227.0312,104298.6953,104298.6953,51145914137,0.028861
2024-12-16,BTC-USD,104293.5781,107780.5781,103322.9844,106029.7188,106029.7188,91020417816,0.016597
2024-12-17,BTC-USD,106030.6875,108268.4453,105291.7344,106140.6016,106140.6016,68589364868,0.001046
2024-12-18,BTC-USD,106147.2969,106470.6094,100041.5391,100041.5391,100041.5391,93865656139,-0.057462
2024-12-19,BTC-USD,100070.6875,102748.1484,95587.6797,97490.9531,97490.9531,97221662392,-0.025495
2024-12-20,BTC-USD,97484.6953,98098.9141,92175.1797,97755.9297,97755.9297,105634083408,0.002718
2024-12-21,BTC-USD,97756.1953,99507.1016,96426.5234,97224.7266,97224.7266,51765334294,-0.005434
2024-12-22,BTC-USD,97218.3203,97360.2656,94202.1875,95104.9375,95104.9375,43147981314,-0.021803
2024-12-23,BTC-USD,95099.3906,96416.2109,92403.1328,94686.2422,94686.2422,65239002919,-0.004402
2024-12-24,BTC-USD,94684.3438,99404.0625,93448.0156,98676.0938,98676.0938,47114953674,0.042138
2024-12-25,BTC-USD,98675.9141,99478.75,97593.4688,99299.1953,99299.1953,33700394629,0.006315
2024-12-26,BTC-USD,99297.6953,99884.5703,95137.8828,95795.5156,95795.5156,47054980873,-0.035284
2024-12-27,BTC-USD,95704.9766,97294.8438,93310.7422,94164.8594,94164.8594,52419934565,-0.017022
2024-12-28,BTC-USD,94160.1875,95525.8984,94014.2891,95163.9297,95163.9297,24107436185,0.01061
2024-12-29,BTC-USD,95174.0547,95174.875,92881.7891,93530.2266,93530.2266,29635885267,-0.017167
2024-12-30,BTC-USD,93527.1953,94903.3203,91317.1328,92643.2109,92643.2109,56188003691,-0.009484
2024-12-31,BTC-USD,92643.25,96090.6016,91914.0312,93429.2031,93429.2031,43625106843,0.008484
2025-01-01,BTC-USD,93425.1016,94929.8672,92788.125,94419.7578,94419.7578,24519888919,0.010602
2025-01-02,BTC-USD,94416.2891,97739.8203,94201.5703,96886.875,96886.875,46009564411,0.026129
2025-01-03,BTC-USD,96881.7266,98956.9141,96034.6172,98107.4297,98107.4297,35611391163,0.012598
2025-01-04,BTC-USD,98106.9922,98734.4297,97562.9766,98236.2266,98236.2266,22342608078,0.001313
2025-01-05,BTC-USD,98233.9062,98813.3047,97291.7656,98314.9609,98314.9609,20525254825,0.000801
2025-01-06,BTC-USD,98314.9531,102482.875,97926.1484,102078.0859,102078.0859,51823432705,0.038276
2025-01-07,BTC-USD,102248.8516,102712.4844,96132.875,96922.7031,96922.7031,58685738547,-0.050504
2025-01-08,BTC-USD,96924.1641,97258.3203,92525.8438,95043.5234,95043.5234,63875859171,-0.019388
2025-01-09,BTC-USD,95043.4844,95349.7188,91220.8438,92484.0391,92484.0391,62777261693,-0.02693
2025-01-10,BTC-USD,92494.4922,95770.6094,92250.0938,94701.4531,94701.4531,62058693684,0.023976
2025-01-11,BTC-USD,94700.8359,94977.6875,93840.0469,94566.5938,94566.5938,18860894100,-0.001424
2025-01-12,BTC-USD,94565.7266,95367.5391,93712.5078,94488.4375,94488.4375,20885130965,-0.000826
2025-01-13,BTC-USD,94488.8906,95837.0,89260.1016,94516.5234,94516.5234,72978998252,0.000297
2025-01-14,BTC-USD,94519.0078,97352.6641,94322.1562,96534.0469,96534.0469,53769675818,0.021346
2025-01-15,BTC-USD,96534.0469,100697.2344,96501.6406,100504.4922,100504.4922,57805923627,0.04113
2025-01-16,BTC-USD,100505.2969,100781.5859,97364.4453,99756.9062,99756.9062,54103781805,-0.007438
2025-01-17,BTC-USD,100025.7656,105884.2266,99948.9062,104462.0391,104462.0391,71888972663,0.047166
2025-01-18,BTC-USD,104124.9531,104913.2031,102226.6172,104408.0703,104408.0703,50445655726,-0.000517
2025-01-19,BTC-USD,104411.2891,106299.7969,99570.5312,101089.6094,101089.6094,76789928525,-0.031784
2025-01-20,BTC-USD,101083.75,109114.8828,99471.3594,102016.6641,102016.6641,126279678351,0.009171
2025-01-21,BTC-USD,102052.5781,107180.9219,100103.9531,106146.2656,106146.2656,88733878242,0.04048
2025-01-22,BTC-USD,106136.3828,106294.3438,103360.2656,103653.0703,103653.0703,53878181052,-0.023488
2025-01-23,BTC-USD,103657.6719,106820.3281,101257.8047,103960.1719,103960.1719,104104515428,0.002963
2025-01-24,BTC-USD,103965.6719,107098.5469,102772.125,104819.4844,104819.4844,52388229265,0.008266
2025-01-25,BTC-USD,104824.0312,105243.7891,104120.375,104714.6484,104714.6484,23888996502,-0.001
2025-01-26,BTC-USD,104713.2109,105438.6484,102507.7109,102682.5,102682.5,22543395879,-0.019407
2025-01-27,BTC-USD,102680.3047,103214.1094,97795.9375,102087.6875,102087.6875,89006608428,-0.005793
2025-01-28,BTC-USD,102095.4141,103730.8203,100238.1875,101332.4766,101332.4766,47180685494,-0.007398
2025-01-29,BTC-USD,101317.5234,104750.8047,101283.8203,103703.2109,103703.2109,47432049818,0.023396
2025-01-30,BTC-USD,103709.3359,106418.7656,103321.6484,104735.3047,104735.3047,41915744521,0.009952
2025-01-31,BTC-USD,104737.5625,106026.3516,101543.8828,102405.0234,102405.0234,45732764360,-0.022249
2025-02-01,BTC-USD,102402.7969,102755.7266,100297.7109,100655.9062,100655.9062,27757944848,-0.01708
2025-02-02,BTC-USD,100661.5391,101430.6641,96216.0781,97688.9766,97688.9766,63091816853,-0.029476
2025-02-03,BTC-USD,97681.1016,102514.1719,91242.8906,101405.4219,101405.4219,115400897748,0.038044
2025-02-04,BTC-USD,101398.7188,101745.6172,96208.1094,97871.8203,97871.8203,73002130211,-0.034846
2025-02-05,BTC-USD,97878.0078,99113.2109,96174.8281,96615.4453,96615.4453,49125911241,-0.012837
2025-02-06,BTC-USD,96610.6406,99168.6094,95707.3516,96593.2969,96593.2969,45302471947,-0.000229
2025-02-07,BTC-USD,96581.3203,100154.1406,95653.8828,96529.0859,96529.0859,55741290456,-0.000665
2025-02-08,BTC-USD,96533.2578,96877.8047,95702.4922,96482.4531,96482.4531,22447526395,-0.000483
2025-02-09,BTC-USD,96481.3125,97325.2812,94745.2578,96500.0938,96500.0938,27732901800,0.000183
2025-02-10,BTC-USD,96499.4609,98333.2188,95320.8438,97437.5547,97437.5547,40078962391,0.009715
2025-02-11,BTC-USD,97438.1328,98492.8984,94875.0391,95747.4297,95747.4297,37488783272,-0.017346
2025-02-12,BTC-USD,95745.6953,98151.0234,94101.2031,97885.8594,97885.8594,49340445530,0.022334
2025-02-13,BTC-USD,97888.75,98111.0859,95269.7109,96623.8672,96623.8672,37147280860,-0.012892
2025-02-14,BTC-USD,96623.3672,98819.4688,96342.8047,97508.9688,97508.9688,32697987277,0.00916
2025-02-15,BTC-USD,97508.3828,97975.0391,97240.1953,97580.3516,97580.3516,17047266288,0.000732
2025-02-16,BTC-USD,97580.4922,97725.5938,96060.9766,96175.0312,96175.0312,16536755396,-0.014402
2025-02-17,BTC-USD,96179.0078,97032.2344,95243.5469,95773.3828,95773.3828,27336550690,-0.004176
2025-02-18,BTC-USD,95773.8125,96695.375,93388.8359,95539.5469,95539.5469,37325720482,-0.002442
2025-02-19,BTC-USD,95532.5312,96855.5938,95011.9688,96635.6094,96635.6094,28990872862,0.011472
2025-02-20,BTC-USD,96632.6797,98767.1953,96442.6719,98333.9375,98333.9375,31668022771,0.017575
2025-02-21,BTC-USD,98340.6719,99497.9688,94852.9609,96125.5469,96125.5469,49608706470,-0.022458
2025-02-22,BTC-USD,96134.2031,96950.1562,95765.3438,96577.7578,96577.7578,18353824477,0.004704
2025-02-23,BTC-USD,96577.8047,96671.875,95270.4531,96273.9219,96273.9219,16999478976,-0.003146
2025-02-24,BTC-USD,96277.9609,96503.4531,91371.7422,91418.1719,91418.1719,44046480529,-0.050437
2025-02-25,BTC-USD,91437.1172,92511.0781,86008.2344,88736.1719,88736.1719,92139104128,-0.029338
2025-02-26,BTC-USD,88638.8906,89286.25,82131.8984,84347.0234,84347.0234,64597492134,-0.049463
2025-02-27,BTC-USD,84076.8594,87000.7812,83144.9609,84704.2266,84704.2266,52659591954,0.004235
2025-02-28,BTC-USD,84705.625,85036.3203,78248.9141,84373.0078,84373.0078,83610570576,-0.00391
2025-03-01,BTC-USD,84373.8672,86522.3047,83794.2344,86031.9141,86031.9141,29190628396,0.019662
2025-03-02,BTC-USD,86036.2578,95043.4375,85040.2109,94248.3516,94248.3516,58398341092,0.095505
2025-03-03,BTC-USD,94248.4219,94429.75,85081.3047,86065.6719,86065.6719,70072228536,-0.08682
2025-03-04,BTC-USD,86064.0703,88911.2734,81529.2422,87222.1953,87222.1953,68095241474,0.013438
2025-03-05,BTC-USD,87222.9531,90998.2422,86379.7734,90623.5625,90623.5625,50498988027,0.038997
2025-03-06,BTC-USD,90622.3594,92804.9375,87852.1406,89961.7266,89961.7266,47749810486,-0.007303
2025-03-07,BTC-USD,89963.2812,91191.0469,84717.6797,86742.6719,86742.6719,65945677657,-0.035782
2025-03-08,BTC-USD,86742.6562,86847.2656,85247.4844,86154.5938,86154.5938,18206118081,-0.00678
2025-03-09,BTC-USD,86154.3047,86471.1328,80052.4844,80601.0391,80601.0391,30899345977,-0.06446
2025-03-10,BTC-USD,80597.1484,83955.9297,77420.5938,78532.0,78532.0,54061099422,-0.02567
2025-03-11,BTC-USD,78523.875,83577.7578,76624.25,82862.2109,82862.2109,54702837196,0.055139
2025-03-12,BTC-USD,82857.375,84358.5781,80635.25,83722.3594,83722.3594,40353484454,0.01038
2025-03-13,BTC-USD,83724.9219,84301.6953,79931.8516,81066.7031,81066.7031,31412940153,-0.03172
2025-03-14,BTC-USD,81066.9922,85263.2891,80797.5625,83969.1016,83969.1016,29588112414,0.035803
2025-03-15,BTC-USD,83968.4062,84672.6719,83639.5938,84343.1094,84343.1094,13650491277,0.004454
2025-03-16,BTC-USD,84333.3203,85051.6016,82017.9062,82579.6875,82579.6875,21330270174,-0.020908
2025-03-17,BTC-USD,82576.3359,84725.3281,82492.1562,84075.6875,84075.6875,25092785558,0.018116
2025-03-18,BTC-USD,84075.7188,84075.7188,81179.9922,82718.5,82718.5,24095774594,-0.016142
2025-03-19,BTC-USD,82718.8047,87021.1875,82569.7266,86854.2266,86854.2266,34931960257,0.049998
2025-03-20,BTC-USD,86872.9531,87443.2656,83647.1953,84167.1953,84167.1953,29028988961,-0.030937
2025-03-21,BTC-USD,84164.5391,84782.2734,83171.0703,84043.2422,84043.2422,19030452299,-0.001473
2025-03-22,BTC-USD,84046.2578,84513.875,83674.7812,83832.4844,83832.4844,9863214091,-0.002508
2025-03-23,BTC-USD,83831.8984,86094.7812,83794.9141,86054.375,86054.375,12594615537,0.026504
2025-03-24,BTC-USD,86070.9297,88758.7266,85541.1953,87498.9141,87498.9141,34582604933,0.016786
2025-03-25,BTC-USD,87512.8203,88542.3984,86346.0781,87471.7031,87471.7031,30005840049,-0.000311
2025-03-26,BTC-USD,87460.2344,88292.1562,85861.4531,86900.8828,86900.8828,26704046038,-0.006526
2025-03-27,BTC-USD,86896.2578,87786.7266,85837.9375,87177.1016,87177.1016,24413471941,0.003179
2025-03-28,BTC-USD,87185.2344,87489.8594,83557.6406,84353.1484,84353.1484,34198619509,-0.032393
2025-03-29,BTC-USD,84352.0703,84567.3359,81634.1406,82597.5859,82597.5859,16969396135,-0.020812
2025-03-30,BTC-USD,82596.9844,83505.0,81573.25,82334.5234,82334.5234,14763760943,-0.003185
2025-03-31,BTC-USD,82336.0625,83870.125,81293.8906,82548.9141,82548.9141,29004228247,0.002604
2025-04-01,BTC-USD,82551.9219,85487.3672,82429.3594,85169.1719,85169.1719,28175650319,0.031742
2025-04-02,BTC-USD,85180.6094,88466.9531,82343.5391,82485.7109,82485.7109,47584398470,-0.031507
2025-04-03,BTC-USD,82487.4766,83909.2969,81282.1016,83102.8281,83102.8281,36852112080,0.007482
2025-04-04,BTC-USD,83100.25,84696.1484,81670.75,83843.8047,83843.8047,45157640207,0.008916
2025-04-05,BTC-USD,83844.7031,84207.0156,82377.7344,83504.7969,83504.7969,14380803631,-0.004043
2025-04-06,BTC-USD,83504.5078,83704.7188,77097.7422,78214.4844,78214.4844,36294853736,-0.063353
2025-04-07,BTC-USD,78221.3359,81119.0625,74436.6797,79235.3359,79235.3359,91262424987,0.013052
2025-04-08,BTC-USD,79218.4766,80823.8906,76198.0234,76271.9531,76271.9531,48314590749,-0.0374
2025-04-09,BTC-USD,76273.5625,83541.0,74589.6719,82573.9531,82573.9531,84213627038,0.082625
2025-04-10,BTC-USD,82565.9766,82700.9297,78456.1328,79626.1406,79626.1406,44718000633,-0.035699
2025-04-11,BTC-USD,79625.0469,84247.4766,78936.3203,83404.8359,83404.8359,41656778779,0.047455
2025-04-12,BTC-USD,83404.5156,85856.1875,82769.375,85287.1094,85287.1094,24258059104,0.022568
2025-04-13,BTC-USD,85279.4688,86015.1875,83027.0078,83684.9766,83684.9766,28796984817,-0.018785
2025-04-14,BTC-USD,83694.5234,85785.0,83690.6406,84542.3906,84542.3906,34090769777,0.010246
2025-04-15,BTC-USD,84539.6953,86429.3516,83598.8203,83668.9922,83668.9922,28040322885,-0.010331
2025-04-16,BTC-USD,83674.5078,85428.2812,83100.6172,84033.8672,84033.8672,29617804112,0.004361
2025-04-17,BTC-USD,84030.6719,85449.0703,83749.75,84895.75,84895.75,21276866029,0.010256
2025-04-18,BTC-USD,84900.1875,85095.0469,84298.8828,84450.8047,84450.8047,12728372364,-0.005241
2025-04-19,BTC-USD,84450.8672,85597.7031,84353.4609,85063.4141,85063.4141,15259300427,0.007254
2025-04-20,BTC-USD,85066.0703,85306.3828,83976.8438,85174.3047,85174.3047,14664050812,0.001304
2025-04-21,BTC-USD,85171.5391,88460.0938,85143.8359,87518.9062,87518.9062,41396190190,0.027527
2025-04-22,BTC-USD,87521.875,93817.3828,87084.5312,93441.8906,93441.8906,55899038456,0.067677
2025-04-23,BTC-USD,93427.5859,94535.7344,91962.9609,93699.1094,93699.1094,41719568821,0.002753
2025-04-24,BTC-USD,93692.3984,94016.1953,91696.7109,93943.7969,93943.7969,31483175315,0.002611
2025-04-25,BTC-USD,93954.25,95768.3906,92898.5938,94720.5,94720.5,40915232364,0.008268
2025-04-26,BTC-USD,94714.6484,95251.3594,93927.25,94646.9297,94646.9297,17612825123,-0.000777
2025-04-27,BTC-USD,94660.9062,95301.2031,93665.3984,93754.8438,93754.8438,18090367764,-0.009425
2025-04-28,BTC-USD,93755.3047,95598.4922,92860.8047,94978.75,94978.75,32363449569,0.013054
2025-04-29,BTC-USD,94981.8594,95485.4141,93796.6328,94284.7891,94284.7891,25806129921,-0.007306
2025-04-30,BTC-USD,94286.4688,95249.3203,92979.6406,94207.3125,94207.3125,28344679831,-0.000822
2025-05-01,BTC-USD,94212.8594,97437.9609,94153.6328,96492.3359,96492.3359,32875889623,0.024255
2025-05-02,BTC-USD,96494.9688,97905.8984,96375.9453,96910.0703,96910.0703,26421924677,0.004329
2025-05-03,BTC-USD,96904.6328,96943.8828,95821.2891,95891.7969,95891.7969,15775154889,-0.010507
2025-05-04,BTC-USD,95877.1875,96318.9219,94173.4297,94315.9766,94315.9766,18198688416,-0.016433
2025-05-05,BTC-USD,94319.5625,95193.1875,93566.2656,94748.0547,94748.0547,25816260327,0.004581
2025-05-06,BTC-USD,94748.3828,96889.1797,93399.8594,96802.4766,96802.4766,26551275827,0.021683
2025-05-07,BTC-USD,96800.1953,97625.8047,95829.3359,97032.3203,97032.3203,76983822462,0.002374
2025-05-08,BTC-USD,97034.25,103969.5391,96913.875,103241.4609,103241.4609,69895404397,0.06399
2025-05-09,BTC-USD,103239.125,104297.4922,102343.0938,102970.8516,102970.8516,58198593958,-0.002621
2025-05-10,BTC-USD,102973.7109,104961.7656,102830.4844,104696.3281,104696.3281,42276713994,0.016757
2025-05-11,BTC-USD,104701.0703,104937.9922,103364.7422,104106.3594,104106.3594,46285517406,-0.005635
2025-05-12,BTC-USD,104106.9609,105747.4531,100814.4062,102812.9531,102812.9531,63250475404,-0.012424
2025-05-13,BTC-USD,102812.4922,104997.4219,101515.0938,104169.8125,104169.8125,52608876410,0.013197
2025-05-14,BTC-USD,104167.3281,104303.5625,102618.2969,103539.4141,103539.4141,45956071155,-0.006052
2025-05-15,BTC-USD,103538.8281,104153.6172,101440.8125,103744.6406,103744.6406,50408241840,0.001982
2025-05-16,BTC-USD,103735.6562,104533.4844,103137.4766,103489.2891,103489.2891,44386499364,-0.002461
2025-05-17,BTC-USD,103489.2891,103716.9453,102659.1797,103191.0859,103191.0859,37898552742,-0.002881
2025-05-18,BTC-USD,103186.9531,106597.1719,103142.6016,106446.0078,106446.0078,49887082058,0.031543
2025-05-19,BTC-USD,106430.5312,107068.7188,102112.6875,105606.1797,105606.1797,61761126647,-0.00789
2025-05-20,BTC-USD,105605.4062,107307.1172,104206.5156,106791.0859,106791.0859,36515726122,0.01122
2025-05-21,BTC-USD,106791.3125,110724.4609,106127.2344,109678.0781,109678.0781,78086364051,0.027034
2025-05-22,BTC-USD,109673.4922,111970.1719,109285.0703,111673.2812,111673.2812,70157575642,0.018191
2025-05-23,BTC-USD,111679.3594,111798.9062,106841.3047,107287.7969,107287.7969,67548133399,-0.039271
2025-05-24,BTC-USD,107278.5078,109454.5234,106895.2891,107791.1562,107791.1562,45903627163,0.004692
2025-05-25,BTC-USD,107802.2734,109313.3047,106683.375,109035.3906,109035.3906,47518041841,0.011543
2025-05-26,BTC-USD,109023.7812,110376.8828,108735.6406,109440.3672,109440.3672,45950461571,0.003714
2025-05-27,BTC-USD,109440.4062,110744.2109,107609.5547,108994.6406,108994.6406,57450176272,-0.004073
2025-05-28,BTC-USD,108992.1719,109298.2891,106812.9297,107802.3281,107802.3281,49155377493,-0.010939
2025-05-29,BTC-USD,107795.5703,108910.0469,105374.3984,105641.7578,105641.7578,56022752042,-0.020042
2025-05-30,BTC-USD,105646.2109,106308.9453,103685.7891,103998.5703,103998.5703,57655287183,-0.015554
2025-05-31,BTC-USD,103994.7188,104927.1016,103136.1172,104638.0938,104638.0938,38997843858,0.006149
2025-06-01,BTC-USD,104637.2969,105884.5469,103826.9531,105652.1016,105652.1016,37397056873,0.009691
2025-06-02,BTC-USD,105649.8125,105958.3125,103727.5469,105881.5312,105881.5312,45819706290,0.002172
2025-06-03,BTC-USD,105888.4766,106813.5781,104920.8438,105432.4688,105432.4688,46196508367,-0.004241
2025-06-04,BTC-USD,105434.3672,105997.6953,104232.7031,104731.9844,104731.9844,44544857105,-0.006644
2025-06-05,BTC-USD,104750.7812,105936.6875,100436.8828,101575.9531,101575.9531,57479298400,-0.030134
2025-06-06,BTC-USD,101574.3672,105376.7734,101169.5703,104390.3438,104390.3438,48856653697,0.027707
2025-06-07,BTC-USD,104390.6484,105972.7578,103987.3125,105615.625,105615.625,38365033776,0.011737
2025-06-08,BTC-USD,105617.5078,106497.0625,105075.3281,105793.6484,105793.6484,36626232328,0.001686
2025-06-09,BTC-USD,105793.0234,110561.4219,105400.2344,110294.1016,110294.1016,55903193732,0.04254
2025-06-10,BTC-USD,110295.6875,110380.125,108367.7109,110257.2344,110257.2344,54700101509,-0.000334
2025-06-11,BTC-USD,110261.7969,110384.2188,108086.3281,108686.625,108686.625,50842662052,-0.014245
2025-06-12,BTC-USD,108685.9141,108780.6953,105785.6875,105929.0547,105929.0547,54843867968,-0.025372
2025-06-13,BTC-USD,105924.5938,106182.5469,102822.0234,106090.9688,106090.9688,69550440846,0.001529
2025-06-14,BTC-USD,106108.0859,106203.7578,104379.3672,105472.4062,105472.4062,38007870453,-0.00583
2025-06-15,BTC-USD,105464.8438,106157.1016,104519.8828,105552.0234,105552.0234,36744307742,0.000755
2025-06-16,BTC-USD,105555.5938,108915.375,104997.625,106796.7578,106796.7578,50366626945,0.011793
2025-06-17,BTC-USD,106794.1172,107750.1953,103396.5312,104601.1172,104601.1172,55964092176,-0.020559
2025-06-18,BTC-USD,104602.0703,105581.8516,103602.2656,104883.3281,104883.3281,47318089133,0.002698
2025-06-19,BTC-USD,104886.7734,105250.8906,103940.7734,104684.2891,104684.2891,37333806920,-0.001898
2025-06-20,BTC-USD,104681.0312,106539.3828,102372.2109,103309.6016,103309.6016,50951862476,-0.013132
2025-06-21,BTC-USD,103315.0781,104015.7812,100973.0625,102257.4062,102257.4062,38360555118,-0.010185
2025-06-22,BTC-USD,102212.0312,103351.6328,98286.2031,100987.1406,100987.1406,65536997201,-0.012422
2025-06-23,BTC-USD,100987.4766,106116.8594,99705.75,105577.7734,105577.7734,65237759656,0.045458
2025-06-24,BTC-USD,105571.5156,106316.8281,104740.2422,106045.6328,106045.6328,48822986421,0.004431
2025-06-25,BTC-USD,106047.4062,108168.3984,105881.3906,107361.2578,107361.2578,51624120283,0.012406
2025-06-26,BTC-USD,107375.0703,108305.5469,106666.3516,106960.0,106960.0,43891990613,-0.003737
2025-06-27,BTC-USD,106954.9219,107772.4688,106449.9922,107088.4297,107088.4297,45353692675,0.001201
2025-06-28,BTC-USD,107090.5469,107567.8828,106883.9766,107327.7031,107327.7031,30037708335,0.002234
2025-06-29,BTC-USD,107327.8203,108526.3047,107230.1094,108385.5703,108385.5703,35534874438,0.009856
2025-06-30,BTC-USD,108383.4375,108798.7891,106759.6484,107135.3359,107135.3359,42064804590,-0.011535
2025-07-01,BTC-USD,107144.3828,107550.6797,105270.2266,105698.2812,105698.2812,44110692247,-0.013413
2025-07-02,BTC-USD,105703.1016,109763.6562,105157.3984,108859.3203,108859.3203,56248657737,0.029906
2025-07-03,BTC-USD,108845.0156,110541.4609,108605.7969,109647.9766,109647.9766,50494742270,0.007245
2025-07-04,BTC-USD,109635.6562,109751.9844,107296.3828,108034.3359,108034.3359,42616442656,-0.014717
2025-07-05,BTC-USD,108015.8359,108381.3438,107842.2734,108231.1797,108231.1797,30615537520,0.001822
2025-07-06,BTC-USD,108231.1875,109731.625,107847.0156,109232.0703,109232.0703,36746020463,0.009248
2025-07-07,BTC-USD,109235.3281,109710.25,107527.0547,108299.8516,108299.8516,45415696597,-0.008534
2025-07-08,BTC-USD,108298.2266,109198.9688,107499.5547,108950.2734,108950.2734,44282204127,0.006006
2025-07-09,BTC-USD,108950.2734,111925.375,108357.6797,111326.5547,111326.5547,57927418065,0.021811
2025-07-10,BTC-USD,111329.1953,116608.7812,110660.75,115987.2031,115987.2031,95911605728,0.041865
2025-07-11,BTC-USD,115986.2344,118856.4766,115245.6875,117516.9922,117516.9922,86928361085,0.013189
2025-07-12,BTC-USD,117530.7109,118219.8984,116977.0234,117435.2266,117435.2266,45524560304,-0.000696
2025-07-13,BTC-USD,117432.2031,119449.5703,117265.4375,119116.1172,119116.1172,49021091807,0.014313
2025-07-14,BTC-USD,119115.7891,123091.6094,118959.1953,119849.7031,119849.7031,181746419401,0.006159
2025-07-15,BTC-USD,119853.8516,119935.5625,115765.6875,117777.1875,117777.1875,98321661181,-0.017293
2025-07-16,BTC-USD,117777.1875,120065.5156,117064.8203,118738.5078,118738.5078,72162029070,0.008162
2025-07-17,BTC-USD,118738.5078,120999.6094,117508.2188,119289.8438,119289.8438,72363841798,0.004643
2025-07-18,BTC-USD,119284.1094,120851.9141,116925.9844,118003.2266,118003.2266,77945799785,-0.010786
2025-07-19,BTC-USD,117998.125,118541.3984,117388.4141,117939.9766,117939.9766,47564562765,-0.000536
2025-07-20,BTC-USD,117944.1094,118865.0312,116550.1328,117300.7891,117300.7891,57515447231,-0.00542
2025-07-21,BTC-USD,117306.4688,119671.5625,116584.3984,117439.5391,117439.5391,69820091744,0.001183
2025-07-22,BTC-USD,117426.5,120269.9688,116233.2266,119995.4141,119995.4141,79217583118,0.021763
2025-07-23,BTC-USD,119997.4453,120113.3516,117391.3906,118754.9609,118754.9609,66608604537,-0.010338
2025-07-24,BTC-USD,118770.9844,119535.4531,117247.9688,118368.0,118368.0,72627318560,-0.003258
2025-07-25,BTC-USD,118368.0,118486.9766,114759.8203,117635.8828,117635.8828,104857024569,-0.006185
2025-07-26,BTC-USD,117644.8438,118335.6875,117181.2266,117947.3672,117947.3672,48508954046,0.002648
2025-07-27,BTC-USD,117944.7266,119815.5938,117859.6875,119448.4922,119448.4922,54683390892,0.012727
2025-07-28,BTC-USD,119457.5234,119819.7891,117441.4375,117924.4766,117924.4766,64822943193,-0.012759
2025-07-29,BTC-USD,117938.5859,119273.8672,116987.3672,117922.1484,117922.1484,68463107433,-2e-05
2025-07-30,BTC-USD,117921.9922,118780.7266,115800.8281,117831.1875,117831.1875,68896148592,-0.000771
2025-07-31,BTC-USD,117833.6328,118919.9844,115505.2188,115758.2031,115758.2031,69370346018,-0.017593
2025-08-01,BTC-USD,115738.9531,116060.7734,112724.4453,113320.0859,113320.0859,91294530181,-0.021062
2025-08-02,BTC-USD,113320.3906,114021.6016,112005.7656,112526.9141,112526.9141,56870866000,-0.006999
2025-08-03,BTC-USD,112525.8047,114747.4219,111943.8047,114217.6719,114217.6719,48099615826,0.015025
2025-08-04,BTC-USD,114223.9219,115729.4688,114130.4062,115071.8828,115071.8828,35783028986,0.007479
2025-08-05,BTC-USD,115072.1875,115117.4375,112701.1094,114141.4453,114141.4453,61039182286,-0.008086
2025-08-06,BTC-USD,114140.9141,115737.8359,113372.25,115028.0,115028.0,56379133510,0.007767
2025-08-07,BTC-USD,115030.0547,117676.9062,114279.7109,117496.8984,117496.8984,64051649681,0.021463
2025-08-08,BTC-USD,117505.5,117689.2031,115917.4609,116688.7266,116688.7266,59713005166,-0.006878
2025-08-09,BTC-USD,116678.2734,117906.6094,116363.8359,116500.3594,116500.3594,54004312429,-0.001614
2025-08-10,BTC-USD,116497.7188,119320.7109,116485.1641,119306.7578,119306.7578,64755458694,0.024089
2025-08-11,BTC-USD,119306.8125,122321.0938,118159.0312,118731.4453,118731.4453,90528784177,-0.004822
2025-08-12,BTC-USD,118717.6641,120302.4688,118228.7188,120172.9062,120172.9062,72803657984,0.012141
2025-08-13,BTC-USD,120168.9766,123682.4531,118939.6328,123344.0625,123344.0625,90904808795,0.026388
2025-08-14,BTC-USD,123339.3984,124457.1172,117254.8828,118359.5781,118359.5781,104055627395,-0.040411
2025-08-15,BTC-USD,118365.7812,119332.3125,116864.5703,117398.3516,117398.3516,68665353159,-0.008121
2025-08-16,BTC-USD,117398.4219,117996.0625,117271.9531,117491.3516,117491.3516,48036922378,0.000792
2025-08-17,BTC-USD,117492.7891,118595.7734,117279.5234,117453.0625,117453.0625,45852169525,-0.000326
2025-08-18,BTC-USD,117453.9062,117614.1719,114723.6797,116252.3125,116252.3125,72787808090,-0.010223
2025-08-19,BTC-USD,116241.8594,116764.5,112730.3984,112831.1797,112831.1797,71657600353,-0.029429
2025-08-20,BTC-USD,112828.0234,114625.7969,112387.9609,114274.7422,114274.7422,67993811526,0.012794
2025-08-21,BTC-USD,114275.6875,114802.6484,111986.2344,112419.0312,112419.0312,57817883700,-0.016239
2025-08-22,BTC-USD,112433.7344,117377.3984,111678.9453,116874.0859,116874.0859,82528088240,0.039629
2025-08-23,BTC-USD,116866.3672,116996.25,114536.1094,115374.3281,115374.3281,55377142586,-0.012832
2025-08-24,BTC-USD,115387.3906,115615.0859,111060.5469,113458.4297,113458.4297,73961489632,-0.016606
2025-08-25,BTC-USD,113456.8984,113637.8438,109324.2812,110124.3516,110124.3516,85706860190,-0.029386
2025-08-26,BTC-USD,110124.1016,112397.0156,108762.0391,111802.6562,111802.6562,69396320317,0.01524
2025-08-27,BTC-USD,111795.7109,112619.4141,110398.2656,111222.0625,111222.0625,62137056409,-0.005193
2025-08-28,BTC-USD,111219.0547,113450.0781,110900.9219,112544.8047,112544.8047,58860155962,0.011893
2025-08-29,BTC-USD,112550.5234,112619.0547,107559.625,108410.8359,108410.8359,77843379644,-0.036732
2025-08-30,BTC-USD,108409.4062,108929.3516,107444.4453,108808.0703,108808.0703,51486264208,0.003664
2025-08-31,BTC-USD,108818.4609,109491.0,108104.6562,108236.7109,108236.7109,47986191770,-0.005251
2025-09-01,BTC-USD,108228.75,109890.5859,107271.1797,109250.5938,109250.5938,66870372995,0.009367
2025-09-02,BTC-USD,109243.0703,111748.0156,108454.0312,111200.5859,111200.5859,74776999491,0.017849
2025-09-03,BTC-USD,111190.6953,112600.2266,110582.9609,111723.2109,111723.2109,61119643565,0.0047
2025-09-04,BTC-USD,111718.1484,112208.3281,109347.2266,110723.6016,110723.6016,60131132901,-0.008947
2025-09-05,BTC-USD,110723.0156,113357.4922,110233.3984,110650.9844,110650.9844,60241647677,-0.000656
2025-09-06,BTC-USD,110650.5703,111275.0156,110024.0859,110224.6953,110224.6953,21500719036,-0.003853
2025-09-07,BTC-USD,110221.3281,111591.0781,110211.625,111167.6172,111167.6172,24618007520,0.008555
2025-09-08,BTC-USD,111163.0156,112869.2344,110630.6094,112071.4297,112071.4297,40212813407,0.00813
2025-09-09,BTC-USD,112077.5781,113225.4375,110776.7031,111530.5469,111530.5469,45984480722,-0.004826
2025-09-10,BTC-USD,111531.25,114275.25,110940.0781,113955.3594,113955.3594,56377473784,0.021741
2025-09-11,BTC-USD,113961.4297,115522.5469,113453.8359,115507.5391,115507.5391,45685065332,0.013621
2025-09-12,BTC-USD,115507.7891,116769.3828,114794.4844,116101.5781,116101.5781,54785725894,0.005143
2025-09-13,BTC-USD,116093.5625,116334.6328,115248.2734,115950.5078,115950.5078,34549454947,-0.001301
2025-09-14,BTC-USD,115950.2891,116181.5,115222.3984,115407.6562,115407.6562,32798036057,-0.004682
2025-09-15,BTC-USD,115399.6328,116747.8828,114461.0625,115444.875,115444.875,52937859416,0.000322
2025-09-16,BTC-USD,115423.7578,117005.2734,114813.0938,116843.1875,116843.1875,45781744593,0.012112
2025-09-17,BTC-USD,116840.5078,117328.6094,114794.9766,116468.5078,116468.5078,60528025996,-0.003207
2025-09-18,BTC-USD,116461.2656,117911.7891,116188.7969,117137.2031,117137.2031,49457272032,0.005741
2025-09-19,BTC-USD,117137.6719,117479.7578,115141.8203,115688.8594,115688.8594,38828473971,-0.012365
2025-09-20,BTC-USD,115691.125,116191.1484,115473.5234,115721.9609,115721.9609,22864449614,0.000286
2025-09-21,BTC-USD,115730.2266,115901.0859,115252.5781,115306.0938,115306.0938,22495852193,-0.003594
2025-09-22,BTC-USD,115309.2188,115431.3125,112037.6484,112748.5078,112748.5078,70684158591,-0.022181
2025-09-23,BTC-USD,112757.4766,113351.9141,111535.5703,112014.5,112014.5,47211853279,-0.00651
2025-09-24,BTC-USD,112007.6641,113986.2734,111229.6406,113328.6328,113328.6328,48044595085,0.011732
2025-09-25,BTC-USD,113330.1641,113541.0859,108713.3984,109049.2891,109049.2891,75528654284,-0.03776
2025-09-26,BTC-USD,109041.2969,110359.1953,108728.9766,109712.8281,109712.8281,57738288949,0.006085
2025-09-27,BTC-USD,109707.1406,109778.5,109144.2969,109681.9453,109681.9453,26308042910,-0.000281
2025-09-28,BTC-USD,109681.9453,112375.4844,109236.9453,112122.6406,112122.6406,33371048505,0.022252
2025-09-29,BTC-USD,112117.875,114473.5703,111589.9531,114400.3828,114400.3828,60000147466,0.020315
2025-09-30,BTC-USD,114396.5234,114836.6172,112740.5625,114056.0859,114056.0859,58986330258,-0.00301
2025-10-01,BTC-USD,114057.5938,118648.9297,113981.3984,118648.9297,118648.9297,71328680132,0.040268
2025-10-02,BTC-USD,118652.3828,121086.4062,118383.1562,120681.2578,120681.2578,71415163912,0.017129
2025-10-03,BTC-USD,120656.9844,123944.7031,119344.3125,122266.5312,122266.5312,83941392228,0.013136
2025-10-04,BTC-USD,122267.4688,122857.6406,121577.5703,122425.4297,122425.4297,36769171735,0.0013
2025-10-05,BTC-USD,122419.6719,125559.2109,122191.9609,123513.4766,123513.4766,73689317763,0.008887
2025-10-06,BTC-USD,123510.4531,126198.0703,123196.0469,124752.5312,124752.5312,72568881188,0.010032
2025-10-07,BTC-USD,124752.1406,125184.0234,120681.9688,121451.3828,121451.3828,76149412513,-0.026462
2025-10-08,BTC-USD,121448.3516,124167.0938,121119.1797,123354.8672,123354.8672,65354305286,0.015673
2025-10-09,BTC-USD,123337.0703,123739.3438,119812.0312,121705.5859,121705.5859,74653009425,-0.01337
2025-10-10,BTC-USD,121704.7422,122509.6641,104582.4141,113214.3672,113214.3672,153125018868,-0.069769
2025-10-11,BTC-USD,113236.4297,113429.7266,109760.5625,110807.8828,110807.8828,110236934340,-0.021256
2025-10-12,BTC-USD,110811.5156,115805.0625,109715.5391,115169.7656,115169.7656,93710414091,0.039364
2025-10-13,BTC-USD,115161.6797,116020.4844,113821.1875,115271.0781,115271.0781,71582026739,0.00088
2025-10-14,BTC-USD,115264.8828,115502.8828,110029.4844,113118.6641,113118.6641,92212917403,-0.018673
2025-10-15,BTC-USD,113113.9688,113622.3828,110235.8359,110783.1641,110783.1641,72574132855,-0.020646
2025-10-16,BTC-USD,110782.1719,111990.8125,107537.0312,108186.0391,108186.0391,87306423067,-0.023443
2025-10-17,BTC-USD,108179.1328,109235.8047,103598.4297,106467.7891,106467.7891,99703051669,-0.015882
2025-10-18,BTC-USD,106483.7344,107490.9844,106387.4531,107198.2656,107198.2656,37779905278,0.006861
2025-10-19,BTC-USD,107204.3125,109488.9922,106157.7891,108666.7109,108666.7109,47657008953,0.013698
2025-10-20,BTC-USD,108667.4453,111711.0312,107485.0156,110588.9297,110588.9297,63507793085,0.017689
2025-10-21,BTC-USD,110587.6328,113996.3438,107534.75,108476.8906,108476.8906,101194375480,-0.019098
2025-10-22,BTC-USD,108491.5312,109115.1328,106778.0,107688.5859,107688.5859,80807013218,-0.007267
2025-10-23,BTC-USD,107679.4375,111288.5938,107548.4297,110069.7266,110069.7266,54944076060,0.022111
2025-10-24,BTC-USD,110069.3516,111842.5312,109770.1484,111033.9219,111033.9219,48160816980,0.00876
2025-10-25,BTC-USD,111032.6172,111947.7031,110704.4062,111641.7266,111641.7266,24707667305,0.005474
2025-10-26,BTC-USD,111639.0547,115260.9062,111268.4844,114472.4453,114472.4453,41708524143,0.025355
2025-10-27,BTC-USD,114479.8516,116273.3125,113882.2891,114119.3281,114119.3281,61761358733,-0.003085
2025-10-28,BTC-USD,114129.0859,116078.9844,112291.6797,112956.1641,112956.1641,64528066504,-0.010193
2025-10-29,BTC-USD,112921.3281,113642.7266,109368.7188,110055.3047,110055.3047,62192043469,-0.025681
2025-10-30,BTC-USD,110059.1953,111612.3516,106376.6875,108305.5469,108305.5469,69673964814,-0.015899
2025-10-31,BTC-USD,108304.4141,111031.8203,108288.2734,109556.1641,109556.1641,60090359560,0.011547
2025-11-01,BTC-USD,109558.625,110574.8984,109372.9531,110064.0156,110064.0156,25871668762,0.004636
2025-11-02,BTC-USD,110064.4297,111167.3125,109523.4531,110639.625,110639.625,34284209459,0.00523
2025-11-03,BTC-USD,110646.9062,110764.9141,105336.3594,106547.5234,106547.5234,72852006359,-0.036986
2025-11-04,BTC-USD,106541.4219,107264.8828,98962.0625,101590.5234,101590.5234,110967184773,-0.046524
2025-11-05,BTC-USD,101579.2344,104534.7031,98989.9141,103891.8359,103891.8359,77584934804,0.022653
2025-11-06,BTC-USD,103893.6641,104147.3047,100336.8672,101301.2891,101301.2891,63932752861,-0.024935
2025-11-07,BTC-USD,101286.2422,104052.9141,99257.0547,103372.4062,103372.4062,92168030081,0.020445
2025-11-08,BTC-USD,103371.7031,103373.5625,101458.0391,102282.1172,102282.1172,51446691095,-0.010547
2025-11-09,BTC-USD,102278.9844,105418.3672,101468.875,104719.6406,104719.6406,59679243013,0.023831
2025-11-10,BTC-USD,104723.7734,106564.6953,104350.6484,105996.5938,105996.5938,69585887229,0.012194
2025-11-11,BTC-USD,105996.8594,107428.2578,102457.3281,102997.4688,102997.4688,71130078574,-0.028295
2025-11-12,BTC-USD,103011.4375,105297.2344,100836.6172,101663.1875,101663.1875,64347179408,-0.012955
2025-11-13,BTC-USD,101674.1484,104005.4922,97988.7188,99697.4922,99697.4922,101546815416,-0.019335
2025-11-14,BTC-USD,99694.7031,99804.4297,94000.7344,94397.7891,94397.7891,114346441890,-0.053158
2025-11-15,BTC-USD,94420.4688,96728.4688,94420.4688,95549.1484,95549.1484,38500716654,0.012197
2025-11-16,BTC-USD,95556.8672,96564.1875,92971.1641,94177.0781,94177.0781,71086235862,-0.01436
2025-11-17,BTC-USD,94180.875,95928.3672,91214.7578,92093.875,92093.875,94186165724,-0.02212
2025-11-18,BTC-USD,92094.5312,93745.0781,89300.4609,92948.875,92948.875,101333569062,0.009284
2025-11-19,BTC-USD,92946.1641,92946.1641,88526.8281,91465.9922,91465.9922,80350354656,-0.015954
2025-11-20,BTC-USD,91459.3516,93025.0703,86040.7969,86631.8984,86631.8984,97970645638,-0.052851
2025-11-21,BTC-USD,86528.7734,87380.8047,80659.8125,85090.6875,85090.6875,129157506112,-0.01779
2025-11-22,BTC-USD,85098.5625,85503.0078,83490.8984,84648.3594,84648.3594,40793099246,-0.005198
2025-11-23,BTC-USD,84648.6094,88038.4688,84641.7734,86805.0078,86805.0078,58083435576,0.025478
2025-11-24,BTC-USD,86798.7734,89206.3359,85272.1953,88270.5625,88270.5625,74433896110,0.016883
2025-11-25,BTC-USD,88269.9609,88457.3359,86131.4297,87341.8906,87341.8906,64837343545,-0.010521
2025-11-26,BTC-USD,87345.5859,90581.1562,86316.8984,90518.3672,90518.3672,66496301869,0.036368
2025-11-27,BTC-USD,90517.7656,91897.5781,90089.5156,91285.375,91285.375,57040622845,0.008474
2025-11-28,BTC-USD,91285.3828,92969.0859,90257.1172,90919.2656,90919.2656,60895830289,-0.004011
2025-11-29,BTC-USD,90918.7422,91187.6172,90260.1875,90851.7578,90851.7578,37921773455,-0.000743
2025-11-30,BTC-USD,90838.2109,91965.0469,90394.3125,90394.3125,90394.3125,38497902869,-0.005035
2025-12-01,BTC-USD,90389.1094,90398.1562,83862.25,86321.5703,86321.5703,87962894424,-0.045055
2025-12-02,BTC-USD,86322.5391,92316.6328,86202.1953,91350.2031,91350.2031,78546798211,0.058255
2025-12-03,BTC-USD,91345.0938,94060.7734,91056.3906,93527.8047,93527.8047,77650204986,0.023838
2025-12-04,BTC-USD,93454.2578,94038.2422,90976.1016,92141.625,92141.625,64538402681,-0.014821
2025-12-05,BTC-USD,92133.6484,92702.6406,88152.1406,89387.7578,89387.7578,63256398633,-0.029887
2025-12-06,BTC-USD,89389.3594,90267.4609,88951.6641,89272.375,89272.375,37994042405,-0.001291
2025-12-07,BTC-USD,89277.8125,91740.8438,87799.5625,90405.6406,90405.6406,47394898960,0.012694
2025-12-08,BTC-USD,90424.5859,92267.1172,89644.8906,90640.2031,90640.2031,57394099056,0.002595
2025-12-09,BTC-USD,90639.7031,94601.5703,89586.9766,92691.7109,92691.7109,66861721440,0.022634
2025-12-10,BTC-USD,92695.2344,94477.1562,91640.1328,92020.9453,92020.9453,65420694513,-0.007237
2025-12-11,BTC-USD,92011.3047,93554.2656,89335.2969,92511.3359,92511.3359,64532834621,0.005329
2025-12-12,BTC-USD,92513.6641,92747.9297,89532.6016,90270.4141,90270.4141,80275884583,-0.024223
2025-12-13,BTC-USD,90257.7969,90647.5703,89800.9922,90298.7109,90298.7109,64237748110,0.000313
2025-12-14,BTC-USD,90296.4375,90498.1094,87634.9375,88175.1797,88175.1797,50465972205,-0.023517
2025-12-15,BTC-USD,88171.0781,89983.9219,85304.0781,86419.7812,86419.7812,45559514323,-0.019908
2025-12-16,BTC-USD,86424.4062,88170.0938,85381.6875,87843.9844,87843.9844,41262178223,0.01648
2025-12-17,BTC-USD,87847.6172,90264.5703,85316.2656,86143.7578,86143.7578,44243392914,-0.019355
2025-12-18,BTC-USD,86144.3672,89412.6641,84436.3125,85462.5078,85462.5078,52667115348,-0.007908
2025-12-19,BTC-USD,85476.1328,89339.1172,85107.6641,88103.3828,88103.3828,46733310561,0.030901
2025-12-20,BTC-USD,88101.6719,88497.2031,87924.875,88344.0,88344.0,14688196659,0.002731
2025-12-21,BTC-USD,88344.7031,89027.9531,87613.2031,88621.75,88621.75,19845522660,0.003144
2025-12-22,BTC-USD,88621.3984,90501.9297,87908.0703,88490.0156,88490.0156,38047472118,-0.001486
2025-12-23,BTC-USD,88490.0312,88898.3828,86606.9766,87414.0,87414.0,43683011533,-0.01216
2025-12-24,BTC-USD,87404.3203,87956.8828,86411.7969,87611.9609,87611.9609,25550297986,0.002265
2025-12-25,BTC-USD,87608.3203,88501.7891,86949.2578,87234.7422,87234.7422,19953216347,-0.004306
2025-12-26,BTC-USD,87235.5078,89459.4297,86628.1406,87301.4297,87301.4297,42455674908,0.000764
2025-12-27,BTC-USD,87301.4297,87874.7812,87182.9766,87802.1562,87802.1562,13741199310,0.005736
2025-12-28,BTC-USD,87799.3438,87986.8906,87394.9531,87835.8359,87835.8359,15156557929,0.000384
2025-12-29,BTC-USD,87835.7891,90299.1562,86717.9141,87138.1406,87138.1406,48411625849,-0.007943
2025-12-30,BTC-USD,87134.3516,89297.9375,86735.5469,88430.1328,88430.1328,35586356225,0.014827
2025-12-31,BTC-USD,88429.5859,89080.2891,87130.5625,87508.8281,87508.8281,33830210616,-0.010418
2026-01-01,BTC-USD,87508.0469,88803.2266,87399.4062,88731.9844,88731.9844,18849043990,0.013978
2026-01-02,BTC-USD,88733.0625,90884.4609,88298.6172,89944.6953,89944.6953,46398906171,0.013667
2026-01-03,BTC-USD,89945.0547,90679.5703,89328.0703,90603.1875,90603.1875,20774828592,0.007321
2026-01-04,BTC-USD,90603.0,91712.5859,90595.1016,91413.4922,91413.4922,26770491368,0.008943
2026-01-05,BTC-USD,91414.625,94762.0703,91414.625,93882.5547,93882.5547,53376407252,0.02701
2026-01-06,BTC-USD,93876.9453,94395.2969,91286.5469,93729.0312,93729.0312,52430605257,-0.001635
2026-01-07,BTC-USD,93727.4688,93738.7891,90601.8047,91308.0547,91308.0547,43461295053,-0.02583
2026-01-08,BTC-USD,91309.6406,91485.8516,89233.875,91027.125,91027.125,42386697030,-0.003077
2026-01-09,BTC-USD,91026.2734,91910.6719,89625.3828,90513.1016,90513.1016,38305906684,-0.005647
2026-01-10,BTC-USD,90510.1016,90713.0312,90283.3984,90386.6484,90386.6484,12385895282,-0.001397
2026-01-11,BTC-USD,90385.3594,91155.2266,90212.0234,90827.4609,90827.4609,17165568977,0.004877
2026-01-12,BTC-USD,90825.8594,92395.5234,90055.0234,91192.9922,91192.9922,41346275358,0.004024
2026-01-13,BTC-USD,91185.3359,96011.625,90941.9297,95321.7812,95321.7812,54980674354,0.045275
2026-01-14,BTC-USD,95322.9062,97860.6016,94583.0469,96929.3281,96929.3281,60592490863,0.016864
2026-01-15,BTC-USD,96931.2891,97150.1719,95103.2422,95551.1875,95551.1875,53086363027,-0.014218
2026-01-16,BTC-USD,95554.1016,95801.8906,94259.2734,95525.1172,95525.1172,33248170537,-0.000273
2026-01-17,BTC-USD,95525.1562,95598.4766,95005.6172,95099.9219,95099.9219,16021715122,-0.004451
2026-01-18,BTC-USD,95101.1797,95491.5078,93588.8672,93634.4297,93634.4297,20809781232,-0.01541
2026-01-19,BTC-USD,93655.6719,93660.8281,92089.25,92553.5938,92553.5938,39195241508,-0.011543
2026-01-20,BTC-USD,92553.6016,92798.4297,87814.9297,88310.9062,88310.9062,53072968031,-0.04584
2026-01-21,BTC-USD,88326.5078,90430.4062,87231.5703,89376.9609,89376.9609,56330422434,0.012072
2026-01-22,BTC-USD,89378.5234,90258.9609,88438.4453,89462.4531,89462.4531,35549685694,0.000957
2026-01-23,BTC-USD,89462.0469,91100.25,88486.3594,89503.875,89503.875,38997586037,0.000463
2026-01-24,BTC-USD,89506.1484,89811.6094,89044.2891,89110.7344,89110.7344,14558687712,-0.004392
2026-01-25,BTC-USD,89104.7656,89193.1484,86003.7109,86572.2188,86572.2188,36124986722,-0.028487
2026-01-26,BTC-USD,86566.5234,88743.0703,86429.2891,88267.1406,88267.1406,45329286974,0.019578
2026-01-27,BTC-USD,88257.4766,89427.125,87228.9219,89102.5703,89102.5703,38744942267,0.009465
2026-01-28,BTC-USD,89104.0469,90439.2891,88721.4609,89184.5703,89184.5703,39807419296,0.00092
2026-01-29,BTC-USD,89169.8516,89200.7812,83250.6016,84561.5859,84561.5859,64653083162,-0.051836
2026-01-30,BTC-USD,84562.7266,84602.1641,81071.4766,84128.6562,84128.6562,72083816087,-0.00512
2026-01-31,BTC-USD,84126.5,84136.9219,75815.8828,78621.1172,78621.1172,70479259159,-0.065466
2026-02-01,BTC-USD,78626.125,79322.6094,75698.8984,76974.4453,76974.4453,53372509744,-0.020944
2026-02-02,BTC-USD,76968.875,79258.6094,74551.3359,78688.7656,78688.7656,75140589684,0.022271
2026-02-03,BTC-USD,78693.5078,79118.8516,72897.1406,75633.5469,75633.5469,68249110822,-0.038827
2026-02-04,BTC-USD,75640.0938,76864.6562,71779.9297,73019.7031,73019.7031,67215363944,-0.034559
2026-02-05,BTC-USD,73016.375,73161.5547,62353.5352,62702.0977,62702.0977,125509410908,-0.141299
2026-02-06,BTC-USD,62704.4531,71681.3047,60074.2031,70555.3906,70555.3906,114674259489,0.125248
2026-02-07,BTC-USD,70553.7969,71611.1484,67364.4453,69281.9688,69281.9688,62347107663,-0.018049
2026-02-08,BTC-USD,69283.7266,72206.9062,68852.8984,70264.7266,70264.7266,39721722619,0.014185
2026-02-09,BTC-USD,70243.3281,71369.9688,68291.0312,70120.7812,70120.7812,52081598792,-0.002049
2026-02-10,BTC-USD,70137.3906,70464.2656,67913.0938,68793.9609,68793.9609,40593063077,-0.018922
2026-02-11,BTC-USD,68791.8594,69242.6797,65757.3047,66991.9688,66991.9688,49671946030,-0.026194
2026-02-12,BTC-USD,66992.1953,68339.4922,65092.1094,66221.8438,66221.8438,44651071271,-0.011496
2026-02-13,BTC-USD,66213.375,69382.8359,65835.7812,68857.8438,68857.8438,40820775886,0.039806
2026-02-14,BTC-USD,68856.9844,70481.1641,68706.6172,69767.625,69767.625,36012397645,0.013212
2026-02-15,BTC-USD,69764.9531,70939.2891,68052.5469,68788.1875,68788.1875,40191152750,-0.014039
2026-02-16,BTC-USD,68782.3984,70067.2344,67301.5859,68843.1562,68843.1562,33618145426,0.000799
2026-02-17,BTC-USD,68843.0938,69201.8672,66615.2812,67494.2188,67494.2188,34866936040,-0.019594
2026-02-18,BTC-USD,67488.0234,68434.4297,65845.8984,66425.3203,66425.3203,33094301643,-0.015837
2026-02-19,BTC-USD,66425.625,67277.125,65637.4297,66957.5234,66957.5234,31492987019,0.008012
2026-02-20,BTC-USD,66958.5781,68269.0312,66452.4844,68005.4219,68005.4219,47507867304,0.01565
2026-02-21,BTC-USD,68000.25,68657.7031,67533.0703,68003.7656,68003.7656,18357635642,-2.4e-05
2026-02-22,BTC-USD,67998.8281,68235.2266,67185.6016,67659.3906,67659.3906,17893536012,-0.005064
2026-02-23,BTC-USD,67668.4297,67668.4297,63924.4375,64616.7383,64616.7383,50953457309,-0.04497
2026-02-24,BTC-USD,64616.0156,64992.1562,62553.1875,64080.043,64080.043,40849331086,-0.008306
2026-02-25,BTC-USD,64077.7695,69953.5312,63942.4844,67960.125,67960.125,53629234355,0.060551
2026-02-26,BTC-USD,67954.8672,68843.3516,66523.7344,67453.7734,67453.7734,42988597523,-0.007451
2026-02-27,BTC-USD,67456.5156,68220.4062,64946.0352,65881.7969,65881.7969,40283655942,-0.023305
2026-02-28,BTC-USD,65878.9297,67714.5234,63062.2188,66995.8594,66995.8594,42041497112,0.01691
2026-03-01,BTC-USD,67005.8828,68162.8203,65076.7305,65738.1016,65738.1016,40733141929,-0.018774
2026-03-02,BTC-USD,65734.0781,70044.0,65303.1367,68775.8516,68775.8516,56698092052,0.04621
2026-03-03,BTC-USD,68785.0781,69232.8906,66237.6172,68293.6484,68293.6484,47947999049,-0.007011
2026-03-04,BTC-USD,68290.5625,74051.8047,67437.4062,72710.5781,72710.5781,75073101274,0.064676
2026-03-05,BTC-USD,72712.6562,73555.7891,70654.8828,70841.125,70841.125,51172841727,-0.025711
2026-03-06,BTC-USD,70842.1562,71378.5703,67757.8203,68136.4922,68136.4922,43776962871,-0.038179
2026-03-07,BTC-USD,68136.6875,68515.1641,66969.2578,67272.5938,67272.5938,23258701211,-0.012679
2026-03-08,BTC-USD,67272.5,68177.7891,65639.1953,65969.7812,65969.7812,33195080116,-0.019366
2026-03-09,BTC-USD,65969.5859,69474.9453,65858.0078,68402.3828,68402.3828,49499875378,0.036874
2026-03-10,BTC-USD,68402.7188,71770.8984,68402.7188,69926.9219,69926.9219,54003996096,0.022288
2026-03-11,BTC-USD,69931.25,71337.6641,68998.8672,70204.8828,70204.8828,45236859848,0.003975
2026-03-12,BTC-USD,70209.7656,70775.8281,69230.1562,70493.4609,70493.4609,40871848129,0.004111
2026-03-13,BTC-USD,70497.0469,73927.3281,70410.7266,70968.2656,70968.2656,61167226505,0.006735
2026-03-14,BTC-USD,70965.3828,71291.2031,70339.5859,71214.625,71214.625,22283546496,0.003471
2026-03-15,BTC-USD,71213.6797,73173.0078,70882.4219,72789.9141,72789.9141,27991268669,0.02212
2026-03-16,BTC-USD,72798.1719,74901.8594,72300.6328,74861.0859,74861.0859,55572438409,0.028454
2026-03-17,BTC-USD,74855.2969,75988.3984,73444.2266,73922.4766,73922.4766,49500721728,-0.012538
2026-03-18,BTC-USD,73936.8516,74658.9766,70503.8594,71245.5781,71245.5781,46229011155,-0.036212
2026-03-19,BTC-USD,71250.3516,71598.8438,68805.5234,69912.7891,69912.7891,44631433398,-0.018707
2026-03-20,BTC-USD,69911.5312,71346.7969,69398.8828,70522.5859,70522.5859,38299078407,0.008722
2026-03-21,BTC-USD,70522.4688,71051.2734,68602.9141,68711.5234,68711.5234,21109354718,-0.025681
2026-03-22,BTC-USD,68737.4453,69561.7734,67372.875,67845.2109,67845.2109,30108051508,-0.012608
2026-03-23,BTC-USD,67843.0,71782.2578,67458.8438,70914.8594,70914.8594,51508669357,0.045245
2026-03-24,BTC-USD,70912.6719,71371.3047,68920.6953,70517.8594,70517.8594,40181522399,-0.005598
2026-03-25,BTC-USD,70520.0469,71985.7422,70383.5938,71309.8828,71309.8828,35409791747,0.011232
2026-03-26,BTC-USD,71310.1172,71410.3906,68118.3516,68791.625,68791.625,38962070215,-0.035314
2026-03-27,BTC-USD,68790.8359,69117.5312,65532.5703,66338.375,66338.375,46483453594,-0.035662
2026-03-28,BTC-USD,66338.5,67232.8594,65906.7422,66319.6953,66319.6953,20924883455,-0.000282
2026-03-29,BTC-USD,66319.6953,67052.9531,64971.707,65954.9219,65954.9219,21645889785,-0.0055
2026-03-30,BTC-USD,65958.3516,68087.2891,65759.8047,66691.4453,66691.4453,37694994180,0.011167
2026-03-31,BTC-USD,66694.5859,68495.2734,65950.4375,68233.3125,68233.3125,42997691338,0.023119
2026-04-01,BTC-USD,68232.8906,69230.3594,67555.3594,68078.5547,68078.5547,36465393617,-0.002268
2026-04-02,BTC-USD,68077.8984,68633.1484,65725.2578,66888.5703,66888.5703,39323384518,-0.01748
2026-04-03,BTC-USD,66889.0156,67296.2344,66281.5391,66931.1016,66931.1016,22815543346,0.000636
2026-04-04,BTC-USD,66938.6484,67515.0156,66769.6406,67290.5156,67290.5156,15878814963,0.00537
2026-04-05,BTC-USD,67291.1953,69087.6562,66610.6328,68981.8984,68981.8984,22972648674,0.025136
2026-04-06,BTC-USD,68982.9141,70305.4219,68347.0781,68859.8281,68859.8281,39542143229,-0.00177
2026-04-07,BTC-USD,68859.375,72732.4297,67740.5078,71940.7031,71940.7031,44650511480,0.044741
2026-04-08,BTC-USD,71950.1484,72825.1875,70707.4688,71123.3594,71123.3594,42444631703,-0.011361
2026-04-09,BTC-USD,71120.5703,73107.2656,70486.3594,71767.8281,71767.8281,38799581473,0.009061
2026-04-10,BTC-USD,71774.3672,73440.1172,71434.8281,72979.0469,72979.0469,37722595732,0.016877
2026-04-11,BTC-USD,72976.125,73784.2344,72556.3359,73054.2734,73054.2734,23287073965,0.001031
2026-04-12,BTC-USD,73056.0469,73154.0312,70540.5703,70753.4062,70753.4062,29882740487,-0.031495
2026-04-13,BTC-USD,70757.6172,74896.3125,70588.5234,74484.6406,74484.6406,52278211554,0.052736
2026-04-14,BTC-USD,74478.3984,76061.7578,73877.2031,74181.6094,74181.6094,53540826530,-0.004068
2026-04-15,BTC-USD,74182.0234,75409.2734,73549.2031,74805.0781,74805.0781,38090174312,0.008405
2026-04-16,BTC-USD,74810.875,75506.5703,73346.2656,75152.1328,75152.1328,41312783855,0.004639
2026-04-17,BTC-USD,75164.0391,78320.6797,74558.6016,77126.875,77126.875,54137194839,0.026277
2026-04-18,BTC-USD,77136.0469,77416.7031,75504.9453,75726.2109,75726.2109,26014416776,-0.018161
2026-04-19,BTC-USD,75723.6953,76243.0938,73802.3828,73856.3516,73856.3516,30931515195,-0.024692
2026-04-20,BTC-USD,73854.25,76575.3594,73775.5703,75872.5234,75872.5234,39674447916,0.027299
2026-04-21,BTC-USD,75872.8281,76881.4766,74852.6719,76352.7734,76352.7734,36453522626,0.00633
2026-04-22,BTC-USD,76354.2188,79468.0,76159.5781,78203.1016,78203.1016,48336654537,0.024234
2026-04-23,BTC-USD,78203.875,78676.9375,77014.4531,78268.9531,78268.9531,40354900916,0.000842
2026-04-24,BTC-USD,78263.8203,78554.0938,77318.4453,77455.3125,77455.3125,32784213526,-0.010395
2026-04-25,BTC-USD,77457.2109,77882.6406,77184.6641,77612.0156,77612.0156,16702933134,0.002023
2026-04-26,BTC-USD,77613.1172,78923.5625,77334.8906,78657.5391,78657.5391,21482934750,0.013471
2026-04-27,BTC-USD,78661.0156,79488.1719,76481.3438,77366.625,77366.625,38135631927,-0.016412
2026-04-28,BTC-USD,77368.1172,77483.8672,75673.6016,76350.6719,76350.6719,32056900880,-0.013132
2026-04-29,BTC-USD,76350.6875,77884.9688,74958.5703,75776.1328,75776.1328,41460907886,-0.007525
2026-04-30,BTC-USD,75778.6328,76611.4844,75318.9844,76304.3203,76304.3203,29497862305,0.00697
2026-05-01,BTC-USD,76305.0547,78894.9766,76294.6953,78179.0,78179.0,39164328894,0.024568
2026-05-02,BTC-USD,78177.75,79119.7891,78031.9609,78657.25,78657.25,16761531851,0.006117
2026-05-03,BTC-USD,78656.7266,79402.3594,78073.0781,78538.2266,78538.2266,20544392639,-0.001513
2026-05-04,BTC-USD,78540.2891,80742.3594,78217.9609,79827.9062,79827.9062,54325085296,0.016421
2026-05-05,BTC-USD,79823.5312,81751.4531,79787.5781,80927.0547,80927.0547,39700107376,0.013769
2026-05-06,BTC-USD,80930.7344,82792.2109,80751.0234,81427.5312,81427.5312,41751540000,0.006184
2026-05-07,BTC-USD,81428.8516,81684.9531,79522.6562,80009.9922,80009.9922,36931193154,-0.017409
2026-05-08,BTC-USD,80009.625,80447.2656,79205.5156,80186.7656,80186.7656,33789351540,0.002209
2026-05-09,BTC-USD,80187.7422,81030.0625,80119.9297,80664.3672,80664.3672,18102086996,0.005956
2026-05-10,BTC-USD,80665.6094,82430.1719,80274.1328,82138.9297,82138.9297,26965971077,0.01828
2026-05-11,BTC-USD,82139.0469,82326.2344,80451.4219,81728.2969,81728.2969,32409774919,-0.004999
2026-05-12,BTC-USD,81725.3516,81753.0312,79832.1016,80477.4922,80477.4922,32186688600,-0.015304
2026-05-13,BTC-USD,80476.7891,81276.6719,78725.5078,79277.1172,79277.1172,34075428359,-0.014916
2026-05-14,BTC-USD,79276.9453,82005.9609,78909.6797,81051.25,81051.25,43731663431,0.022379
2026-05-15,BTC-USD,81046.8672,81634.8438,78635.3672,79065.6797,79065.6797,38183347368,-0.024498
2026-05-16,BTC-USD,79066.0,79173.5,77630.7344,78131.4375,78131.4375,25895799905,-0.011816
2026-05-17,BTC-USD,78133.5859,78539.3984,76783.4141,77429.3516,77429.3516,20900166465,-0.008986
2026-05-18,BTC-USD,77426.3438,77749.3203,76029.2266,76954.1719,76954.1719,41520471808,-0.006137
2026-05-19,BTC-USD,76954.75,77346.8672,76082.3672,76750.9062,76750.9062,26031898332,-0.002641
2026-05-20,BTC-USD,76749.4531,77775.5703,76463.6484,77457.7734,77457.7734,26668360936,0.00921
2026-05-21,BTC-USD,77462.5078,78100.5625,76655.4375,77539.1719,77539.1719,27141485404,0.001051
2026-05-22,BTC-USD,77538.1172,77819.4531,75323.875,75488.2422,75488.2422,27859040109,-0.02645
2026-05-23,BTC-USD,75488.3125,77288.1172,74255.2344,76673.3672,76673.3672,29973220002,0.015699
2026-05-24,BTC-USD,76670.6562,77372.5391,76019.8906,76981.125,76981.125,20572738918,0.004014
2026-05-25,BTC-USD,76981.125,77804.9219,76833.0391,77279.9297,77279.9297,19808387601,0.003882
2026-05-26,BTC-USD,77280.125,77990.8672,75569.4688,75825.7344,75825.7344,35999475458,-0.018817
2026-05-27,BTC-USD,75825.3047,76014.2969,74136.5,74344.7031,74344.7031,33802172927,-0.019532
2026-05-28,BTC-USD,74339.5703,74460.125,72493.4141,73536.5547,73536.5547,40148145327,-0.01087
2026-05-29,BTC-USD,73537.0312,74218.5625,72435.625,73372.5234,73372.5234,34457929250,-0.002231
2026-05-30,BTC-USD,73370.8516,74020.7578,73125.2344,73754.8359,73754.8359,19563589191,0.005211
2026-05-31,BTC-USD,73753.75,74153.5,73315.0156,73579.6875,73579.6875,17445435650,-0.002375
2026-06-01,BTC-USD,73580.2109,73969.5703,70599.5078,71319.7734,71319.7734,43378836121,-0.030714
2026-06-02,BTC-USD,71321.0312,71334.9531,66127.2656,66703.6562,66703.6562,54990073882,-0.064724
2026-06-03,BTC-USD,66694.0078,67402.9297,64009.6758,64014.3672,64014.3672,47411556213,-0.040317
2026-06-04,BTC-USD,64020.0703,64664.4453,61335.75,63801.5742,63801.5742,63800151780,-0.003324
2026-06-05,BTC-USD,63807.6914,63901.5156,59108.918,60922.668,60922.668,71465606706,-0.045123
2026-06-06,BTC-USD,60924.4766,61491.7031,59496.625,60867.4141,60867.4141,30898464957,-0.000907
2026-06-07,BTC-USD,60866.9414,64128.043,60724.0664,63239.5195,63239.5195,36006496194,0.038972
2026-06-08,BTC-USD,63244.0859,64185.7656,62384.668,63090.5898,63090.5898,34133252457,-0.002355
2026-06-09,BTC-USD,63092.8906,63486.0898,60756.6875,61643.7812,61643.7812,40144449754,-0.022932
2026-06-10,BTC-USD,61643.207,62788.2773,60788.0234,61449.2891,61449.2891,27493506779,-0.003155
2026-06-11,BTC-USD,61448.8789,63851.9492,61447.9688,63561.0547,63561.0547,29316677897,0.034366
2026-06-12,BTC-USD,63547.4414,64334.0156,62778.793,63543.1992,63543.1992,26881868307,-0.000281
2026-06-13,BTC-USD,63541.5156,64700.8789,63431.3203,64421.3242,64421.3242,16956245530,0.013819
2026-06-14,BTC-USD,64420.168,65749.7812,63634.0234,65710.3984,65710.3984,21572226975,0.02001
2026-06-15,BTC-USD,65711.1094,67248.1328,65315.8359,66289.5,66289.5,32927321950,0.008813
2026-06-16,BTC-USD,66289.4609,66928.6094,65315.0703,65600.6406,65600.6406,25063963967,-0.010392
2026-06-17,BTC-USD,65600.4297,66354.625,63870.9297,64418.4453,64418.4453,31288885189,-0.018021
2026-06-18,BTC-USD,64419.6445,64736.9219,62201.1445,62896.4727,62896.4727,30432454936,-0.023626
2026-06-19,BTC-USD,62897.5156,63568.2227,62275.582,63540.8359,63540.8359,22361931660,0.010245
2026-06-20,BTC-USD,63535.8086,64307.1367,63149.6602,64239.6758,64239.6758,17486384117,0.010998
2026-06-21,BTC-USD,64242.3242,64506.5781,63221.0,63237.5391,63237.5391,15739619591,-0.0156
2026-06-22,BTC-USD,63240.7891,65544.0,63233.5312,63952.1055,63952.1055,26561496819,0.0113
2026-06-23,BTC-USD,63952.793,64196.5625,61893.207,62668.0195,62668.0195,29608942370,-0.020079
2026-06-24,BTC-USD,62663.0312,63097.7578,59029.8555,60995.1328,60995.1328,42644106535,-0.026694
2026-06-25,BTC-USD,60992.0703,61868.9062,58075.9219,59721.6758,59721.6758,40625024718,-0.020878
2026-06-26,BTC-USD,59712.0547,60647.1875,58269.125,60016.4297,60016.4297,41502864671,0.004935
2026-06-27,BTC-USD,60016.3125,60835.0469,59794.6211,59940.0977,59940.0977,15099836554,-0.001272
2026-06-28,BTC-USD,59940.3516,60432.707,58879.6328,59532.3398,59532.3398,16282230874,-0.006803
2026-06-29,BTC-USD,59522.7891,60682.3398,58856.1875,60138.3789,60138.3789,30829983083,0.01018
2026-06-30,BTC-USD,60136.4531,60173.2188,58111.6719,58558.8594,58558.8594,32747419391,-0.026265
2026-07-01,BTC-USD,58562.4453,61223.7695,57747.7656,60003.7578,60003.7578,37904450118,0.024674
2026-07-02,BTC-USD,60004.7695,62117.875,59532.3242,61485.3008,61485.3008,40109297349,0.024691
2026-07-03,BTC-USD,61492.0664,62879.0078,61176.7227,62544.1992,62544.1992,26131813598,0.017222
2026-07-04,BTC-USD,62545.1289,63398.4102,62287.5859,63088.3047,63088.3047,18608397613,0.0087
2026-07-05,BTC-USD,63089.0586,63935.8477,62413.9922,63547.8828,63547.8828,18267466154,0.007285
2026-07-06,BTC-USD,63551.0156,64597.5703,61275.8281,63995.0156,63995.0156,36552222303,0.007036
2026-07-07,BTC-USD,63994.5977,64257.6328,62623.9336,63297.3945,63297.3945,31026493556,-0.010901
2026-07-08,BTC-USD,63293.5195,63706.8867,61492.6484,62257.5742,62257.5742,27349235354,-0.016428
2026-07-09,BTC-USD,62257.3164,63422.9414,61645.7539,63193.1484,63193.1484,26546256117,0.015027
2026-07-10,BTC-USD,63194.3594,64658.9688,62902.0625,64127.1406,64127.1406,27450201269,0.01478
2026-07-11,BTC-USD,64127.9688,64445.4609,63785.6211,63802.0273,63802.0273,13954689047,-0.00507
2026-07-12,BTC-USD,63791.4023,64243.1328,63606.8242,63758.2188,63758.2188,19043437787,-0.000687
2026-07-13,BTC-USD,63757.1719,64340.8828,61769.0,62239.1211,62239.1211,37650044790,-0.023826
2026-07-14,BTC-USD,62238.5859,65046.1328,62207.5234,64956.1133,64956.1133,29841287318,0.043654
2026-07-15,BTC-USD,64959.8086,65507.5938,64442.8203,64712.375,64712.375,27029791676,-0.003752
2026-07-16,BTC-USD,64713.2969,64931.8555,63701.8047,63789.2812,63789.2812,27232426674,-0.014265
2026-07-17,BTC-USD,63789.9102,64332.0195,62489.4531,63899.4609,63899.4609,27280236800,0.001727
2026-07-18,BTC-USD,63899.1797,64816.5039,63845.0156,64796.6016,64796.6016,14162542470,0.01404
2026-07-19,BTC-USD,64799.2773,64909.8867,64250.9141,64690.8047,64690.8047,15000653941,-0.001633
2026-07-20,BTC-USD,64684.418,65735.7188,63720.3906,65230.0273,65230.0273,30988932408,0.008335
2026-07-21,BTC-USD,65228.8711,66910.0625,65113.6562,66505.125,66505.125,29554470321,0.019548
2026-07-22,BTC-USD,66506.7891,66694.6484,65514.1758,66100.7969,66100.7969,28142272410,-0.00608
2026-07-23,BTC-USD,66100.1328,66282.3828,64610.6094,65044.8125,65044.8125,24364433538,-0.015975
2026-07-24,BTC-USD,65044.957,65760.4844,63686.0352,64098.4961,64098.4961,25917559237,-0.014549
2026-07-25,BTC-USD,64098.4922,64386.0625,63753.0273,64311.8125,64311.8125,13817493398,0.003328
2026-07-26,BTC-USD,64311.7852,65503.7695,64233.4531,65340.3008,65340.3008,14301494281,0.015992
2026-07-27,BTC-USD,65340.5898,65658.3359,63562.4844,63724.8984,63724.8984,26183821002,-0.024723
2026-07-28,BTC-USD,63723.4883,64026.9219,62714.8047,63871.3633,63871.3633,24128738898,0.002298
2026-07-29,BTC-USD,63871.3945,64638.6953,63206.2109,63908.168,63908.168,28611167472,0.000576
2026-07-30,BTC-USD,63908.625,65071.4453,63533.9062,64725.3086,64725.3086,26250039650,0.012786
2026-07-31,BTC-USD,64723.9688,65328.1836,62410.8672,62813.7461,62813.7461,30439749629,-0.029533
2026-08-01,BTC-USD,62813.6641,63091.5977,62233.0117,62763.3203,62763.3203,13553286543,-0.000803
2026-08-02,BTC-USD,62763.4453,63714.6133,62745.2539,63482.0,63482.0,15901776708,0.011451
2026-08-03,BTC-USD,63485.4414,64020.3242,62226.5781,63460.8984,63460.8984,26038889824,-0.000332
2026-08-04,BTC-USD,63458.4102,64466.9375,63277.6836,64055.9531,64055.9531,23662357784,0.009377
2026-08-05,BTC-USD,64054.8789,64954.3477,63829.7188,64597.5,64597.5,23568584891,0.008454
2026-08-06,BTC-USD,64595.4492,64934.4922,64098.4766,64262.1133,64262.1133,18529402711,-0.005192
2026-08-07,BTC-USD,64257.4883,65330.6094,64113.2734,64880.1914,64880.1914,22165720102,0.009618
2026-08-08,BTC-USD,64882.5469,65140.4805,64797.1133,64904.6875,64904.6875,12350094271,0.000378
2026-08-09,BTC-USD,64906.5508,65401.6914,64677.6016,64844.8867,64844.8867,13234538380,-0.000921
2026-08-10,BTC-USD,64845.3828,65321.8398,63752.5664,63910.5859,63910.5859,22384770392,-0.014408
2026-08-11,BTC-USD,63910.1758,64433.6797,63185.4727,63551.875,63551.875,20824820662,-0.005613
2026-08-12,BTC-USD,63551.8711,64381.0781,63251.1133,63402.4336,63402.4336,23063864553,-0.002351
2026-08-13,BTC-USD,63404.4258,63926.332,62799.2891,63402.1719,63402.1719,18765583756,-4e-06
2026-08-14,BTC-USD,63402.0898,63551.5625,62487.6992,62975.5938,62975.5938,20280053024,-0.006728
2026-08-15,BTC-USD,62974.3359,63119.1328,62850.9609,63024.3203,63024.3203,10033057106,0.000774
2026-08-16,BTC-USD,63023.4219,63310.7773,62648.5742,62818.6523,62818.6523,9078986635,-0.003263
2026-08-17,BTC-USD,62819.3789,64547.8477,62687.1016,64506.2539,64506.2539,21555405073,0.026865
2026-08-18,BTC-USD,64506.5234,64987.7109,63980.3242,64680.7109,64680.7109,18728001793,0.002704
2026-08-19,BTC-USD,64680.0469,69996.9531,64111.0703,69266.1875,69266.1875,46228098443,0.070894
2026-08-20,BTC-USD,69268.25,73369.8047,68867.5312,73032.7578,73032.7578,55444322363,0.054378
2026-08-21,BTC-USD,73031.0859,79463.7109,73011.4141,78335.1875,78335.1875,74478039014,0.072603
2026-08-22,BTC-USD,78332.5547,78801.1484,76526.7109,77083.4141,77083.4141,42131959963,-0.01598
2026-08-23,BTC-USD,77082.8438,78036.8672,75624.9453,77755.2656,77755.2656,31158396908,0.008716
2026-08-24,BTC-USD,77748.875,79970.1094,76688.8281,78964.4844,78964.4844,55502180329,0.015552
2026-08-25,BTC-USD,78960.0938,81235.0312,77870.625,78564.9766,78564.9766,46728068401,-0.005059
2026-08-26,BTC-USD,78538.5859,79240.5,77639.8359,79027.4219,79027.4219,29329039002,0.005886
2026-08-27,BTC-USD,79037.9219,80806.5625,78591.1016,80257.5391,80257.5391,34033075972,0.015566
2026-08-28,BTC-USD,80264.6484,81346.9531,76909.3516,77830.2891,77830.2891,39362871737,-0.030243
2026-08-29,BTC-USD,77830.8906,78327.9453,77381.8984,78245.8125,78245.8125,14053131399,0.005339
2026-08-30,BTC-USD,78246.1719,79373.1797,77056.1484,77667.5703,77667.5703,19314839672,-0.00739
2026-08-31,BTC-USD,77673.7031,79247.3438,77378.4375,78548.6328,78548.6328,30608386987,0.011344
2026-09-01,BTC-USD,78539.8594,79196.5156,76399.0625,77403.625,77403.625,30608796575,-0.014577
2026-09-02,BTC-USD,77402.1406,77737.5469,76248.3047,77300.4766,77300.4766,26525296646,-0.001333
2026-09-03,BTC-USD,77300.1641,82262.2109,76940.8828,81271.7422,81271.7422,40504199354,0.051374
2026-09-04,BTC-USD,81271.5391,81433.1484,78641.625,79671.9688,79671.9688,37501874897,-0.019684
2026-09-05,BTC-USD,79671.7031,80194.5078,79465.0625,79823.8672,79823.8672,18559708494,0.001907
2026-09-06,BTC-USD,79824.6016,80530.6484,79327.5,80350.0469,80350.0469,19391863269,0.006592
2026-09-07,BTC-USD,80349.1953,80432.3125,78684.9297,79115.8516,79115.8516,23414434445,-0.01536
2026-09-08,BTC-USD,79114.9062,79463.2734,77635.6875,78438.5781,78438.5781,34680168667,-0.008561
2026-09-09,BTC-USD,78440.6016,79737.2969,77768.1484,78259.5234,78259.5234,29192409298,-0.002283
2026-09-10,BTC-USD,78260.3828,78520.9688,76470.6406,76568.125,76568.125,30120111719,-0.021613
2026-09-11,BTC-USD,76559.125,79818.3359,76162.9141,77173.7969,77173.7969,37410998193,0.00791
2026-09-12,BTC-USD,77175.0703,77479.6562,77045.0,77270.4688,77270.4688,12664765797,0.001253
2026-09-13,BTC-USD,77270.1797,77415.6562,76498.3828,76838.1562,76838.1562,13607872549,-0.005595
2026-09-14,BTC-USD,76830.2812,79568.9531,76367.375,78163.3828,78163.3828,29909358382,0.017247
2026-09-15,BTC-USD,78162.4844,78242.5469,74944.5938,75612.5078,75612.5078,39694675220,-0.032635
2026-09-16,BTC-USD,75611.7969,76474.0781,74995.5234,76150.3203,76150.3203,30053315577,0.007113
2026-09-17,BTC-USD,76152.0547,77079.1641,75945.5547,76403.7734,76403.7734,21917458567,0.003328
2026-09-18,BTC-USD,76405.0156,81331.7656,76228.3281,80901.4609,80901.4609,40378562386,0.058867
2026-09-19,BTC-USD,80877.2734,81886.1562,80837.0469,81812.3672,81812.3672,24008589312,0.011259
