date,symbol,open,high,low,close,adj_close,volume,daily_return
2021-01-04,GC=F,1908.2,1948.7,1906.1,1946.6,1946.6,273370,0.0
2021-01-05,GC=F,1946.0,1957.0,1938.4,1954.4,1954.4,201945,0.004007
2021-01-06,GC=F,1952.8,1962.5,1902.6,1908.6,1908.6,366605,-0.023434
2021-01-07,GC=F,1921.5,1929.6,1907.5,1913.6,1913.6,199982,0.00262
2021-01-08,GC=F,1915.2,1918.4,1827.8,1835.4,1835.4,443506,-0.040865
2021-01-11,GC=F,1849.4,1856.0,1817.1,1850.8,1850.8,268363,0.008391
2021-01-12,GC=F,1845.4,1864.0,1835.8,1844.2,1844.2,240656,-0.003566
2021-01-13,GC=F,1855.0,1863.0,1841.6,1854.9,1854.9,225988,0.005802
2021-01-14,GC=F,1845.6,1857.6,1826.6,1851.4,1851.4,257661,-0.001887
2021-01-15,GC=F,1847.3,1856.6,1822.1,1829.9,1829.9,231105,-0.011613
2021-01-19,GC=F,1828.8,1845.0,1800.8,1840.2,1840.2,331589,0.005629
2021-01-20,GC=F,1839.9,1872.0,1831.1,1866.5,1866.5,274396,0.014292
2021-01-21,GC=F,1871.0,1874.6,1857.5,1865.9,1865.9,196937,-0.000321
2021-01-22,GC=F,1870.1,1870.8,1836.3,1856.2,1856.2,249715,-0.005199
2021-01-25,GC=F,1855.3,1867.4,1846.2,1855.2,1855.2,211978,-0.000539
2021-01-26,GC=F,1854.9,1860.8,1847.2,1850.9,1850.9,170259,-0.002318
2021-01-27,GC=F,1849.7,1851.5,1828.4,1844.9,1844.9,195540,-0.003242
2021-01-28,GC=F,1843.4,1862.9,1831.5,1837.9,1837.9,27283,-0.003794
2021-01-29,GC=F,1842.0,1876.0,1838.7,1847.3,1847.3,276173,0.005115
2021-02-01,GC=F,1865.0,1876.0,1851.7,1863.9,1863.9,242045,0.008986
2021-02-02,GC=F,1863.6,1866.3,1830.4,1833.4,1833.4,235995,-0.016364
2021-02-03,GC=F,1838.5,1845.9,1830.1,1835.1,1835.1,137228,0.000927
2021-02-04,GC=F,1834.5,1835.7,1784.6,1791.2,1791.2,279616,-0.023922
2021-02-05,GC=F,1794.3,1816.0,1792.2,1813.0,1813.0,205758,0.012171
2021-02-08,GC=F,1818.1,1840.6,1807.3,1834.2,1834.2,177562,0.011693
2021-02-09,GC=F,1832.4,1849.5,1830.3,1837.5,1837.5,154392,0.001799
2021-02-10,GC=F,1838.3,1856.6,1834.0,1842.7,1842.7,176443,0.00283
2021-02-11,GC=F,1844.3,1848.6,1821.7,1826.8,1826.8,147019,-0.008629
2021-02-12,GC=F,1825.4,1831.5,1810.1,1823.2,1823.2,171902,-0.001971
2021-02-16,GC=F,1826.0,1827.1,1788.1,1799.0,1799.0,355922,-0.013273
2021-02-17,GC=F,1793.1,1794.2,1767.9,1772.8,1772.8,257335,-0.014564
2021-02-18,GC=F,1776.0,1788.8,1766.6,1775.0,1775.0,224767,0.001241
2021-02-19,GC=F,1774.6,1790.9,1759.0,1777.4,1777.4,251783,0.001352
2021-02-22,GC=F,1782.0,1812.4,1778.6,1808.4,1808.4,221198,0.017441
2021-02-23,GC=F,1809.3,1815.2,1794.5,1805.9,1805.9,191147,-0.001382
2021-02-24,GC=F,1805.0,1813.0,1782.2,1797.9,1797.9,224060,-0.00443
2021-02-25,GC=F,1804.9,1805.0,1763.9,1775.4,1775.4,316252,-0.012515
2021-02-26,GC=F,1770.9,1773.8,1714.9,1728.8,1728.8,362549,-0.026248
2021-03-01,GC=F,1732.8,1757.4,1717.2,1723.0,1723.0,241917,-0.003355
2021-03-02,GC=F,1722.8,1737.8,1704.6,1733.6,1733.6,235964,0.006152
2021-03-03,GC=F,1736.5,1739.1,1699.4,1715.8,1715.8,255653,-0.010268
2021-03-04,GC=F,1708.4,1721.6,1687.6,1700.7,1700.7,277449,-0.008801
2021-03-05,GC=F,1695.3,1705.7,1683.0,1698.5,1698.5,269333,-0.001294
2021-03-08,GC=F,1701.6,1712.0,1673.3,1678.0,1678.0,273905,-0.012069
2021-03-09,GC=F,1679.3,1718.7,1676.7,1716.9,1716.9,248946,0.023182
2021-03-10,GC=F,1714.5,1725.3,1705.6,1721.8,1721.8,226890,0.002854
2021-03-11,GC=F,1725.0,1738.0,1716.8,1722.6,1722.6,215341,0.000465
2021-03-12,GC=F,1720.5,1728.0,1696.6,1719.8,1719.8,232207,-0.001625
2021-03-15,GC=F,1726.5,1733.2,1719.2,1729.2,1729.2,163045,0.005466
2021-03-16,GC=F,1730.7,1740.5,1724.4,1730.9,1730.9,173891,0.000983
2021-03-17,GC=F,1730.0,1750.6,1722.0,1727.1,1727.1,220553,-0.002195
2021-03-18,GC=F,1744.0,1754.2,1716.6,1732.5,1732.5,251758,0.003127
2021-03-19,GC=F,1733.7,1746.1,1727.1,1741.7,1741.7,213282,0.00531
2021-03-22,GC=F,1745.6,1747.0,1726.4,1738.1,1738.1,196311,-0.002067
2021-03-23,GC=F,1738.5,1742.0,1722.7,1725.1,1725.1,226204,-0.007479
2021-03-24,GC=F,1725.9,1737.7,1722.3,1733.2,1733.2,186524,0.004695
2021-03-25,GC=F,1733.2,1744.8,1720.3,1725.1,1725.1,226207,-0.004673
2021-03-26,GC=F,1725.5,1735.5,1718.8,1732.3,1732.3,172944,0.004174
2021-03-29,GC=F,1731.5,1732.6,1703.3,1712.2,1712.2,135457,-0.011603
2021-03-30,GC=F,1711.0,1712.6,1676.5,1683.9,1683.9,25316,-0.016528
2021-03-31,GC=F,1683.7,1713.8,1676.5,1713.8,1713.8,210770,0.017756
2021-04-01,GC=F,1709.0,1732.0,1706.4,1728.4,1728.4,170430,0.008519
2021-04-05,GC=F,1730.0,1734.4,1721.6,1728.8,1728.8,101746,0.000231
2021-04-06,GC=F,1729.2,1746.7,1728.2,1743.0,1743.0,152598,0.008214
2021-04-07,GC=F,1744.4,1745.4,1731.2,1741.6,1741.6,122802,-0.000803
2021-04-08,GC=F,1738.6,1759.4,1733.6,1758.2,1758.2,144574,0.009531
2021-04-09,GC=F,1756.5,1758.2,1730.8,1744.8,1744.8,171395,-0.007621
2021-04-12,GC=F,1744.5,1746.2,1727.0,1732.7,1732.7,125360,-0.006935
2021-04-13,GC=F,1732.2,1749.5,1723.2,1747.6,1747.6,175594,0.008599
2021-04-14,GC=F,1746.4,1750.7,1732.3,1736.3,1736.3,145260,-0.006466
2021-04-15,GC=F,1736.6,1770.6,1734.4,1766.8,1766.8,198143,0.017566
2021-04-16,GC=F,1764.8,1784.7,1760.3,1780.2,1780.2,173498,0.007584
2021-04-19,GC=F,1778.8,1790.4,1766.6,1770.6,1770.6,180726,-0.005393
2021-04-20,GC=F,1770.5,1780.8,1763.5,1778.4,1778.4,169041,0.004405
2021-04-21,GC=F,1779.1,1798.4,1776.6,1793.1,1793.1,173968,0.008266
2021-04-22,GC=F,1794.5,1798.1,1777.1,1782.0,1782.0,163753,-0.00619
2021-04-23,GC=F,1784.0,1796.3,1769.5,1777.8,1777.8,175847,-0.002357
2021-04-26,GC=F,1776.1,1783.1,1768.2,1780.1,1780.1,143358,0.001294
2021-04-27,GC=F,1781.1,1785.9,1773.9,1778.8,1778.8,147945,-0.00073
2021-04-28,GC=F,1776.4,1782.7,1761.8,1773.9,1773.9,198578,-0.002755
2021-04-29,GC=F,1781.9,1789.9,1754.6,1768.3,1768.3,231520,-0.003157
2021-04-30,GC=F,1772.4,1773.3,1763.3,1767.7,1767.7,167292,-0.000339
2021-05-03,GC=F,1768.1,1798.9,1765.6,1791.8,1791.8,204543,0.013634
2021-05-04,GC=F,1793.2,1799.5,1769.2,1776.0,1776.0,246585,-0.008818
2021-05-05,GC=F,1778.4,1788.1,1769.3,1784.3,1784.3,178811,0.004673
2021-05-06,GC=F,1787.0,1818.6,1781.8,1815.7,1815.7,287629,0.017598
2021-05-07,GC=F,1815.4,1844.6,1813.4,1831.3,1831.3,367695,0.008592
2021-05-10,GC=F,1835.4,1846.3,1830.5,1837.6,1837.6,269707,0.00344
2021-05-11,GC=F,1836.2,1842.5,1817.8,1836.1,1836.1,311104,-0.000816
2021-05-12,GC=F,1838.2,1844.7,1813.0,1822.8,1822.8,339207,-0.007244
2021-05-13,GC=F,1816.2,1829.1,1808.4,1824.0,1824.0,249928,0.000658
2021-05-14,GC=F,1826.4,1847.1,1819.0,1838.1,1838.1,224380,0.00773
2021-05-17,GC=F,1845.9,1869.3,1841.1,1867.6,1867.6,267705,0.016049
2021-05-18,GC=F,1867.3,1875.9,1863.5,1868.0,1868.0,229016,0.000214
2021-05-19,GC=F,1870.2,1891.3,1852.2,1881.5,1881.5,398212,0.007227
2021-05-20,GC=F,1869.9,1885.3,1864.2,1881.9,1881.9,223568,0.000213
2021-05-21,GC=F,1878.1,1890.3,1870.3,1876.7,1876.7,234291,-0.002763
2021-05-24,GC=F,1883.5,1887.9,1875.7,1884.5,1884.5,183312,0.004156
2021-05-25,GC=F,1881.2,1901.2,1873.2,1898.0,1898.0,316673,0.007164
2021-05-26,GC=F,1900.0,1913.3,1890.7,1901.2,1901.2,170526,0.001686
2021-05-27,GC=F,1896.8,1903.9,1888.2,1895.7,1895.7,35794,-0.002893
2021-05-28,GC=F,1897.5,1905.4,1881.9,1902.5,1902.5,198141,0.003587
2021-06-01,GC=F,1906.8,1919.2,1894.5,1905.0,1905.0,290653,0.001314
2021-06-02,GC=F,1903.0,1911.8,1896.4,1909.9,1909.9,166036,0.002572
2021-06-03,GC=F,1910.5,1912.3,1866.7,1873.3,1873.3,278578,-0.019163
2021-06-04,GC=F,1872.7,1899.0,1855.6,1892.0,1892.0,228826,0.009982
2021-06-07,GC=F,1894.3,1902.9,1883.7,1898.8,1898.8,146018,0.003594
2021-06-08,GC=F,1901.6,1906.9,1885.7,1894.4,1894.4,173604,-0.002317
2021-06-09,GC=F,1894.4,1901.7,1889.3,1895.5,1895.5,147332,0.000581
2021-06-10,GC=F,1891.4,1903.0,1871.8,1896.4,1896.4,250551,0.000475
2021-06-11,GC=F,1901.9,1906.2,1876.1,1879.6,1879.6,220455,-0.008859
2021-06-14,GC=F,1879.6,1879.7,1845.7,1865.9,1865.9,242302,-0.007289
2021-06-15,GC=F,1867.8,1870.9,1853.0,1856.4,1856.4,155343,-0.005091
2021-06-16,GC=F,1861.0,1866.0,1804.4,1861.4,1861.4,234104,0.002693
2021-06-17,GC=F,1812.3,1826.4,1767.9,1774.8,1774.8,385888,-0.046524
2021-06-18,GC=F,1773.9,1797.9,1761.2,1769.0,1769.0,264605,-0.003268
2021-06-21,GC=F,1764.3,1786.9,1764.1,1782.9,1782.9,195523,0.007858
2021-06-22,GC=F,1783.2,1790.1,1771.2,1777.4,1777.4,172745,-0.003085
2021-06-23,GC=F,1779.1,1795.6,1773.1,1783.4,1783.4,179273,0.003376
2021-06-24,GC=F,1778.2,1788.6,1772.7,1776.7,1776.7,152232,-0.003757
2021-06-25,GC=F,1775.7,1791.0,1773.6,1777.8,1777.8,161203,0.000619
2021-06-28,GC=F,1782.0,1786.1,1770.4,1780.7,1780.7,160788,0.001631
2021-06-29,GC=F,1778.8,1779.2,1750.1,1763.6,1763.6,239910,-0.009603
2021-06-30,GC=F,1761.9,1774.7,1753.2,1771.6,1771.6,177887,0.004536
2021-07-01,GC=F,1770.8,1783.4,1765.9,1776.8,1776.8,171443,0.002935
2021-07-02,GC=F,1777.5,1795.9,1774.4,1783.3,1783.3,205858,0.003658
2021-07-06,GC=F,1787.5,1815.7,1784.7,1794.2,1794.2,276597,0.006112
2021-07-07,GC=F,1797.0,1810.2,1794.1,1802.1,1802.1,171075,0.004403
2021-07-08,GC=F,1803.8,1819.5,1793.5,1800.2,1800.2,249340,-0.001054
2021-07-09,GC=F,1803.2,1813.0,1796.6,1810.6,1810.6,185581,0.005777
2021-07-12,GC=F,1808.5,1811.0,1791.0,1805.9,1805.9,201416,-0.002596
2021-07-13,GC=F,1806.7,1818.0,1798.7,1809.9,1809.9,242177,0.002215
2021-07-14,GC=F,1808.3,1831.1,1804.9,1825.0,1825.0,229879,0.008343
2021-07-15,GC=F,1828.7,1835.0,1820.6,1829.0,1829.0,175611,0.002192
2021-07-16,GC=F,1830.7,1832.7,1809.5,1815.0,1815.0,184655,-0.007654
2021-07-19,GC=F,1811.6,1818.0,1795.0,1809.2,1809.2,249675,-0.003196
2021-07-20,GC=F,1813.5,1825.9,1805.2,1811.4,1811.4,221136,0.001216
2021-07-21,GC=F,1810.6,1814.4,1794.3,1803.4,1803.4,218636,-0.004416
2021-07-22,GC=F,1803.9,1808.4,1791.9,1805.4,1805.4,193318,0.001109
2021-07-23,GC=F,1807.7,1810.7,1789.1,1801.8,1801.8,236764,-0.001994
2021-07-26,GC=F,1802.3,1812.0,1796.0,1799.2,1799.2,204547,-0.001443
2021-07-27,GC=F,1797.1,1805.4,1792.8,1799.8,1799.8,177043,0.000334
2021-07-28,GC=F,1798.6,1809.0,1790.7,1799.7,1799.7,209783,-5.6e-05
2021-07-29,GC=F,1806.6,1832.6,1806.1,1831.2,1831.2,30496,0.017503
2021-07-30,GC=F,1828.0,1830.5,1808.9,1812.6,1812.6,157136,-0.010157
2021-08-02,GC=F,1817.0,1823.2,1808.2,1822.2,1822.2,159755,0.005296
2021-08-03,GC=F,1816.8,1818.2,1809.5,1814.1,1814.1,103450,-0.004445
2021-08-04,GC=F,1813.7,1835.9,1808.3,1814.5,1814.5,244683,0.000221
2021-08-05,GC=F,1814.9,1817.9,1799.7,1808.9,1808.9,169840,-0.003086
2021-08-06,GC=F,1806.7,1807.0,1759.5,1763.1,1763.1,323149,-0.025319
2021-08-09,GC=F,1765.0,1765.7,1677.9,1726.5,1726.5,289543,-0.020759
2021-08-10,GC=F,1732.0,1739.4,1718.5,1731.7,1731.7,182561,0.003012
2021-08-11,GC=F,1730.4,1756.7,1724.6,1753.3,1753.3,185442,0.012473
2021-08-12,GC=F,1752.9,1759.6,1742.6,1751.8,1751.8,137119,-0.000856
2021-08-13,GC=F,1754.4,1781.9,1753.0,1778.2,1778.2,144809,0.01507
2021-08-16,GC=F,1780.7,1791.3,1772.0,1789.8,1789.8,137698,0.006524
2021-08-17,GC=F,1789.1,1797.6,1782.1,1787.8,1787.8,144815,-0.001117
2021-08-18,GC=F,1787.8,1795.7,1778.8,1784.4,1784.4,132725,-0.001902
2021-08-19,GC=F,1789.5,1795.0,1774.6,1783.1,1783.1,151245,-0.000729
2021-08-20,GC=F,1782.8,1791.0,1780.0,1784.0,1784.0,107966,0.000505
2021-08-23,GC=F,1781.2,1809.1,1778.0,1806.3,1806.3,156318,0.0125
2021-08-24,GC=F,1807.6,1812.2,1802.6,1808.5,1808.5,114785,0.001218
2021-08-25,GC=F,1805.1,1805.3,1784.0,1791.0,1791.0,163463,-0.009677
2021-08-26,GC=F,1793.0,1800.4,1781.3,1795.2,1795.2,134534,0.002345
2021-08-27,GC=F,1795.2,1821.9,1785.2,1819.5,1819.5,203642,0.013536
2021-08-30,GC=F,1821.6,1826.5,1810.0,1812.2,1812.2,104875,-0.004012
2021-08-31,GC=F,1812.2,1821.9,1803.4,1818.1,1818.1,170387,0.003256
2021-09-01,GC=F,1816.7,1822.7,1810.6,1816.0,1816.0,140116,-0.001155
2021-09-02,GC=F,1816.2,1819.6,1806.5,1811.5,1811.5,113025,-0.002478
2021-09-03,GC=F,1811.5,1836.9,1810.9,1833.7,1833.7,184984,0.012255
2021-09-07,GC=F,1833.5,1833.5,1793.7,1798.5,1798.5,252475,-0.019196
2021-09-08,GC=F,1796.1,1804.4,1783.1,1793.5,1793.5,161258,-0.00278
2021-09-09,GC=F,1790.9,1803.4,1785.1,1800.0,1800.0,154126,0.003624
2021-09-10,GC=F,1796.2,1806.0,1788.2,1792.1,1792.1,136246,-0.004389
2021-09-13,GC=F,1789.8,1800.2,1784.4,1794.4,1794.4,114310,0.001283
2021-09-14,GC=F,1794.8,1810.6,1780.6,1807.1,1807.1,197954,0.007078
2021-09-15,GC=F,1806.6,1808.5,1791.7,1794.8,1794.8,139297,-0.006806
2021-09-16,GC=F,1795.5,1797.3,1745.5,1756.7,1756.7,255267,-0.021228
2021-09-17,GC=F,1754.6,1767.8,1747.1,1751.4,1751.4,183254,-0.003017
2021-09-20,GC=F,1754.2,1768.4,1742.3,1763.8,1763.8,152451,0.00708
2021-09-21,GC=F,1765.5,1782.8,1758.3,1778.2,1778.2,141622,0.008164
2021-09-22,GC=F,1775.0,1788.4,1764.6,1778.8,1778.8,172348,0.000337
2021-09-23,GC=F,1769.2,1777.1,1737.5,1749.8,1749.8,225456,-0.016303
2021-09-24,GC=F,1743.7,1758.0,1740.2,1751.7,1751.7,151552,0.001086
2021-09-27,GC=F,1751.8,1760.9,1744.7,1752.0,1752.0,137574,0.000171
2021-09-28,GC=F,1750.0,1754.3,1727.8,1737.5,1737.5,215840,-0.008276
2021-09-29,GC=F,1734.0,1746.0,1721.1,1722.9,1722.9,177389,-0.008403
2021-09-30,GC=F,1726.0,1765.0,1721.8,1757.0,1757.0,246365,0.019792
2021-10-01,GC=F,1757.2,1765.2,1749.9,1758.4,1758.4,151195,0.000797
2021-10-04,GC=F,1762.6,1771.5,1747.7,1767.6,1767.6,166180,0.005232
2021-10-05,GC=F,1770.8,1771.1,1748.6,1760.9,1760.9,151424,-0.00379
2021-10-06,GC=F,1760.5,1765.9,1745.4,1761.8,1761.8,159218,0.000511
2021-10-07,GC=F,1763.8,1767.7,1752.0,1759.2,1759.2,146406,-0.001476
2021-10-08,GC=F,1757.0,1782.4,1753.6,1757.4,1757.4,240371,-0.001023
2021-10-11,GC=F,1757.4,1761.1,1749.9,1755.7,1755.7,114771,-0.000967
2021-10-12,GC=F,1753.6,1770.0,1750.5,1759.3,1759.3,168110,0.002051
2021-10-13,GC=F,1760.4,1797.4,1757.9,1794.7,1794.7,299041,0.020122
2021-10-14,GC=F,1793.6,1801.9,1787.6,1797.9,1797.9,164651,0.001783
2021-10-15,GC=F,1797.3,1797.7,1765.1,1768.3,1768.3,202631,-0.016464
2021-10-18,GC=F,1767.5,1772.5,1760.3,1765.7,1765.7,152741,-0.00147
2021-10-19,GC=F,1764.8,1786.0,1763.4,1770.5,1770.5,166972,0.002718
2021-10-20,GC=F,1769.4,1789.6,1767.1,1784.9,1784.9,174076,0.008133
2021-10-21,GC=F,1782.5,1790.3,1776.8,1781.9,1781.9,138729,-0.001681
2021-10-22,GC=F,1783.7,1815.5,1783.4,1796.3,1796.3,312812,0.008081
2021-10-25,GC=F,1794.2,1811.5,1793.0,1806.8,1806.8,153589,0.005845
2021-10-26,GC=F,1808.7,1809.8,1783.0,1793.4,1793.4,197929,-0.007416
2021-10-27,GC=F,1795.0,1801.0,1784.3,1798.8,1798.8,182801,0.003011
2021-10-28,GC=F,1798.7,1812.7,1793.1,1802.6,1802.6,220876,0.002112
2021-10-29,GC=F,1801.5,1802.9,1772.4,1783.9,1783.9,254513,-0.010374
2021-11-01,GC=F,1785.3,1797.5,1780.2,1795.8,1795.8,143332,0.006671
2021-11-02,GC=F,1794.8,1797.8,1787.4,1789.4,1789.4,145786,-0.003564
2021-11-03,GC=F,1789.2,1789.3,1758.5,1763.9,1763.9,257427,-0.014251
2021-11-04,GC=F,1769.9,1800.3,1769.3,1793.5,1793.5,222609,0.016781
2021-11-05,GC=F,1792.6,1820.1,1785.3,1816.8,1816.8,299618,0.012991
2021-11-08,GC=F,1820.6,1828.3,1813.8,1828.0,1828.0,200412,0.006165
2021-11-09,GC=F,1826.9,1834.8,1821.0,1830.8,1830.8,224407,0.001532
2021-11-10,GC=F,1834.5,1870.6,1823.0,1848.3,1848.3,352787,0.009559
2021-11-11,GC=F,1851.5,1868.7,1845.1,1863.9,1863.9,205312,0.00844
2021-11-12,GC=F,1864.3,1871.4,1847.5,1868.5,1868.5,201358,0.002468
2021-11-15,GC=F,1872.6,1873.0,1858.5,1866.6,1866.6,221208,-0.001017
2021-11-16,GC=F,1864.9,1879.5,1851.0,1854.1,1854.1,220431,-0.006697
2021-11-17,GC=F,1851.6,1870.6,1851.1,1870.2,1870.2,172417,0.008683
2021-11-18,GC=F,1869.5,1873.3,1856.6,1861.4,1861.4,186062,-0.004705
2021-11-19,GC=F,1860.8,1868.1,1844.2,1851.6,1851.6,234083,-0.005265
2021-11-22,GC=F,1848.3,1850.4,1802.4,1806.3,1806.3,352857,-0.024465
2021-11-23,GC=F,1807.1,1812.5,1781.7,1783.8,1783.8,311348,-0.012456
2021-11-24,GC=F,1789.8,1796.2,1777.4,1784.3,1784.3,203236,0.00028
2021-11-26,GC=F,1789.6,1816.3,1778.6,1785.5,1785.5,186800,0.000673
2021-11-29,GC=F,1791.7,1798.9,1779.1,1782.3,1782.3,26926,-0.001792
2021-11-30,GC=F,1783.9,1808.1,1768.7,1773.6,1773.6,242861,-0.004881
2021-12-01,GC=F,1777.4,1795.7,1773.7,1784.3,1784.3,180336,0.006033
2021-12-02,GC=F,1783.8,1785.2,1762.2,1762.7,1762.7,172719,-0.012106
2021-12-03,GC=F,1769.4,1788.0,1766.0,1783.9,1783.9,175176,0.012027
2021-12-06,GC=F,1787.7,1789.0,1776.4,1779.5,1779.5,104477,-0.002467
2021-12-07,GC=F,1779.5,1789.3,1772.4,1784.7,1784.7,129894,0.002922
2021-12-08,GC=F,1785.1,1794.3,1780.1,1785.5,1785.5,109692,0.000448
2021-12-09,GC=F,1784.3,1788.4,1773.3,1776.7,1776.7,123974,-0.004929
2021-12-10,GC=F,1776.3,1791.0,1770.4,1784.8,1784.8,141995,0.004559
2021-12-13,GC=F,1784.2,1792.8,1782.2,1788.3,1788.3,106057,0.001961
2021-12-14,GC=F,1787.6,1789.8,1766.1,1772.3,1772.3,153249,-0.008947
2021-12-15,GC=F,1771.9,1781.3,1753.0,1764.5,1764.5,161101,-0.004401
2021-12-16,GC=F,1777.9,1800.7,1775.7,1798.2,1798.2,167777,0.019099
2021-12-17,GC=F,1801.5,1815.7,1796.5,1804.9,1804.9,156607,0.003726
2021-12-20,GC=F,1800.2,1804.6,1789.0,1794.6,1794.6,105386,-0.005707
2021-12-21,GC=F,1791.4,1801.7,1785.0,1788.7,1788.7,134154,-0.003288
2021-12-22,GC=F,1789.4,1806.3,1785.8,1802.2,1802.2,110408,0.007547
2021-12-23,GC=F,1805.6,1812.0,1799.0,1811.7,1811.7,104844,0.005271
2021-12-27,GC=F,1810.2,1814.6,1803.6,1808.8,1808.8,84225,-0.001601
2021-12-28,GC=F,1812.1,1821.6,1805.5,1810.9,1810.9,100542,0.001161
2021-12-29,GC=F,1806.6,1808.0,1789.1,1805.8,1805.8,138685,-0.002816
2021-12-30,GC=F,1805.6,1818.1,1796.2,1814.1,1814.1,113430,0.004596
2021-12-31,GC=F,1817.0,1831.4,1815.4,1828.6,1828.6,106604,0.007993
2022-01-03,GC=F,1830.1,1833.0,1798.2,1800.1,1800.1,168305,-0.015586
2022-01-04,GC=F,1801.1,1817.2,1798.1,1814.6,1814.6,167708,0.008055
2022-01-05,GC=F,1815.2,1830.7,1808.2,1825.1,1825.1,173344,0.005786
2022-01-06,GC=F,1810.6,1811.6,1785.4,1789.2,1789.2,238644,-0.01967
2022-01-07,GC=F,1791.0,1798.4,1781.3,1797.4,1797.4,238931,0.004583
2022-01-10,GC=F,1796.4,1802.0,1789.3,1798.8,1798.8,173043,0.000779
2022-01-11,GC=F,1801.3,1823.1,1799.7,1818.5,1818.5,184152,0.010952
2022-01-12,GC=F,1821.3,1828.2,1814.4,1827.3,1827.3,192979,0.004839
2022-01-13,GC=F,1825.7,1828.3,1811.8,1821.4,1821.4,215522,-0.003229
2022-01-14,GC=F,1822.1,1829.3,1814.2,1816.5,1816.5,174944,-0.00269
2022-01-18,GC=F,1818.7,1822.9,1804.7,1812.4,1812.4,362944,-0.002257
2022-01-19,GC=F,1812.9,1843.9,1809.0,1843.2,1843.2,318489,0.016994
2022-01-20,GC=F,1840.1,1848.5,1836.2,1842.6,1842.6,233862,-0.000326
2022-01-21,GC=F,1840.6,1843.7,1828.4,1831.8,1831.8,225249,-0.005861
2022-01-24,GC=F,1835.2,1844.9,1829.3,1841.7,1841.7,244325,0.005404
2022-01-25,GC=F,1843.6,1854.2,1834.4,1852.5,1852.5,197804,0.005864
2022-01-26,GC=F,1848.0,1850.2,1814.1,1829.7,1829.7,270028,-0.012308
2022-01-27,GC=F,1819.0,1821.4,1790.6,1793.1,1793.1,196036,-0.020003
2022-01-28,GC=F,1797.5,1798.4,1778.8,1784.9,1784.9,28521,-0.004573
2022-01-31,GC=F,1788.5,1798.5,1785.1,1795.0,1795.0,139421,0.005659
2022-02-01,GC=F,1798.9,1809.7,1796.2,1801.5,1801.5,128880,0.003621
2022-02-02,GC=F,1800.8,1812.0,1794.6,1810.3,1810.3,123021,0.004885
2022-02-03,GC=F,1807.4,1809.5,1788.5,1804.1,1804.1,173722,-0.003425
2022-02-04,GC=F,1805.4,1815.8,1792.1,1807.8,1807.8,177709,0.002051
2022-02-07,GC=F,1808.0,1824.6,1807.5,1821.8,1821.8,139808,0.007744
2022-02-08,GC=F,1821.5,1829.9,1816.0,1827.9,1827.9,142408,0.003348
2022-02-09,GC=F,1827.0,1837.1,1825.5,1836.6,1836.6,136722,0.00476
2022-02-10,GC=F,1834.0,1843.3,1821.8,1837.4,1837.4,227458,0.000436
2022-02-11,GC=F,1827.0,1867.4,1821.1,1842.1,1842.1,239093,0.002558
2022-02-14,GC=F,1862.2,1876.5,1851.9,1869.4,1869.4,231016,0.01482
2022-02-15,GC=F,1873.8,1881.6,1845.4,1856.2,1856.2,214880,-0.007061
2022-02-16,GC=F,1855.5,1874.6,1851.8,1871.5,1871.5,141486,0.008243
2022-02-17,GC=F,1872.0,1904.0,1869.7,1902.0,1902.0,268547,0.016297
2022-02-18,GC=F,1901.4,1905.0,1888.0,1899.8,1899.8,161745,-0.001157
2022-02-22,GC=F,1903.5,1918.3,1889.7,1907.4,1907.4,334589,0.004
2022-02-23,GC=F,1901.2,1912.9,1891.1,1910.4,1910.4,154843,0.001573
2022-02-24,GC=F,1911.9,1976.5,1878.6,1926.3,1926.3,423048,0.008323
2022-02-25,GC=F,1906.5,1925.0,1884.4,1887.6,1887.6,229780,-0.02009
2022-02-28,GC=F,1921.0,1935.2,1892.2,1900.7,1900.7,249273,0.00694
2022-03-01,GC=F,1908.4,1952.6,1903.0,1943.8,1943.8,223998,0.022676
2022-03-02,GC=F,1945.3,1951.4,1916.0,1922.3,1922.3,227975,-0.011061
2022-03-03,GC=F,1931.7,1944.6,1923.1,1935.9,1935.9,180207,0.007075
2022-03-04,GC=F,1938.5,1974.9,1931.5,1966.6,1966.6,241533,0.015858
2022-03-07,GC=F,1978.5,2007.5,1964.2,1995.9,1995.9,372185,0.014899
2022-03-08,GC=F,2001.0,2078.8,1985.8,2043.3,2043.3,447651,0.023749
2022-03-09,GC=F,2060.2,2068.5,1981.0,1988.2,1988.2,360345,-0.026966
2022-03-10,GC=F,1992.8,2015.1,1975.0,2000.4,2000.4,303267,0.006136
2022-03-11,GC=F,2000.3,2004.0,1960.6,1985.0,1985.0,262088,-0.007698
2022-03-14,GC=F,1988.7,1994.8,1952.0,1960.8,1960.8,162203,-0.012191
2022-03-15,GC=F,1953.7,1956.9,1908.1,1929.7,1929.7,220374,-0.015861
2022-03-16,GC=F,1920.1,1930.1,1895.2,1909.2,1909.2,195460,-0.010623
2022-03-17,GC=F,1928.4,1951.0,1924.0,1943.2,1943.2,149829,0.017809
2022-03-18,GC=F,1943.9,1946.2,1918.0,1929.3,1929.3,150882,-0.007153
2022-03-21,GC=F,1922.4,1941.8,1917.2,1929.5,1929.5,146411,0.000104
2022-03-22,GC=F,1936.1,1939.5,1909.8,1921.5,1921.5,153282,-0.004146
2022-03-23,GC=F,1920.9,1948.8,1915.6,1937.3,1937.3,153306,0.008223
2022-03-24,GC=F,1944.1,1967.2,1937.4,1962.2,1962.2,181204,0.012853
2022-03-25,GC=F,1957.8,1965.1,1942.6,1954.2,1954.2,147904,-0.004077
2022-03-28,GC=F,1958.7,1959.8,1915.7,1939.8,1939.8,181367,-0.007369
2022-03-29,GC=F,1922.4,1929.4,1888.3,1912.2,1912.2,128051,-0.014228
2022-03-30,GC=F,1918.4,1937.0,1914.5,1933.5,1933.5,17765,0.011139
2022-03-31,GC=F,1933.5,1949.9,1919.1,1949.2,1949.2,155299,0.00812
2022-04-01,GC=F,1942.4,1944.5,1921.4,1923.7,1923.7,135154,-0.013082
2022-04-04,GC=F,1927.1,1941.6,1918.2,1934.0,1934.0,108435,0.005354
2022-04-05,GC=F,1937.3,1948.9,1920.9,1927.5,1927.5,147256,-0.003361
2022-04-06,GC=F,1927.6,1937.6,1916.2,1923.1,1923.1,153971,-0.002283
2022-04-07,GC=F,1928.1,1941.7,1923.3,1937.8,1937.8,122809,0.007644
2022-04-08,GC=F,1934.3,1952.2,1930.4,1945.6,1945.6,142498,0.004025
2022-04-11,GC=F,1949.6,1974.6,1942.9,1948.2,1948.2,184385,0.001336
2022-04-12,GC=F,1957.4,1982.7,1953.0,1976.1,1976.1,172386,0.014321
2022-04-13,GC=F,1970.5,1985.8,1966.3,1984.7,1984.7,132029,0.004352
2022-04-14,GC=F,1981.6,1984.0,1962.7,1974.9,1974.9,139424,-0.004938
2022-04-18,GC=F,1978.5,2003.0,1974.4,1986.4,1986.4,138130,0.005823
2022-04-19,GC=F,1981.2,1985.1,1945.5,1959.0,1959.0,181440,-0.013794
2022-04-20,GC=F,1952.7,1960.9,1941.0,1955.6,1955.6,139507,-0.001736
2022-04-21,GC=F,1960.0,1960.1,1938.0,1948.2,1948.2,154919,-0.003784
2022-04-22,GC=F,1953.1,1957.8,1928.0,1934.3,1934.3,176681,-0.007135
2022-04-25,GC=F,1931.9,1935.5,1891.8,1896.0,1896.0,231494,-0.0198
2022-04-26,GC=F,1899.8,1912.2,1896.3,1904.1,1904.1,166199,0.004272
2022-04-27,GC=F,1907.4,1908.1,1881.6,1888.7,1888.7,178197,-0.008088
2022-04-28,GC=F,1886.8,1897.8,1870.9,1891.3,1891.3,170910,0.001377
2022-04-29,GC=F,1895.8,1921.3,1893.5,1911.7,1911.7,177136,0.010786
2022-05-02,GC=F,1896.2,1900.4,1853.4,1863.6,1863.6,193825,-0.025161
2022-05-03,GC=F,1863.6,1878.4,1849.7,1870.6,1870.6,167434,0.003756
2022-05-04,GC=F,1868.3,1892.0,1861.1,1868.8,1868.8,161479,-0.000962
2022-05-05,GC=F,1884.1,1910.7,1872.3,1875.7,1875.7,218392,0.003692
2022-05-06,GC=F,1877.5,1894.0,1865.0,1882.8,1882.8,194279,0.003785
2022-05-09,GC=F,1883.7,1885.6,1851.0,1858.6,1858.6,218821,-0.012853
2022-05-10,GC=F,1853.9,1864.7,1834.5,1841.0,1841.0,260811,-0.009469
2022-05-11,GC=F,1836.6,1857.8,1830.6,1853.7,1853.7,243561,0.006898
2022-05-12,GC=F,1852.3,1858.8,1820.1,1824.6,1824.6,255608,-0.015698
2022-05-13,GC=F,1821.4,1827.6,1797.2,1808.2,1808.2,179483,-0.008988
2022-05-16,GC=F,1809.4,1826.0,1785.0,1814.0,1814.0,159493,0.003208
2022-05-17,GC=F,1823.9,1834.8,1811.0,1818.9,1818.9,137288,0.002701
2022-05-18,GC=F,1813.2,1822.9,1805.0,1815.9,1815.9,150353,-0.001649
2022-05-19,GC=F,1815.1,1848.2,1808.4,1841.2,1841.2,175242,0.013932
2022-05-20,GC=F,1839.6,1847.8,1830.6,1842.1,1842.1,143045,0.000489
2022-05-23,GC=F,1844.4,1864.3,1843.3,1847.8,1847.8,163266,0.003094
2022-05-24,GC=F,1852.3,1869.1,1847.6,1865.4,1865.4,174762,0.009525
2022-05-25,GC=F,1865.4,1866.7,1838.7,1846.3,1846.3,182823,-0.010239
2022-05-26,GC=F,1851.8,1852.8,1836.3,1847.6,1847.6,123355,0.000704
2022-05-27,GC=F,1848.3,1860.7,1845.9,1851.3,1851.3,30091,0.002003
2022-05-31,GC=F,1850.3,1862.1,1832.8,1842.7,1842.7,201803,-0.004645
2022-06-01,GC=F,1840.0,1853.0,1830.2,1848.7,1848.7,158036,0.003256
2022-06-02,GC=F,1849.9,1874.4,1846.5,1871.4,1871.4,127471,0.012279
2022-06-03,GC=F,1872.6,1878.6,1849.7,1850.2,1850.2,115343,-0.011328
2022-06-06,GC=F,1853.7,1861.2,1843.0,1843.7,1843.7,103179,-0.003513
2022-06-07,GC=F,1843.5,1858.2,1838.5,1852.1,1852.1,119211,0.004556
2022-06-08,GC=F,1855.0,1862.4,1846.6,1856.5,1856.5,114141,0.002376
2022-06-09,GC=F,1855.1,1857.8,1841.9,1852.8,1852.8,131293,-0.001993
2022-06-10,GC=F,1850.4,1879.6,1826.5,1875.5,1875.5,267204,0.012252
2022-06-13,GC=F,1879.0,1882.5,1819.0,1831.8,1831.8,252543,-0.0233
2022-06-14,GC=F,1820.9,1833.3,1806.1,1813.5,1813.5,165146,-0.00999
2022-06-15,GC=F,1809.7,1845.4,1808.4,1819.6,1819.6,203421,0.003364
2022-06-16,GC=F,1835.8,1860.2,1816.3,1849.9,1849.9,180893,0.016652
2022-06-17,GC=F,1859.3,1861.5,1836.1,1840.6,1840.6,141718,-0.005027
2022-06-21,GC=F,1840.6,1848.4,1830.7,1838.8,1838.8,176299,-0.000978
2022-06-22,GC=F,1834.9,1850.3,1824.5,1838.4,1838.4,149553,-0.000218
2022-06-23,GC=F,1839.7,1848.9,1823.5,1829.8,1829.8,167071,-0.004678
2022-06-24,GC=F,1824.2,1833.7,1817.7,1830.3,1830.3,139723,0.000273
2022-06-27,GC=F,1839.6,1842.8,1821.8,1824.8,1824.8,143820,-0.003005
2022-06-28,GC=F,1823.6,1830.9,1819.1,1821.2,1821.2,111397,-0.001973
2022-06-29,GC=F,1821.4,1834.9,1810.7,1817.5,1817.5,155542,-0.002032
2022-06-30,GC=F,1819.2,1826.8,1802.5,1807.3,1807.3,208898,-0.005612
2022-07-01,GC=F,1808.1,1813.6,1783.4,1801.5,1801.5,249489,-0.003209
2022-07-05,GC=F,1814.4,1815.2,1763.0,1763.9,1763.9,310369,-0.020871
2022-07-06,GC=F,1764.2,1771.5,1730.7,1736.5,1736.5,258824,-0.015534
2022-07-07,GC=F,1737.2,1748.2,1734.7,1739.7,1739.7,151256,0.001843
2022-07-08,GC=F,1738.7,1751.7,1726.0,1742.3,1742.3,189178,0.001495
2022-07-11,GC=F,1741.5,1743.0,1729.0,1731.7,1731.7,171902,-0.006084
2022-07-12,GC=F,1731.3,1742.2,1721.6,1724.8,1724.8,255170,-0.003984
2022-07-13,GC=F,1723.6,1744.3,1704.5,1735.5,1735.5,300550,0.006204
2022-07-14,GC=F,1733.6,1734.8,1695.0,1705.8,1705.8,266354,-0.017113
2022-07-15,GC=F,1708.2,1714.2,1696.6,1703.6,1703.6,176797,-0.00129
2022-07-18,GC=F,1706.4,1722.0,1704.4,1710.2,1710.2,157535,0.003874
2022-07-19,GC=F,1707.2,1716.5,1702.6,1710.7,1710.7,131771,0.000292
2022-07-20,GC=F,1709.5,1712.7,1690.1,1700.2,1700.2,174466,-0.006138
2022-07-21,GC=F,1693.7,1719.5,1678.4,1713.4,1713.4,248875,0.007764
2022-07-22,GC=F,1717.2,1738.3,1711.7,1727.4,1727.4,200622,0.008171
2022-07-25,GC=F,1726.3,1734.6,1712.9,1719.1,1719.1,160719,-0.004805
2022-07-26,GC=F,1717.9,1726.4,1711.5,1717.7,1717.7,147367,-0.000814
2022-07-27,GC=F,1715.2,1739.6,1709.1,1719.1,1719.1,144865,0.000815
2022-07-28,GC=F,1732.3,1755.0,1732.0,1750.3,1750.3,37236,0.018149
2022-07-29,GC=F,1754.0,1765.7,1750.0,1762.9,1762.9,140666,0.007199
2022-08-01,GC=F,1782.5,1792.5,1774.3,1787.7,1787.7,133742,0.014068
2022-08-02,GC=F,1789.2,1805.0,1776.0,1789.7,1789.7,174165,0.001119
2022-08-03,GC=F,1777.3,1789.4,1770.0,1776.4,1776.4,151734,-0.007431
2022-08-04,GC=F,1782.1,1812.0,1779.4,1806.9,1806.9,153292,0.01717
2022-08-05,GC=F,1807.7,1811.6,1780.2,1791.2,1791.2,168901,-0.008689
2022-08-08,GC=F,1790.3,1806.4,1786.9,1805.2,1805.2,103683,0.007816
2022-08-09,GC=F,1805.5,1817.0,1799.4,1812.3,1812.3,120510,0.003933
2022-08-10,GC=F,1811.5,1824.6,1803.3,1813.7,1813.7,154592,0.000772
2022-08-11,GC=F,1807.9,1814.9,1798.6,1807.2,1807.2,121259,-0.003584
2022-08-12,GC=F,1805.2,1819.1,1799.6,1815.5,1815.5,118649,0.004593
2022-08-15,GC=F,1818.9,1818.9,1787.6,1798.1,1798.1,137765,-0.009584
2022-08-16,GC=F,1795.5,1798.0,1785.4,1789.7,1789.7,94403,-0.004672
2022-08-17,GC=F,1790.8,1796.6,1773.9,1776.7,1776.7,137832,-0.007264
2022-08-18,GC=F,1777.1,1786.3,1768.8,1771.2,1771.2,124319,-0.003096
2022-08-19,GC=F,1773.1,1773.3,1759.1,1762.9,1762.9,138699,-0.004686
2022-08-22,GC=F,1760.6,1762.1,1740.2,1748.4,1748.4,142857,-0.008225
2022-08-23,GC=F,1750.0,1767.5,1743.1,1761.2,1761.2,145260,0.007321
2022-08-24,GC=F,1761.3,1769.5,1754.8,1761.5,1761.5,112645,0.00017
2022-08-25,GC=F,1764.4,1778.8,1763.0,1771.4,1771.4,117570,0.00562
2022-08-26,GC=F,1771.8,1772.3,1746.2,1749.8,1749.8,176904,-0.012194
2022-08-29,GC=F,1748.4,1757.9,1731.4,1749.7,1749.7,156220,-5.7e-05
2022-08-30,GC=F,1749.8,1752.8,1732.9,1736.3,1736.3,130664,-0.007658
2022-08-31,GC=F,1735.5,1738.0,1720.6,1726.2,1726.2,176731,-0.005817
2022-09-01,GC=F,1723.0,1723.0,1699.1,1709.3,1709.3,198618,-0.00979
2022-09-02,GC=F,1707.8,1729.5,1705.9,1722.6,1722.6,174684,0.007781
2022-09-06,GC=F,1724.2,1737.4,1710.6,1712.9,1712.9,206268,-0.005631
2022-09-07,GC=F,1712.9,1731.2,1701.7,1727.8,1727.8,173624,0.008699
2022-09-08,GC=F,1729.5,1739.4,1713.7,1720.2,1720.2,184176,-0.004399
2022-09-09,GC=F,1719.6,1740.5,1719.4,1728.6,1728.6,154706,0.004883
2022-09-12,GC=F,1728.4,1746.4,1722.3,1740.6,1740.6,154374,0.006942
2022-09-13,GC=F,1736.0,1742.9,1706.7,1717.4,1717.4,232696,-0.013329
2022-09-14,GC=F,1711.6,1717.3,1703.3,1709.1,1709.1,163288,-0.004833
2022-09-15,GC=F,1707.2,1707.8,1668.9,1677.3,1677.3,268094,-0.018606
2022-09-16,GC=F,1673.7,1689.9,1661.9,1683.5,1683.5,217226,0.003696
2022-09-19,GC=F,1685.4,1688.8,1667.6,1678.2,1678.2,141171,-0.003148
2022-09-20,GC=F,1684.9,1688.8,1668.1,1671.1,1671.1,143933,-0.004231
2022-09-21,GC=F,1673.2,1696.9,1661.3,1675.7,1675.7,227938,0.002753
2022-09-22,GC=F,1682.8,1693.5,1663.3,1681.1,1681.1,241279,0.003223
2022-09-23,GC=F,1680.1,1685.0,1646.6,1655.6,1655.6,243045,-0.015169
2022-09-26,GC=F,1651.0,1657.2,1627.7,1633.4,1633.4,219861,-0.013409
2022-09-27,GC=F,1629.2,1650.1,1628.7,1636.2,1636.2,197058,0.001714
2022-09-28,GC=F,1636.5,1671.6,1622.2,1670.0,1670.0,279817,0.020658
2022-09-29,GC=F,1669.0,1673.1,1649.3,1668.6,1668.6,201961,-0.000838
2022-09-30,GC=F,1669.5,1684.4,1667.5,1672.0,1672.0,179989,0.002038
2022-10-03,GC=F,1670.5,1710.4,1666.5,1702.0,1702.0,215493,0.017943
2022-10-04,GC=F,1708.4,1738.7,1704.0,1730.5,1730.5,205084,0.016745
2022-10-05,GC=F,1734.4,1736.6,1708.8,1720.8,1720.8,173222,-0.005605
2022-10-06,GC=F,1725.5,1734.2,1714.8,1720.8,1720.8,139443,0.0
2022-10-07,GC=F,1721.0,1722.8,1698.4,1709.3,1709.3,157445,-0.006683
2022-10-10,GC=F,1703.4,1707.4,1672.5,1675.2,1675.2,157149,-0.01995
2022-10-11,GC=F,1675.6,1691.3,1667.5,1686.0,1686.0,171814,0.006447
2022-10-12,GC=F,1673.4,1685.1,1668.0,1677.5,1677.5,131769,-0.005042
2022-10-13,GC=F,1680.2,1688.9,1648.3,1677.0,1677.0,237007,-0.000298
2022-10-14,GC=F,1672.8,1677.8,1645.6,1648.9,1648.9,183170,-0.016756
2022-10-17,GC=F,1649.9,1674.3,1649.1,1664.0,1664.0,148889,0.009158
2022-10-18,GC=F,1655.9,1666.0,1650.6,1655.8,1655.8,163168,-0.004928
2022-10-19,GC=F,1657.2,1659.8,1632.2,1634.2,1634.2,179246,-0.013045
2022-10-20,GC=F,1634.6,1650.3,1626.3,1636.8,1636.8,163734,0.001591
2022-10-21,GC=F,1632.4,1663.1,1621.1,1656.3,1656.3,271095,0.011913
2022-10-24,GC=F,1662.9,1675.5,1648.0,1654.1,1654.1,171022,-0.001328
2022-10-25,GC=F,1654.5,1666.8,1641.2,1658.0,1658.0,182795,0.002358
2022-10-26,GC=F,1657.7,1679.4,1653.8,1669.2,1669.2,186926,0.006755
2022-10-27,GC=F,1668.8,1674.8,1658.5,1665.6,1665.6,189287,-0.002157
2022-10-28,GC=F,1667.2,1670.9,1640.7,1644.8,1644.8,196363,-0.012488
2022-10-31,GC=F,1647.2,1648.5,1634.5,1640.7,1640.7,128413,-0.002493
2022-11-01,GC=F,1636.1,1660.3,1633.6,1649.7,1649.7,197976,0.005485
2022-11-02,GC=F,1651.4,1673.1,1637.4,1650.0,1650.0,220926,0.000182
2022-11-03,GC=F,1639.1,1643.2,1618.3,1630.9,1630.9,254699,-0.011576
2022-11-04,GC=F,1631.7,1686.4,1631.1,1676.6,1676.6,293521,0.028021
2022-11-07,GC=F,1678.6,1685.6,1670.0,1680.5,1680.5,187589,0.002326
2022-11-08,GC=F,1678.0,1720.4,1667.1,1716.0,1716.0,297618,0.021125
2022-11-09,GC=F,1715.2,1725.8,1705.1,1713.7,1713.7,239645,-0.00134
2022-11-10,GC=F,1709.7,1760.6,1705.5,1753.7,1753.7,305717,0.023341
2022-11-11,GC=F,1758.3,1775.6,1750.3,1769.4,1769.4,227044,0.008953
2022-11-14,GC=F,1769.4,1778.4,1755.8,1776.9,1776.9,191347,0.004239
2022-11-15,GC=F,1774.0,1791.8,1770.2,1776.8,1776.8,283019,-5.6e-05
2022-11-16,GC=F,1782.0,1788.2,1773.4,1775.8,1775.8,200755,-0.000563
2022-11-17,GC=F,1777.0,1777.6,1756.6,1763.0,1763.0,169097,-0.007208
2022-11-18,GC=F,1763.1,1769.9,1749.2,1754.4,1754.4,137327,-0.004878
2022-11-21,GC=F,1752.0,1755.0,1733.9,1739.6,1739.6,166082,-0.008436
2022-11-22,GC=F,1739.7,1751.0,1737.6,1739.9,1739.9,153092,0.000172
2022-11-23,GC=F,1740.8,1754.9,1719.0,1745.6,1745.6,167770,0.003276
2022-11-25,GC=F,1751.0,1761.2,1745.9,1754.0,1754.0,134299,0.004812
2022-11-28,GC=F,1755.0,1763.5,1738.2,1740.3,1740.3,132767,-0.007811
2022-11-29,GC=F,1739.5,1758.2,1737.9,1748.4,1748.4,19416,0.004654
2022-11-30,GC=F,1748.1,1769.4,1745.1,1746.0,1746.0,192239,-0.001373
2022-12-01,GC=F,1783.1,1818.4,1782.9,1815.2,1815.2,226148,0.039633
2022-12-02,GC=F,1817.0,1818.7,1791.8,1809.6,1809.6,183724,-0.003085
2022-12-05,GC=F,1810.5,1822.9,1778.1,1781.3,1781.3,179818,-0.015639
2022-12-06,GC=F,1780.8,1793.2,1779.1,1782.4,1782.4,127856,0.000618
2022-12-07,GC=F,1783.3,1803.2,1780.5,1798.0,1798.0,155568,0.008752
2022-12-08,GC=F,1799.5,1806.9,1793.2,1801.5,1801.5,116274,0.001947
2022-12-09,GC=F,1801.9,1819.0,1800.1,1810.7,1810.7,150938,0.005107
2022-12-12,GC=F,1808.0,1809.3,1789.0,1792.3,1792.3,107782,-0.010162
2022-12-13,GC=F,1792.3,1836.9,1791.8,1825.5,1825.5,230911,0.018524
2022-12-14,GC=F,1822.6,1825.4,1806.2,1818.7,1818.7,143804,-0.003725
2022-12-15,GC=F,1818.7,1819.7,1782.0,1787.8,1787.8,185317,-0.01699
2022-12-16,GC=F,1786.9,1804.2,1783.9,1800.2,1800.2,128751,0.006936
2022-12-19,GC=F,1801.6,1808.6,1793.2,1797.7,1797.7,86090,-0.001389
2022-12-20,GC=F,1796.8,1832.4,1793.7,1825.4,1825.4,197496,0.015409
2022-12-21,GC=F,1827.9,1833.8,1821.3,1825.4,1825.4,110177,0.0
2022-12-22,GC=F,1823.8,1829.3,1792.7,1795.3,1795.3,175774,-0.01649
2022-12-23,GC=F,1801.0,1812.2,1798.9,1804.2,1804.2,105457,0.004957
2022-12-27,GC=F,1808.2,1841.9,1808.0,1823.1,1823.1,159616,0.010476
2022-12-28,GC=F,1822.4,1822.8,1804.2,1815.8,1815.8,118076,-0.004004
2022-12-29,GC=F,1812.3,1827.3,1811.2,1826.0,1826.0,105992,0.005617
2022-12-30,GC=F,1821.8,1832.4,1819.8,1826.2,1826.2,107496,0.00011
2023-01-03,GC=F,1831.8,1856.6,1831.3,1846.1,1846.1,212272,0.010897
2023-01-04,GC=F,1845.2,1871.3,1842.0,1859.0,1859.0,198354,0.006988
2023-01-05,GC=F,1861.2,1864.3,1829.9,1840.6,1840.6,188603,-0.009898
2023-01-06,GC=F,1835.9,1875.2,1835.2,1869.7,1869.7,215367,0.01581
2023-01-09,GC=F,1872.8,1886.4,1869.3,1877.8,1877.8,204550,0.004332
2023-01-10,GC=F,1875.7,1885.2,1872.0,1876.5,1876.5,170514,-0.000692
2023-01-11,GC=F,1881.3,1890.9,1870.9,1878.9,1878.9,222250,0.001279
2023-01-12,GC=F,1879.7,1906.5,1872.4,1898.8,1898.8,265174,0.010591
2023-01-13,GC=F,1898.8,1925.3,1895.1,1921.7,1921.7,247878,0.01206
2023-01-17,GC=F,1923.8,1931.8,1906.2,1909.9,1909.9,268368,-0.00614
2023-01-18,GC=F,1911.1,1929.8,1898.6,1907.0,1907.0,218967,-0.001518
2023-01-19,GC=F,1907.0,1936.9,1902.0,1923.9,1923.9,214246,0.008862
2023-01-20,GC=F,1933.7,1939.0,1922.0,1928.2,1928.2,165272,0.002235
2023-01-23,GC=F,1928.4,1936.7,1912.5,1928.6,1928.6,190094,0.000207
2023-01-24,GC=F,1932.0,1943.8,1918.2,1935.4,1935.4,201713,0.003526
2023-01-25,GC=F,1938.7,1949.5,1920.6,1942.6,1942.6,190302,0.00372
2023-01-26,GC=F,1948.0,1949.8,1918.4,1930.0,1930.0,223255,-0.006486
2023-01-27,GC=F,1929.3,1935.4,1916.5,1929.4,1929.4,150902,-0.000311
2023-01-30,GC=F,1928.3,1933.6,1920.3,1922.9,1922.9,27220,-0.003369
2023-01-31,GC=F,1923.0,1930.4,1900.6,1929.5,1929.5,194077,0.003432
2023-02-01,GC=F,1944.0,1970.8,1936.1,1942.8,1942.8,210613,0.006893
2023-02-02,GC=F,1967.1,1975.2,1925.6,1930.8,1930.8,259844,-0.006177
2023-02-03,GC=F,1926.3,1932.4,1874.5,1876.6,1876.6,310612,-0.028071
2023-02-06,GC=F,1878.0,1894.0,1873.2,1879.5,1879.5,164540,0.001545
2023-02-07,GC=F,1880.3,1897.2,1877.5,1884.8,1884.8,179673,0.00282
2023-02-08,GC=F,1885.1,1898.9,1881.4,1890.7,1890.7,131904,0.00313
2023-02-09,GC=F,1888.3,1902.3,1870.2,1878.5,1878.5,183551,-0.006453
2023-02-10,GC=F,1873.5,1883.5,1863.5,1874.5,1874.5,155270,-0.002129
2023-02-13,GC=F,1876.7,1877.2,1860.8,1863.5,1863.5,131217,-0.005868
2023-02-14,GC=F,1864.1,1881.6,1852.5,1865.4,1865.4,217012,0.00102
2023-02-15,GC=F,1865.1,1870.9,1839.3,1845.3,1845.3,169531,-0.010775
2023-02-16,GC=F,1846.5,1854.9,1836.6,1851.8,1851.8,168509,0.003522
2023-02-17,GC=F,1845.7,1853.1,1827.7,1850.2,1850.2,165081,-0.000864
2023-02-21,GC=F,1850.5,1856.4,1839.0,1842.5,1842.5,210165,-0.004162
2023-02-22,GC=F,1843.7,1855.0,1831.9,1841.5,1841.5,141500,-0.000543
2023-02-23,GC=F,1834.7,1841.2,1824.8,1826.8,1826.8,179972,-0.007983
2023-02-24,GC=F,1829.7,1835.1,1815.5,1817.1,1817.1,169473,-0.00531
2023-02-27,GC=F,1818.0,1827.3,1812.0,1824.9,1824.9,130427,0.004293
2023-02-28,GC=F,1823.9,1838.6,1810.8,1836.7,1836.7,184507,0.006466
2023-03-01,GC=F,1834.0,1852.5,1829.6,1845.4,1845.4,182583,0.004737
2023-03-02,GC=F,1843.8,1845.3,1835.9,1840.5,1840.5,139755,-0.002655
2023-03-03,GC=F,1842.1,1864.4,1842.0,1854.6,1854.6,158961,0.007661
2023-03-06,GC=F,1861.0,1864.3,1850.6,1854.6,1854.6,136224,0.0
2023-03-07,GC=F,1852.6,1856.9,1817.1,1820.0,1820.0,248226,-0.018656
2023-03-08,GC=F,1818.0,1828.7,1813.4,1818.6,1818.6,208292,-0.000769
2023-03-09,GC=F,1818.0,1839.4,1815.4,1834.6,1834.6,228473,0.008798
2023-03-10,GC=F,1835.1,1874.3,1830.0,1867.2,1867.2,345814,0.01777
2023-03-13,GC=F,1877.1,1919.5,1875.7,1916.5,1916.5,452332,0.026403
2023-03-14,GC=F,1919.4,1919.4,1899.8,1910.9,1910.9,261275,-0.002922
2023-03-15,GC=F,1908.2,1942.5,1889.5,1931.3,1931.3,385454,0.010676
2023-03-16,GC=F,1922.8,1938.0,1911.5,1923.0,1923.0,248084,-0.004298
2023-03-17,GC=F,1925.9,1993.7,1922.3,1973.5,1973.5,351092,0.026261
2023-03-20,GC=F,1989.7,2014.9,1970.0,1982.8,1982.8,338016,0.004712
2023-03-21,GC=F,1983.1,1988.7,1938.6,1941.1,1941.1,248934,-0.021031
2023-03-22,GC=F,1943.5,1982.3,1936.5,1949.6,1949.6,245031,0.004379
2023-03-23,GC=F,1974.0,2006.1,1967.3,1995.9,1995.9,262247,0.023748
2023-03-24,GC=F,1996.1,2006.5,1977.7,1983.8,1983.8,285442,-0.006062
2023-03-27,GC=F,1982.6,1984.0,1945.0,1953.8,1953.8,206630,-0.015122
2023-03-28,GC=F,1957.8,1977.1,1949.9,1973.5,1973.5,183582,0.010083
2023-03-29,GC=F,1975.4,1976.0,1959.5,1966.9,1966.9,88563,-0.003344
2023-03-30,GC=F,1965.9,1984.4,1954.9,1980.3,1980.3,10119,0.006813
2023-03-31,GC=F,1981.3,1986.8,1968.0,1969.0,1969.0,162212,-0.005706
2023-04-03,GC=F,1990.0,2008.0,1965.9,2000.4,2000.4,187986,0.015947
2023-04-04,GC=F,2001.3,2043.4,1994.0,2038.2,2038.2,233301,0.018896
2023-04-05,GC=F,2038.2,2049.2,2026.1,2035.6,2035.6,197371,-0.001276
2023-04-06,GC=F,2037.1,2037.7,2016.5,2026.4,2026.4,0,-0.00452
2023-04-10,GC=F,2008.6,2021.5,1996.5,2003.8,2003.8,136231,-0.011153
2023-04-11,GC=F,2007.0,2022.5,2003.7,2019.0,2019.0,126376,0.007586
2023-04-12,GC=F,2019.1,2043.9,2015.7,2024.9,2024.9,228494,0.002922
2023-04-13,GC=F,2029.5,2063.3999,2028.3,2055.3,2055.3,198461,0.015013
2023-04-14,GC=F,2054.7,2061.6001,2006.0,2015.8,2015.8,262825,-0.019219
2023-04-17,GC=F,2014.1,2028.0,1993.4,2007.0,2007.0,183425,-0.004366
2023-04-18,GC=F,2007.9,2024.6,2003.3,2019.7,2019.7,164975,0.006328
2023-04-19,GC=F,2017.9,2020.3,1980.9,2007.3,2007.3,218808,-0.006139
2023-04-20,GC=F,2007.7,2024.2,2002.2,2019.1,2019.1,162840,0.005879
2023-04-21,GC=F,2016.1,2016.8,1982.3,1990.5,1990.5,210502,-0.014165
2023-04-24,GC=F,1992.0,2001.5,1984.4,1999.8,1999.8,139878,0.004672
2023-04-25,GC=F,1999.4,2014.5,1986.2,2004.5,2004.5,222551,0.00235
2023-04-26,GC=F,2007.7,2020.2,1993.7,1996.0,1996.0,241399,-0.00424
2023-04-27,GC=F,1999.8,2013.3,1982.0,1999.0,1999.0,203898,0.001503
2023-04-28,GC=F,1997.2,2004.1,1984.4,1999.1,1999.1,172445,5e-05
2023-05-01,GC=F,2000.2,2015.4,1985.7,1992.2,1992.2,173016,-0.003452
2023-05-02,GC=F,1990.5,2028.8,1986.9,2023.3,2023.3,245637,0.015611
2023-05-03,GC=F,2026.4,2050.0,2016.0,2037.0,2037.0,229674,0.006771
2023-05-04,GC=F,2054.7,2085.3999,2038.5,2055.7,2055.7,311003,0.00918
2023-05-05,GC=F,2058.0,2061.3,2007.0,2024.8,2024.8,283299,-0.015031
2023-05-08,GC=F,2024.6,2037.1,2022.0,2033.2,2033.2,182213,0.004149
2023-05-09,GC=F,2028.4,2045.1,2026.4,2042.9,2042.9,199701,0.004771
2023-05-10,GC=F,2041.6,2056.0,2028.3,2037.1,2037.1,260807,-0.002839
2023-05-11,GC=F,2036.8,2047.6,2016.7,2020.5,2020.5,296976,-0.008149
2023-05-12,GC=F,2020.5,2027.8,2005.7,2019.8,2019.8,220500,-0.000346
2023-05-15,GC=F,2013.4,2027.5,2011.2,2022.7,2022.7,163251,0.001436
2023-05-16,GC=F,2021.3,2022.7,1989.1,1993.0,1993.0,229938,-0.014683
2023-05-17,GC=F,1993.0,1997.0,1978.1,1984.9,1984.9,206552,-0.004064
2023-05-18,GC=F,1985.6,1988.8,1954.4,1959.8,1959.8,227733,-0.012645
2023-05-19,GC=F,1960.5,1987.4,1956.3,1981.6,1981.6,234604,0.011124
2023-05-22,GC=F,1979.4,1984.8,1970.7,1977.2,1977.2,165768,-0.00222
2023-05-23,GC=F,1973.9,1980.0,1955.8,1974.5,1974.5,214358,-0.001366
2023-05-24,GC=F,1977.3,1987.9,1958.4,1964.6,1964.6,229885,-0.005014
2023-05-25,GC=F,1959.5,1965.4,1939.0,1943.7,1943.7,253875,-0.010638
2023-05-26,GC=F,1941.7,1957.1,1936.0,1944.3,1944.3,166036,0.000309
2023-05-30,GC=F,1942.7,1962.6,1931.0,1958.0,1958.0,37838,0.007046
2023-05-31,GC=F,1958.2,1973.0,1953.0,1963.9,1963.9,207753,0.003013
2023-06-01,GC=F,1981.3,2000.7,1970.1,1995.5,1995.5,176911,0.01609
2023-06-02,GC=F,1994.6,2000.5,1963.7,1969.6,1969.6,209694,-0.012979
2023-06-05,GC=F,1962.3,1980.4,1953.8,1974.3,1974.3,179985,0.002386
2023-06-06,GC=F,1978.0,1982.9,1970.3,1981.5,1981.5,135995,0.003647
2023-06-07,GC=F,1980.0,1986.5,1955.4,1958.4,1958.4,189529,-0.011658
2023-06-08,GC=F,1956.2,1985.7,1955.2,1978.6,1978.6,191843,0.010315
2023-06-09,GC=F,1980.5,1987.8,1971.0,1977.2,1977.2,130408,-0.000708
2023-06-12,GC=F,1975.6,1981.4,1963.1,1969.7,1969.7,122542,-0.003793
2023-06-13,GC=F,1971.4,1985.9,1953.0,1958.6,1958.6,198397,-0.005635
2023-06-14,GC=F,1957.2,1973.9,1952.5,1968.9,1968.9,199710,0.005259
2023-06-15,GC=F,1955.7,1972.8,1936.1,1970.7,1970.7,266353,0.000914
2023-06-16,GC=F,1970.3,1980.4,1965.4,1971.2,1971.2,160514,0.000254
2023-06-20,GC=F,1970.7,1971.8,1940.8,1947.7,1947.7,250140,-0.011922
2023-06-21,GC=F,1948.0,1950.4,1929.3,1944.9,1944.9,182021,-0.001438
2023-06-22,GC=F,1943.3,1945.1,1922.0,1923.7,1923.7,171779,-0.0109
2023-06-23,GC=F,1923.5,1949.0,1919.5,1929.6,1929.6,186861,0.003067
2023-06-26,GC=F,1936.3,1943.4,1931.1,1933.8,1933.8,147769,0.002177
2023-06-27,GC=F,1932.7,1940.3,1919.8,1923.8,1923.8,180436,-0.005171
2023-06-28,GC=F,1923.1,1926.1,1911.4,1922.2,1922.2,162493,-0.000832
2023-06-29,GC=F,1916.5,1921.3,1900.6,1917.9,1917.9,205252,-0.002237
2023-06-30,GC=F,1916.4,1930.8,1908.1,1929.4,1929.4,180688,0.005996
2023-07-03,GC=F,1927.8,1939.9,1917.7,1929.5,1929.5,152959,5.2e-05
2023-07-05,GC=F,1929.1,1942.9,1922.1,1927.1,1927.1,245932,-0.001244
2023-07-06,GC=F,1922.4,1934.0,1908.5,1915.4,1915.4,231513,-0.006071
2023-07-07,GC=F,1916.6,1941.1,1915.4,1932.5,1932.5,214272,0.008928
2023-07-10,GC=F,1930.7,1933.7,1918.0,1931.0,1931.0,208085,-0.000776
2023-07-11,GC=F,1930.8,1944.5,1929.8,1937.1,1937.1,189372,0.003159
2023-07-12,GC=F,1938.0,1965.1,1937.5,1961.7,1961.7,270869,0.012699
2023-07-13,GC=F,1962.7,1968.5,1956.6,1963.8,1963.8,241215,0.001071
2023-07-14,GC=F,1965.2,1967.8,1954.7,1964.4,1964.4,209306,0.000306
2023-07-17,GC=F,1958.6,1963.6,1949.0,1956.4,1956.4,165833,-0.004072
2023-07-18,GC=F,1958.3,1988.3,1958.1,1980.8,1980.8,264086,0.012472
2023-07-19,GC=F,1982.5,1984.6,1973.3,1980.8,1980.8,159409,0.0
2023-07-20,GC=F,1980.0,1989.8,1967.7,1970.9,1970.9,189926,-0.004998
2023-07-21,GC=F,1972.1,1975.9,1958.8,1966.6,1966.6,156540,-0.002182
2023-07-24,GC=F,1963.6,1969.8,1955.3,1962.2,1962.2,197213,-0.002237
2023-07-25,GC=F,1957.0,1967.1,1951.6,1963.7,1963.7,188848,0.000764
2023-07-26,GC=F,1966.3,1979.9,1963.2,1970.1,1970.1,208106,0.003259
2023-07-27,GC=F,1973.3,1982.6,1941.7,1945.7,1945.7,194253,-0.012385
2023-07-28,GC=F,1945.5,1962.2,1944.2,1960.4,1960.4,23155,0.007555
2023-07-31,GC=F,1959.2,1971.6,1950.0,1970.5,1970.5,139955,0.005152
2023-08-01,GC=F,2004.2,2004.4,1978.3,1978.8,1978.8,167756,0.004212
2023-08-02,GC=F,1988.9,1992.2,1969.1,1975.0,1975.0,169658,-0.00192
2023-08-03,GC=F,1970.8,1974.5,1964.5,1968.8,1968.8,141345,-0.003139
2023-08-04,GC=F,1969.6,1984.2,1954.5,1976.1,1976.1,156416,0.003708
2023-08-07,GC=F,1977.6,1981.7,1966.1,1970.0,1970.0,104407,-0.003087
2023-08-08,GC=F,1971.5,1972.8,1956.5,1959.9,1959.9,142336,-0.005127
2023-08-09,GC=F,1959.3,1966.1,1947.2,1950.6,1950.6,139259,-0.004745
2023-08-10,GC=F,1947.7,1963.5,1944.4,1948.9,1948.9,168264,-0.000872
2023-08-11,GC=F,1944.9,1953.6,1942.7,1946.6,1946.6,122320,-0.00118
2023-08-14,GC=F,1945.6,1948.2,1934.2,1944.0,1944.0,120983,-0.001336
2023-08-15,GC=F,1939.4,1944.3,1927.5,1935.2,1935.2,167153,-0.004527
2023-08-16,GC=F,1933.1,1938.2,1922.0,1928.3,1928.3,128612,-0.003565
2023-08-17,GC=F,1922.4,1933.5,1914.2,1915.2,1915.2,152329,-0.006794
2023-08-18,GC=F,1919.2,1926.0,1915.9,1916.5,1916.5,114737,0.000679
2023-08-21,GC=F,1918.4,1927.9,1913.6,1923.0,1923.0,138109,0.003392
2023-08-22,GC=F,1924.0,1933.2,1917.5,1926.0,1926.0,131088,0.00156
2023-08-23,GC=F,1926.8,1949.7,1926.2,1948.1,1948.1,170040,0.011475
2023-08-24,GC=F,1944.9,1951.3,1939.2,1947.1,1947.1,137393,-0.000513
2023-08-25,GC=F,1944.9,1950.4,1931.0,1939.9,1939.9,166988,-0.003698
2023-08-28,GC=F,1944.0,1954.2,1940.1,1946.8,1946.8,115553,0.003557
2023-08-29,GC=F,1948.1,1966.5,1941.7,1965.1,1965.1,174220,0.0094
2023-08-30,GC=F,1966.0,1977.1,1962.8,1973.0,1973.0,142380,0.00402
2023-08-31,GC=F,1970.2,1974.9,1965.5,1965.9,1965.9,133712,-0.003599
2023-09-01,GC=F,1966.4,1980.2,1960.7,1967.1,1967.1,160725,0.00061
2023-09-05,GC=F,1966.7,1972.6,1950.6,1952.6,1952.6,192789,-0.007371
2023-09-06,GC=F,1951.5,1954.5,1940.0,1944.2,1944.2,148775,-0.004302
2023-09-07,GC=F,1942.2,1947.9,1940.3,1942.5,1942.5,117168,-0.000874
2023-09-08,GC=F,1943.8,1954.0,1940.8,1942.7,1942.7,138694,0.000103
2023-09-11,GC=F,1943.3,1954.6,1939.5,1947.2,1947.2,131076,0.002316
2023-09-12,GC=F,1945.6,1947.5,1929.9,1935.1,1935.1,161993,-0.006214
2023-09-13,GC=F,1935.2,1938.4,1927.2,1932.5,1932.5,161003,-0.001344
2023-09-14,GC=F,1930.7,1934.5,1921.7,1932.8,1932.8,201744,0.000155
2023-09-15,GC=F,1932.5,1952.4,1931.2,1946.2,1946.2,199773,0.006933
2023-09-18,GC=F,1945.7,1955.7,1943.8,1953.4,1953.4,138031,0.0037
2023-09-19,GC=F,1955.3,1958.9,1950.9,1953.7,1953.7,131097,0.000154
2023-09-20,GC=F,1953.0,1968.9,1948.6,1967.1,1967.1,220980,0.006859
2023-09-21,GC=F,1952.0,1952.2,1933.1,1939.6,1939.6,225908,-0.01398
2023-09-22,GC=F,1939.6,1949.1,1939.6,1945.6,1945.6,139926,0.003093
2023-09-25,GC=F,1944.7,1946.8,1933.8,1936.6,1936.6,164259,-0.004626
2023-09-26,GC=F,1935.1,1935.5,1917.2,1919.8,1919.8,212263,-0.008675
2023-09-27,GC=F,1918.8,1921.7,1890.3,1890.9,1890.9,238525,-0.015054
2023-09-28,GC=F,1893.3,1896.8,1874.5,1878.6,1878.6,231419,-0.006505
2023-09-29,GC=F,1882.3,1896.7,1862.3,1866.1,1866.1,245131,-0.006654
2023-10-02,GC=F,1864.4,1864.7,1842.7,1847.2,1847.2,202147,-0.010128
2023-10-03,GC=F,1844.9,1849.3,1830.9,1841.5,1841.5,216784,-0.003086
2023-10-04,GC=F,1838.7,1846.8,1831.6,1834.8,1834.8,195048,-0.003638
2023-10-05,GC=F,1837.6,1843.5,1826.2,1831.8,1831.8,172464,-0.001635
2023-10-06,GC=F,1834.3,1849.0,1823.5,1845.2,1845.2,231024,0.007315
2023-10-09,GC=F,1861.0,1877.3,1857.5,1864.3,1864.3,187802,0.010351
2023-10-10,GC=F,1875.4,1879.1,1866.1,1875.3,1875.3,157340,0.0059
2023-10-11,GC=F,1873.7,1890.9,1871.7,1887.3,1887.3,169964,0.006399
2023-10-12,GC=F,1888.1,1898.3,1880.6,1883.0,1883.0,163475,-0.002278
2023-10-13,GC=F,1881.7,1946.2,1881.5,1941.5,1941.5,312994,0.031067
2023-10-16,GC=F,1941.3,1943.0,1921.2,1934.3,1934.3,182823,-0.003708
2023-10-17,GC=F,1933.3,1944.5,1924.6,1935.7,1935.7,165063,0.000724
2023-10-18,GC=F,1936.7,1975.8,1935.9,1968.3,1968.3,270045,0.016842
2023-10-19,GC=F,1960.1,1990.2,1957.0,1980.5,1980.5,264821,0.006198
2023-10-20,GC=F,1988.0,2009.2,1983.7,1994.4,1994.4,289109,0.007018
2023-10-23,GC=F,1987.7,1994.3,1971.0,1987.8,1987.8,212290,-0.003309
2023-10-24,GC=F,1984.1,1992.0,1964.6,1986.1,1986.1,200943,-0.000855
2023-10-25,GC=F,1982.7,1998.6,1973.6,1994.9,1994.9,240655,0.004431
2023-10-26,GC=F,1991.2,2003.7,1981.6,1997.4,1997.4,214053,0.001253
2023-10-27,GC=F,1995.0,2019.7,1986.4,1998.5,1998.5,213757,0.000551
2023-10-30,GC=F,2013.5,2016.8,1999.7,2005.6,2005.6,181339,0.003553
2023-10-31,GC=F,2005.6,2017.7,1987.4,1994.3,1994.3,214776,-0.005634
2023-11-01,GC=F,1993.3,2005.9,1978.2,1987.5,1987.5,197629,-0.00341
2023-11-02,GC=F,1992.0,1999.2,1986.3,1993.5,1993.5,158650,0.003019
2023-11-03,GC=F,1993.5,2011.9,1989.3,1999.2,1999.2,222189,0.002859
2023-11-06,GC=F,1999.4,2000.1,1984.2,1988.6,1988.6,146279,-0.005302
2023-11-07,GC=F,1984.8,1985.2,1962.8,1973.5,1973.5,218948,-0.007593
2023-11-08,GC=F,1975.3,1977.5,1953.2,1957.8,1957.8,189359,-0.007955
2023-11-09,GC=F,1955.5,1971.5,1948.3,1969.8,1969.8,214077,0.006129
2023-11-10,GC=F,1964.1,1965.6,1936.9,1937.7,1937.7,229637,-0.016296
2023-11-13,GC=F,1943.4,1953.5,1935.6,1950.2,1950.2,183702,0.006451
2023-11-14,GC=F,1950.3,1975.3,1938.8,1966.5,1966.5,180741,0.008358
2023-11-15,GC=F,1966.9,1979.2,1958.8,1964.3,1964.3,142924,-0.001119
2023-11-16,GC=F,1963.0,1991.1,1959.0,1987.3,1987.3,186810,0.011709
2023-11-17,GC=F,1984.2,1996.4,1981.1,1984.7,1984.7,133120,-0.001308
2023-11-20,GC=F,1980.9,1987.8,1967.2,1980.3,1980.3,177887,-0.002217
2023-11-21,GC=F,1980.0,2009.8,1979.9,2001.6,2001.6,230024,0.010756
2023-11-22,GC=F,2000.3,2008.3,1988.6,1992.8,1992.8,199370,-0.004396
2023-11-23,GC=F,1991.2,1999.5,1990.9,1993.3,1993.3,199370,0.000251
2023-11-24,GC=F,1991.2,2004.5,1990.9,2003.0,2003.0,214880,0.004866
2023-11-27,GC=F,2002.5,2018.9,2001.4,2012.4,2012.4,251250,0.004693
2023-11-28,GC=F,2014.3,2044.1,2011.5,2040.0,2040.0,174665,0.013715
2023-11-29,GC=F,2041.7,2052.1001,2036.0,2047.1,2047.1,15290,0.00348
2023-11-30,GC=F,2046.1,2047.1,2033.1,2038.1,2038.1,151918,-0.004396
2023-12-01,GC=F,2056.5,2095.7,2052.6001,2089.7,2089.7,241615,0.025318
2023-12-04,GC=F,2094.3999,2152.3,2038.4,2042.2,2042.2,378224,-0.022731
2023-12-05,GC=F,2049.0,2059.6001,2027.6,2036.3,2036.3,209549,-0.002889
2023-12-06,GC=F,2037.8,2053.3999,2035.3,2047.9,2047.9,154219,0.005697
2023-12-07,GC=F,2043.4,2057.2,2036.6,2046.4,2046.4,173977,-0.000732
2023-12-08,GC=F,2045.7,2050.3999,2010.6,2014.5,2014.5,237289,-0.015588
2023-12-11,GC=F,2020.0,2023.7,1991.2,1993.7,1993.7,160072,-0.010325
2023-12-12,GC=F,1997.8,2012.5,1992.3,1993.2,1993.2,148532,-0.000251
2023-12-13,GC=F,1995.1,2043.3,1987.9,1997.3,1997.3,192679,0.002057
2023-12-14,GC=F,2043.2,2062.8999,2039.1,2044.9,2044.9,231095,0.023832
2023-12-15,GC=F,2051.3,2059.6001,2029.2,2035.7,2035.7,172147,-0.004499
2023-12-18,GC=F,2033.3,2048.0,2029.5,2040.5,2040.5,141406,0.002358
2023-12-19,GC=F,2041.1,2061.0,2034.8,2052.1001,2052.1001,134781,0.005685
2023-12-20,GC=F,2053.8,2056.8999,2040.6,2047.7,2047.7,122567,-0.002144
2023-12-21,GC=F,2044.4,2058.0,2043.3,2051.3,2051.3,119952,0.001758
2023-12-22,GC=F,2061.2,2083.0,2058.2,2069.1001,2069.1001,170150,0.008677
2023-12-26,GC=F,2066.0,2080.5,2065.1001,2069.8,2069.8,79573,0.000338
2023-12-27,GC=F,2079.3,2095.8,2072.8,2093.1001,2093.1001,128179,0.011257
2023-12-28,GC=F,2089.5,2098.2,2074.6001,2083.5,2083.5,129544,-0.004587
2023-12-29,GC=F,2076.1001,2084.1001,2067.6001,2071.8,2071.8,105724,-0.005616
2024-01-02,GC=F,2072.7,2088.1001,2064.3,2073.3999,2073.3999,157555,0.000772
2024-01-03,GC=F,2067.8999,2074.3,2038.3,2042.8,2042.8,221680,-0.014758
2024-01-04,GC=F,2049.3,2058.1001,2043.3,2050.0,2050.0,130263,0.003525
2024-01-05,GC=F,2051.3999,2071.1001,2030.8,2049.8,2049.8,214684,-9.8e-05
2024-01-08,GC=F,2052.6001,2053.3,2022.7,2033.5,2033.5,220988,-0.007952
2024-01-09,GC=F,2034.5,2048.6001,2031.9,2033.0,2033.0,218745,-0.000246
2024-01-10,GC=F,2036.0,2046.2,2025.9,2027.8,2027.8,205007,-0.002558
2024-01-11,GC=F,2029.4,2056.1001,2017.3,2019.2,2019.2,301337,-0.004241
2024-01-12,GC=F,2033.2,2067.3,2033.1,2051.6001,2051.6001,272352,0.016046
2024-01-16,GC=F,2053.3999,2062.8,2027.6,2030.2,2030.2,285254,-0.010431
2024-01-17,GC=F,2031.7,2036.1,2004.6,2006.5,2006.5,254292,-0.011674
2024-01-18,GC=F,2009.1,2025.6,2007.7,2021.6,2021.6,171928,0.007526
2024-01-19,GC=F,2027.4,2041.9,2022.2,2029.3,2029.3,172805,0.003809
2024-01-22,GC=F,2031.8,2034.1,2017.4,2022.2,2022.2,152756,-0.003499
2024-01-23,GC=F,2023.2,2039.3,2020.8,2025.8,2025.8,156699,0.00178
2024-01-24,GC=F,2030.7,2037.9,2011.7,2016.0,2016.0,234459,-0.004838
2024-01-25,GC=F,2014.8,2025.6,2004.0,2017.8,2017.8,196670,0.000893
2024-01-26,GC=F,2021.0,2028.1,2015.6,2017.3,2017.3,119588,-0.000248
2024-01-29,GC=F,2024.4,2037.2,2018.8,2025.4,2025.4,150708,0.004015
2024-01-30,GC=F,2032.5,2048.5,2028.1,2031.5,2031.5,26907,0.003012
2024-01-31,GC=F,2035.4,2055.0,2030.0,2048.3999,2048.3999,238373,0.008319
2024-02-01,GC=F,2057.8999,2083.2,2046.4,2071.1001,2071.1001,260921,0.011082
2024-02-02,GC=F,2072.0,2074.7,2044.2,2053.7,2053.7,219800,-0.008401
2024-02-05,GC=F,2057.8999,2059.1001,2030.8,2042.9,2042.9,170431,-0.005259
2024-02-06,GC=F,2041.4,2055.3,2038.8,2051.3999,2051.3999,126384,0.004161
2024-02-07,GC=F,2052.6001,2061.3,2046.4,2051.7,2051.7,125631,0.000146
2024-02-08,GC=F,2051.0,2053.8,2034.6,2047.9,2047.9,137076,-0.001852
2024-02-09,GC=F,2049.7,2051.8999,2034.3,2038.7,2038.7,116031,-0.004492
2024-02-12,GC=F,2038.2,2041.8,2025.4,2033.0,2033.0,116025,-0.002796
2024-02-13,GC=F,2033.7,2047.3,2002.8,2007.2,2007.2,217571,-0.012691
2024-02-14,GC=F,2006.3,2008.8,1996.4,2004.3,2004.3,193607,-0.001445
2024-02-15,GC=F,2004.8,2020.2,2001.8,2014.9,2014.9,204249,0.005289
2024-02-16,GC=F,2016.1,2027.2,2006.6,2024.1,2024.1,162356,0.004566
2024-02-20,GC=F,2027.7,2042.7,2023.9,2039.8,2039.8,202432,0.007757
2024-02-21,GC=F,2036.2,2043.5,2030.9,2034.3,2034.3,120599,-0.002696
2024-02-22,GC=F,2036.5,2045.5,2029.3,2030.7,2030.7,147947,-0.00177
2024-02-23,GC=F,2034.1,2053.2,2025.4,2049.3999,2049.3999,212029,0.009209
2024-02-26,GC=F,2044.2,2046.8,2034.1,2038.9,2038.9,129021,-0.005123
2024-02-27,GC=F,2041.2,2049.1001,2038.1,2044.1,2044.1,148780,0.00255
2024-02-28,GC=F,2039.7,2047.4,2033.4,2042.7,2042.7,137077,-0.000685
2024-02-29,GC=F,2043.8,2059.3999,2036.0,2054.7,2054.7,227074,0.005875
2024-03-01,GC=F,2052.8,2097.1001,2047.0,2095.7,2095.7,330592,0.019954
2024-03-04,GC=F,2091.6001,2128.3999,2088.1001,2126.3,2126.3,328253,0.014601
2024-03-05,GC=F,2123.3,2150.5,2118.5,2141.8999,2141.8999,283148,0.007337
2024-03-06,GC=F,2136.3999,2160.7,2131.8999,2158.2,2158.2,319763,0.00761
2024-03-07,GC=F,2156.7,2172.2,2151.7,2165.2,2165.2,267795,0.003243
2024-03-08,GC=F,2166.6001,2203.0,2161.2,2185.5,2185.5,389682,0.009376
2024-03-11,GC=F,2187.6001,2195.5,2180.8999,2188.6001,2188.6001,242418,0.001418
2024-03-12,GC=F,2189.1001,2190.8,2156.2,2166.1001,2166.1001,316254,-0.010281
2024-03-13,GC=F,2163.6001,2185.6001,2161.3,2180.8,2180.8,232273,0.006786
2024-03-14,GC=F,2179.5,2181.3,2157.0,2167.5,2167.5,207225,-0.006099
2024-03-15,GC=F,2166.2,2176.8999,2158.7,2161.5,2161.5,187847,-0.002768
2024-03-18,GC=F,2159.8999,2167.2,2149.2,2164.3,2164.3,211858,0.001295
2024-03-19,GC=F,2164.0,2166.3,2150.2,2159.7,2159.7,178162,-0.002125
2024-03-20,GC=F,2161.3999,2192.2,2152.3,2161.0,2161.0,233572,0.000602
2024-03-21,GC=F,2190.2,2225.3,2168.2,2184.7,2184.7,391750,0.010967
2024-03-22,GC=F,2183.3999,2188.0,2158.3999,2160.0,2160.0,205808,-0.011306
2024-03-25,GC=F,2166.6001,2182.5,2164.3999,2176.3999,2176.3999,211610,0.007593
2024-03-26,GC=F,2173.0,2200.6001,2168.3,2177.2,2177.2,202373,0.000368
2024-03-27,GC=F,2179.3999,2196.2,2172.1001,2190.6001,2190.6001,31200,0.006155
2024-03-28,GC=F,2193.6001,2234.1001,2187.1001,2217.3999,2217.3999,250248,0.012234
2024-04-01,GC=F,2259.2,2286.3999,2249.1001,2257.1001,2257.1001,220767,0.017904
2024-04-02,GC=F,2272.7,2301.8999,2267.1001,2281.8,2281.8,277228,0.010943
2024-04-03,GC=F,2301.7,2321.8,2285.7,2315.0,2315.0,254574,0.01455
2024-04-04,GC=F,2321.0,2325.3,2298.7,2308.5,2308.5,236227,-0.002808
2024-04-05,GC=F,2309.5,2350.0,2286.2,2345.3999,2345.3999,293212,0.015984
2024-04-08,GC=F,2343.6001,2372.5,2321.7,2351.0,2351.0,285570,0.002388
2024-04-09,GC=F,2358.1001,2384.5,2355.7,2362.3999,2362.3999,279608,0.004849
2024-04-10,GC=F,2372.3999,2378.1001,2337.1001,2348.3999,2348.3999,353847,-0.005926
2024-04-11,GC=F,2351.7,2395.6001,2343.1001,2372.7,2372.7,260415,0.010347
2024-04-12,GC=F,2389.3999,2448.8,2350.6001,2374.1001,2374.1001,479894,0.00059
2024-04-15,GC=F,2369.3999,2404.3,2340.2,2383.0,2383.0,343730,0.003749
2024-04-16,GC=F,2399.1001,2414.8,2379.2,2407.8,2407.8,297592,0.010407
2024-04-17,GC=F,2398.0,2412.0,2370.7,2388.3999,2388.3999,284352,-0.008057
2024-04-18,GC=F,2377.8999,2408.0,2377.2,2398.0,2398.0,200546,0.004019
2024-04-19,GC=F,2394.0,2433.3,2386.8,2413.8,2413.8,275405,0.006589
2024-04-22,GC=F,2403.7,2404.3,2338.2,2346.3999,2346.3999,262673,-0.027923
2024-04-23,GC=F,2342.3,2347.8999,2304.6001,2342.1001,2342.1001,270225,-0.001833
2024-04-24,GC=F,2335.7,2350.8999,2324.8,2338.3999,2338.3999,187699,-0.00158
2024-04-25,GC=F,2327.3999,2357.6001,2316.3999,2342.5,2342.5,224471,0.001753
2024-04-26,GC=F,2344.2,2364.3999,2338.0,2347.2,2347.2,171011,0.002006
2024-04-29,GC=F,2347.6001,2358.8999,2331.0,2357.7,2357.7,187309,0.004473
2024-04-30,GC=F,2347.0,2347.6001,2296.2,2302.8999,2302.8999,229064,-0.023243
2024-05-01,GC=F,2298.2,2339.5,2291.7,2311.0,2311.0,227384,0.003517
2024-05-02,GC=F,2329.8999,2336.1001,2294.3,2309.6001,2309.6001,193658,-0.000606
2024-05-03,GC=F,2313.5,2330.7,2285.2,2308.6001,2308.6001,231400,-0.000433
2024-05-06,GC=F,2312.8,2341.8999,2300.6001,2331.2,2331.2,191895,0.009789
2024-05-07,GC=F,2334.8,2338.7,2318.2,2324.2,2324.2,204623,-0.003003
2024-05-08,GC=F,2322.0,2329.6001,2311.3999,2322.3,2322.3,214693,-0.000817
2024-05-09,GC=F,2316.5,2354.2,2312.8999,2340.3,2340.3,249092,0.007751
2024-05-10,GC=F,2353.5,2385.3,2352.0,2375.0,2375.0,275241,0.014827
2024-05-13,GC=F,2369.1001,2370.8,2337.6001,2343.0,2343.0,243075,-0.013474
2024-05-14,GC=F,2342.3,2365.2,2340.5,2359.8999,2359.8999,192076,0.007213
2024-05-15,GC=F,2362.8999,2396.1001,2357.1001,2394.8999,2394.8999,249843,0.014831
2024-05-16,GC=F,2391.5,2402.7,2375.2,2385.5,2385.5,191026,-0.003925
2024-05-17,GC=F,2381.3999,2427.3999,2377.8,2417.3999,2417.3999,218553,0.013372
2024-05-20,GC=F,2422.2,2454.2,2411.1001,2438.5,2438.5,281430,0.008728
2024-05-21,GC=F,2431.5,2438.2,2408.5,2425.8999,2425.8999,229421,-0.005167
2024-05-22,GC=F,2425.3999,2430.5,2378.0,2392.8999,2392.8999,253852,-0.013603
2024-05-23,GC=F,2383.0,2385.7,2328.1001,2337.2,2337.2,273658,-0.023277
2024-05-24,GC=F,2330.3999,2349.0,2326.3,2334.5,2334.5,178343,-0.001155
2024-05-28,GC=F,2338.0,2365.5,2333.8,2356.5,2356.5,316223,0.009424
2024-05-29,GC=F,2362.5,2363.7,2334.2,2341.2,2341.2,119317,-0.006493
2024-05-30,GC=F,2336.8999,2349.5,2320.8,2342.8999,2342.8999,32587,0.000726
2024-05-31,GC=F,2344.1001,2354.0,2319.0,2322.8999,2322.8999,183406,-0.008536
2024-06-03,GC=F,2348.0,2375.5,2334.8,2369.3,2369.3,173149,0.019975
2024-06-04,GC=F,2371.3,2373.1001,2335.1001,2347.3999,2347.3999,171547,-0.009243
2024-06-05,GC=F,2347.1001,2377.6001,2345.3,2375.5,2375.5,171862,0.011971
2024-06-06,GC=F,2375.3,2397.8,2372.2,2390.8999,2390.8999,172202,0.006483
2024-06-07,GC=F,2395.7,2406.7,2304.2,2325.0,2325.0,314551,-0.027563
2024-06-10,GC=F,2311.0,2331.3,2304.5,2327.0,2327.0,142888,0.00086
2024-06-11,GC=F,2329.5,2337.3,2314.5,2326.6001,2326.6001,145501,-0.000172
2024-06-12,GC=F,2334.0,2358.8,2327.2,2354.8,2354.8,241670,0.012121
2024-06-13,GC=F,2340.8999,2342.3999,2310.8999,2318.0,2318.0,182657,-0.015628
2024-06-14,GC=F,2319.6001,2352.3,2316.7,2349.1001,2349.1001,163367,0.013417
2024-06-17,GC=F,2348.5,2348.7,2324.3,2329.0,2329.0,122702,-0.008557
2024-06-18,GC=F,2333.7,2348.2,2320.2,2346.8999,2346.8999,154251,0.007686
2024-06-20,GC=F,2344.2,2379.5,2338.5,2369.0,2369.0,252687,0.009417
2024-06-21,GC=F,2373.8,2382.6001,2329.2,2331.2,2331.2,194824,-0.015956
2024-06-24,GC=F,2333.5,2347.5,2329.5,2344.3999,2344.3999,117625,0.005662
2024-06-25,GC=F,2346.8,2349.7,2327.1001,2330.8,2330.8,144271,-0.005801
2024-06-26,GC=F,2331.8,2335.8,2304.7,2313.2,2313.2,191628,-0.007551
2024-06-27,GC=F,2309.3999,2342.0,2306.8,2336.6001,2336.6001,140228,0.010116
2024-06-28,GC=F,2338.6001,2350.6001,2329.7,2339.6001,2339.6001,135383,0.001284
2024-07-01,GC=F,2336.2,2348.8,2328.2,2338.8999,2338.8999,142601,-0.000299
2024-07-02,GC=F,2341.6001,2346.1001,2327.3999,2333.3999,2333.3999,153709,-0.002352
2024-07-03,GC=F,2338.6001,2374.5,2335.7,2369.3999,2369.3999,193642,0.015428
2024-07-05,GC=F,2365.8,2401.5,2356.0,2397.7,2397.7,293254,0.011944
2024-07-08,GC=F,2396.2,2399.3,2358.3,2363.5,2363.5,240781,-0.014264
2024-07-09,GC=F,2366.5,2378.3,2356.0,2367.8999,2367.8999,252489,0.001862
2024-07-10,GC=F,2371.0,2393.3999,2369.7,2379.7,2379.7,163900,0.004983
2024-07-11,GC=F,2377.3999,2430.3999,2376.8,2421.8999,2421.8999,303520,0.017733
2024-07-12,GC=F,2421.0,2423.2,2396.1001,2420.7,2420.7,220933,-0.000495
2024-07-15,GC=F,2419.3,2445.0,2406.1001,2428.8999,2428.8999,193535,0.003387
2024-07-16,GC=F,2427.1001,2474.5,2424.5,2467.8,2467.8,246085,0.016016
2024-07-17,GC=F,2473.2,2488.3999,2455.5,2459.8999,2459.8999,259540,-0.003201
2024-07-18,GC=F,2462.5,2478.5,2442.8999,2456.3999,2456.3999,192770,-0.001423
2024-07-19,GC=F,2448.0,2448.3999,2395.7,2399.1001,2399.1001,254408,-0.023327
2024-07-22,GC=F,2403.7,2414.3999,2385.2,2394.7,2394.7,197562,-0.001834
2024-07-23,GC=F,2398.0,2413.5,2389.2,2407.3,2407.3,171191,0.005262
2024-07-24,GC=F,2410.7,2433.0,2397.0,2415.7,2415.7,245884,0.003489
2024-07-25,GC=F,2398.1001,2400.8,2351.8999,2353.5,2353.5,294897,-0.025748
2024-07-26,GC=F,2363.8,2389.7,2354.6001,2381.0,2381.0,154523,0.011685
2024-07-29,GC=F,2386.8999,2402.1001,2367.3,2377.8,2377.8,126409,-0.001344
2024-07-30,GC=F,2380.8999,2409.3,2373.8,2405.0,2405.0,25944,0.011439
2024-07-31,GC=F,2407.1001,2447.6001,2402.8,2426.5,2426.5,176268,0.00894
2024-08-01,GC=F,2493.3999,2506.6001,2474.0,2480.8,2480.8,219834,0.022378
2024-08-02,GC=F,2490.8,2522.5,2453.1001,2469.8,2469.8,309937,-0.004434
2024-08-05,GC=F,2490.3,2500.8,2403.8,2444.3999,2444.3999,352229,-0.010284
2024-08-06,GC=F,2451.7,2459.5,2421.8,2431.6001,2431.6001,186107,-0.005236
2024-08-07,GC=F,2432.6001,2447.3,2418.8,2432.3999,2432.3999,166078,0.000329
2024-08-08,GC=F,2422.8,2467.8999,2420.2,2463.3,2463.3,178509,0.012704
2024-08-09,GC=F,2467.3,2476.5,2456.1001,2473.3999,2473.3999,152173,0.0041
2024-08-12,GC=F,2470.1001,2513.3999,2462.7,2504.0,2504.0,171204,0.012372
2024-08-13,GC=F,2512.6001,2517.3,2498.2,2507.8,2507.8,155078,0.001518
2024-08-14,GC=F,2506.3,2519.7,2476.2,2479.7,2479.7,187384,-0.011205
2024-08-15,GC=F,2486.2,2508.0,2469.2,2492.3999,2492.3999,169322,0.005122
2024-08-16,GC=F,2494.3999,2548.3,2488.2,2537.8,2537.8,223934,0.018215
2024-08-19,GC=F,2549.7,2549.8999,2523.7,2541.3,2541.3,155994,0.001379
2024-08-20,GC=F,2542.3999,2570.3999,2535.1001,2550.6001,2550.6001,191196,0.00366
2024-08-21,GC=F,2552.2,2558.0,2528.2,2547.5,2547.5,148894,-0.001215
2024-08-22,GC=F,2549.8999,2551.3999,2506.3999,2516.7,2516.7,177369,-0.01209
2024-08-23,GC=F,2521.1001,2554.5,2519.8,2546.3,2546.3,164613,0.011761
2024-08-26,GC=F,2545.1001,2563.2,2544.0,2555.2,2555.2,127485,0.003495
2024-08-27,GC=F,2553.8,2561.3999,2538.5,2552.8999,2552.8999,146222,-0.0009
2024-08-28,GC=F,2559.8,2564.3,2527.8,2537.8,2537.8,165123,-0.005915
2024-08-29,GC=F,2539.2,2562.2,2536.5,2560.3,2560.3,159965,0.008866
2024-08-30,GC=F,2553.6001,2560.1001,2526.6001,2527.6001,2527.6001,175644,-0.012772
2024-09-03,GC=F,2536.0,2539.5,2504.3999,2523.0,2523.0,273539,-0.00182
2024-09-04,GC=F,2524.6001,2531.5,2502.7,2526.0,2526.0,167957,0.001189
2024-09-05,GC=F,2526.3999,2554.0,2523.7,2543.1001,2543.1001,152709,0.00677
2024-09-06,GC=F,2547.1001,2559.8,2513.8999,2524.6001,2524.6001,228117,-0.007275
2024-09-09,GC=F,2526.5,2536.5,2514.2,2532.7,2532.7,140583,0.003208
2024-09-10,GC=F,2536.0,2547.5,2528.8999,2543.1001,2543.1001,156108,0.004106
2024-09-11,GC=F,2545.7,2558.0,2529.0,2542.3999,2542.3999,194085,-0.000275
2024-09-12,GC=F,2540.6001,2588.5,2538.7,2580.6001,2580.6001,233679,0.015025
2024-09-13,GC=F,2587.5,2614.6001,2585.0,2610.7,2610.7,174674,0.011664
2024-09-16,GC=F,2608.0,2617.3999,2602.5,2608.8999,2608.8999,127576,-0.000689
2024-09-17,GC=F,2609.8,2613.7,2587.3,2592.3999,2592.3999,159525,-0.006325
2024-09-18,GC=F,2596.0,2627.2,2572.5,2598.6001,2598.6001,233128,0.002392
2024-09-19,GC=F,2585.1001,2620.5,2575.3,2614.6001,2614.6001,204475,0.006157
2024-09-20,GC=F,2611.2,2651.0,2608.7,2646.2,2646.2,207209,0.012086
2024-09-23,GC=F,2646.2,2659.8,2638.6001,2652.5,2652.5,170494,0.002381
2024-09-24,GC=F,2653.3,2689.3999,2647.1001,2677.0,2677.0,216553,0.009237
2024-09-25,GC=F,2682.8,2694.8999,2673.3999,2684.7,2684.7,189943,0.002876
2024-09-26,GC=F,2681.2,2708.7,2677.5,2694.8999,2694.8999,217643,0.003799
2024-09-27,GC=F,2695.1001,2696.8999,2665.3,2668.1001,2668.1001,196732,-0.009945
2024-09-30,GC=F,2680.5,2687.7,2646.2,2659.3999,2659.3999,173252,-0.003261
2024-10-01,GC=F,2656.1001,2694.7,2653.8,2690.3,2690.3,202756,0.011619
2024-10-02,GC=F,2684.6001,2684.8,2662.1001,2669.7,2669.7,128680,-0.007657
2024-10-03,GC=F,2679.8999,2683.3999,2657.8,2679.2,2679.2,138551,0.003558
2024-10-04,GC=F,2675.7,2690.6001,2651.6001,2667.8,2667.8,192656,-0.004255
2024-10-07,GC=F,2671.7,2679.2,2657.3,2666.0,2666.0,130705,-0.000675
2024-10-08,GC=F,2662.8,2672.3999,2623.3999,2635.3999,2635.3999,233849,-0.011478
2024-10-09,GC=F,2640.7,2642.8999,2622.8,2626.0,2626.0,143000,-0.003567
2024-10-10,GC=F,2625.8,2648.8999,2618.8,2639.3,2639.3,195581,0.005065
2024-10-11,GC=F,2647.3999,2679.0,2645.3,2676.3,2676.3,168597,0.014019
2024-10-14,GC=F,2673.1001,2684.2,2660.0,2665.6001,2665.6001,123361,-0.003998
2024-10-15,GC=F,2663.5,2685.8999,2654.3999,2678.8999,2678.8999,160564,0.004989
2024-10-16,GC=F,2679.5,2702.5,2674.8999,2691.3,2691.3,156877,0.004629
2024-10-17,GC=F,2690.3999,2712.7,2688.2,2707.5,2707.5,181816,0.006019
2024-10-18,GC=F,2707.8,2737.8,2707.3,2730.0,2730.0,178959,0.00831
2024-10-21,GC=F,2736.3,2755.3999,2728.5,2738.8999,2738.8999,210450,0.00326
2024-10-22,GC=F,2734.7,2763.3,2733.5,2759.8,2759.8,173695,0.007631
2024-10-23,GC=F,2762.6001,2772.6001,2722.1001,2729.3999,2729.3999,214515,-0.011015
2024-10-24,GC=F,2729.2,2756.3,2728.7,2748.8999,2748.8999,175872,0.007144
2024-10-25,GC=F,2748.6001,2760.8999,2729.1001,2754.6001,2754.6001,153487,0.002074
2024-10-28,GC=F,2749.2,2758.3,2736.8999,2755.8999,2755.8999,161907,0.000472
2024-10-29,GC=F,2754.3,2787.7,2752.0,2781.1001,2781.1001,207424,0.009144
2024-10-30,GC=F,2786.8999,2801.8,2782.3999,2800.8,2800.8,191549,0.007084
2024-10-31,GC=F,2799.1001,2801.2,2741.8,2749.3,2749.3,242571,-0.018388
2024-11-01,GC=F,2754.0,2772.3999,2742.6001,2749.2,2749.2,180660,-3.6e-05
2024-11-04,GC=F,2743.5,2757.5,2739.3999,2746.2,2746.2,145248,-0.001091
2024-11-05,GC=F,2746.0,2759.5,2733.3999,2749.7,2749.7,151434,0.001274
2024-11-06,GC=F,2752.6001,2758.8,2660.7,2676.3,2676.3,361313,-0.026694
2024-11-07,GC=F,2667.7,2718.3,2650.3,2705.8,2705.8,292924,0.011023
2024-11-08,GC=F,2713.6001,2717.8,2687.3,2694.8,2694.8,233110,-0.004065
2024-11-11,GC=F,2692.1001,2693.3999,2617.1001,2617.7,2617.7,281919,-0.028611
2024-11-12,GC=F,2625.7,2633.3999,2595.7,2606.3,2606.3,282766,-0.004355
2024-11-13,GC=F,2604.7,2625.0,2578.1001,2586.5,2586.5,262752,-0.007597
2024-11-14,GC=F,2578.1001,2585.8,2541.5,2572.8999,2572.8999,266162,-0.005258
2024-11-15,GC=F,2570.3999,2580.8,2558.8999,2570.1001,2570.1001,179892,-0.001088
2024-11-18,GC=F,2571.5,2619.5,2568.5,2614.6001,2614.6001,195294,0.017315
2024-11-19,GC=F,2616.3,2643.3999,2614.2,2631.0,2631.0,202241,0.006272
2024-11-20,GC=F,2635.8,2659.0,2621.8999,2651.7,2651.7,182012,0.007868
2024-11-21,GC=F,2653.5,2676.5,2651.6001,2674.8999,2674.8999,186297,0.008749
2024-11-22,GC=F,2672.0,2718.5,2670.1001,2712.2,2712.2,220554,0.013944
2024-11-25,GC=F,2716.8999,2723.2,2616.6001,2618.5,2618.5,305339,-0.034548
2024-11-26,GC=F,2626.2,2642.7,2605.3,2621.3,2621.3,177858,0.001069
2024-11-27,GC=F,2633.5,2657.8999,2627.2,2639.8999,2639.8999,61653,0.007096
2024-11-29,GC=F,2636.3999,2664.3,2620.7,2657.0,2657.0,180756,0.006478
2024-12-02,GC=F,2673.8,2678.5,2644.5,2658.5,2658.5,163543,0.000565
2024-12-03,GC=F,2662.0,2678.3999,2656.6001,2667.8999,2667.8999,140965,0.003536
2024-12-04,GC=F,2665.8,2682.0,2654.2,2676.2,2676.2,171792,0.003111
2024-12-05,GC=F,2674.2,2680.0,2646.3,2648.3999,2648.3999,156116,-0.010388
2024-12-06,GC=F,2655.0,2667.8999,2635.6001,2659.6001,2659.6001,167166,0.004229
2024-12-09,GC=F,2665.0,2700.0,2649.7,2685.8,2685.8,182150,0.009851
2024-12-10,GC=F,2684.3999,2721.7,2680.7,2718.3999,2718.3999,181509,0.012138
2024-12-11,GC=F,2721.2,2759.7,2719.1001,2756.7,2756.7,264985,0.014089
2024-12-12,GC=F,2753.6001,2761.3,2696.7,2709.3999,2709.3999,219468,-0.017158
2024-12-13,GC=F,2704.8999,2716.3999,2663.3,2675.8,2675.8,178685,-0.012401
2024-12-16,GC=F,2668.0,2683.3999,2661.3999,2670.0,2670.0,115996,-0.002168
2024-12-17,GC=F,2670.2,2675.8,2646.1001,2662.0,2662.0,147053,-0.002996
2024-12-18,GC=F,2663.3,2667.6001,2598.1001,2653.3,2653.3,156334,-0.003268
2024-12-19,GC=F,2600.6001,2640.8999,2596.7,2608.1001,2608.1001,191587,-0.017035
2024-12-20,GC=F,2609.7,2653.8,2603.7,2645.1001,2645.1001,153567,0.014187
2024-12-23,GC=F,2639.1001,2646.8,2623.2,2628.2,2628.2,105131,-0.006389
2024-12-24,GC=F,2629.3999,2635.8,2624.2,2635.5,2635.5,53366,0.002778
2024-12-26,GC=F,2638.0,2655.7,2634.1001,2653.8999,2653.8999,79265,0.006982
2024-12-27,GC=F,2653.7,2654.6001,2625.2,2631.8999,2631.8999,93897,-0.00829
2024-12-30,GC=F,2636.1001,2640.7,2608.3999,2618.1001,2618.1001,110915,-0.005243
2024-12-31,GC=F,2620.0,2642.0,2614.3,2641.0,2641.0,86292,0.008747
2025-01-02,GC=F,2641.0,2674.2,2636.1001,2669.0,2669.0,144517,0.010602
2025-01-03,GC=F,2671.1001,2681.0,2649.7,2654.7,2654.7,121173,-0.005358
2025-01-06,GC=F,2652.8,2663.8,2624.6001,2647.3999,2647.3999,169923,-0.00275
2025-01-07,GC=F,2647.1001,2678.5,2643.5,2665.3999,2665.3999,161617,0.006799
2025-01-08,GC=F,2662.8999,2687.0,2658.3999,2672.3999,2672.3999,197370,0.002626
2025-01-09,GC=F,2679.8999,2696.8,2673.7,2690.8,2690.8,156645,0.006885
2025-01-10,GC=F,2692.8999,2735.0,2686.8999,2715.0,2715.0,298408,0.008994
2025-01-13,GC=F,2716.8,2723.8,2675.2,2678.6001,2678.6001,211094,-0.013407
2025-01-14,GC=F,2682.0,2693.7,2672.0,2682.3,2682.3,179414,0.001381
2025-01-15,GC=F,2693.3,2722.7,2685.3999,2717.8,2717.8,193720,0.013235
2025-01-16,GC=F,2722.3,2757.8999,2720.3999,2750.8999,2750.8999,186543,0.012179
2025-01-17,GC=F,2746.8,2759.2,2729.2,2748.7,2748.7,156868,-0.0008
2025-01-21,GC=F,2739.6001,2762.0,2715.6001,2759.2,2759.2,294121,0.00382
2025-01-22,GC=F,2758.7,2774.3999,2756.2,2770.8999,2770.8999,158141,0.00424
2025-01-23,GC=F,2765.8999,2767.1001,2741.0,2765.0,2765.0,194742,-0.002129
2025-01-24,GC=F,2761.8,2794.8,2761.0,2778.8999,2778.8999,199562,0.005027
2025-01-27,GC=F,2778.1001,2778.1001,2732.0,2738.3999,2738.3999,215514,-0.014574
2025-01-28,GC=F,2742.3999,2774.0,2737.3999,2767.5,2767.5,171359,0.010627
2025-01-29,GC=F,2771.6001,2778.1001,2761.0,2769.8,2769.8,125692,0.000831
2025-01-30,GC=F,2772.5,2829.5,2770.0,2823.0,2823.0,40141,0.019207
2025-01-31,GC=F,2829.0,2838.0,2804.0,2812.5,2812.5,165676,-0.003719
2025-02-03,GC=F,2846.5,2872.0,2802.2,2857.1001,2857.1001,181344,0.015858
2025-02-04,GC=F,2850.3999,2877.1001,2837.3999,2875.8,2875.8,145862,0.006545
2025-02-05,GC=F,2873.7,2906.0,2870.1001,2893.0,2893.0,167383,0.005981
2025-02-06,GC=F,2885.0,2894.2,2855.0,2876.7,2876.7,167701,-0.005634
2025-02-07,GC=F,2880.2,2910.6001,2876.1001,2887.6001,2887.6001,192551,0.003789
2025-02-10,GC=F,2884.8,2938.1001,2879.8999,2934.3999,2934.3999,167232,0.016207
2025-02-11,GC=F,2937.0,2968.5,2907.0,2932.6001,2932.6001,218478,-0.000613
2025-02-12,GC=F,2927.0,2936.5,2886.5,2928.7,2928.7,204625,-0.00133
2025-02-13,GC=F,2928.8,2958.8,2925.8,2945.3999,2945.3999,169496,0.005702
2025-02-14,GC=F,2957.3,2964.1001,2889.8999,2900.7,2900.7,228078,-0.015176
2025-02-18,GC=F,2895.1001,2956.5,2887.6001,2949.0,2949.0,218757,0.016651
2025-02-19,GC=F,2954.1001,2964.3999,2933.7,2936.1001,2936.1001,159341,-0.004374
2025-02-20,GC=F,2949.5,2973.3999,2939.3,2956.1001,2956.1001,172197,0.006812
2025-02-21,GC=F,2955.7,2964.7,2930.1001,2953.2,2953.2,163686,-0.000981
2025-02-24,GC=F,2950.3999,2974.0,2936.8,2963.2,2963.2,162775,0.003386
2025-02-25,GC=F,2968.5,2970.3999,2897.0,2918.8,2918.8,234850,-0.014984
2025-02-26,GC=F,2929.0,2942.0,2903.3,2930.6001,2930.6001,163371,0.004043
2025-02-27,GC=F,2931.3999,2935.8,2879.0,2895.8999,2895.8999,207650,-0.011841
2025-02-28,GC=F,2889.0,2896.1001,2844.1001,2848.5,2848.5,210560,-0.016368
2025-03-03,GC=F,2872.0,2906.3999,2866.3,2901.1001,2901.1001,177018,0.018466
2025-03-04,GC=F,2904.2,2939.8,2892.5,2920.6001,2920.6001,188515,0.006722
2025-03-05,GC=F,2929.0,2941.3,2903.3999,2926.0,2926.0,183016,0.001849
2025-03-06,GC=F,2929.5,2935.8999,2897.6001,2926.6001,2926.6001,166364,0.000205
2025-03-07,GC=F,2919.2,2938.8,2905.3,2914.1001,2914.1001,237577,-0.004271
2025-03-10,GC=F,2919.6001,2926.3999,2885.2,2899.3999,2899.3999,221609,-0.005045
2025-03-11,GC=F,2893.2,2929.0,2882.5,2920.8999,2920.8999,194119,0.007415
2025-03-12,GC=F,2922.3,2948.8999,2911.0,2946.8,2946.8,209823,0.008867
2025-03-13,GC=F,2943.3,3001.5,2942.2,2991.3,2991.3,256564,0.015101
2025-03-14,GC=F,3001.3999,3017.1001,2988.6001,3001.1001,3001.1001,181492,0.003276
2025-03-17,GC=F,2994.8,3010.8999,2991.3999,3006.1001,3006.1001,142155,0.001666
2025-03-18,GC=F,3009.3999,3047.5,3008.2,3040.8,3040.8,177098,0.011543
2025-03-19,GC=F,3041.3999,3061.6001,3031.3,3041.2,3041.2,145404,0.000132
2025-03-20,GC=F,3058.0,3065.2,3032.8,3043.8,3043.8,141231,0.000855
2025-03-21,GC=F,3052.6001,3055.0,3004.1001,3021.3999,3021.3999,190470,-0.007359
2025-03-24,GC=F,3027.6001,3038.3999,3007.7,3015.6001,3015.6001,202822,-0.00192
2025-03-25,GC=F,3017.5,3042.3999,3010.8,3025.8999,3025.8999,172592,0.003416
2025-03-26,GC=F,3025.8,3036.1001,3017.8,3022.5,3022.5,172002,-0.001124
2025-03-27,GC=F,3025.6001,3071.3,3022.3,3061.0,3061.0,124359,0.012738
2025-03-28,GC=F,3069.7,3094.8999,3066.8,3086.5,3086.5,31206,0.008331
2025-03-31,GC=F,3091.0,3132.5,3086.0,3122.8,3122.8,228393,0.011761
2025-04-01,GC=F,3157.3,3177.0,3130.5,3146.0,3146.0,197314,0.007429
2025-04-02,GC=F,3147.5,3201.6001,3135.7,3166.2,3166.2,223124,0.006421
2025-04-03,GC=F,3196.6001,3196.6001,3073.5,3121.7,3121.7,382860,-0.014055
2025-04-04,GC=F,3138.0,3160.2,3032.7,3035.3999,3035.3999,341150,-0.027645
2025-04-07,GC=F,3055.1001,3084.3999,2970.3999,2973.6001,2973.6001,328515,-0.02036
2025-04-08,GC=F,2997.5,3037.8999,2988.6001,2990.2,2990.2,197577,0.005582
2025-04-09,GC=F,2998.3,3118.5,2983.3,3079.3999,3079.3999,298325,0.029831
2025-04-10,GC=F,3099.1001,3195.0,3086.1001,3177.5,3177.5,234973,0.031857
2025-04-11,GC=F,3194.2,3263.0,3193.3999,3244.6001,3244.6001,247317,0.021117
2025-04-14,GC=F,3246.0,3261.6001,3208.7,3226.3,3226.3,189619,-0.00564
2025-04-15,GC=F,3226.1001,3250.8999,3225.5,3240.3999,3240.3999,123474,0.00437
2025-04-16,GC=F,3248.3999,3358.3999,3245.2,3346.3999,3346.3999,258376,0.032712
2025-04-17,GC=F,3357.5,3371.8999,3296.3999,3328.3999,3328.3999,242065,-0.005379
2025-04-21,GC=F,3347.0,3442.3,3344.0,3425.3,3425.3,243457,0.029113
2025-04-22,GC=F,3435.1001,3509.8999,3379.1001,3419.3999,3419.3999,423078,-0.001723
2025-04-23,GC=F,3367.7,3396.0,3270.8,3294.1001,3294.1001,377411,-0.036644
2025-04-24,GC=F,3301.8,3377.0,3301.3,3348.6001,3348.6001,239603,0.016545
2025-04-25,GC=F,3362.0,3384.1001,3274.8,3298.3999,3298.3999,241249,-0.014991
2025-04-28,GC=F,3336.5,3363.8,3278.0,3347.7,3347.7,217995,0.014947
2025-04-29,GC=F,3354.8999,3359.3,3309.2,3333.6001,3333.6001,170152,-0.004212
2025-04-30,GC=F,3324.5,3337.6001,3275.6001,3319.1001,3319.1001,207722,-0.00435
2025-05-01,GC=F,3299.0,3300.6001,3209.3999,3222.2,3222.2,214691,-0.029195
2025-05-02,GC=F,3247.6001,3277.0,3229.5,3243.3,3243.3,210994,0.006548
2025-05-05,GC=F,3247.1001,3346.7,3243.1001,3322.3,3322.3,184904,0.024358
2025-05-06,GC=F,3345.7,3444.5,3332.1001,3422.8,3422.8,268098,0.03025
2025-05-07,GC=F,3448.1001,3448.2,3367.0,3391.8999,3391.8999,304244,-0.009028
2025-05-08,GC=F,3373.1001,3422.0,3293.3,3306.0,3306.0,327126,-0.025325
2025-05-09,GC=F,3310.2,3352.7,3278.8999,3344.0,3344.0,232464,0.011494
2025-05-12,GC=F,3281.0,3295.5,3211.2,3228.0,3228.0,308534,-0.034689
2025-05-13,GC=F,3240.7,3270.3999,3220.1001,3247.8,3247.8,214423,0.006134
2025-05-14,GC=F,3254.1001,3261.3,3170.7,3188.3,3188.3,233929,-0.01832
2025-05-15,GC=F,3180.8,3244.3,3123.3,3226.6001,3226.6001,253064,0.012013
2025-05-16,GC=F,3243.5,3255.8,3156.3999,3187.2,3187.2,245486,-0.012211
2025-05-19,GC=F,3220.0,3252.8999,3209.1001,3233.5,3233.5,185135,0.014527
2025-05-20,GC=F,3233.0,3298.5,3207.3999,3284.6001,3284.6001,224088,0.015803
2025-05-21,GC=F,3293.0,3327.2,3287.0,3313.5,3313.5,229503,0.008799
2025-05-22,GC=F,3318.0,3346.8,3277.8,3295.0,3295.0,234658,-0.005583
2025-05-23,GC=F,3295.1001,3366.5,3285.5,3365.8,3365.8,247200,0.021487
2025-05-27,GC=F,3355.6001,3356.0,3283.0,3300.3999,3300.3999,297309,-0.019431
2025-05-28,GC=F,3300.8999,3324.5,3273.5,3294.8999,3294.8999,127758,-0.001666
2025-05-29,GC=F,3283.7,3328.8,3242.3999,3317.1001,3317.1001,24370,0.006738
2025-05-30,GC=F,3315.1001,3318.0,3270.8999,3288.8999,3288.8999,184770,-0.008501
2025-06-02,GC=F,3323.0,3408.1001,3319.3999,3397.2,3397.2,180995,0.032929
2025-06-03,GC=F,3406.5,3417.8,3357.2,3377.1001,3377.1001,168220,-0.005917
2025-06-04,GC=F,3377.8,3409.7,3366.8999,3399.2,3399.2,167220,0.006544
2025-06-05,GC=F,3398.0,3427.7,3362.3,3375.1001,3375.1001,224859,-0.00709
2025-06-06,GC=F,3377.3999,3398.3,3328.8,3346.6001,3346.6001,185366,-0.008444
2025-06-09,GC=F,3333.3999,3359.0,3313.1001,3354.8999,3354.8999,142005,0.00248
2025-06-10,GC=F,3346.3,3370.3999,3321.3,3343.3999,3343.3999,158897,-0.003428
2025-06-11,GC=F,3344.3,3382.3,3335.3999,3343.7,3343.7,201534,9e-05
2025-06-12,GC=F,3377.5,3419.8,3358.5,3402.3999,3402.3999,230166,0.017555
2025-06-13,GC=F,3406.7,3468.0,3399.6001,3452.8,3452.8,270627,0.014813
2025-06-16,GC=F,3473.0,3476.3,3400.8999,3417.3,3417.3,192505,-0.010282
2025-06-17,GC=F,3404.2,3422.7,3384.3999,3406.8999,3406.8999,209083,-0.003043
2025-06-18,GC=F,3409.0,3419.0,3380.1001,3408.1001,3408.1001,0,0.000352
2025-06-20,GC=F,3387.1001,3405.2,3356.2,3385.7,3385.7,280833,-0.006573
2025-06-23,GC=F,3400.7,3413.8,3361.3999,3395.0,3395.0,193872,0.002747
2025-06-24,GC=F,3383.8,3385.0,3308.3,3333.8999,3333.8999,227429,-0.017997
2025-06-25,GC=F,3338.1001,3351.3,3325.5,3343.1001,3343.1001,130010,0.00276
2025-06-26,GC=F,3347.5,3363.8999,3322.5,3348.0,3348.0,155584,0.001466
2025-06-27,GC=F,3341.3,3341.3999,3266.5,3287.6001,3287.6001,218869,-0.018041
2025-06-30,GC=F,3284.3,3321.6001,3250.5,3307.7,3307.7,144201,0.006114
2025-07-01,GC=F,3315.7,3370.5,3313.7,3349.8,3349.8,168854,0.012728
2025-07-02,GC=F,3350.0,3371.0,3337.2,3359.7,3359.7,132187,0.002955
2025-07-03,GC=F,3369.0,3376.8999,3321.3999,3342.8999,3342.8999,0,-0.005
2025-07-04,GC=F,3335.0,3355.0,3332.8,3346.5,3346.5,0,0.001077
2025-07-07,GC=F,3344.5,3352.8999,3304.3999,3342.8,3342.8,235762,-0.001106
2025-07-08,GC=F,3348.8999,3355.6001,3295.3999,3316.8999,3316.8999,218029,-0.007748
2025-07-09,GC=F,3310.6001,3325.6001,3290.2,3321.0,3321.0,167968,0.001236
2025-07-10,GC=F,3322.2,3339.3999,3319.2,3325.7,3325.7,168190,0.001415
2025-07-11,GC=F,3333.1001,3381.6001,3332.3,3364.0,3364.0,216883,0.011516
2025-07-14,GC=F,3376.5,3389.3,3348.5,3359.1001,3359.1001,195336,-0.001457
2025-07-15,GC=F,3352.0,3375.3999,3327.3,3336.7,3336.7,179884,-0.006668
2025-07-16,GC=F,3330.5,3385.8,3326.1001,3359.1001,3359.1001,235160,0.006713
2025-07-17,GC=F,3354.7,3358.2,3314.3,3345.3,3345.3,161740,-0.004108
2025-07-18,GC=F,3347.5,3368.0,3337.2,3358.3,3358.3,115413,0.003886
2025-07-21,GC=F,3355.6001,3416.8999,3351.0,3406.3999,3406.3999,191195,0.014323
2025-07-22,GC=F,3410.7,3447.5,3394.8999,3443.7,3443.7,227372,0.01095
2025-07-23,GC=F,3444.3,3451.7,3390.6001,3397.6001,3397.6001,263025,-0.013387
2025-07-24,GC=F,3398.6001,3401.1001,3355.2,3373.5,3373.5,215271,-0.007093
2025-07-25,GC=F,3372.1001,3376.6001,3325.5,3335.6001,3335.6001,196380,-0.011235
2025-07-28,GC=F,3321.1001,3345.3999,3300.0,3310.0,3310.0,180215,-0.007675
2025-07-29,GC=F,3313.3999,3332.3,3305.8,3324.0,3324.0,113144,0.00423
2025-07-30,GC=F,3325.8,3331.8,3263.8999,3295.8,3295.8,19252,-0.008484
2025-07-31,GC=F,3272.8999,3312.0,3272.8999,3293.2,3293.2,158029,-0.000789
2025-08-01,GC=F,3342.7,3416.8999,3331.3999,3399.8,3399.8,229954,0.03237
2025-08-04,GC=F,3416.6001,3439.5,3397.8999,3426.3999,3426.3999,138229,0.007824
2025-08-05,GC=F,3428.8999,3444.8999,3403.3,3434.7,3434.7,154163,0.002422
2025-08-06,GC=F,3434.8999,3440.5,3411.7,3433.3999,3433.3999,151580,-0.000379
2025-08-07,GC=F,3431.8,3483.8,3430.0,3453.7,3453.7,249091,0.005913
2025-08-08,GC=F,3487.8999,3534.1001,3445.0,3491.3,3491.3,321346,0.010887
2025-08-11,GC=F,3458.1001,3466.3,3393.0,3404.7,3404.7,224513,-0.024805
2025-08-12,GC=F,3393.6001,3410.8,3379.1001,3399.0,3399.0,193820,-0.001674
2025-08-13,GC=F,3399.6001,3422.6001,3392.7,3408.3,3408.3,135846,0.002736
2025-08-14,GC=F,3407.2,3423.8,3375.5,3383.2,3383.2,165697,-0.007364
2025-08-15,GC=F,3383.2,3394.8,3377.7,3382.6001,3382.6001,118486,-0.000177
2025-08-18,GC=F,3382.3999,3403.6001,3368.0,3378.0,3378.0,119141,-0.00136
2025-08-19,GC=F,3378.3,3389.7,3358.1001,3358.7,3358.7,133497,-0.005713
2025-08-20,GC=F,3359.0,3394.3,3353.3999,3388.5,3388.5,135521,0.008872
2025-08-21,GC=F,3392.2,3394.3999,3367.3999,3381.6001,3381.6001,123500,-0.002036
2025-08-22,GC=F,3383.3,3423.3999,3362.8,3418.5,3418.5,186037,0.010912
2025-08-25,GC=F,3417.6001,3421.5,3405.5,3417.5,3417.5,97780,-0.000293
2025-08-26,GC=F,3410.8,3443.3,3396.1001,3433.0,3433.0,176297,0.004535
2025-08-27,GC=F,3443.0,3452.5,3422.2,3448.6001,3448.6001,153806,0.004544
2025-08-28,GC=F,3452.6001,3478.7,3442.5,3474.3,3474.3,156602,0.007452
2025-08-29,GC=F,3477.2,3518.5,3463.0,3516.1001,3516.1001,0,0.012031
2025-09-02,GC=F,3517.8999,3602.3999,3506.0,3592.2,3592.2,374141,0.021643
2025-09-03,GC=F,3600.0,3640.1001,3592.3999,3635.5,3635.5,220786,0.012054
2025-09-04,GC=F,3619.8,3621.6001,3573.7,3606.7,3606.7,232579,-0.007922
2025-09-05,GC=F,3602.0,3655.5,3595.3999,3653.3,3653.3,237651,0.01292
2025-09-08,GC=F,3635.0,3685.7,3621.7,3677.3999,3677.3999,227640,0.006597
2025-09-09,GC=F,3676.6001,3715.2,3663.7,3682.2,3682.2,262656,0.001305
2025-09-10,GC=F,3662.0,3697.5,3651.3999,3682.0,3682.0,182028,-5.4e-05
2025-09-11,GC=F,3680.6001,3687.5,3651.0,3673.6001,3673.6001,214612,-0.002281
2025-09-12,GC=F,3672.8,3695.5,3667.3,3686.3999,3686.3999,154559,0.003484
2025-09-15,GC=F,3680.2,3724.8999,3662.8,3719.0,3719.0,189452,0.008843
2025-09-16,GC=F,3720.3,3739.8999,3711.8,3725.1001,3725.1001,192295,0.00164
2025-09-17,GC=F,3727.3,3744.0,3679.5,3717.8,3717.8,256047,-0.00196
2025-09-18,GC=F,3692.5,3707.3,3660.5,3678.3,3678.3,224128,-0.010625
2025-09-19,GC=F,3677.7,3719.6001,3664.3999,3705.8,3705.8,186954,0.007476
2025-09-22,GC=F,3721.3,3783.3,3718.1001,3775.1001,3775.1001,219170,0.0187
2025-09-23,GC=F,3781.2,3824.6001,3772.3999,3815.7,3815.7,291564,0.010755
2025-09-24,GC=F,3796.8999,3812.6001,3749.7,3768.1001,3768.1001,236560,-0.012475
2025-09-25,GC=F,3768.3,3792.3,3751.8999,3771.1001,3771.1001,262183,0.000796
2025-09-26,GC=F,3781.5,3814.3999,3764.0,3809.0,3809.0,214083,0.01005
2025-09-29,GC=F,3788.8,3863.7,3785.5,3855.2,3855.2,258145,0.012129
2025-09-30,GC=F,3863.1001,3899.2,3820.6001,3873.2,3873.2,312257,0.004669
2025-10-01,GC=F,3887.7,3922.7,3880.3,3897.5,3897.5,290470,0.006274
2025-10-02,GC=F,3892.7,3923.3,3842.8,3868.1001,3868.1001,284217,-0.007543
2025-10-03,GC=F,3880.3999,3916.8,3861.1001,3908.8999,3908.8999,218284,0.010548
2025-10-06,GC=F,3913.5,3994.5,3909.2,3976.3,3976.3,278143,0.017243
2025-10-07,GC=F,3983.0,4014.6001,3963.3999,4004.3999,4004.3999,297512,0.007067
2025-10-08,GC=F,4007.1001,4081.0,4005.6001,4070.5,4070.5,348778,0.016507
2025-10-09,GC=F,4061.8,4077.8999,3957.8999,3972.6001,3972.6001,461023,-0.024051
2025-10-10,GC=F,3990.1001,4038.6001,3961.2,4000.3999,4000.3999,357542,0.006998
2025-10-13,GC=F,4018.3,4137.2002,4011.3,4133.0,4133.0,357542,0.033147
2025-10-14,GC=F,4130.8999,4190.8999,4105.0,4163.3999,4163.3999,405991,0.007355
2025-10-15,GC=F,4160.1001,4235.7998,4157.2998,4201.6001,4201.6001,309914,0.009175
2025-10-16,GC=F,4225.1001,4346.7002,4214.5,4304.6001,4304.6001,375196,0.024514
2025-10-17,GC=F,4348.1001,4392.0,4196.0,4213.2998,4213.2998,569847,-0.02121
2025-10-20,GC=F,4269.0,4398.0,4229.7002,4359.3999,4359.3999,338235,0.034676
2025-10-21,GC=F,4371.0,4393.6001,4093.0,4109.1001,4109.1001,535325,-0.057416
2025-10-22,GC=F,4137.0,4175.0,4021.2,4065.3999,4065.3999,468711,-0.010635
2025-10-23,GC=F,4114.7998,4171.5,4079.6001,4145.6001,4145.6001,271973,0.019728
2025-10-24,GC=F,4144.0,4159.0,4055.7,4137.7998,4137.7998,297599,-0.001882
2025-10-27,GC=F,4103.2002,4123.7998,3985.8999,4019.7,4019.7,330749,-0.028542
2025-10-28,GC=F,3999.8999,4034.2,3901.3,3983.1001,3983.1001,338428,-0.009105
2025-10-29,GC=F,3967.2,4046.2,3930.0,4000.7,4000.7,288266,0.004419
2025-10-30,GC=F,3942.8,4041.5,3925.1001,4015.8999,4015.8999,246321,0.003799
2025-10-31,GC=F,4038.2,4059.8999,3982.3,3996.5,3996.5,237172,-0.004831
2025-11-03,GC=F,4001.0,4043.1001,3971.3,4014.0,4014.0,0,0.004379
2025-11-04,GC=F,4013.7,4018.0,3937.1001,3960.5,3960.5,250259,-0.013328
2025-11-05,GC=F,3939.5,4000.7,3935.7,3992.8999,3992.8999,175161,0.008181
2025-11-06,GC=F,3992.3999,4028.7,3973.2,3991.0,3991.0,188688,-0.000476
2025-11-07,GC=F,3986.8999,4035.8,3981.6001,4009.8,4009.8,208649,0.004711
2025-11-10,GC=F,4007.2,4124.0,4004.2,4122.0,4122.0,253812,0.027981
2025-11-11,GC=F,4124.0,4155.0,4102.7998,4116.2998,4116.2998,252249,-0.001383
2025-11-12,GC=F,4132.2002,4218.5,4104.3999,4213.6001,4213.6001,296796,0.023638
2025-11-13,GC=F,4202.3999,4250.0,4148.5,4194.5,4194.5,319216,-0.004533
2025-11-14,GC=F,4174.8999,4215.1001,4032.6001,4094.2,4094.2,342176,-0.023912
2025-11-17,GC=F,4084.3999,4107.6001,4006.8,4074.5,4074.5,235352,-0.004812
2025-11-18,GC=F,4045.6001,4083.7,3997.3999,4066.5,4066.5,233302,-0.001963
2025-11-19,GC=F,4067.8,4134.2998,4055.6001,4082.8,4082.8,233696,0.004008
2025-11-20,GC=F,4079.8999,4109.6001,4034.0,4060.0,4060.0,272355,-0.005584
2025-11-21,GC=F,4074.8999,4101.0,4018.1001,4079.5,4079.5,257813,0.004803
2025-11-24,GC=F,4069.2,4138.2002,4036.3999,4094.2,4094.2,223055,0.003603
2025-11-25,GC=F,4133.5,4156.2998,4106.7002,4140.0,4140.0,132704,0.011187
2025-11-26,GC=F,4128.6001,4171.0,4127.5,4165.2002,4165.2002,25088,0.006087
2025-11-28,GC=F,4198.6001,4263.1001,4174.6001,4254.8999,4254.8999,154806,0.021536
2025-12-01,GC=F,4258.5,4299.6001,4241.1001,4274.7998,4274.7998,227572,0.004677
2025-12-02,GC=F,4265.2998,4269.2002,4194.0,4220.7998,4220.7998,215921,-0.012632
2025-12-03,GC=F,4241.6001,4273.2998,4225.1001,4232.5,4232.5,176443,0.002772
2025-12-04,GC=F,4234.5,4251.1001,4203.2998,4243.0,4243.0,161251,0.002481
2025-12-05,GC=F,4239.5,4290.5,4221.3999,4243.0,4243.0,193599,0.0
2025-12-08,GC=F,4228.1001,4247.8999,4204.0,4217.7002,4217.7002,149813,-0.005963
2025-12-09,GC=F,4219.6001,4251.7002,4197.7998,4236.2002,4236.2002,177366,0.004386
2025-12-10,GC=F,4237.5,4268.7998,4207.7998,4224.7002,4224.7002,186178,-0.002715
2025-12-11,GC=F,4258.2998,4317.2998,4231.2002,4313.0,4313.0,228282,0.020901
2025-12-12,GC=F,4309.1001,4387.7998,4286.0,4328.2998,4328.2998,292175,0.003547
2025-12-15,GC=F,4330.0,4384.2998,4315.8999,4335.2002,4335.2002,207700,0.001594
2025-12-16,GC=F,4334.2998,4367.8999,4297.3999,4332.2998,4332.2998,212277,-0.000669
2025-12-17,GC=F,4333.5,4383.6001,4330.7002,4373.8999,4373.8999,212413,0.009602
2025-12-18,GC=F,4371.5,4409.5,4338.0,4364.5,4364.5,234460,-0.002149
2025-12-19,GC=F,4363.6001,4389.0,4336.2998,4387.2998,4387.2998,165214,0.005224
2025-12-22,GC=F,4369.8999,4484.5,4367.8999,4469.3999,4469.3999,203043,0.018713
2025-12-23,GC=F,4481.7998,4530.7998,4457.7002,4505.7002,4505.7002,248418,0.008122
2025-12-24,GC=F,4516.7002,4555.1001,4474.2998,4502.7998,4502.7998,151576,-0.000644
2025-12-26,GC=F,4523.5,4584.0,4518.0,4552.7002,4552.7002,181246,0.011082
2025-12-29,GC=F,4568.0,4581.2998,4316.0,4343.6001,4343.6001,316961,-0.045929
2025-12-30,GC=F,4350.2998,4420.5,4338.7998,4386.2998,4386.2998,189751,0.00983
2025-12-31,GC=F,4353.0,4384.8999,4284.2998,4341.1001,4341.1001,161782,-0.010305
2026-01-02,GC=F,4340.0,4414.7998,4319.7002,4329.6001,4329.6001,154807,-0.002649
2026-01-05,GC=F,4368.2998,4467.6001,4354.6001,4451.5,4451.5,211711,0.028155
2026-01-06,GC=F,4459.7998,4508.2998,4437.8999,4496.1001,4496.1001,176584,0.010019
2026-01-07,GC=F,4505.3999,4512.3999,4432.8999,4462.5,4462.5,202783,-0.007473
2026-01-08,GC=F,4467.1001,4489.2998,4415.0,4460.7002,4460.7002,208958,-0.000403
2026-01-09,GC=F,4489.2998,4527.0,4461.7998,4500.8999,4500.8999,217946,0.009012
2026-01-12,GC=F,4529.1001,4640.5,4520.7998,4614.7002,4614.7002,307991,0.025284
2026-01-13,GC=F,4610.0,4644.0,4576.7002,4599.1001,4599.1001,267451,-0.003381
2026-01-14,GC=F,4594.2998,4650.5,4594.2998,4635.7002,4635.7002,306299,0.007958
2026-01-15,GC=F,4635.7002,4637.2002,4584.0,4623.7002,4623.7002,226481,-0.002589
2026-01-16,GC=F,4621.6001,4625.5,4539.1001,4595.3999,4595.3999,246155,-0.006121
2026-01-20,GC=F,4633.7002,4771.5,4622.2002,4765.7998,4765.7998,414495,0.037081
2026-01-21,GC=F,4767.5,4891.1001,4757.1001,4837.5,4837.5,400518,0.015045
2026-01-22,GC=F,4836.2002,4944.2998,4772.7002,4913.3999,4913.3999,265088,0.01569
2026-01-23,GC=F,4940.0,4991.3999,4901.2002,4979.7002,4979.7002,276594,0.013494
2026-01-26,GC=F,5013.3999,5107.8999,4983.6001,5082.5,5082.5,433111,0.020644
2026-01-27,GC=F,5005.5,5190.7998,5004.5,5082.6001,5082.6001,325759,2e-05
2026-01-28,GC=F,5179.0,5415.2002,5154.7998,5303.6001,5303.6001,112054,0.043482
2026-01-29,GC=F,5415.7002,5586.2002,5097.5,5318.3999,5318.3999,570055,0.002791
2026-01-30,GC=F,5410.0,5480.2002,4700.3999,4745.1001,4745.1001,508003,-0.107796
2026-02-02,GC=F,4816.0,4905.6001,4423.2002,4652.6001,4652.6001,385977,-0.019494
2026-02-03,GC=F,4691.0,5018.1001,4690.2002,4935.0,4935.0,260114,0.060697
2026-02-04,GC=F,4966.1001,5113.8999,4867.7002,4950.7998,4950.7998,245957,0.003202
2026-02-05,GC=F,4986.6001,5045.0,4779.6001,4889.5,4889.5,234592,-0.012382
2026-02-06,GC=F,4800.0,4995.6001,4670.0,4979.7998,4979.7998,177809,0.018468
2026-02-09,GC=F,5003.6001,5111.1001,4988.6001,5079.3999,5079.3999,124150,0.020001
2026-02-10,GC=F,5084.2998,5102.7002,5011.0,5031.0,5031.0,105658,-0.009529
2026-02-11,GC=F,5048.0,5144.5,5036.2998,5098.5,5098.5,129968,0.013417
2026-02-12,GC=F,5107.2998,5122.7998,4900.0,4948.3999,4948.3999,161618,-0.02944
2026-02-13,GC=F,4950.0,5069.1001,4907.1001,5046.2998,5046.2998,123016,0.019784
2026-02-17,GC=F,5050.0,5074.3999,4854.2002,4905.8999,4905.8999,166706,-0.027822
2026-02-18,GC=F,4898.5,5031.8999,4868.5,5009.5,5009.5,98203,0.021117
2026-02-19,GC=F,4993.7002,5042.7998,4971.5,4997.3999,4997.3999,87026,-0.002415
2026-02-20,GC=F,5015.0,5131.0,4999.2998,5080.8999,5080.8999,136737,0.016709
2026-02-23,GC=F,5128.7998,5257.2998,5120.3999,5225.6001,5225.6001,140957,0.028479
2026-02-24,GC=F,5247.5,5269.3999,5109.5,5176.2998,5176.2998,145961,-0.009434
2026-02-25,GC=F,5160.0,5237.2998,5135.8999,5226.2002,5226.2002,110992,0.00964
2026-02-26,GC=F,5175.2998,5221.8999,5144.7998,5194.2002,5194.2002,131633,-0.006123
2026-02-27,GC=F,5201.8999,5299.0,5182.8999,5247.8999,5247.8999,151664,0.010338
2026-03-02,GC=F,5360.0,5434.1001,5272.8999,5311.6001,5311.6001,227839,0.012138
2026-03-03,GC=F,5335.7002,5394.2002,5005.0,5123.7002,5123.7002,273216,-0.035375
2026-03-04,GC=F,5110.0,5218.2998,5092.7998,5134.7002,5134.7002,146885,0.002147
2026-03-05,GC=F,5155.7002,5204.2998,5058.8999,5078.7002,5078.7002,151852,-0.010906
2026-03-06,GC=F,5099.7002,5185.0,5071.0,5158.7002,5158.7002,160268,0.015752
2026-03-09,GC=F,5186.7002,5210.3999,5021.2002,5103.7002,5103.7002,181749,-0.010662
2026-03-10,GC=F,5152.3999,5248.7002,5127.1001,5242.1001,5242.1001,179577,0.027118
2026-03-11,GC=F,5194.0,5230.8999,5155.8999,5179.1001,5179.1001,140336,-0.012018
2026-03-12,GC=F,5185.3999,5197.7998,5058.2002,5125.7998,5125.7998,153533,-0.010291
2026-03-13,GC=F,5084.0,5132.3999,5014.1001,5061.7002,5061.7002,160333,-0.012505
2026-03-16,GC=F,5010.0,5044.5,4970.1001,5002.2002,5002.2002,170909,-0.011755
2026-03-17,GC=F,5012.2002,5049.3999,4977.0,5008.2002,5008.2002,119419,0.001199
2026-03-18,GC=F,5010.6001,5022.0,4809.2998,4896.2002,4896.2002,217316,-0.022363
2026-03-19,GC=F,4828.0,4868.7002,4505.0,4605.7002,4605.7002,303828,-0.059332
2026-03-20,GC=F,4653.8999,4738.2002,4478.3999,4574.8999,4574.8999,226870,-0.006687
2026-03-23,GC=F,4450.0,4537.1001,4100.0,4407.2998,4407.2998,398666,-0.036635
2026-03-24,GC=F,4414.7998,4485.6001,4306.2998,4402.0,4402.0,209745,-0.001203
2026-03-25,GC=F,4473.5,4601.0,4458.2002,4552.2998,4552.2998,245178,0.034144
2026-03-26,GC=F,4508.8999,4541.6001,4348.2002,4376.2998,4376.2998,247440,-0.038662
2026-03-27,GC=F,4371.7998,4552.1001,4369.1001,4492.5,4492.5,74348,0.026552
2026-03-30,GC=F,4482.7998,4579.1001,4413.3999,4526.0,4526.0,10816,0.007457
2026-03-31,GC=F,4510.0,4684.1001,4508.6001,4647.6001,4647.6001,176389,0.026867
2026-04-01,GC=F,4698.3999,4821.0,4690.0,4813.1001,4813.1001,166758,0.03561
2026-04-02,GC=F,4783.0,4825.8999,4580.3999,4679.7002,4679.7002,0,-0.027716
2026-04-06,GC=F,4675.0,4733.1001,4626.2002,4684.7002,4684.7002,89405,0.001068
2026-04-07,GC=F,4678.6001,4745.7002,4631.8999,4684.7002,4684.7002,145711,0.0
2026-04-08,GC=F,4747.2002,4888.0,4720.6001,4777.2002,4777.2002,215119,0.019745
2026-04-09,GC=F,4744.7998,4826.0,4718.6001,4818.0,4818.0,133629,0.008541
2026-04-10,GC=F,4790.5,4820.0,4752.7002,4787.3999,4787.3999,121566,-0.006351
2026-04-13,GC=F,4710.0,4774.3999,4626.0,4767.3999,4767.3999,127322,-0.004178
2026-04-14,GC=F,4769.2998,4870.2998,4767.6001,4850.1001,4850.1001,129586,0.017347
2026-04-15,GC=F,4862.7002,4895.3999,4807.8999,4823.6001,4823.6001,106707,-0.005464
2026-04-16,GC=F,4813.6001,4861.2998,4792.1001,4808.2998,4808.2998,108864,-0.003172
2026-04-17,GC=F,4811.7998,4917.7002,4785.8999,4879.6001,4879.6001,135440,0.014829
2026-04-20,GC=F,4811.7998,4847.8999,4752.0,4828.7998,4828.7998,123214,-0.010411
2026-04-21,GC=F,4842.3999,4854.7998,4685.7998,4719.6001,4719.6001,177092,-0.022614
2026-04-22,GC=F,4738.7002,4790.7998,4733.1001,4753.0,4753.0,100063,0.007077
2026-04-23,GC=F,4759.2002,4771.2998,4680.1001,4724.0,4724.0,153536,-0.006101
2026-04-24,GC=F,4715.6001,4757.1001,4672.2002,4740.8999,4740.8999,103218,0.003577
2026-04-27,GC=F,4713.1001,4745.7998,4681.2002,4693.7002,4693.7002,85748,-0.009956
2026-04-28,GC=F,4697.5,4716.5,4567.6001,4608.3999,4608.3999,144757,-0.018173
2026-04-29,GC=F,4611.3999,4624.2998,4522.2002,4561.5,4561.5,126415,-0.010177
2026-04-30,GC=F,4557.0,4658.7998,4550.7998,4629.6001,4629.6001,119642,0.014929
2026-05-01,GC=F,4636.8999,4673.0,4570.0,4644.5,4644.5,93230,0.003218
2026-05-04,GC=F,4644.0,4650.6001,4510.1001,4533.2998,4533.2998,117006,-0.023942
2026-05-05,GC=F,4534.0,4597.5,4522.7002,4568.5,4568.5,88281,0.007765
2026-05-06,GC=F,4569.2998,4734.6001,4556.1001,4694.2998,4694.2998,160439,0.027536
2026-05-07,GC=F,4702.2002,4775.2002,4693.2998,4710.8999,4710.8999,159525,0.003536
2026-05-08,GC=F,4682.5,4760.3999,4671.0,4730.7002,4730.7002,122010,0.004203
2026-05-11,GC=F,4690.0,4758.3999,4655.1001,4728.7002,4728.7002,147404,-0.000423
2026-05-12,GC=F,4745.2998,4783.3999,4645.2002,4686.7002,4686.7002,146315,-0.008882
2026-05-13,GC=F,4722.2998,4734.7998,4676.0,4706.7002,4706.7002,120048,0.004267
2026-05-14,GC=F,4696.7998,4725.7998,4649.2998,4685.2998,4685.2998,102965,-0.004547
2026-05-15,GC=F,4654.5,4670.1001,4513.7998,4561.8999,4561.8999,169760,-0.026338
2026-05-18,GC=F,4547.6001,4588.6001,4483.5,4558.0,4558.0,151971,-0.000855
2026-05-19,GC=F,4570.6001,4593.2002,4467.1001,4511.2002,4511.2002,140957,-0.010268
2026-05-20,GC=F,4486.6001,4558.3999,4455.0,4535.2998,4535.2998,152270,0.005342
2026-05-21,GC=F,4548.0,4572.3999,4488.2998,4542.5,4542.5,153243,0.001588
2026-05-22,GC=F,4544.2002,4547.0,4488.0,4523.2002,4523.2002,108508,-0.004249
2026-05-26,GC=F,4532.0,4583.2998,4480.0,4502.2998,4502.2998,254516,-0.004621
2026-05-27,GC=F,4507.3999,4528.1001,4398.5,4448.3999,4448.3999,81062,-0.011972
2026-05-28,GC=F,4453.6001,4512.6001,4363.5,4499.2998,4499.2998,153472,0.011442
2026-05-29,GC=F,4527.6001,4627.1001,4519.5,4593.0,4593.0,133439,0.020826
2026-06-01,GC=F,4575.2002,4577.2998,4476.0,4506.2998,4506.2998,116787,-0.018877
2026-06-02,GC=F,4515.7998,4571.2998,4492.2998,4519.8999,4519.8999,100306,0.003018
2026-06-03,GC=F,4520.0,4525.1001,4454.0,4466.8999,4466.8999,106691,-0.011726
2026-06-04,GC=F,4462.6001,4543.2002,4450.1001,4505.0,4505.0,109643,0.008529
2026-06-05,GC=F,4503.0,4508.7002,4336.6001,4365.2998,4365.2998,179306,-0.03101
2026-06-08,GC=F,4354.0,4377.5,4293.0,4363.3999,4363.3999,144089,-0.000435
2026-06-09,GC=F,4354.7002,4388.6001,4259.8999,4286.3999,4286.3999,138100,-0.017647
2026-06-10,GC=F,4276.1001,4281.1001,4090.1001,4133.2998,4133.2998,206026,-0.035718
2026-06-11,GC=F,4094.3999,4241.2998,4046.2,4114.0,4114.0,206270,-0.004669
2026-06-12,GC=F,4234.8999,4267.7998,4191.1001,4238.7998,4238.7998,136146,0.030335
2026-06-15,GC=F,4289.3999,4391.5,4283.3999,4351.6001,4351.6001,132136,0.026611
2026-06-16,GC=F,4331.2998,4376.5,4326.7002,4354.3999,4354.3999,89925,0.000643
2026-06-17,GC=F,4352.6001,4403.6001,4237.3999,4381.3999,4381.3999,160543,0.006201
2026-06-18,GC=F,4275.1001,4350.2002,4220.2998,4245.8999,4245.8999,139534,-0.030926
2026-06-22,GC=F,4163.8999,4238.1001,4151.3999,4202.7002,4202.7002,177657,-0.010174
2026-06-23,GC=F,4210.7998,4216.0,4108.2002,4149.3999,4149.3999,118495,-0.012682
2026-06-24,GC=F,4130.0,4132.3999,3975.7,4008.8,4008.8,189386,-0.033884
2026-06-25,GC=F,4019.0,4060.0,3976.3,4047.6001,4047.6001,147347,0.009679
2026-06-26,GC=F,4044.3999,4111.5,3998.1001,4096.2998,4096.2998,118966,0.012032
2026-06-29,GC=F,4101.1001,4102.8999,4012.0,4038.8999,4038.8999,107421,-0.014013
2026-06-30,GC=F,4032.5,4078.1001,3955.3999,4038.5,4038.5,125413,-9.9e-05
2026-07-01,GC=F,4025.0,4131.0,3973.0,4082.3999,4082.3999,146949,0.01087
2026-07-02,GC=F,4049.2,4157.1001,4042.8,4125.7002,4125.7002,0,0.010607
2026-07-06,GC=F,4187.5,4215.5,4140.6001,4167.5,4167.5,147556,0.010132
2026-07-07,GC=F,4176.3999,4192.3999,4102.7002,4157.3999,4157.3999,110330,-0.002424
2026-07-08,GC=F,4106.5,4144.7002,4032.5,4082.3999,4082.3999,170826,-0.01804
2026-07-09,GC=F,4087.6001,4148.3999,4063.3999,4140.7998,4140.7998,125061,0.014305
2026-07-10,GC=F,4135.3999,4144.6001,4081.7,4113.7002,4113.7002,98745,-0.006545
2026-07-13,GC=F,4106.6001,4111.6001,3992.8999,4005.7,4005.7,154814,-0.026254
2026-07-14,GC=F,4005.8999,4112.5,3990.3999,4069.7,4069.7,151122,0.015977
2026-07-15,GC=F,4059.8,4089.1001,4023.3,4051.8,4051.8,113034,-0.004398
2026-07-16,GC=F,4068.8999,4071.8999,3973.3999,3992.1001,3992.1001,125063,-0.014734
2026-07-17,GC=F,3980.1001,4028.8999,3963.0,4018.8,4018.8,112279,0.006688
2026-07-20,GC=F,4005.6001,4046.0,3986.5,4015.8999,4015.8999,102847,-0.000722
2026-07-21,GC=F,4013.3999,4092.5,4003.3,4076.3999,4076.3999,119957,0.015065
2026-07-22,GC=F,4084.7,4171.3999,4081.0,4151.8999,4151.8999,132783,0.018521
2026-07-23,GC=F,4126.0,4144.0,4042.5,4050.2,4050.2,159889,-0.024495
2026-07-24,GC=F,4053.3999,4085.2,4024.0,4070.8,4070.8,120072,0.005086
2026-07-27,GC=F,4097.5,4119.2998,4067.1001,4077.0,4077.0,135087,0.001523
2026-07-28,GC=F,4083.0,4085.7,4011.1001,4038.7,4038.7,167757,-0.009394
2026-07-29,GC=F,4020.8999,4115.2002,3993.8,4036.3,4036.3,89664,-0.000594
2026-07-30,GC=F,4060.7,4118.5,4028.5,4100.1001,4100.1001,149370,0.015807
2026-07-31,GC=F,4163.8999,4170.7002,4076.3999,4107.0,4107.0,110633,0.001683
2026-08-03,GC=F,4135.2002,4145.5,4074.0,4090.5,4090.5,93289,-0.004018
2026-08-04,GC=F,4109.6001,4163.7998,4098.2002,4152.6001,4152.6001,118831,0.015182
2026-08-05,GC=F,4133.7998,4328.2002,4121.6001,4305.2002,4305.2002,211902,0.036748
2026-08-06,GC=F,4307.0,4363.7002,4281.2002,4299.6001,4299.6001,167624,-0.001301
2026-08-07,GC=F,4298.2998,4432.2998,4288.0,4399.7002,4399.7002,190635,0.023281
2026-08-10,GC=F,4400.0,4453.7998,4373.8999,4419.7002,4419.7002,118606,0.004546
2026-08-11,GC=F,4446.8999,4495.0,4415.7002,4441.1001,4441.1001,138129,0.004842
2026-08-12,GC=F,4430.0,4502.7002,4421.3999,4467.5,4467.5,153093,0.005944
2026-08-13,GC=F,4468.7998,4509.1001,4400.0,4420.3999,4420.3999,139219,-0.010543
2026-08-14,GC=F,4408.2002,4454.6001,4365.5,4437.2998,4437.2998,126955,0.003823
2026-08-17,GC=F,4440.0,4486.5,4422.2998,4473.7002,4473.7002,121052,0.008203
2026-08-18,GC=F,4473.3999,4493.1001,4383.2998,4420.6001,4420.6001,131150,-0.011869
2026-08-19,GC=F,4391.3999,4582.7998,4378.0,4545.2998,4545.2998,250482,0.028209
2026-08-20,GC=F,4580.0,4597.1001,4506.0,4571.3999,4571.3999,186475,0.005742
2026-08-21,GC=F,4577.0,4690.3999,4565.5,4680.6001,4680.6001,195566,0.023888
2026-08-24,GC=F,4673.3999,4738.5,4651.7998,4697.7998,4697.7998,206802,0.003675
2026-08-25,GC=F,4710.1001,4755.0,4659.5,4694.5,4694.5,176784,-0.000702
2026-08-26,GC=F,4715.7002,4730.8999,4638.2002,4653.2998,4653.2998,151459,-0.008776
2026-08-27,GC=F,4650.0,4697.7002,4616.0,4664.0,4664.0,140302,0.002299
2026-08-28,GC=F,4656.0,4688.0,4495.0,4529.8999,4529.8999,274603,-0.028752
2026-08-31,GC=F,4483.2002,4521.5,4445.6001,4481.5,4481.5,152216,-0.010685
2026-09-01,GC=F,4498.7002,4510.5,4369.7002,4396.3999,4396.3999,198560,-0.018989
2026-09-02,GC=F,4377.2002,4444.3999,4329.2002,4414.6001,4414.6001,187568,0.00414
2026-09-03,GC=F,4436.3999,4558.5,4426.7002,4539.8999,4539.8999,209167,0.028383
2026-09-04,GC=F,4522.0,4537.7998,4412.0,4476.6001,4476.6001,189656,-0.013943
2026-09-08,GC=F,4466.5,4488.7998,4381.0,4439.0,4439.0,217162,-0.008399
2026-09-09,GC=F,4399.0,4479.0,4384.1001,4460.7002,4460.7002,164390,0.004889
2026-09-10,GC=F,4448.0,4479.8999,4354.7002,4407.2998,4407.2998,201300,-0.011971
2026-09-11,GC=F,4359.3999,4444.8999,4333.0,4408.8999,4408.8999,187975,0.000363
2026-09-14,GC=F,4375.0,4396.7998,4293.0,4351.8999,4351.8999,164499,-0.012928
2026-09-15,GC=F,4340.2998,4358.2002,4301.6001,4332.7998,4332.7998,146019,-0.004389
2026-09-16,GC=F,4333.5,4413.1001,4273.2998,4387.5,4387.5,249081,0.012625
2026-09-17,GC=F,4301.3999,4423.2998,4294.5,4399.7002,4399.7002,169188,0.002781
2026-09-18,GC=F,4381.6001,4439.7998,4372.2002,4424.8999,4424.8999,169188,0.005728
