date,symbol,open,high,low,close,adj_close,volume,daily_return
2021-01-04,NVDA,13.1042,13.6525,12.9625,13.1135,13.0462,560640000,0.0
2021-01-05,NVDA,13.0997,13.4435,13.087,13.4047,13.336,322760000,0.02221
2021-01-06,NVDA,13.2225,13.245,12.586,12.6145,12.5498,580424000,-0.058953
2021-01-07,NVDA,12.9675,13.3778,12.8865,13.344,13.2755,461480000,0.05783
2021-01-08,NVDA,13.3625,13.421,13.042,13.2767,13.2086,292528000,-0.00504
2021-01-11,NVDA,13.4187,13.961,13.3625,13.6215,13.5516,518344000,0.025966
2021-01-12,NVDA,13.7525,13.7545,13.345,13.4847,13.4155,291476000,-0.010039
2021-01-13,NVDA,13.49,13.625,13.385,13.5317,13.4623,210028000,0.003485
2021-01-14,NVDA,13.575,13.5997,13.1805,13.2002,13.1325,283120000,-0.024498
2021-01-15,NVDA,13.228,13.3252,12.8485,12.8595,12.7935,277780000,-0.025814
2021-01-19,NVDA,13.0162,13.094,12.844,13.0253,12.9584,226188000,0.012889
2021-01-20,NVDA,13.1117,13.4305,13.0568,13.3658,13.2972,258572000,0.026142
2021-01-21,NVDA,13.4185,13.9993,13.253,13.8675,13.7963,337780000,0.03754
2021-01-22,NVDA,13.74,13.8418,13.6272,13.7125,13.6421,246820000,-0.011177
2021-01-25,NVDA,13.7817,13.8285,13.2365,13.6532,13.5832,251112000,-0.004321
2021-01-26,NVDA,13.5805,13.6447,13.3875,13.4353,13.3663,163980000,-0.015967
2021-01-27,NVDA,13.23,13.2327,12.7937,12.9178,12.8515,371272000,-0.038518
2021-01-28,NVDA,12.9963,13.3398,12.9605,13.051,12.984,228316000,0.010315
2021-01-29,NVDA,13.075,13.3348,12.9115,12.9897,12.9231,271552000,-0.004693
2021-02-01,NVDA,13.0533,13.2708,12.9028,13.237,13.1691,217204000,0.019034
2021-02-02,NVDA,13.3988,13.572,13.2855,13.5568,13.4872,220440000,0.024156
2021-02-03,NVDA,13.636,13.9318,13.5165,13.5305,13.4611,245408000,-0.001936
2021-02-04,NVDA,13.531,13.6735,13.3378,13.6643,13.5941,201340000,0.009885
2021-02-05,NVDA,13.725,13.7373,13.5457,13.591,13.5212,169152000,-0.005361
2021-02-08,NVDA,13.7273,14.4738,13.7273,14.4388,14.3646,434624000,0.062376
2021-02-09,NVDA,14.3407,14.5833,14.2225,14.2633,14.19,287560000,-0.012155
2021-02-10,NVDA,14.4633,14.905,14.3415,14.7642,14.6885,485352000,0.035125
2021-02-11,NVDA,14.9803,15.2723,14.925,15.2507,15.1725,450828000,0.032951
2021-02-12,NVDA,15.05,15.2913,14.775,14.9613,14.8845,374756000,-0.018983
2021-02-16,NVDA,15.0642,15.3725,14.95,15.3302,15.2516,321960000,0.024664
2021-02-17,NVDA,15.171,15.2235,14.78,14.906,14.8295,274756000,-0.027674
2021-02-18,NVDA,14.729,14.8733,14.575,14.829,14.7529,233868000,-0.005166
2021-02-19,NVDA,15.0245,15.177,14.8468,14.9265,14.8499,271724000,0.006575
2021-02-22,NVDA,14.7747,15.1333,14.325,14.3558,14.2821,325884000,-0.038237
2021-02-23,NVDA,14.0752,14.2388,13.3895,14.142,14.0694,391780000,-0.014889
2021-02-24,NVDA,14.1228,14.5068,13.756,14.499,14.4246,448320000,0.025244
2021-02-25,NVDA,14.0455,14.3748,13.2163,13.3075,13.2392,824436000,-0.082178
2021-02-26,NVDA,13.7525,13.8545,13.361,13.7145,13.6441,500932000,0.030584
2021-03-01,NVDA,13.875,13.925,13.5533,13.8418,13.7707,353184000,0.009278
2021-03-02,NVDA,13.9,13.9205,13.396,13.4062,13.3374,264116000,-0.031463
2021-03-03,NVDA,13.4263,13.4515,12.7987,12.8048,12.739,377592000,-0.044867
2021-03-04,NVDA,12.8007,12.975,12.0837,12.3702,12.3068,573344000,-0.033933
2021-03-05,NVDA,12.55,12.55,11.6792,12.4615,12.3975,542840000,0.007377
2021-03-08,NVDA,12.45,12.4712,11.5665,11.5933,11.5338,543112000,-0.069675
2021-03-09,NVDA,12.1302,12.6167,12.0592,12.5203,12.4603,521824000,0.07996
2021-03-10,NVDA,12.8405,12.98,12.4575,12.4683,12.4085,384376000,-0.004153
2021-03-11,NVDA,12.95,13.0463,12.7345,12.9935,12.9313,299916000,0.042127
2021-03-12,NVDA,12.6482,12.8888,12.59,12.856,12.7944,243964000,-0.010582
2021-03-15,NVDA,12.8647,13.2067,12.7673,13.1912,13.1281,221988000,0.026077
2021-03-16,NVDA,13.3565,13.5125,13.1167,13.2913,13.2276,272128000,0.007581
2021-03-17,NVDA,13.0398,13.4532,12.9895,13.3413,13.2774,243864000,0.003762
2021-03-18,NVDA,13.1365,13.184,12.717,12.7225,12.6616,293896000,-0.046379
2021-03-19,NVDA,12.75,12.9215,12.6125,12.8457,12.7842,299208000,0.009688
2021-03-22,NVDA,12.9128,13.3945,12.9067,13.1862,13.1231,297804000,0.026507
2021-03-23,NVDA,13.2542,13.3445,13.0212,13.0708,13.0082,222048000,-0.008759
2021-03-24,NVDA,13.1512,13.1593,12.6368,12.643,12.5825,245840000,-0.032726
2021-03-25,NVDA,12.4995,12.7148,12.272,12.5352,12.4752,295144000,-0.008522
2021-03-26,NVDA,12.5545,12.8562,12.3735,12.8392,12.7778,363968000,0.024252
2021-03-29,NVDA,12.8202,13.0625,12.7,12.9482,12.8862,273520000,0.00849
2021-03-30,NVDA,12.842,12.9753,12.705,12.8717,12.8101,200204000,-0.005908
2021-03-31,NVDA,13.0155,13.4705,12.9825,13.3483,13.2843,314776000,0.037019
2021-04-01,NVDA,13.5723,13.87,13.5112,13.8118,13.7456,308276000,0.034724
2021-04-05,NVDA,13.8675,14.014,13.733,13.9875,13.9205,255672000,0.012725
2021-04-06,NVDA,13.9998,14.0542,13.7735,13.8615,13.7951,191744000,-0.009008
2021-04-07,NVDA,13.8807,14.2435,13.7115,14.1435,14.0758,251284000,0.020344
2021-04-08,NVDA,14.2528,14.4715,14.249,14.317,14.2484,244416000,0.012267
2021-04-09,NVDA,14.214,14.408,14.175,14.4,14.331,195172000,0.005797
2021-04-12,NVDA,14.2898,15.3525,14.1392,15.209,15.1362,869324000,0.056181
2021-04-13,NVDA,15.2315,15.7,15.1257,15.6795,15.6044,676212000,0.030936
2021-04-14,NVDA,15.625,15.7205,15.2275,15.277,15.2038,385500000,-0.02567
2021-04-15,NVDA,15.6625,16.2143,15.6315,16.1373,16.06,598480000,0.05631
2021-04-16,NVDA,16.053,16.1658,15.8652,15.9125,15.8363,335208000,-0.013927
2021-04-19,NVDA,15.5365,15.8075,15.233,15.3617,15.2882,404420000,-0.034611
2021-04-20,NVDA,15.3232,15.497,14.963,15.1713,15.0986,334132000,-0.012401
2021-04-21,NVDA,15.1187,15.3625,15.1023,15.3605,15.2869,216776000,0.012474
2021-04-22,NVDA,15.375,15.4385,14.7835,14.8503,14.7791,277788000,-0.033218
2021-04-23,NVDA,14.9342,15.335,14.9003,15.2653,15.1921,227500000,0.027946
2021-04-26,NVDA,15.185,15.479,15.125,15.478,15.4039,197796000,0.013937
2021-04-27,NVDA,15.5785,15.6705,15.3545,15.3818,15.3081,164572000,-0.006218
2021-04-28,NVDA,15.3645,15.5323,15.2155,15.2767,15.2036,209416000,-0.006826
2021-04-29,NVDA,15.4,15.4365,15.0715,15.3247,15.2514,173196000,0.003142
2021-04-30,NVDA,15.1745,15.365,14.997,15.0095,14.9376,201912000,-0.020571
2021-05-03,NVDA,15.125,15.2467,14.7875,14.8368,14.7657,203912000,-0.011509
2021-05-04,NVDA,14.6372,14.6375,14.0103,14.3512,14.2825,405324000,-0.032723
2021-05-05,NVDA,14.709,14.8135,14.3875,14.4585,14.3893,292024000,0.007473
2021-05-06,NVDA,14.4952,14.5712,14.218,14.523,14.4535,193380000,0.004461
2021-05-07,NVDA,14.8083,14.9707,14.6718,14.8123,14.7413,229328000,0.019917
2021-05-10,NVDA,14.7872,14.806,14.25,14.2657,14.1974,268904000,-0.036895
2021-05-11,NVDA,13.825,14.3547,13.75,14.3062,14.2377,285584000,0.002839
2021-05-12,NVDA,14.0095,14.2603,13.7093,13.7585,13.6926,303408000,-0.038287
2021-05-13,NVDA,14.0337,14.0808,13.459,13.6652,13.5998,285404000,-0.006778
2021-05-14,NVDA,13.89,14.328,13.7485,14.243,14.1748,258616000,0.042279
2021-05-17,NVDA,14.157,14.1692,13.8535,14.1655,14.0977,216980000,-0.005441
2021-05-18,NVDA,14.267,14.4043,14.004,14.0157,13.9486,186256000,-0.010571
2021-05-19,NVDA,13.5665,14.0795,13.5433,14.0658,13.9984,344000000,0.003567
2021-05-20,NVDA,14.3025,14.6838,14.2705,14.6125,14.5425,321592000,0.038871
2021-05-21,NVDA,15.1637,15.222,14.8695,14.9917,14.92,672992000,0.025954
2021-05-24,NVDA,15.2125,15.745,15.176,15.612,15.5372,554816000,0.041373
2021-05-25,NVDA,15.766,15.8185,15.4825,15.6477,15.5728,435408000,0.00229
2021-05-26,NVDA,15.7343,15.7937,15.5863,15.7,15.6248,370440000,0.003339
2021-05-27,NVDA,15.6997,15.75,15.46,15.488,15.4138,581476000,-0.013503
2021-05-28,NVDA,15.501,16.2775,15.501,16.2445,16.1667,644536000,0.048844
2021-06-01,NVDA,16.27,16.3883,15.9032,16.2645,16.1866,472804000,0.001231
2021-06-02,NVDA,16.2523,16.9188,16.2355,16.7782,16.6979,594168000,0.031587
2021-06-03,NVDA,16.7008,17.259,16.583,16.9697,16.8885,580008000,0.011414
2021-06-04,NVDA,17.1125,17.661,17.0955,17.5783,17.4941,617120000,0.035858
2021-06-07,NVDA,17.5713,17.8125,17.1928,17.619,17.5346,575756000,0.002318
2021-06-08,NVDA,17.5273,17.6215,17.251,17.457,17.3734,323848000,-0.009195
2021-06-09,NVDA,17.5158,17.575,17.2558,17.3582,17.2791,381656000,-0.005657
2021-06-10,NVDA,17.35,17.492,17.176,17.425,17.3455,287772000,0.003845
2021-06-11,NVDA,17.4795,17.9393,17.4438,17.8253,17.744,416308000,0.02297
2021-06-14,NVDA,17.906,18.0395,17.6628,18.0187,17.9366,321376000,0.010855
2021-06-15,NVDA,17.915,18.0163,17.728,17.7885,17.7074,243032000,-0.012778
2021-06-16,NVDA,17.7908,17.9548,17.5845,17.8102,17.729,307124000,0.001223
2021-06-17,NVDA,17.7745,18.835,17.7563,18.6572,18.5722,809656000,0.047557
2021-06-18,NVDA,18.784,19.375,18.584,18.6388,18.5537,968856000,-0.000992
2021-06-21,NVDA,18.4352,18.5365,17.8228,18.4272,18.3432,672384000,-0.011347
2021-06-22,NVDA,18.4715,18.9638,18.386,18.8867,18.8006,580144000,0.024936
2021-06-23,NVDA,19.0077,19.1528,18.9077,19.0572,18.9703,332356000,0.009027
2021-06-24,NVDA,19.2278,19.42,19.0882,19.2055,19.1179,320924000,0.007779
2021-06-25,NVDA,19.2805,19.3455,18.8945,19.031,18.9442,278364000,-0.009086
2021-06-28,NVDA,19.3612,20.0788,19.319,19.985,19.8939,495436000,0.050129
2021-06-29,NVDA,19.8825,20.0987,19.657,20.0268,19.9354,367632000,0.002089
2021-06-30,NVDA,19.9993,20.1625,19.8638,20.0025,19.9113,326568000,-0.001211
2021-07-01,NVDA,20.125,20.456,20.019,20.212,20.1198,480136000,0.010474
2021-07-02,NVDA,20.4403,20.5053,20.2878,20.487,20.3936,342764000,0.013606
2021-07-06,NVDA,20.7375,20.842,20.3503,20.6985,20.6041,446708000,0.010324
2021-07-07,NVDA,20.8535,20.875,20.332,20.3717,20.2788,418428000,-0.015786
2021-07-08,NVDA,19.8565,20.133,19.7008,19.9028,19.812,503300000,-0.023022
2021-07-09,NVDA,19.9625,20.0802,19.7542,20.0502,19.9588,296624000,0.007411
2021-07-12,NVDA,20.24,20.5327,20.1877,20.5125,20.4189,321984000,0.023055
2021-07-13,NVDA,20.4005,20.4613,20.114,20.25,20.1576,290708000,-0.012797
2021-07-14,NVDA,20.3577,20.4177,19.7528,19.8415,19.751,380100000,-0.020173
2021-07-15,NVDA,19.8118,19.847,18.8585,18.9662,18.8798,550564000,-0.044112
2021-07-16,NVDA,19.0305,19.157,18.073,18.161,18.0782,688224000,-0.042457
2021-07-19,NVDA,17.9153,19.042,17.8655,18.7798,18.6941,749060000,0.03407
2021-07-20,NVDA,18.73,18.838,18.164,18.612,18.5271,434687000,-0.008933
2021-07-21,NVDA,18.882,19.527,18.742,19.41,19.3215,371017000,0.042876
2021-07-22,NVDA,19.642,19.887,19.276,19.594,19.5046,323826000,0.00948
2021-07-23,NVDA,19.656,19.7,19.25,19.558,19.4688,195672000,-0.001837
2021-07-26,NVDA,19.311,19.442,18.914,19.294,19.206,203943000,-0.013498
2021-07-27,NVDA,19.265,19.622,18.741,19.208,19.1204,248863000,-0.004457
2021-07-28,NVDA,19.319,19.646,18.995,19.503,19.414,202191000,0.015358
2021-07-29,NVDA,19.519,19.853,19.328,19.662,19.5723,190781000,0.008153
2021-07-30,NVDA,19.418,19.63,19.263,19.499,19.4101,183497000,-0.00829
2021-08-02,NVDA,19.7,19.961,19.361,19.75,19.6599,217444000,0.012872
2021-08-03,NVDA,19.74,20.222,19.22,19.815,19.7246,301811000,0.003291
2021-08-04,NVDA,19.99,20.318,19.828,20.274,20.1815,231309000,0.023164
2021-08-05,NVDA,20.5,20.733,20.342,20.637,20.5429,211435000,0.017905
2021-08-06,NVDA,20.524,20.57,20.21,20.366,20.2731,178497000,-0.013132
2021-08-09,NVDA,20.446,20.508,20.143,20.295,20.2024,146443000,-0.003486
2021-08-10,NVDA,20.322,20.43,19.835,19.936,19.8451,179238000,-0.017689
2021-08-11,NVDA,20.043,20.049,19.43,19.699,19.6092,185925000,-0.011888
2021-08-12,NVDA,19.87,20.029,19.62,19.905,19.8142,151652000,0.010457
2021-08-13,NVDA,19.905,20.214,19.851,20.188,20.0959,183063000,0.014217
2021-08-16,NVDA,20.135,20.287,19.453,19.95,19.859,210876000,-0.011789
2021-08-17,NVDA,19.685,19.77,19.267,19.458,19.3693,204585000,-0.024662
2021-08-18,NVDA,19.5,19.634,19.0,19.04,18.9532,285913000,-0.021482
2021-08-19,NVDA,19.494,20.495,18.762,19.798,19.7077,766555000,0.039811
2021-08-20,NVDA,19.991,20.865,19.933,20.816,20.7211,675741000,0.051419
2021-08-23,NVDA,20.971,21.997,20.95,21.958,21.8579,575807000,0.054862
2021-08-24,NVDA,21.753,21.959,21.535,21.793,21.6936,297299000,-0.007514
2021-08-25,NVDA,21.737,22.47,21.722,22.213,22.1117,347701000,0.019272
2021-08-26,NVDA,22.2,22.34,21.79,22.068,21.9674,237940000,-0.006528
2021-08-27,NVDA,22.184,22.722,22.167,22.636,22.5328,304722000,0.025739
2021-08-30,NVDA,22.83,23.043,22.551,22.688,22.5845,262580000,0.002297
2021-08-31,NVDA,22.695,22.695,22.12,22.385,22.2868,259850000,-0.013355
2021-09-01,NVDA,22.485,22.697,22.357,22.441,22.3426,201767000,0.002502
2021-09-02,NVDA,22.518,22.593,22.295,22.396,22.2978,187834000,-0.002005
2021-09-03,NVDA,22.325,22.986,22.2,22.843,22.7428,280532000,0.019959
2021-09-07,NVDA,22.833,22.899,22.522,22.662,22.5626,198107000,-0.007924
2021-09-08,NVDA,22.513,22.61,21.977,22.339,22.241,254434000,-0.014253
2021-09-09,NVDA,22.312,22.538,22.131,22.177,22.0797,196856000,-0.007252
2021-09-10,NVDA,22.348,22.626,22.27,22.478,22.3794,248376000,0.013573
2021-09-13,NVDA,22.684,22.964,21.858,22.152,22.0549,297500000,-0.014503
2021-09-14,NVDA,22.275,22.41,22.086,22.242,22.1445,199755000,0.004063
2021-09-15,NVDA,22.309,22.367,21.966,22.341,22.243,166538000,0.004451
2021-09-16,NVDA,22.183,22.277,21.927,22.242,22.1445,156033000,-0.004431
2021-09-17,NVDA,22.3,22.321,21.83,21.9,21.804,294503000,-0.015376
2021-09-20,NVDA,21.146,21.433,20.662,21.113,21.0204,349440000,-0.035936
2021-09-21,NVDA,21.417,21.425,20.95,21.246,21.1528,204688000,0.006299
2021-09-22,NVDA,21.366,21.96,21.196,21.941,21.8448,268726000,0.032712
2021-09-23,NVDA,22.14,22.535,21.89,22.482,22.3834,248555000,0.024657
2021-09-24,NVDA,22.07,22.149,21.861,22.081,21.9842,217655000,-0.017837
2021-09-27,NVDA,21.71,21.799,21.325,21.66,21.565,245215000,-0.019066
2021-09-28,NVDA,21.214,21.419,20.651,20.699,20.6082,343069000,-0.044368
2021-09-29,NVDA,20.94,21.017,20.467,20.517,20.427,218394000,-0.008793
2021-09-30,NVDA,20.768,21.066,20.688,20.716,20.6252,221009000,0.009699
2021-10-01,NVDA,20.75,20.859,20.203,20.742,20.651,240978000,0.001255
2021-10-04,NVDA,20.504,20.542,19.555,19.732,19.6455,345635000,-0.048693
2021-10-05,NVDA,19.95,20.648,19.854,20.451,20.3613,279282000,0.036438
2021-10-06,NVDA,20.12,20.72,20.08,20.7,20.6092,297202000,0.012175
2021-10-07,NVDA,21.092,21.322,20.972,21.075,20.9826,256919000,0.018116
2021-10-08,NVDA,21.101,21.206,20.775,20.831,20.7396,151258000,-0.011578
2021-10-11,NVDA,20.575,21.063,20.511,20.695,20.6042,163388000,-0.006529
2021-10-12,NVDA,20.828,21.057,20.528,20.671,20.5803,162134000,-0.00116
2021-10-13,NVDA,20.918,20.99,20.713,20.939,20.8472,180652000,0.012965
2021-10-14,NVDA,21.288,21.755,21.122,21.746,21.6506,243589000,0.038541
2021-10-15,NVDA,21.81,21.931,21.662,21.862,21.7661,226994000,0.005334
2021-10-18,NVDA,21.749,22.291,21.644,22.222,22.1245,189494000,0.016467
2021-10-19,NVDA,22.276,22.379,22.037,22.29,22.1923,161473000,0.00306
2021-10-20,NVDA,22.305,22.433,21.982,22.103,22.0061,146276000,-0.008389
2021-10-21,NVDA,22.097,22.711,22.083,22.692,22.5925,187590000,0.026648
2021-10-22,NVDA,22.823,23.13,22.561,22.726,22.6263,249384000,0.001498
2021-10-25,NVDA,22.973,23.355,22.77,23.166,23.0644,230235000,0.019361
2021-10-26,NVDA,23.989,25.259,23.924,24.717,24.6086,485898000,0.066952
2021-10-27,NVDA,24.474,25.09,24.282,24.451,24.3438,245990000,-0.010762
2021-10-28,NVDA,24.878,24.95,24.523,24.941,24.8316,234204000,0.02004
2021-10-29,NVDA,25.001,25.709,25.0,25.567,25.4549,292503000,0.025099
2021-11-01,NVDA,25.649,25.894,25.227,25.827,25.7137,265740000,0.010169
2021-11-02,NVDA,25.822,26.678,25.8,26.401,26.2852,294112000,0.022225
2021-11-03,NVDA,26.67,26.784,26.235,26.598,26.4814,239910000,0.007462
2021-11-04,NVDA,27.229,31.365,27.118,29.801,29.6703,1153631000,0.120423
2021-11-05,NVDA,30.187,31.4,29.41,29.752,29.6215,851260000,-0.001644
2021-11-08,NVDA,30.149,31.1,29.907,30.804,30.6689,503101000,0.035359
2021-11-09,NVDA,32.282,32.31,29.964,30.657,30.5226,646746000,-0.004772
2021-11-10,NVDA,29.356,30.85,28.778,29.459,29.3298,636206000,-0.039078
2021-11-11,NVDA,30.468,30.59,29.777,30.39,30.2567,332172000,0.031603
2021-11-12,NVDA,30.01,30.68,29.63,30.39,30.2567,413054000,0.0
2021-11-15,NVDA,30.552,30.644,29.247,30.025,29.8933,384909000,-0.012011
2021-11-16,NVDA,29.759,30.39,29.706,30.203,30.0706,264484000,0.005928
2021-11-17,NVDA,30.418,30.509,28.8,29.261,29.1327,428508000,-0.031189
2021-11-18,NVDA,32.367,32.76,31.321,31.675,31.5361,781711000,0.082499
2021-11-19,NVDA,32.243,33.088,31.905,32.985,32.8404,533867000,0.041358
2021-11-22,NVDA,33.517,34.647,31.9,31.956,31.8159,754335000,-0.031196
2021-11-23,NVDA,31.535,32.36,30.88,31.746,31.6068,532163000,-0.006572
2021-11-24,NVDA,31.461,32.855,30.928,32.674,32.5307,435162000,0.029232
2021-11-26,NVDA,32.6,32.71,31.35,31.503,31.3648,283069000,-0.035839
2021-11-29,NVDA,32.366,33.412,32.036,33.376,33.2296,454964000,0.059455
2021-11-30,NVDA,33.169,33.353,31.864,32.676,32.5327,622066000,-0.020973
2021-12-01,NVDA,33.219,33.289,31.38,31.435,31.301,484368000,-0.037979
2021-12-02,NVDA,31.214,32.478,31.025,32.126,31.989,472890000,0.021982
2021-12-03,NVDA,32.0,32.129,30.13,30.693,30.5621,544325000,-0.044606
2021-12-06,NVDA,29.88,30.241,28.038,30.037,29.9089,658938000,-0.021373
2021-12-07,NVDA,30.957,32.449,30.651,32.427,32.2888,593053000,0.079568
2021-12-08,NVDA,31.999,32.29,31.421,31.826,31.6903,475551000,-0.018534
2021-12-09,NVDA,31.734,32.205,30.428,30.49,30.36,488507000,-0.041978
2021-12-10,NVDA,31.15,31.305,29.861,30.198,30.0693,488825000,-0.009577
2021-12-13,NVDA,30.249,30.294,28.116,28.161,28.0409,598344000,-0.067455
2021-12-14,NVDA,27.699,28.678,27.25,28.337,28.2162,667035000,0.00625
2021-12-15,NVDA,28.4,30.5,27.838,30.459,30.3291,698297000,0.074884
2021-12-16,NVDA,31.152,31.16,28.093,28.387,28.266,707366000,-0.068026
2021-12-17,NVDA,27.985,28.922,27.76,27.801,27.6825,713758000,-0.020643
2021-12-20,NVDA,27.305,28.144,27.145,27.719,27.6008,461847000,-0.00295
2021-12-21,NVDA,28.374,29.12,27.401,29.075,28.951,524385000,0.04892
2021-12-22,NVDA,28.891,29.555,28.449,29.4,29.2747,395184000,0.011178
2021-12-23,NVDA,29.755,30.059,29.431,29.64,29.5136,343022000,0.008163
2021-12-27,NVDA,29.66,31.087,29.64,30.945,30.8131,403686000,0.044028
2021-12-28,NVDA,31.312,31.33,30.012,30.322,30.1927,420591000,-0.020132
2021-12-29,NVDA,30.273,30.548,29.366,30.001,29.8731,343139000,-0.010586
2021-12-30,NVDA,29.827,30.457,29.54,29.586,29.4599,308864000,-0.013833
2021-12-31,NVDA,29.674,30.03,29.331,29.411,29.2856,266530000,-0.005915
2022-01-03,NVDA,29.815,30.711,29.785,30.121,29.9926,391547000,0.024141
2022-01-04,NVDA,30.277,30.468,28.349,29.29,29.1651,527154000,-0.027589
2022-01-05,NVDA,28.949,29.416,27.533,27.604,27.4863,498064000,-0.057562
2022-01-06,NVDA,27.64,28.438,27.065,28.178,28.0579,454186000,0.020794
2022-01-07,NVDA,28.141,28.422,27.057,27.247,27.1308,409939000,-0.03304
2022-01-10,NVDA,26.581,27.469,25.644,27.4,27.2832,594681000,0.005615
2022-01-11,NVDA,27.323,28.065,26.839,27.817,27.6984,404089000,0.015219
2022-01-12,NVDA,28.067,28.595,27.608,27.999,27.8796,383413000,0.006543
2022-01-13,NVDA,28.379,28.48,26.498,26.575,26.4617,540171000,-0.050859
2022-01-14,NVDA,26.3,27.197,26.21,26.942,26.8271,395832000,0.01381
2022-01-18,NVDA,26.26,26.638,25.77,25.903,25.7926,424270000,-0.038564
2022-01-19,NVDA,26.079,26.543,25.052,25.067,24.9601,488315000,-0.032274
2022-01-20,NVDA,25.304,25.579,24.078,24.15,24.047,435181000,-0.036582
2022-01-21,NVDA,23.507,24.823,23.263,23.374,23.2743,718958000,-0.032132
2022-01-24,NVDA,22.33,23.38,20.888,23.372,23.2724,913982000,-8.6e-05
2022-01-25,NVDA,22.546,22.943,22.0,22.324,22.2288,664616000,-0.04484
2022-01-26,NVDA,23.24,24.057,22.3,22.772,22.6749,755959000,0.020068
2022-01-27,NVDA,23.568,23.995,21.675,21.944,21.8504,573353000,-0.03636
2022-01-28,NVDA,22.012,22.858,21.296,22.84,22.7426,543774000,0.040831
2022-01-31,NVDA,23.182,24.509,23.052,24.486,24.3816,564680000,0.072067
2022-02-01,NVDA,25.104,25.145,23.89,24.638,24.533,518925000,0.006208
2022-02-02,NVDA,25.794,25.817,24.553,25.242,25.1344,543419000,0.024515
2022-02-03,NVDA,24.458,25.077,23.78,23.948,23.8459,410178000,-0.051264
2022-02-04,NVDA,23.972,24.635,23.632,24.319,24.2153,354829000,0.015492
2022-02-07,NVDA,24.372,25.182,24.202,24.728,24.6226,376868000,0.016818
2022-02-08,NVDA,24.359,25.23,23.98,25.108,25.001,410359000,0.015367
2022-02-09,NVDA,25.622,26.725,25.353,26.705,26.5911,524282000,0.063605
2022-02-10,NVDA,25.995,26.925,25.6,25.824,25.7139,513200000,-0.03299
2022-02-11,NVDA,25.916,26.152,23.773,23.949,23.8469,605472000,-0.072607
2022-02-14,NVDA,23.934,24.875,23.755,24.267,24.1635,440424000,0.013278
2022-02-15,NVDA,24.949,26.545,24.784,26.495,26.382,699869000,0.091812
2022-02-16,NVDA,26.259,26.582,25.552,26.511,26.398,732676000,0.000604
2022-02-17,NVDA,25.63,25.785,24.165,24.507,24.4025,810595000,-0.075591
2022-02-18,NVDA,24.668,24.986,23.1,23.642,23.5412,761255000,-0.035296
2022-02-22,NVDA,23.035,24.064,23.0,23.39,23.2903,633422000,-0.010659
2022-02-23,NVDA,23.802,24.155,22.301,22.387,22.2916,566511000,-0.042882
2022-02-24,NVDA,21.015,23.8,20.89,23.748,23.6468,735801000,0.060794
2022-02-25,NVDA,23.721,24.217,23.381,24.157,24.054,528866000,0.017223
2022-02-28,NVDA,23.992,24.665,23.707,24.385,24.281,477319000,0.009438
2022-03-01,NVDA,24.291,24.377,23.132,23.477,23.3769,412056000,-0.037236
2022-03-02,NVDA,23.756,24.409,23.415,24.22,24.1208,389642000,0.031648
2022-03-03,NVDA,24.262,24.326,23.469,23.714,23.6169,365095000,-0.020892
2022-03-04,NVDA,23.384,23.68,22.482,22.936,22.8421,431415000,-0.032808
2022-03-07,NVDA,22.817,23.033,21.33,21.352,21.2646,450821000,-0.069062
2022-03-08,NVDA,21.309,22.373,20.65,21.514,21.4259,557467000,0.007587
2022-03-09,NVDA,22.387,23.22,22.247,23.014,22.9198,492742000,0.069722
2022-03-10,NVDA,22.531,22.788,21.882,22.658,22.5652,428066000,-0.015469
2022-03-11,NVDA,23.022,23.145,22.046,22.1,22.0095,367209000,-0.024627
2022-03-14,NVDA,21.869,22.262,21.159,21.33,21.2427,385354000,-0.034842
2022-03-15,NVDA,21.518,23.038,21.322,22.973,22.879,491996000,0.077028
2022-03-16,NVDA,23.5,24.597,23.172,24.496,24.3957,671422000,0.066295
2022-03-17,NVDA,24.12,24.842,23.906,24.766,24.6646,471941000,0.011022
2022-03-18,NVDA,24.799,26.569,24.624,26.453,26.3447,730719000,0.068118
2022-03-21,NVDA,26.507,27.152,25.967,26.734,26.6246,591727000,0.010623
2022-03-22,NVDA,26.727,27.238,26.072,26.524,26.4154,547007000,-0.007855
2022-03-23,NVDA,26.126,26.612,25.575,25.634,25.5291,502120000,-0.033554
2022-03-24,NVDA,26.166,28.32,25.907,28.15,28.0348,877379000,0.098151
2022-03-25,NVDA,27.886,28.358,27.271,27.692,27.5786,579016000,-0.01627
2022-03-28,NVDA,27.756,28.25,27.206,28.219,28.1035,425494000,0.019031
2022-03-29,NVDA,28.695,28.946,27.98,28.656,28.5387,488984000,0.015486
2022-03-30,NVDA,28.304,28.496,27.503,27.69,27.5766,463487000,-0.03371
2022-03-31,NVDA,27.782,28.248,27.27,27.286,27.1743,523440000,-0.01459
2022-04-01,NVDA,27.375,27.496,26.267,26.712,26.6026,517235000,-0.021036
2022-04-04,NVDA,26.728,27.558,26.613,27.36,27.248,397120000,0.024259
2022-04-05,NVDA,27.254,27.319,25.82,25.931,25.8248,436615000,-0.05223
2022-04-06,NVDA,24.934,25.3,24.003,24.407,24.3071,703833000,-0.058771
2022-04-07,NVDA,24.441,24.722,23.478,24.208,24.1089,557992000,-0.008153
2022-04-08,NVDA,23.917,23.923,23.062,23.119,23.0244,524781000,-0.044985
2022-04-11,NVDA,22.214,22.32,21.66,21.917,21.8273,575207000,-0.051992
2022-04-12,NVDA,22.537,22.725,21.282,21.504,21.416,662258000,-0.018844
2022-04-13,NVDA,21.728,22.5,21.455,22.203,22.1121,516943000,0.032506
2022-04-14,NVDA,22.505,22.777,21.163,21.258,21.171,569097000,-0.042562
2022-04-18,NVDA,21.2,22.088,21.079,21.783,21.6938,525701000,0.024697
2022-04-19,NVDA,21.72,22.373,21.314,22.198,22.1071,512781000,0.019052
2022-04-20,NVDA,22.517,22.67,21.2,21.482,21.3941,468974000,-0.032255
2022-04-21,NVDA,21.709,22.392,20.0,20.183,20.1004,656209000,-0.060469
2022-04-22,NVDA,20.303,20.486,19.5,19.515,19.4351,624713000,-0.033097
2022-04-25,NVDA,19.202,19.945,19.096,19.902,19.8205,641566000,0.019831
2022-04-26,NVDA,19.718,19.788,18.67,18.788,18.7111,653143000,-0.055974
2022-04-27,NVDA,18.598,19.167,18.29,18.415,18.3396,499460000,-0.019853
2022-04-28,NVDA,18.967,20.037,18.49,19.782,19.701,570327000,0.074233
2022-04-29,NVDA,19.402,20.128,18.517,18.547,18.4711,500435000,-0.06243
2022-05-02,NVDA,18.541,19.574,18.391,19.533,19.453,572049000,0.053162
2022-05-03,NVDA,19.4,19.825,19.133,19.602,19.5218,475751000,0.003532
2022-05-04,NVDA,19.923,20.4,18.751,20.334,20.2508,648855000,0.037343
2022-05-05,NVDA,19.867,19.925,18.5,18.844,18.7669,626331000,-0.073276
2022-05-06,NVDA,18.736,19.512,17.99,18.675,18.5985,633297000,-0.008968
2022-05-09,NVDA,18.034,18.255,16.827,16.95,16.8806,644455000,-0.092369
2022-05-10,NVDA,17.689,18.198,17.025,17.595,17.523,761474000,0.038053
2022-05-11,NVDA,17.347,17.753,16.568,16.63,16.5619,670167000,-0.054845
2022-05-12,NVDA,16.219,16.788,15.567,16.175,16.1088,708728000,-0.02736
2022-05-13,NVDA,16.788,17.928,16.593,17.706,17.6335,670437000,0.094652
2022-05-16,NVDA,17.509,17.788,17.106,17.264,17.1933,521446000,-0.024963
2022-05-17,NVDA,18.074,18.371,17.634,18.177,18.1026,585830000,0.052885
2022-05-18,NVDA,17.705,18.118,16.864,16.938,16.8687,545161000,-0.068163
2022-05-19,NVDA,16.937,17.687,16.734,17.124,17.0539,621310000,0.010981
2022-05-20,NVDA,17.332,17.41,15.755,16.694,16.6257,739105000,-0.025111
2022-05-23,NVDA,16.274,16.915,16.179,16.898,16.8288,639889000,0.01222
2022-05-24,NVDA,16.51,16.597,15.78,16.154,16.0879,588550000,-0.044029
2022-05-25,NVDA,16.02,17.111,16.0,16.975,16.9055,781132000,0.050823
2022-05-26,NVDA,16.036,18.092,16.022,17.851,17.7779,996575000,0.051605
2022-05-27,NVDA,18.186,18.881,18.1,18.811,18.734,738379000,0.053779
2022-05-31,NVDA,18.98,19.2,18.35,18.672,18.5956,664100000,-0.007389
2022-06-01,NVDA,18.724,19.053,18.122,18.32,18.245,544514000,-0.018852
2022-06-02,NVDA,18.292,19.619,18.198,19.592,19.5118,648656000,0.069432
2022-06-03,NVDA,19.082,19.332,18.522,18.72,18.6434,598779000,-0.044508
2022-06-06,NVDA,19.139,19.337,18.564,18.786,18.7091,422406000,0.003526
2022-06-07,NVDA,18.472,19.0,18.188,18.926,18.8485,388914000,0.007452
2022-06-08,NVDA,18.799,19.18,18.535,18.648,18.5756,363252000,-0.014689
2022-06-09,NVDA,18.481,18.933,18.041,18.048,17.9779,395574000,-0.032175
2022-06-10,NVDA,17.6,17.697,16.869,16.974,16.9081,465248000,-0.059508
2022-06-13,NVDA,16.0,16.312,15.606,15.647,15.5862,604153000,-0.078178
2022-06-14,NVDA,15.731,16.066,15.412,15.836,15.7745,469680000,0.012079
2022-06-15,NVDA,16.095,16.868,15.926,16.527,16.4628,563936000,0.043635
2022-06-16,NVDA,15.86,15.942,15.401,15.601,15.5404,545749000,-0.05603
2022-06-17,NVDA,15.648,15.995,15.328,15.88,15.8183,630334000,0.017883
2022-06-21,NVDA,16.475,17.008,16.407,16.566,16.5017,483089000,0.043199
2022-06-22,NVDA,16.226,16.662,16.18,16.36,16.2965,437135000,-0.012435
2022-06-23,NVDA,16.519,16.585,15.853,16.225,16.162,463680000,-0.008252
2022-06-24,NVDA,16.5,17.14,16.31,17.126,17.0595,472153000,0.055532
2022-06-27,NVDA,17.312,17.33,16.626,16.869,16.8035,427968000,-0.015006
2022-06-28,NVDA,16.9,17.202,15.945,15.982,15.9199,461149000,-0.052582
2022-06-29,NVDA,15.814,15.82,15.17,15.542,15.4816,482352000,-0.027531
2022-06-30,NVDA,15.361,15.567,14.862,15.159,15.1001,686070000,-0.024643
2022-07-01,NVDA,14.899,15.063,14.392,14.523,14.4666,577610000,-0.041955
2022-07-05,NVDA,14.175,14.971,14.055,14.964,14.9059,651397000,0.030366
2022-07-06,NVDA,15.01,15.319,14.789,15.13,15.0712,529066000,0.011093
2022-07-07,NVDA,15.456,15.945,15.389,15.858,15.7964,492903000,0.048116
2022-07-08,NVDA,15.43,16.037,15.389,15.838,15.7765,467972000,-0.001261
2022-07-11,NVDA,15.526,15.527,15.038,15.152,15.0932,437321000,-0.043314
2022-07-12,NVDA,15.268,15.431,14.877,15.082,15.0234,458483000,-0.00462
2022-07-13,NVDA,14.59,15.375,14.465,15.164,15.1051,521918000,0.005437
2022-07-14,NVDA,15.108,15.473,14.728,15.372,15.3123,456235000,0.013717
2022-07-15,NVDA,15.659,15.782,15.445,15.762,15.7008,385935000,0.025371
2022-07-18,NVDA,16.302,16.897,16.002,16.101,16.0385,670517000,0.021507
2022-07-19,NVDA,16.486,17.11,16.172,16.992,16.926,702366000,0.055338
2022-07-20,NVDA,16.947,17.933,16.801,17.807,17.7379,760538000,0.047964
2022-07-21,NVDA,17.885,18.144,17.545,18.05,17.9799,557049000,0.013646
2022-07-22,NVDA,17.893,17.967,17.137,17.319,17.2517,536671000,-0.040499
2022-07-25,NVDA,17.019,17.124,16.649,17.024,16.9579,480748000,-0.017033
2022-07-26,NVDA,16.889,16.919,16.478,16.533,16.4688,397865000,-0.028842
2022-07-27,NVDA,17.032,17.936,16.913,17.79,17.7209,569776000,0.07603
2022-07-28,NVDA,17.975,18.14,17.44,17.984,17.9142,474646000,0.010905
2022-07-29,NVDA,17.813,18.244,17.692,18.163,18.0925,435460000,0.009953
2022-08-01,NVDA,18.182,18.846,17.99,18.441,18.3694,476469000,0.015306
2022-08-02,NVDA,18.122,18.938,18.092,18.526,18.4541,489527000,0.004609
2022-08-03,NVDA,18.184,18.968,18.137,18.893,18.8196,418146000,0.01981
2022-08-04,NVDA,18.849,19.274,18.76,19.215,19.1404,409652000,0.017043
2022-08-05,NVDA,18.81,19.229,18.666,18.989,18.9153,386068000,-0.011762
2022-08-08,NVDA,17.502,18.239,17.242,17.793,17.7239,981859000,-0.062984
2022-08-09,NVDA,17.252,17.447,16.724,17.086,17.0197,668263000,-0.039735
2022-08-10,NVDA,17.698,18.118,17.317,18.097,18.0267,597422000,0.059171
2022-08-11,NVDA,18.131,18.707,17.876,17.942,17.8723,509327000,-0.008565
2022-08-12,NVDA,18.16,18.718,17.953,18.709,18.6364,478094000,0.042749
2022-08-15,NVDA,18.701,19.164,18.613,19.032,18.9581,457666000,0.017264
2022-08-16,NVDA,18.92,19.142,18.501,18.879,18.8057,451240000,-0.008039
2022-08-17,NVDA,18.523,18.688,18.145,18.335,18.2638,446799000,-0.028815
2022-08-18,NVDA,18.301,18.865,18.183,18.773,18.7001,415447000,0.023889
2022-08-19,NVDA,18.406,18.52,17.77,17.849,17.7797,441588000,-0.04922
2022-08-22,NVDA,17.49,17.558,16.966,17.034,16.9679,409593000,-0.045661
2022-08-23,NVDA,16.989,17.465,16.97,17.181,17.1143,369986000,0.00863
2022-08-24,NVDA,17.012,17.406,16.895,17.222,17.1551,522661000,0.002386
2022-08-25,NVDA,16.844,17.947,16.833,17.913,17.8434,770691000,0.040123
2022-08-26,NVDA,17.857,17.924,16.237,16.26,16.1969,769127000,-0.092279
2022-08-29,NVDA,16.02,16.338,15.767,15.801,15.7396,496132000,-0.028229
2022-08-30,NVDA,15.96,16.039,15.182,15.468,15.4079,530181000,-0.021075
2022-08-31,NVDA,15.384,15.54,14.959,15.094,15.0354,573710000,-0.024179
2022-09-01,NVDA,14.209,14.38,13.27,13.937,13.8829,1178865000,-0.076653
2022-09-02,NVDA,14.1,14.171,13.591,13.647,13.594,743157000,-0.020808
2022-09-06,NVDA,13.731,13.779,13.351,13.465,13.4127,535751000,-0.013336
2022-09-07,NVDA,13.563,13.838,13.346,13.714,13.6648,512657000,0.018492
2022-09-08,NVDA,13.459,14.008,13.369,13.99,13.9398,624873000,0.020125
2022-09-09,NVDA,14.157,14.474,14.126,14.387,14.3354,486612000,0.028377
2022-09-12,NVDA,14.369,14.547,14.198,14.505,14.453,484159000,0.008202
2022-09-13,NVDA,13.802,13.922,13.099,13.131,13.0839,714956000,-0.094726
2022-09-14,NVDA,13.254,13.29,12.913,13.128,13.0809,588507000,-0.000228
2022-09-15,NVDA,13.015,13.233,12.79,12.929,12.8826,523625000,-0.015158
2022-09-16,NVDA,12.742,13.212,12.617,13.198,13.1507,670751000,0.020806
2022-09-19,NVDA,13.012,13.463,13.01,13.382,13.334,569685000,0.013942
2022-09-20,NVDA,13.215,13.483,13.057,13.176,13.1287,524818000,-0.015394
2022-09-21,NVDA,13.213,14.031,13.11,13.261,13.2134,807679000,0.006451
2022-09-22,NVDA,13.07,13.149,12.428,12.561,12.5159,759162000,-0.052786
2022-09-23,NVDA,12.42,12.611,12.257,12.516,12.4711,663309000,-0.003583
2022-09-26,NVDA,12.491,12.659,12.214,12.228,12.1841,547343000,-0.023011
2022-09-27,NVDA,12.507,12.736,12.258,12.413,12.3685,553854000,0.015129
2022-09-28,NVDA,12.41,12.823,12.354,12.736,12.6903,542414000,0.026021
2022-09-29,NVDA,12.448,12.5,11.946,12.22,12.1762,532763000,-0.040515
2022-09-30,NVDA,12.087,12.633,12.075,12.139,12.0955,565638000,-0.006629
2022-10-03,NVDA,12.347,12.678,12.105,12.512,12.4671,547478000,0.030727
2022-10-04,NVDA,12.879,13.22,12.879,13.167,13.1198,584182000,0.05235
2022-10-05,NVDA,12.911,13.321,12.621,13.209,13.1616,507131000,0.00319
2022-10-06,NVDA,13.22,13.656,13.103,13.13,13.0829,644157000,-0.005981
2022-10-07,NVDA,12.505,12.67,12.022,12.076,12.0327,672478000,-0.080274
2022-10-10,NVDA,12.037,12.124,11.408,11.67,11.6281,698699000,-0.03362
2022-10-11,NVDA,11.561,11.846,11.283,11.586,11.5444,667482000,-0.007198
2022-10-12,NVDA,11.579,11.735,11.345,11.5,11.4587,492590000,-0.007423
2022-10-13,NVDA,10.971,12.078,10.813,11.96,11.9171,850103000,0.04
2022-10-14,NVDA,12.057,12.111,11.204,11.227,11.1867,713432000,-0.061288
2022-10-17,NVDA,11.518,11.948,11.517,11.888,11.8454,580774000,0.058876
2022-10-18,NVDA,12.344,12.492,11.618,11.967,11.9241,659362000,0.006645
2022-10-19,NVDA,11.879,12.35,11.834,12.051,12.0078,523131000,0.007019
2022-10-20,NVDA,12.113,12.769,12.105,12.194,12.1503,652398000,0.011866
2022-10-21,NVDA,12.098,12.498,11.887,12.466,12.4213,609494000,0.022306
2022-10-24,NVDA,12.508,12.71,12.064,12.599,12.5538,517457000,0.010669
2022-10-25,NVDA,12.694,13.3,12.664,13.261,13.2134,505482000,0.052544
2022-10-26,NVDA,12.869,13.388,12.708,12.896,12.8497,532953000,-0.027524
2022-10-27,NVDA,13.63,13.838,13.122,13.176,13.1287,583113000,0.021712
2022-10-28,NVDA,13.104,13.85,13.061,13.834,13.7844,521040000,0.049939
2022-10-31,NVDA,13.778,13.838,13.297,13.497,13.4486,486341000,-0.02436
2022-11-01,NVDA,13.811,13.925,13.519,13.543,13.4944,432817000,0.003408
2022-11-02,NVDA,13.85,14.21,13.211,13.219,13.1716,672628000,-0.023924
2022-11-03,NVDA,13.043,13.781,12.956,13.421,13.3729,500065000,0.015281
2022-11-04,NVDA,13.986,14.229,13.697,14.156,14.1052,612576000,0.054765
2022-11-07,NVDA,14.228,14.412,13.954,14.301,14.2497,410061000,0.010243
2022-11-08,NVDA,14.801,14.891,14.216,14.602,14.5496,595292000,0.021048
2022-11-09,NVDA,14.162,14.211,13.759,13.776,13.7266,454414000,-0.056568
2022-11-10,NVDA,14.8,15.773,14.547,15.75,15.6935,700819000,0.143293
2022-11-11,NVDA,15.807,16.389,15.482,16.327,16.2684,655487000,0.036635
2022-11-14,NVDA,16.218,16.54,15.922,16.295,16.2365,527852000,-0.00196
2022-11-15,NVDA,16.722,16.998,16.382,16.666,16.6062,545876000,0.022768
2022-11-16,NVDA,16.162,16.362,15.873,15.91,15.8529,649547000,-0.045362
2022-11-17,NVDA,15.715,16.266,15.535,15.677,15.6208,710894000,-0.014645
2022-11-18,NVDA,15.966,16.002,15.12,15.409,15.3537,492072000,-0.017095
2022-11-21,NVDA,15.147,15.477,15.08,15.317,15.2621,404739000,-0.005971
2022-11-22,NVDA,15.328,16.058,15.122,16.038,15.9805,472866000,0.047072
2022-11-23,NVDA,16.098,16.527,16.048,16.519,16.4597,427241000,0.029991
2022-11-25,NVDA,16.318,16.487,16.172,16.27,16.2116,167934000,-0.015073
2022-11-28,NVDA,16.026,16.357,15.725,15.827,15.7702,303741000,-0.027228
2022-11-29,NVDA,15.827,15.932,15.52,15.639,15.5829,298384000,-0.011878
2022-11-30,NVDA,15.697,16.93,15.597,16.923,16.8666,565298000,0.082102
2022-12-01,NVDA,16.999,17.265,16.635,17.135,17.0779,470977000,0.012527
2022-12-02,NVDA,16.659,16.933,16.445,16.876,16.8198,371389000,-0.015115
2022-12-05,NVDA,16.679,16.995,16.472,16.61,16.5547,352255000,-0.015762
2022-12-06,NVDA,16.53,16.573,15.819,15.987,15.9337,352694000,-0.037508
2022-12-07,NVDA,15.772,16.186,15.667,16.12,16.0663,372388000,0.008319
2022-12-08,NVDA,16.273,17.179,15.959,17.169,17.1118,515456000,0.065074
2022-12-09,NVDA,17.16,17.583,16.975,17.001,16.9443,465338000,-0.009785
2022-12-12,NVDA,17.037,17.538,16.797,17.535,17.4766,457328000,0.03141
2022-12-13,NVDA,18.531,18.79,17.711,18.072,18.0118,656589000,0.030625
2022-12-14,NVDA,17.987,18.252,17.42,17.674,17.6151,496888000,-0.022023
2022-12-15,NVDA,17.146,17.32,16.7,16.952,16.8955,478542000,-0.040851
2022-12-16,NVDA,16.864,17.041,16.41,16.571,16.5158,478232000,-0.022475
2022-12-19,NVDA,16.572,16.609,16.145,16.254,16.1998,354039000,-0.01913
2022-12-20,NVDA,16.064,16.31,15.852,16.085,16.0314,403260000,-0.010397
2022-12-21,NVDA,16.114,16.627,16.102,16.501,16.446,325025000,0.025863
2022-12-22,NVDA,16.094,16.138,14.882,15.339,15.2879,565045000,-0.07042
2022-12-23,NVDA,15.196,15.339,14.883,15.206,15.1553,349326000,-0.008671
2022-12-27,NVDA,15.074,15.1,14.056,14.121,14.0739,464902000,-0.071353
2022-12-28,NVDA,13.927,14.262,13.884,14.036,13.9892,351066000,-0.006019
2022-12-29,NVDA,14.402,14.683,14.227,14.603,14.5543,354923000,0.040396
2022-12-30,NVDA,14.334,14.629,14.233,14.614,14.5653,310490000,0.000753
2023-01-03,NVDA,14.851,14.996,14.096,14.315,14.2673,401277000,-0.02046
2023-01-04,NVDA,14.567,14.853,14.241,14.749,14.6999,431324000,0.030318
2023-01-05,NVDA,14.491,14.564,14.148,14.265,14.2175,389168000,-0.032816
2023-01-06,NVDA,14.474,15.01,14.034,14.859,14.8095,405044000,0.04164
2023-01-09,NVDA,15.284,16.056,15.141,15.628,15.5759,504231000,0.051753
2023-01-10,NVDA,15.507,15.962,15.472,15.909,15.856,384101000,0.017981
2023-01-11,NVDA,15.84,16.028,15.563,16.001,15.9477,353285000,0.005783
2023-01-12,NVDA,16.1,16.637,15.492,16.511,16.456,551409000,0.031873
2023-01-13,NVDA,16.278,16.922,16.165,16.899,16.8427,447287000,0.0235
2023-01-17,NVDA,16.899,17.728,16.899,17.702,17.643,511102000,0.047518
2023-01-18,NVDA,17.667,17.873,17.282,17.377,17.3191,439624000,-0.018359
2023-01-19,NVDA,17.036,17.197,16.731,16.765,16.7091,452932000,-0.035219
2023-01-20,NVDA,17.011,17.856,16.825,17.839,17.7796,564967000,0.064062
2023-01-23,NVDA,18.064,19.245,17.818,19.193,19.129,655163000,0.075901
2023-01-24,NVDA,18.827,19.495,18.82,19.265,19.2008,496204000,0.003751
2023-01-25,NVDA,18.913,19.37,18.58,19.323,19.2586,449537000,0.003011
2023-01-26,NVDA,19.701,20.166,19.278,19.802,19.736,489535000,0.024789
2023-01-27,NVDA,19.462,20.628,19.405,20.365,20.2971,542142000,0.028431
2023-01-30,NVDA,19.95,20.14,19.15,19.162,19.0981,488611000,-0.059072
2023-01-31,NVDA,19.17,19.687,18.95,19.537,19.4719,498017000,0.01957
2023-02-01,NVDA,19.691,21.192,19.611,20.943,20.8732,660477000,0.071966
2023-02-02,NVDA,21.0,21.949,20.7,21.709,21.6367,564276000,0.036575
2023-02-03,NVDA,21.0,21.745,20.789,21.1,21.0297,429366000,-0.028053
2023-02-06,NVDA,20.806,21.57,20.786,21.089,21.0187,452197000,-0.000521
2023-02-07,NVDA,21.382,22.259,21.15,22.173,22.0991,664150000,0.051401
2023-02-08,NVDA,22.387,22.878,22.008,22.205,22.131,559651000,0.001443
2023-02-09,NVDA,22.606,23.02,22.12,22.337,22.2626,523876000,0.005945
2023-02-10,NVDA,21.69,22.078,20.811,21.265,21.1941,550737000,-0.047992
2023-02-13,NVDA,21.538,22.048,20.962,21.788,21.7154,474919000,0.024594
2023-02-14,NVDA,21.578,23.049,21.366,22.971,22.8945,675474000,0.054296
2023-02-15,NVDA,22.549,22.855,22.106,22.764,22.6881,420575000,-0.009011
2023-02-16,NVDA,22.133,22.55,21.927,22.002,21.9287,412026000,-0.033474
2023-02-17,NVDA,21.631,21.74,20.975,21.388,21.3167,465888000,-0.027907
2023-02-21,NVDA,21.0,21.494,20.618,20.655,20.5862,410015000,-0.034272
2023-02-22,NVDA,20.707,21.104,20.421,20.754,20.6848,513184000,0.004793
2023-02-23,NVDA,23.44,23.888,23.025,23.664,23.5851,1117995000,0.140214
2023-02-24,NVDA,23.225,23.474,22.947,23.286,23.2084,589716000,-0.015974
2023-02-27,NVDA,23.67,23.88,23.454,23.501,23.4227,452994000,0.009233
2023-02-28,NVDA,23.372,23.825,23.206,23.216,23.1386,455963000,-0.012127
2023-03-01,NVDA,23.192,23.256,22.508,22.698,22.6224,460026000,-0.022312
2023-03-02,NVDA,22.488,23.38,22.432,23.314,23.2363,389415000,0.027139
2023-03-03,NVDA,23.32,23.9,23.13,23.89,23.8104,412393000,0.024706
2023-03-06,NVDA,23.891,24.248,23.487,23.554,23.4755,437429000,-0.014064
2023-03-07,NVDA,23.6,24.125,23.241,23.288,23.2143,515154000,-0.011293
2023-03-08,NVDA,23.487,24.2,23.424,24.181,24.1045,513573000,0.038346
2023-03-09,NVDA,24.175,24.454,23.383,23.436,23.3619,501257000,-0.030809
2023-03-10,NVDA,23.409,23.627,22.726,22.965,22.8924,474866000,-0.020097
2023-03-13,NVDA,22.752,23.298,22.297,22.966,22.8934,421890000,4.4e-05
2023-03-14,NVDA,23.496,24.219,23.46,24.063,23.9869,474910000,0.047766
2023-03-15,NVDA,23.761,24.286,23.36,24.228,24.1514,524486000,0.006857
2023-03-16,NVDA,24.027,25.588,23.894,25.541,25.4602,583253000,0.054193
2023-03-17,NVDA,25.982,26.399,25.668,25.725,25.6436,848547000,0.007204
2023-03-20,NVDA,25.615,26.024,25.13,25.9,25.8181,432747000,0.006803
2023-03-21,NVDA,26.18,26.392,25.381,26.199,26.1161,547408000,0.011544
2023-03-22,NVDA,26.425,27.589,26.237,26.468,26.3843,797295000,0.010268
2023-03-23,NVDA,27.115,27.499,26.69,27.191,27.105,564889000,0.027316
2023-03-24,NVDA,27.031,27.167,26.355,26.779,26.6943,454920000,-0.015152
2023-03-27,NVDA,26.837,27.0,26.365,26.531,26.4471,361026000,-0.009261
2023-03-28,NVDA,26.447,26.513,25.85,26.41,26.3265,356104000,-0.004561
2023-03-29,NVDA,26.825,27.078,26.597,26.984,26.8986,393694000,0.021734
2023-03-30,NVDA,27.229,27.499,27.102,27.383,27.2964,364516000,0.014787
2023-03-31,NVDA,27.14,27.834,27.105,27.777,27.6891,433933000,0.014389
2023-04-03,NVDA,27.509,28.0,27.336,27.965,27.8765,398716000,0.006768
2023-04-04,NVDA,27.966,28.0,27.307,27.453,27.3662,368592000,-0.018309
2023-04-05,NVDA,26.829,26.998,26.395,26.881,26.796,515015000,-0.020836
2023-04-06,NVDA,26.584,27.08,26.427,27.037,26.9515,397654000,0.005803
2023-04-10,NVDA,26.823,27.621,26.669,27.579,27.4918,395279000,0.020047
2023-04-11,NVDA,27.724,27.79,27.126,27.169,27.0831,314378000,-0.014866
2023-04-12,NVDA,27.37,27.468,26.448,26.495,26.4112,446259000,-0.024808
2023-04-13,NVDA,26.734,26.887,26.329,26.463,26.3793,353615000,-0.001208
2023-04-14,NVDA,26.504,26.883,26.22,26.758,26.6734,395660000,0.011148
2023-04-17,NVDA,26.565,27.006,26.433,27.002,26.9166,321471000,0.009119
2023-04-18,NVDA,27.533,28.11,27.357,27.667,27.5795,604812000,0.024628
2023-04-19,NVDA,27.361,28.0,27.232,27.931,27.8427,358660000,0.009542
2023-04-20,NVDA,27.671,28.03,27.0,27.104,27.0183,427713000,-0.029609
2023-04-21,NVDA,26.952,27.183,26.722,27.119,27.0332,345103000,0.000553
2023-04-24,NVDA,27.013,27.366,26.671,27.042,26.9565,339282000,-0.002839
2023-04-25,NVDA,27.078,27.247,26.225,26.241,26.158,378527000,-0.029621
2023-04-26,NVDA,27.002,27.33,26.705,26.956,26.8707,406337000,0.027247
2023-04-27,NVDA,27.363,27.495,26.625,27.226,27.1399,377161000,0.010016
2023-04-28,NVDA,27.225,27.758,27.071,27.749,27.6612,292216000,0.01921
2023-05-01,NVDA,27.84,29.058,27.78,28.91,28.8186,570329000,0.041839
2023-05-02,NVDA,28.68,28.836,28.083,28.21,28.1208,402730000,-0.024213
2023-05-03,NVDA,27.84,28.367,27.472,27.802,27.7141,383387000,-0.014463
2023-05-04,NVDA,27.651,27.859,27.24,27.562,27.4748,321850000,-0.008632
2023-05-05,NVDA,27.826,28.755,27.731,28.68,28.5893,361494000,0.040563
2023-05-08,NVDA,28.522,29.22,28.35,29.151,29.0588,344979000,0.016423
2023-05-09,NVDA,28.899,28.973,28.45,28.571,28.4806,314869000,-0.019896
2023-05-10,NVDA,29.005,29.113,28.461,28.885,28.7936,369350000,0.01099
2023-05-11,NVDA,28.896,28.95,28.246,28.578,28.4876,322149000,-0.010628
2023-05-12,NVDA,28.529,28.78,28.046,28.34,28.2504,274222000,-0.008328
2023-05-15,NVDA,28.508,28.969,28.152,28.953,28.8614,293926000,0.02163
2023-05-16,NVDA,28.841,29.87,28.832,29.213,29.1206,449405000,0.00898
2023-05-17,NVDA,29.584,30.199,29.43,30.178,30.0825,432535000,0.033033
2023-05-18,NVDA,30.41,31.828,30.32,31.678,31.5778,748725000,0.049705
2023-05-19,NVDA,31.536,31.58,30.916,31.264,31.1651,473908000,-0.013069
2023-05-22,NVDA,30.901,31.52,30.68,31.176,31.0774,372000000,-0.002815
2023-05-23,NVDA,31.0,31.288,30.631,30.688,30.5909,356253000,-0.015653
2023-05-24,NVDA,30.21,30.607,29.806,30.538,30.4414,721419000,-0.004888
2023-05-25,NVDA,38.523,39.48,36.635,37.98,37.8599,1543911000,0.243696
2023-05-26,NVDA,37.89,39.17,37.55,38.946,38.8228,714397000,0.025434
2023-05-30,NVDA,40.595,41.938,39.949,40.111,39.9841,923401000,0.029913
2023-05-31,NVDA,39.488,40.295,37.822,37.834,37.7143,1002580000,-0.056767
2023-06-01,NVDA,38.489,40.05,38.34,39.77,39.6442,635873000,0.051171
2023-06-02,NVDA,40.097,40.5,39.058,39.327,39.2026,482731000,-0.011139
2023-06-05,NVDA,38.909,39.565,38.707,39.171,39.0471,396094000,-0.003967
2023-06-06,NVDA,38.83,39.16,38.148,38.654,38.5317,388729000,-0.013199
2023-06-07,NVDA,38.915,39.499,37.356,37.475,37.3603,511998000,-0.030501
2023-06-08,NVDA,37.724,38.864,37.505,38.51,38.3922,417772000,0.027618
2023-06-09,NVDA,39.037,39.711,38.567,38.77,38.6514,427717000,0.006752
2023-06-12,NVDA,39.2,39.53,38.618,39.482,39.3612,388701000,0.018365
2023-06-13,NVDA,40.186,41.101,39.74,41.022,40.8965,613208000,0.039005
2023-06-14,NVDA,40.824,43.0,40.552,42.997,42.8654,740465000,0.048145
2023-06-15,NVDA,42.602,43.289,42.147,42.653,42.5225,568622000,-0.008001
2023-06-16,NVDA,43.45,43.721,42.661,42.692,42.5614,655709000,0.000914
2023-06-20,NVDA,42.998,43.99,42.674,43.808,43.674,451153000,0.026141
2023-06-21,NVDA,43.501,43.615,42.08,43.045,42.9133,551603000,-0.017417
2023-06-22,NVDA,42.253,43.426,42.234,43.025,42.8934,417737000,-0.000465
2023-06-23,NVDA,42.464,42.809,42.015,42.209,42.0799,358140000,-0.018966
2023-06-26,NVDA,42.461,42.764,40.1,40.632,40.5077,594322000,-0.037362
2023-06-27,NVDA,40.799,41.94,40.448,41.876,41.7479,462175000,0.030616
2023-06-28,NVDA,40.66,41.845,40.518,41.117,40.9912,582639000,-0.018125
2023-06-29,NVDA,41.558,41.6,40.6,40.822,40.6971,380514000,-0.007175
2023-06-30,NVDA,41.68,42.55,41.501,42.302,42.1726,501148000,0.036255
2023-07-03,NVDA,42.517,42.898,42.202,42.413,42.2832,198209000,0.002624
2023-07-05,NVDA,42.135,43.177,42.085,42.317,42.1875,323618000,-0.002263
2023-07-06,NVDA,41.844,42.179,41.346,42.103,41.9742,303582000,-0.005057
2023-07-07,NVDA,42.322,43.214,42.18,42.503,42.373,355881000,0.0095
2023-07-10,NVDA,42.657,42.811,41.649,42.18,42.0509,353908000,-0.007599
2023-07-11,NVDA,42.481,42.758,42.067,42.405,42.2752,298244000,0.005334
2023-07-12,NVDA,43.033,43.935,42.777,43.902,43.7677,481277000,0.035302
2023-07-13,NVDA,44.518,46.155,44.492,45.977,45.8363,478204000,0.047264
2023-07-14,NVDA,46.583,48.088,45.06,45.469,45.3299,772075000,-0.011049
2023-07-17,NVDA,46.289,46.496,45.262,46.461,46.3188,510488000,0.021817
2023-07-18,NVDA,46.701,47.896,45.734,47.494,47.3487,569164000,0.022234
2023-07-19,NVDA,47.464,47.818,46.742,47.077,46.9329,427502000,-0.00878
2023-07-20,NVDA,46.507,47.087,45.062,45.52,45.3807,537865000,-0.033073
2023-07-21,NVDA,45.788,45.866,44.1,44.309,44.1734,963769000,-0.026604
2023-07-24,NVDA,44.731,45.109,44.04,44.612,44.4755,382516000,0.006838
2023-07-25,NVDA,44.941,46.183,44.923,45.679,45.5392,348081000,0.023917
2023-07-26,NVDA,46.021,46.053,44.63,45.452,45.3129,364237000,-0.004969
2023-07-27,NVDA,46.519,47.395,45.75,45.9,45.7596,455976000,0.009857
2023-07-28,NVDA,46.668,47.027,46.381,46.75,46.607,331194000,0.018518
2023-07-31,NVDA,46.754,47.13,46.506,46.729,46.586,251055000,-0.000449
2023-08-01,NVDA,46.46,46.9,46.027,46.507,46.3647,237858000,-0.004751
2023-08-02,NVDA,45.831,45.84,43.387,44.269,44.1335,530142000,-0.048122
2023-08-03,NVDA,43.8,45.118,43.8,44.515,44.3788,324176000,0.005557
2023-08-04,NVDA,44.985,45.642,44.393,44.68,44.5433,362666000,0.003707
2023-08-07,NVDA,45.111,45.54,44.563,45.417,45.278,322154000,0.016495
2023-08-08,NVDA,44.853,45.242,44.056,44.664,44.5273,353843000,-0.01658
2023-08-09,NVDA,44.274,44.312,42.134,42.554,42.4238,586449000,-0.047242
2023-08-10,NVDA,42.16,43.574,41.835,42.388,42.2583,492705000,-0.003901
2023-08-11,NVDA,41.751,42.018,40.639,40.855,40.73,533085000,-0.036166
2023-08-14,NVDA,40.486,43.8,40.311,43.753,43.6191,690286000,0.070934
2023-08-15,NVDA,44.56,45.268,43.71,43.94,43.8055,676512000,0.004274
2023-08-16,NVDA,44.52,44.675,43.406,43.486,43.3529,527451000,-0.010332
2023-08-17,NVDA,43.97,44.062,43.001,43.344,43.2114,452395000,-0.003265
2023-08-18,NVDA,42.635,43.578,41.66,43.299,43.1665,583768000,-0.001038
2023-08-21,NVDA,44.494,47.065,44.222,46.967,46.8233,692573000,0.084713
2023-08-22,NVDA,48.135,48.187,45.333,45.668,45.5283,755293000,-0.027658
2023-08-23,NVDA,45.866,47.2,45.208,47.116,46.9718,779046000,0.031707
2023-08-24,NVDA,50.216,50.266,47.159,47.163,47.0187,1156044000,0.000997
2023-08-25,NVDA,47.012,47.805,45.024,46.018,45.8772,925341000,-0.024277
2023-08-28,NVDA,46.482,46.98,44.888,46.835,46.6917,685192000,0.017754
2023-08-29,NVDA,46.666,49.081,46.391,48.784,48.6347,701397000,0.041614
2023-08-30,NVDA,49.044,49.927,48.425,49.264,49.1133,735206000,0.009839
2023-08-31,NVDA,49.38,49.744,48.958,49.355,49.204,528570000,0.001847
2023-09-01,NVDA,49.762,49.8,48.142,48.509,48.3606,463830000,-0.017141
2023-09-05,NVDA,48.223,48.851,47.86,48.548,48.3995,382653000,0.000804
2023-09-06,NVDA,48.441,48.549,46.58,47.061,46.9209,468670000,-0.030629
2023-09-07,NVDA,45.525,46.344,45.152,46.241,46.1033,433330000,-0.017424
2023-09-08,NVDA,45.942,46.606,45.271,45.572,45.4363,473069000,-0.014468
2023-09-11,NVDA,46.148,46.163,44.312,45.178,45.0435,473966000,-0.008646
2023-09-12,NVDA,44.738,45.673,44.531,44.87,44.7364,349256000,-0.006818
2023-09-13,NVDA,44.6,45.93,44.503,45.485,45.3496,398355000,0.013706
2023-09-14,NVDA,45.95,45.987,45.131,45.581,45.4453,370097000,0.002111
2023-09-15,NVDA,45.341,45.599,43.808,43.9,43.7693,506831000,-0.036879
2023-09-18,NVDA,42.748,44.242,42.0,43.966,43.8351,500271000,0.001503
2023-09-19,NVDA,43.833,43.966,43.002,43.52,43.3904,373064000,-0.010144
2023-09-20,NVDA,43.6,43.903,42.223,42.239,42.1132,367108000,-0.029435
2023-09-21,NVDA,41.583,42.1,40.98,41.017,40.8949,450736000,-0.028931
2023-09-22,NVDA,41.572,42.115,41.231,41.61,41.4861,479236000,0.014457
2023-09-25,NVDA,41.591,42.536,41.177,42.222,42.0963,419091000,0.014708
2023-09-26,NVDA,42.001,42.82,41.655,41.911,41.7862,402282000,-0.007366
2023-09-27,NVDA,42.33,42.872,41.629,42.468,42.3415,444935000,0.01329
2023-09-28,NVDA,42.46,43.446,42.115,43.089,42.9607,424663000,0.014623
2023-09-29,NVDA,43.827,44.144,43.307,43.499,43.3695,397830000,0.009515
2023-10-02,NVDA,44.03,45.175,43.861,44.782,44.6487,433298000,0.029495
2023-10-03,NVDA,44.808,45.13,43.246,43.517,43.3874,470850000,-0.028248
2023-10-04,NVDA,43.742,44.143,43.292,44.041,43.9099,361821000,0.012041
2023-10-05,NVDA,44.05,44.9,43.888,44.688,44.5549,393483000,0.014691
2023-10-06,NVDA,44.193,45.789,44.026,45.762,45.6257,434436000,0.024033
2023-10-09,NVDA,44.842,45.605,44.368,45.273,45.1382,409675000,-0.010686
2023-10-10,NVDA,45.31,46.259,45.088,45.798,45.6616,368582000,0.011596
2023-10-11,NVDA,46.196,46.859,46.05,46.806,46.6666,378137000,0.02201
2023-10-12,NVDA,46.777,47.609,46.33,46.945,46.8052,481325000,0.00297
2023-10-13,NVDA,46.96,47.116,45.28,45.461,45.3256,474115000,-0.031611
2023-10-16,NVDA,45.063,46.225,44.912,46.095,45.9577,375099000,0.013946
2023-10-17,NVDA,44.0,44.754,42.48,43.938,43.8072,812333000,-0.046795
2023-10-18,NVDA,42.591,43.219,41.825,42.196,42.0704,627294000,-0.039647
2023-10-19,NVDA,42.811,43.297,41.882,42.101,41.9756,501233000,-0.002251
2023-10-20,NVDA,41.89,42.47,41.078,41.387,41.2638,477266000,-0.016959
2023-10-23,NVDA,41.229,43.248,40.945,42.975,42.847,478530000,0.038369
2023-10-24,NVDA,43.077,43.697,42.691,43.663,43.533,401463000,0.016009
2023-10-25,NVDA,43.398,43.65,41.555,41.779,41.6546,398379000,-0.043149
2023-10-26,NVDA,41.853,42.256,39.88,40.326,40.2059,541001000,-0.034778
2023-10-27,NVDA,41.13,41.206,40.015,40.5,40.3794,416784000,0.004315
2023-10-30,NVDA,41.087,41.766,40.481,41.161,41.0384,388028000,0.016321
2023-10-31,NVDA,40.45,40.879,39.23,40.78,40.6586,517969000,-0.009256
2023-11-01,NVDA,40.884,42.381,40.869,42.325,42.199,437593000,0.037886
2023-11-02,NVDA,43.328,43.884,42.894,43.506,43.3765,409172000,0.027903
2023-11-03,NVDA,44.02,45.309,43.723,45.005,44.871,424610000,0.034455
2023-11-06,NVDA,45.285,45.935,44.899,45.751,45.6148,400733000,0.016576
2023-11-07,NVDA,45.719,46.218,45.158,45.955,45.8182,343165000,0.004459
2023-11-08,NVDA,46.1,46.867,45.968,46.574,46.4353,346719000,0.01347
2023-11-09,NVDA,47.467,48.23,46.75,46.95,46.8102,540496000,0.008073
2023-11-10,NVDA,47.5,48.472,47.283,48.335,48.1911,421245000,0.029499
2023-11-13,NVDA,48.32,49.116,48.099,48.62,48.4752,384136000,0.005896
2023-11-14,NVDA,49.68,49.834,49.04,49.656,49.5081,416954000,0.021308
2023-11-15,NVDA,49.935,49.96,48.2,48.888,48.7424,475497000,-0.015466
2023-11-16,NVDA,48.679,49.525,48.33,49.48,49.3327,339756000,0.012109
2023-11-17,NVDA,49.524,49.717,49.007,49.298,49.1512,325205000,-0.003678
2023-11-20,NVDA,49.312,50.548,49.181,50.409,50.2589,414120000,0.022536
2023-11-21,NVDA,50.126,50.517,49.222,49.944,49.7953,565747000,-0.009225
2023-11-22,NVDA,49.852,50.335,47.69,48.716,48.5709,899420000,-0.024588
2023-11-24,NVDA,48.47,48.921,47.745,47.776,47.6337,294645000,-0.019295
2023-11-27,NVDA,47.8,48.53,47.652,48.242,48.0983,395662000,0.009754
2023-11-28,NVDA,48.236,48.323,47.473,47.821,47.6786,401491000,-0.008727
2023-11-29,NVDA,48.379,48.762,47.86,48.14,47.9967,382005000,0.006671
2023-11-30,NVDA,48.024,48.11,46.422,46.77,46.6307,526247000,-0.028459
2023-12-01,NVDA,46.525,47.2,46.187,46.765,46.6257,369317000,-0.000107
2023-12-04,NVDA,46.077,46.077,45.01,45.51,45.3745,437543000,-0.026836
2023-12-05,NVDA,45.466,46.6,45.271,46.566,46.4314,371718000,0.023204
2023-12-06,NVDA,47.215,47.387,45.412,45.503,45.3715,380590000,-0.022828
2023-12-07,NVDA,45.7,46.629,45.604,46.596,46.4613,350823000,0.02402
2023-12-08,NVDA,46.595,47.741,46.55,47.506,47.3687,359224000,0.01953
2023-12-11,NVDA,47.491,47.531,45.83,46.627,46.4922,509728000,-0.018503
2023-12-12,NVDA,46.046,47.666,46.046,47.657,47.5193,372387000,0.02209
2023-12-13,NVDA,47.629,48.594,47.608,48.088,47.949,447792000,0.009044
2023-12-14,NVDA,48.39,48.67,47.422,48.35,48.2103,391232000,0.005448
2023-12-15,NVDA,48.194,49.404,48.12,48.89,48.7487,479948000,0.011169
2023-12-18,NVDA,49.4,50.433,49.15,50.077,49.9323,412587000,0.024279
2023-12-19,NVDA,49.424,49.7,48.895,49.604,49.4606,464444000,-0.009445
2023-12-20,NVDA,49.655,49.999,48.098,48.111,47.972,397894000,-0.030098
2023-12-21,NVDA,48.811,49.095,48.419,48.99,48.8484,300425000,0.01827
2023-12-22,NVDA,49.195,49.383,48.467,48.83,48.6889,252507000,-0.003266
2023-12-26,NVDA,48.968,49.6,48.96,49.279,49.1366,244200000,0.009195
2023-12-27,NVDA,49.511,49.68,49.085,49.417,49.2742,233648000,0.0028
2023-12-28,NVDA,49.643,49.884,49.412,49.522,49.3789,246587000,0.002125
2023-12-29,NVDA,49.813,49.997,48.751,49.522,49.3789,389293000,0.0
2024-01-02,NVDA,49.244,49.295,47.595,48.168,48.0288,411254000,-0.027341
2024-01-03,NVDA,47.485,48.184,47.32,47.569,47.4315,320896000,-0.012436
2024-01-04,NVDA,47.767,48.5,47.508,47.998,47.8593,306535000,0.009018
2024-01-05,NVDA,48.462,49.547,48.306,49.097,48.9551,415039000,0.022897
2024-01-08,NVDA,49.512,52.275,49.479,52.253,52.102,642510000,0.064281
2024-01-09,NVDA,52.401,54.325,51.69,53.14,52.9864,773100000,0.016975
2024-01-10,NVDA,53.616,54.6,53.489,54.35,54.1929,533796000,0.02277
2024-01-11,NVDA,54.999,55.346,53.56,54.822,54.6636,596759000,0.008684
2024-01-12,NVDA,54.62,54.97,54.33,54.71,54.5519,352994000,-0.002043
2024-01-16,NVDA,55.018,56.835,54.9,56.382,56.219,449580000,0.030561
2024-01-17,NVDA,56.347,56.471,54.74,56.053,55.891,474394000,-0.005835
2024-01-18,NVDA,57.26,57.6,56.107,57.107,56.942,491650000,0.018804
2024-01-19,NVDA,57.989,59.5,57.225,59.491,59.3191,543501000,0.041746
2024-01-22,NVDA,60.049,60.331,59.07,59.654,59.4816,452955000,0.00274
2024-01-23,NVDA,59.57,59.91,58.585,59.873,59.7,294654000,0.003671
2024-01-24,NVDA,60.304,62.849,59.938,61.362,61.1847,560271000,0.024869
2024-01-25,NVDA,62.35,62.719,60.85,61.617,61.4389,482777000,0.004156
2024-01-26,NVDA,60.96,61.783,60.573,61.031,60.8546,390309000,-0.00951
2024-01-29,NVDA,61.232,62.489,60.907,62.465,62.2845,348733000,0.023496
2024-01-30,NVDA,62.9,63.493,62.26,62.774,62.5926,410735000,0.004947
2024-01-31,NVDA,61.44,62.269,60.7,61.527,61.3492,453795000,-0.019865
2024-02-01,NVDA,62.1,63.191,61.65,63.027,62.8448,369146000,0.02438
2024-02-02,NVDA,63.974,66.6,63.69,66.16,65.9688,476578000,0.049709
2024-02-05,NVDA,68.225,69.497,67.205,69.332,69.1316,680078000,0.047944
2024-02-06,NVDA,69.63,69.754,66.3,68.223,68.0258,683111000,-0.015996
2024-02-07,NVDA,68.319,70.22,67.6,70.099,69.8964,495575000,0.027498
2024-02-08,NVDA,70.074,70.794,69.455,69.641,69.4397,414422000,-0.006534
2024-02-09,NVDA,70.533,72.185,70.212,72.133,71.9245,436637000,0.035784
2024-02-12,NVDA,72.6,74.611,71.25,72.248,72.0392,613710000,0.001594
2024-02-13,NVDA,70.4,73.45,69.62,72.128,71.9195,602580000,-0.001661
2024-02-14,NVDA,73.202,74.236,71.938,73.9,73.6864,504917000,0.024567
2024-02-15,NVDA,73.869,73.975,72.4,72.658,72.448,420122000,-0.016807
2024-02-16,NVDA,74.1,74.402,72.501,72.613,72.4031,495327000,-0.000619
2024-02-20,NVDA,71.947,71.956,67.734,69.452,69.2513,704833000,-0.043532
2024-02-21,NVDA,68.006,68.888,66.248,67.472,67.277,673755000,-0.028509
2024-02-22,NVDA,75.025,78.575,74.22,78.538,78.311,865100000,0.164009
2024-02-23,NVDA,80.79,82.394,77.57,78.817,78.5892,829388000,0.003552
2024-02-26,NVDA,79.7,80.646,78.505,79.092,78.8634,503973000,0.003489
2024-02-27,NVDA,79.381,79.48,77.162,78.701,78.4735,391705000,-0.004944
2024-02-28,NVDA,77.62,78.933,77.125,77.663,77.4386,393110000,-0.013189
2024-02-29,NVDA,79.094,79.99,78.35,79.112,78.8834,507289000,0.018658
2024-03-01,NVDA,80.0,82.3,79.435,82.279,82.0412,479135000,0.040032
2024-03-04,NVDA,84.13,87.695,83.719,85.237,84.9907,615616000,0.035951
2024-03-05,NVDA,85.27,86.097,83.417,85.964,85.7196,520639000,0.008529
2024-03-06,NVDA,88.022,89.724,87.03,88.7,88.4478,582520000,0.031827
2024-03-07,NVDA,90.158,92.767,89.602,92.669,92.4055,608119000,0.044746
2024-03-08,NVDA,95.138,97.4,86.506,87.528,87.2791,1142269000,-0.055477
2024-03-11,NVDA,86.429,88.797,84.166,85.774,85.5301,678364000,-0.020039
2024-03-12,NVDA,88.049,91.96,86.15,91.913,91.6517,668075000,0.071572
2024-03-13,NVDA,91.055,91.504,88.435,90.888,90.6296,635713000,-0.011152
2024-03-14,NVDA,89.577,90.646,86.6,87.944,87.694,602318000,-0.032392
2024-03-15,NVDA,86.93,89.546,86.257,87.837,87.5873,642086000,-0.001217
2024-03-18,NVDA,90.388,92.405,87.085,88.455,88.2035,668976000,0.007036
2024-03-19,NVDA,86.7,90.544,85.01,89.398,89.1438,672171000,0.010661
2024-03-20,NVDA,89.797,90.41,88.223,90.372,90.115,479063000,0.010895
2024-03-21,NVDA,92.3,92.648,90.405,91.435,91.175,480372000,0.011762
2024-03-22,NVDA,91.141,94.778,90.834,94.289,94.0209,586719000,0.031213
2024-03-25,NVDA,93.941,96.766,93.51,95.002,94.7319,552136000,0.007562
2024-03-26,NVDA,95.851,96.375,92.502,92.561,92.2978,513648000,-0.025694
2024-03-27,NVDA,93.112,93.24,89.123,90.25,89.9934,586067000,-0.024967
2024-03-28,NVDA,90.0,91.3,89.193,90.356,90.0991,435212000,0.001175
2024-04-01,NVDA,90.299,92.225,89.204,90.363,90.1061,452441000,7.7e-05
2024-04-02,NVDA,88.448,90.094,87.62,89.452,89.1977,433064000,-0.010082
2024-04-03,NVDA,88.484,90.374,88.4,88.964,88.711,370067000,-0.005456
2024-04-04,NVDA,90.406,90.634,85.88,85.905,85.6607,434965000,-0.034385
2024-04-05,NVDA,86.866,88.481,85.926,88.008,87.7578,399678000,0.024481
2024-04-08,NVDA,88.7,88.83,86.732,87.133,86.8853,283220000,-0.009942
2024-04-09,NVDA,87.442,87.635,83.022,85.354,85.1113,501700000,-0.020417
2024-04-10,NVDA,83.926,87.4,83.709,87.039,86.7915,431929000,0.019741
2024-04-11,NVDA,87.42,90.739,86.926,90.616,90.3584,431637000,0.041096
2024-04-12,NVDA,89.699,90.175,87.53,88.186,87.9353,426805000,-0.026816
2024-04-15,NVDA,89.098,90.613,85.929,86.001,85.7565,443077000,-0.024777
2024-04-16,NVDA,86.433,88.118,86.064,87.415,87.1665,370453000,0.016442
2024-04-17,NVDA,88.34,88.775,83.95,84.035,83.7961,495400000,-0.038666
2024-04-18,NVDA,84.97,86.19,82.402,84.671,84.4303,447260000,0.007568
2024-04-19,NVDA,83.15,84.324,75.606,76.2,75.9833,875198000,-0.100046
2024-04-22,NVDA,78.104,80.073,76.4,79.518,79.2919,596341000,0.043543
2024-04-23,NVDA,80.769,82.769,80.264,82.423,82.1887,438559000,0.036533
2024-04-24,NVDA,83.95,84.082,79.183,79.677,79.4505,512208000,-0.033316
2024-04-25,NVDA,78.868,83.323,78.223,82.632,82.397,424641000,0.037087
2024-04-26,NVDA,83.818,88.331,83.387,87.735,87.4855,551011000,0.061756
2024-04-29,NVDA,87.595,87.992,85.266,87.757,87.5075,388971000,0.000251
2024-04-30,NVDA,87.24,88.819,86.3,86.402,86.1563,363709000,-0.01544
2024-05-01,NVDA,85.077,86.0,81.255,83.041,82.8049,559863000,-0.0389
2024-05-02,NVDA,84.449,86.237,83.2,85.817,85.573,377898000,0.033429
2024-05-03,NVDA,87.789,89.281,87.04,88.789,88.5365,398341000,0.034632
2024-05-06,NVDA,89.39,92.22,89.055,92.14,91.878,376203000,0.037741
2024-05-07,NVDA,91.098,91.781,89.011,90.554,90.2965,437342000,-0.017213
2024-05-08,NVDA,89.483,91.194,89.42,90.412,90.1549,325721000,-0.001568
2024-05-09,NVDA,90.529,91.072,88.231,88.747,88.4947,378013000,-0.018416
2024-05-10,NVDA,90.305,91.401,89.227,89.878,89.6225,335325000,0.012744
2024-05-13,NVDA,90.478,90.998,88.529,90.399,90.142,289680000,0.005797
2024-05-14,NVDA,89.599,91.651,88.934,91.356,91.0963,296507000,0.010586
2024-05-15,NVDA,92.472,94.862,91.599,94.63,94.361,417735000,0.035838
2024-05-16,NVDA,94.91,95.819,94.103,94.359,94.0907,323952000,-0.002864
2024-05-17,NVDA,94.369,94.74,91.806,92.479,92.2161,359691000,-0.019924
2024-05-20,NVDA,93.75,95.2,93.44,94.78,94.5105,318764000,0.024881
2024-05-21,NVDA,93.599,95.4,93.18,95.386,95.1148,328946000,0.006394
2024-05-22,NVDA,95.459,96.02,93.249,94.95,94.68,548648000,-0.004571
2024-05-23,NVDA,102.028,106.32,101.52,103.799,103.5039,835065000,0.093196
2024-05-24,NVDA,104.449,106.475,103.0,106.469,106.1663,429494000,0.025723
2024-05-28,NVDA,110.244,114.939,109.883,113.901,113.5772,652728000,0.069804
2024-05-29,NVDA,113.05,115.492,110.901,114.825,114.4985,557442000,0.008112
2024-05-30,NVDA,114.65,115.819,109.663,110.5,110.1858,484553000,-0.037666
2024-05-31,NVDA,112.52,112.717,106.94,109.633,109.3213,613263000,-0.007846
2024-06-03,NVDA,113.621,115.0,112.003,115.0,114.673,438392000,0.048954
2024-06-04,NVDA,115.716,116.6,114.045,116.437,116.1059,403324000,0.012496
2024-06-05,NVDA,118.371,122.449,117.468,122.44,122.0919,528402000,0.051556
2024-06-06,NVDA,124.048,125.587,118.32,120.998,120.654,664696000,-0.011777
2024-06-07,NVDA,119.77,121.692,118.022,120.888,120.5443,412386000,-0.000909
2024-06-10,NVDA,120.37,123.1,117.01,121.79,121.4437,313434100,0.007461
2024-06-11,NVDA,121.77,122.87,118.74,120.91,120.5761,222551200,-0.007226
2024-06-12,NVDA,123.06,126.88,122.57,125.2,124.8543,299595000,0.035481
2024-06-13,NVDA,129.39,129.8,127.16,129.61,129.2521,260704500,0.035224
2024-06-14,NVDA,129.96,132.84,128.32,131.88,131.5158,309320400,0.017514
2024-06-17,NVDA,132.99,133.73,129.58,130.98,130.6183,288504400,-0.006824
2024-06-18,NVDA,131.14,136.33,130.69,135.58,135.2056,294335100,0.03512
2024-06-20,NVDA,139.8,140.76,129.52,130.78,130.4189,517768400,-0.035403
2024-06-21,NVDA,127.12,130.63,124.3,126.57,126.2205,649445800,-0.032191
2024-06-24,NVDA,123.24,124.46,118.04,118.11,117.7839,476060900,-0.06684
2024-06-25,NVDA,121.2,126.5,119.32,126.09,125.7418,414192600,0.067564
2024-06-26,NVDA,126.13,128.12,122.6,126.4,126.051,362975900,0.002459
2024-06-27,NVDA,124.1,126.41,122.92,123.99,123.6476,252571700,-0.019066
2024-06-28,NVDA,124.58,127.71,122.75,123.54,123.1989,315516700,-0.003629
2024-07-01,NVDA,123.47,124.84,118.83,124.3,123.9568,284885500,0.006152
2024-07-02,NVDA,121.13,123.41,121.03,122.67,122.3313,218374000,-0.013113
2024-07-03,NVDA,121.66,128.28,121.36,128.28,127.9258,215749000,0.045732
2024-07-05,NVDA,127.38,128.85,125.68,125.83,125.4826,214176700,-0.019099
2024-07-08,NVDA,127.49,130.77,127.04,128.2,127.846,237677300,0.018835
2024-07-09,NVDA,130.35,133.82,128.65,131.38,131.0172,285366600,0.024805
2024-07-10,NVDA,134.03,135.1,132.42,134.91,134.5375,248978600,0.026869
2024-07-11,NVDA,135.75,136.15,127.05,127.4,127.0482,374782700,-0.055667
2024-07-12,NVDA,128.26,131.92,127.22,129.24,128.8831,252680500,0.014443
2024-07-15,NVDA,130.56,131.39,127.18,128.44,128.0854,208326200,-0.00619
2024-07-16,NVDA,128.44,129.04,124.58,126.36,126.0111,214769500,-0.016194
2024-07-17,NVDA,121.35,121.85,116.72,117.99,117.6642,390086200,-0.066239
2024-07-18,NVDA,121.85,122.4,116.56,121.09,120.7556,320979500,0.026273
2024-07-19,NVDA,120.35,121.6,117.37,117.93,117.6044,217223800,-0.026096
2024-07-22,NVDA,120.35,124.07,119.86,123.54,123.1989,258068900,0.047571
2024-07-23,NVDA,122.78,124.69,122.1,122.59,122.2515,173911000,-0.00769
2024-07-24,NVDA,119.17,119.95,113.44,114.25,113.9345,327776900,-0.068032
2024-07-25,NVDA,113.04,116.63,106.3,112.28,111.97,460067000,-0.017243
2024-07-26,NVDA,116.19,116.2,111.58,113.06,112.7478,293399100,0.006947
2024-07-29,NVDA,113.69,116.28,111.3,111.59,111.2819,248152100,-0.013002
2024-07-30,NVDA,111.52,111.99,102.54,103.73,103.4436,486833300,-0.070436
2024-07-31,NVDA,112.9,118.34,110.88,117.02,116.6969,473174200,0.128121
2024-08-01,NVDA,117.53,120.16,106.81,109.21,108.9084,523462300,-0.066741
2024-08-02,NVDA,103.76,108.72,101.37,107.27,106.9738,482027500,-0.017764
2024-08-05,NVDA,92.06,103.41,90.69,100.45,100.1726,552842400,-0.063578
2024-08-06,NVDA,103.84,107.71,100.55,104.25,103.9621,409012100,0.03783
2024-08-07,NVDA,107.81,108.8,98.69,98.91,98.6369,411440400,-0.051223
2024-08-08,NVDA,102.0,105.5,97.52,104.97,104.6801,391910000,0.061268
2024-08-09,NVDA,105.64,106.6,103.43,104.75,104.4607,290844200,-0.002096
2024-08-12,NVDA,106.32,111.07,106.26,109.02,108.719,325559900,0.040764
2024-08-13,NVDA,112.44,116.23,111.58,116.14,115.8193,312646700,0.065309
2024-08-14,NVDA,118.53,118.6,114.07,118.08,117.7539,339246400,0.016704
2024-08-15,NVDA,118.76,123.24,117.47,122.86,122.5207,318086700,0.040481
2024-08-16,NVDA,121.94,125.0,121.18,124.58,124.236,302589900,0.014
2024-08-19,NVDA,124.28,130.0,123.42,130.0,129.641,318333600,0.043506
2024-08-20,NVDA,128.4,129.88,125.89,127.25,126.8986,300087400,-0.021154
2024-08-21,NVDA,127.32,129.35,126.66,128.5,128.1451,257883600,0.009823
2024-08-22,NVDA,130.02,130.75,123.1,123.74,123.3983,376189100,-0.037043
2024-08-23,NVDA,125.86,129.6,125.22,129.37,129.0128,323230300,0.045499
2024-08-26,NVDA,129.57,131.26,124.37,126.46,126.1108,331964700,-0.022494
2024-08-27,NVDA,125.05,129.2,123.88,128.3,127.9457,303134600,0.01455
2024-08-28,NVDA,128.12,128.33,122.64,125.61,125.2631,448101100,-0.020967
2024-08-29,NVDA,121.36,124.43,116.71,117.59,117.2653,453023300,-0.063848
2024-08-30,NVDA,119.53,121.75,117.22,119.37,119.0404,333751600,0.015137
2024-09-03,NVDA,116.01,116.21,107.29,108.0,107.7018,477155100,-0.09525
2024-09-04,NVDA,105.41,113.27,104.12,106.21,105.9167,372470300,-0.016574
2024-09-05,NVDA,104.99,109.65,104.76,107.21,106.914,306850700,0.009415
2024-09-06,NVDA,108.04,108.15,100.95,102.83,102.546,413638100,-0.040854
2024-09-09,NVDA,104.88,106.55,103.69,106.47,106.176,273912000,0.035398
2024-09-10,NVDA,107.81,109.4,104.95,108.1,107.8015,268283700,0.015309
2024-09-11,NVDA,109.39,117.19,107.42,116.91,116.5872,441422400,0.081499
2024-09-12,NVDA,116.84,120.79,115.38,119.14,118.8212,366052700,0.019074
2024-09-13,NVDA,119.08,119.96,117.6,119.1,118.7813,238358300,-0.000336
2024-09-16,NVDA,116.79,118.18,114.36,116.78,116.4675,248772300,-0.019479
2024-09-17,NVDA,118.17,118.8,114.83,115.59,115.2807,231925900,-0.01019
2024-09-18,NVDA,115.89,117.7,113.22,113.37,113.0666,310318900,-0.019206
2024-09-19,NVDA,117.35,119.66,117.25,117.87,117.5546,293506400,0.039693
2024-09-20,NVDA,117.06,118.62,115.39,116.0,115.6896,382462400,-0.015865
2024-09-23,NVDA,116.55,116.99,114.86,116.26,115.9489,206228500,0.002241
2024-09-24,NVDA,116.52,121.8,115.38,120.87,120.5465,354966800,0.039653
2024-09-25,NVDA,122.02,124.94,121.61,123.51,123.1795,284692900,0.021842
2024-09-26,NVDA,126.8,127.67,121.8,124.04,123.7081,302582900,0.004291
2024-09-27,NVDA,123.97,124.03,119.26,121.4,121.0751,271009200,-0.021283
2024-09-30,NVDA,118.31,121.5,118.15,121.44,121.115,226553700,0.000329
2024-10-01,NVDA,121.77,122.44,115.79,117.0,116.6869,302094500,-0.036561
2024-10-02,NVDA,116.44,119.38,115.14,118.85,118.5319,221845900,0.015812
2024-10-03,NVDA,120.92,124.36,120.34,122.85,122.5212,277118000,0.033656
2024-10-04,NVDA,124.94,125.04,121.83,124.92,124.5857,243678100,0.01685
2024-10-07,NVDA,124.99,130.64,124.95,127.72,127.3782,346250200,0.022414
2024-10-08,NVDA,130.26,133.48,129.42,132.89,132.5344,285722500,0.040479
2024-10-09,NVDA,134.11,134.52,131.38,132.65,132.295,246191600,-0.001806
2024-10-10,NVDA,131.91,135.0,131.0,134.81,134.4492,242311300,0.016283
2024-10-11,NVDA,134.01,135.78,133.66,134.8,134.4393,170209500,-7.4e-05
2024-10-14,NVDA,136.47,139.6,136.3,138.07,137.7005,232347700,0.024258
2024-10-15,NVDA,137.87,138.57,128.74,131.6,131.2478,377831000,-0.04686
2024-10-16,NVDA,133.98,136.62,131.58,135.72,135.3568,264879700,0.031307
2024-10-17,NVDA,139.34,140.89,136.87,136.93,136.5636,306435900,0.008915
2024-10-18,NVDA,138.67,138.9,137.28,138.0,137.6307,176090200,0.007814
2024-10-21,NVDA,138.13,143.71,138.0,143.71,143.3254,264554500,0.041377
2024-10-22,NVDA,142.91,144.42,141.78,143.59,143.2057,226311600,-0.000835
2024-10-23,NVDA,142.03,142.43,137.46,139.56,139.1865,285930000,-0.028066
2024-10-24,NVDA,140.82,141.35,138.46,140.41,140.0343,172354900,0.006091
2024-10-25,NVDA,140.93,144.13,140.8,141.54,141.1612,205122100,0.008048
2024-10-28,NVDA,143.0,143.14,140.05,140.52,140.144,173586700,-0.007206
2024-10-29,NVDA,140.29,142.26,138.9,141.25,140.872,157593600,0.005195
2024-10-30,NVDA,139.54,140.33,136.81,139.34,138.9671,179418100,-0.013522
2024-10-31,NVDA,137.6,137.61,132.11,132.76,132.4047,270039600,-0.047223
2024-11-01,NVDA,134.7,137.31,134.57,135.4,135.0376,207127800,0.019886
2024-11-04,NVDA,137.21,138.96,135.57,136.05,135.6859,187528200,0.004801
2024-11-05,NVDA,137.45,140.37,137.33,139.91,139.5356,160537400,0.028372
2024-11-06,NVDA,142.96,146.49,141.96,145.61,145.2203,242043900,0.04074
2024-11-07,NVDA,146.39,148.93,146.17,148.88,148.4816,207323300,0.022457
2024-11-08,NVDA,148.77,149.77,146.26,147.63,147.2349,175665800,-0.008396
2024-11-11,NVDA,148.68,148.85,143.57,145.26,144.8713,182325600,-0.016054
2024-11-12,NVDA,146.78,149.65,146.01,148.29,147.8931,198634700,0.020859
2024-11-13,NVDA,149.07,149.33,145.9,146.27,145.8786,191903300,-0.013622
2024-11-14,NVDA,147.64,149.0,145.55,146.76,146.3673,194463300,0.00335
2024-11-15,NVDA,144.87,145.24,140.08,141.98,141.6001,250132900,-0.03257
2024-11-18,NVDA,139.5,141.55,137.15,140.15,139.7749,221205300,-0.012889
2024-11-19,NVDA,141.32,147.13,140.99,147.01,146.6166,227834900,0.048948
2024-11-20,NVDA,147.41,147.56,142.73,145.89,145.4996,309871700,-0.007618
2024-11-21,NVDA,149.35,152.89,140.7,146.67,146.2775,400946600,0.005346
2024-11-22,NVDA,145.93,147.16,141.1,141.95,141.5701,236406200,-0.032181
2024-11-25,NVDA,141.99,142.05,135.82,136.02,135.656,344941900,-0.041775
2024-11-26,NVDA,137.7,139.3,135.67,136.92,136.5536,190287700,0.006617
2024-11-27,NVDA,135.01,137.22,131.8,135.34,134.9778,226370900,-0.01154
2024-11-29,NVDA,136.78,139.35,136.05,138.25,137.88,141863200,0.021501
2024-12-02,NVDA,138.83,140.45,137.82,138.63,138.259,171682800,0.002749
2024-12-03,NVDA,138.26,140.54,137.95,140.26,139.8846,164414000,0.011758
2024-12-04,NVDA,142.0,145.79,140.29,145.14,144.7516,231224300,0.034793
2024-12-05,NVDA,145.11,146.54,143.95,145.06,144.6818,172621200,-0.000551
2024-12-06,NVDA,144.6,145.7,141.31,142.44,142.0686,188505600,-0.018061
2024-12-09,NVDA,138.97,139.95,137.13,138.81,138.4481,189308600,-0.025484
2024-12-10,NVDA,139.01,141.82,133.79,135.07,134.7178,210020900,-0.026943
2024-12-11,NVDA,137.36,140.17,135.21,139.31,138.9468,184905200,0.031391
2024-12-12,NVDA,137.08,138.44,135.8,137.34,136.9819,159211400,-0.014141
2024-12-13,NVDA,138.94,139.6,132.54,134.25,133.8999,231514900,-0.022499
2024-12-16,NVDA,134.18,134.4,130.42,132.0,131.6558,237951100,-0.01676
2024-12-17,NVDA,129.09,131.59,126.86,130.39,130.05,259410300,-0.012197
2024-12-18,NVDA,133.86,136.7,128.28,128.91,128.5739,277444500,-0.011351
2024-12-19,NVDA,131.76,134.03,129.55,130.68,130.3393,209719200,0.01373
2024-12-20,NVDA,129.81,135.28,128.22,134.7,134.3488,306528600,0.030762
2024-12-23,NVDA,136.28,139.79,135.12,139.67,139.3058,176053500,0.036897
2024-12-24,NVDA,140.0,141.9,138.65,140.22,139.8544,105157000,0.003938
2024-12-26,NVDA,139.7,140.85,137.73,139.93,139.5652,116205600,-0.002068
2024-12-27,NVDA,138.55,139.02,134.71,137.01,136.6528,170582600,-0.020868
2024-12-30,NVDA,134.83,140.27,134.02,137.49,137.1315,167734700,0.003503
2024-12-31,NVDA,138.03,138.07,133.83,134.29,133.9398,155659200,-0.023275
2025-01-02,NVDA,136.0,138.88,134.63,138.31,137.9494,198247200,0.029935
2025-01-03,NVDA,140.01,144.9,139.73,144.47,144.0933,229322500,0.044538
2025-01-06,NVDA,148.59,152.16,147.82,149.43,149.0404,265377400,0.034332
2025-01-07,NVDA,153.03,153.13,140.01,140.14,139.7746,351782200,-0.06217
2025-01-08,NVDA,142.58,143.95,137.56,140.11,139.7447,227349900,-0.000214
2025-01-10,NVDA,137.45,139.92,134.22,135.91,135.5556,207602500,-0.029976
2025-01-13,NVDA,129.99,133.49,129.51,133.23,132.8826,204808900,-0.019719
2025-01-14,NVDA,136.05,136.38,130.05,131.76,131.4165,195590500,-0.011034
2025-01-15,NVDA,133.65,136.45,131.29,136.24,135.8848,185217300,0.034001
2025-01-16,NVDA,138.64,138.75,133.49,133.57,133.2218,209235600,-0.019598
2025-01-17,NVDA,136.69,138.5,135.46,137.71,137.351,201188800,0.030995
2025-01-21,NVDA,139.16,141.83,137.09,140.83,140.4628,197749000,0.022656
2025-01-22,NVDA,144.66,147.79,143.67,147.07,146.6866,237651400,0.044309
2025-01-23,NVDA,145.05,147.23,143.72,147.22,146.8362,155915500,0.00102
2025-01-24,NVDA,148.37,148.97,141.88,142.62,142.2481,234657600,-0.031246
2025-01-27,NVDA,124.8,128.4,116.7,118.42,118.1112,818830900,-0.169682
2025-01-28,NVDA,121.81,129.0,116.25,128.99,128.6537,579666400,0.089259
2025-01-29,NVDA,126.5,126.89,120.05,123.7,123.3775,467120600,-0.041011
2025-01-30,NVDA,123.1,125.0,118.1,124.65,124.325,392925500,0.00768
2025-01-31,NVDA,123.78,127.85,119.19,120.07,119.7569,388161100,-0.036743
2025-02-03,NVDA,114.75,118.57,113.01,116.66,116.3558,371235700,-0.0284
2025-02-04,NVDA,116.96,121.2,116.7,118.65,118.3406,256550000,0.017058
2025-02-05,NVDA,121.76,125.0,120.76,124.83,124.5045,262230800,0.052086
2025-02-06,NVDA,127.42,128.77,125.21,128.68,128.3445,251483600,0.030842
2025-02-07,NVDA,129.22,130.37,125.0,129.84,129.5014,228186300,0.009015
2025-02-10,NVDA,130.09,135.0,129.96,133.57,133.2218,216989100,0.028728
2025-02-11,NVDA,132.58,134.48,131.02,132.8,132.4538,178902400,-0.005765
2025-02-12,NVDA,130.02,132.24,129.08,131.14,130.7981,160278600,-0.0125
2025-02-13,NVDA,131.56,136.5,131.17,135.29,134.9373,197430000,0.031646
2025-02-14,NVDA,136.48,139.25,135.5,138.85,138.488,195479600,0.026314
2025-02-18,NVDA,141.27,143.44,137.93,139.4,139.0365,219176600,0.003961
2025-02-19,NVDA,139.51,141.36,137.22,139.23,138.867,167536000,-0.001219
2025-02-20,NVDA,140.03,140.66,136.79,140.11,139.7447,143903600,0.006321
2025-02-21,NVDA,140.04,141.46,134.03,134.43,134.0795,228217600,-0.04054
2025-02-24,NVDA,136.56,138.59,130.08,130.28,129.9403,251381100,-0.030871
2025-02-25,NVDA,129.98,130.2,124.44,126.63,126.2998,271428700,-0.028017
2025-02-26,NVDA,129.99,133.73,128.49,131.28,130.9377,322553800,0.036721
2025-02-27,NVDA,135.0,135.01,120.01,120.15,119.8367,443175800,-0.084781
2025-02-28,NVDA,118.02,125.09,116.4,124.92,124.5943,389091100,0.0397
2025-03-03,NVDA,123.51,123.7,112.28,114.06,113.7626,411381400,-0.086936
2025-03-04,NVDA,110.65,119.31,110.11,115.99,115.6876,398163300,0.016921
2025-03-05,NVDA,117.58,118.28,114.51,117.3,116.9942,284337900,0.011294
2025-03-06,NVDA,113.53,115.35,110.22,110.57,110.2817,321181900,-0.057374
2025-03-07,NVDA,111.25,113.48,107.56,112.69,112.3962,341755500,0.019173
2025-03-10,NVDA,109.9,111.85,105.46,106.98,106.7011,366487400,-0.05067
2025-03-11,NVDA,106.99,112.24,104.77,108.76,108.4764,354865700,0.016639
2025-03-12,NVDA,114.12,116.76,112.88,115.74,115.4488,323857500,0.064178
2025-03-13,NVDA,117.03,117.76,113.79,115.58,115.2893,299033100,-0.001382
2025-03-14,NVDA,118.61,121.88,118.15,121.67,121.3639,277593500,0.052691
2025-03-17,NVDA,122.74,122.89,118.03,119.53,119.2293,255501500,-0.017589
2025-03-18,NVDA,118.0,119.02,114.54,115.43,115.1396,299686900,-0.034301
2025-03-19,NVDA,117.27,120.45,115.68,117.52,117.2244,273426200,0.018106
2025-03-20,NVDA,116.55,120.2,116.47,118.53,118.2318,248829700,0.008594
2025-03-21,NVDA,116.94,117.99,115.42,117.7,117.4039,266498500,-0.007002
2025-03-24,NVDA,119.88,122.22,119.34,121.41,121.1046,228452500,0.031521
2025-03-25,NVDA,120.55,121.29,118.92,120.69,120.3864,167447200,-0.00593
2025-03-26,NVDA,118.73,118.84,112.71,113.76,113.4738,293463300,-0.05742
2025-03-27,NVDA,111.35,114.45,110.66,111.43,111.1497,236902100,-0.020482
2025-03-28,NVDA,111.49,112.87,109.07,109.67,109.3941,229872500,-0.015795
2025-03-31,NVDA,105.13,110.96,103.65,108.38,108.1074,299212700,-0.011763
2025-04-01,NVDA,108.52,110.2,106.47,110.15,109.8729,222614000,0.016331
2025-04-02,NVDA,107.29,111.98,106.79,110.42,110.1422,220601200,0.002451
2025-04-03,NVDA,103.51,105.63,101.6,101.8,101.5439,338769400,-0.078066
2025-04-04,NVDA,98.91,100.13,92.11,94.31,94.0728,532273800,-0.073576
2025-04-07,NVDA,87.46,101.75,86.62,97.64,97.3944,611041300,0.035309
2025-04-08,NVDA,103.81,105.85,94.46,96.3,96.0578,476243400,-0.013724
2025-04-09,NVDA,98.89,115.1,97.53,114.33,114.0424,612918300,0.187227
2025-04-10,NVDA,109.37,110.86,99.15,107.57,107.2994,437812400,-0.059127
2025-04-11,NVDA,108.5,111.55,107.48,110.93,110.6509,313417300,0.031235
2025-04-14,NVDA,114.11,114.29,109.07,110.71,110.4315,264705000,-0.001983
2025-04-15,NVDA,110.97,113.62,110.5,112.2,111.9177,228966900,0.013459
2025-04-16,NVDA,104.55,106.79,100.45,104.49,104.2271,397016900,-0.068717
2025-04-17,NVDA,104.45,104.47,100.05,101.49,101.2347,292517500,-0.028711
2025-04-21,NVDA,98.77,99.44,95.04,96.91,96.6662,288501100,-0.045128
2025-04-22,NVDA,98.78,99.81,97.28,98.89,98.6412,241004800,0.020431
2025-04-23,NVDA,104.52,104.8,102.02,102.71,102.4516,247526000,0.038629
2025-04-24,NVDA,103.48,106.54,103.11,106.43,106.1623,220815000,0.036218
2025-04-25,NVDA,106.85,111.92,105.73,111.01,110.7307,251064700,0.043033
2025-04-28,NVDA,109.69,110.37,106.02,108.73,108.4565,207708500,-0.020539
2025-04-29,NVDA,107.67,110.2,107.44,109.02,108.7457,170444300,0.002667
2025-04-30,NVDA,104.47,108.92,104.08,108.92,108.646,235044600,-0.000917
2025-05-01,NVDA,113.08,114.94,111.3,111.61,111.3292,236121500,0.024697
2025-05-02,NVDA,114.18,115.4,113.37,114.5,114.212,190194800,0.025894
2025-05-05,NVDA,112.91,114.67,112.66,113.82,113.5337,133163200,-0.005939
2025-05-06,NVDA,111.48,114.74,110.82,113.54,113.2544,158525600,-0.00246
2025-05-07,NVDA,113.05,117.68,112.28,117.06,116.7655,206758800,0.031002
2025-05-08,NVDA,118.25,118.68,115.85,117.37,117.0747,198428100,0.002648
2025-05-09,NVDA,117.35,118.23,115.21,116.65,116.3566,132972200,-0.006134
2025-05-12,NVDA,121.97,123.0,120.28,123.0,122.6906,225023300,0.054436
2025-05-13,NVDA,124.98,131.22,124.47,129.93,129.6031,330430100,0.056341
2025-05-14,NVDA,133.2,135.44,131.68,135.34,134.9995,281180800,0.041638
2025-05-15,NVDA,134.29,136.3,132.66,134.83,134.4908,226632600,-0.003768
2025-05-16,NVDA,136.22,136.35,133.46,135.4,135.0594,226542500,0.004227
2025-05-19,NVDA,132.39,135.87,132.39,135.57,135.229,193154600,0.001256
2025-05-20,NVDA,134.29,134.58,132.62,134.38,134.042,161514200,-0.008778
2025-05-21,NVDA,133.06,137.4,130.59,131.8,131.4685,270608700,-0.019199
2025-05-22,NVDA,132.23,134.25,131.55,132.83,132.4958,187344000,0.007815
2025-05-23,NVDA,130.0,132.68,129.16,131.29,130.9597,198821300,-0.011594
2025-05-27,NVDA,134.15,135.66,133.31,135.5,135.1592,192953600,0.032066
2025-05-28,NVDA,136.03,137.25,134.79,134.81,134.4709,304021100,-0.005092
2025-05-29,NVDA,142.25,143.49,137.91,139.19,138.8398,369241900,0.03249
2025-05-30,NVDA,138.72,139.62,132.92,135.13,134.7901,333170900,-0.029169
2025-06-02,NVDA,135.49,138.12,135.4,137.38,137.0344,197663100,0.016651
2025-06-03,NVDA,138.78,142.0,137.95,141.22,140.8647,225578800,0.027952
2025-06-04,NVDA,142.19,142.39,139.54,141.92,141.563,167120800,0.004957
2025-06-05,NVDA,142.17,144.0,138.83,139.99,139.6378,231397900,-0.013599
2025-06-06,NVDA,142.51,143.27,141.51,141.72,141.3635,153986200,0.012358
2025-06-09,NVDA,143.19,145.0,141.94,142.63,142.2712,185114500,0.006421
2025-06-10,NVDA,142.69,144.29,141.53,143.96,143.5979,155881900,0.009325
2025-06-11,NVDA,144.61,144.99,141.87,142.83,142.4806,167694000,-0.007849
2025-06-12,NVDA,141.97,145.0,141.85,145.0,144.6453,162365000,0.015193
2025-06-13,NVDA,142.48,143.58,140.85,141.97,141.6227,180820600,-0.020897
2025-06-16,NVDA,143.35,146.18,143.2,144.69,144.336,183133700,0.019159
2025-06-17,NVDA,144.49,145.22,143.78,144.12,143.7674,139108000,-0.00394
2025-06-18,NVDA,144.01,145.65,143.12,145.48,145.1241,161494100,0.009437
2025-06-20,NVDA,145.45,146.2,142.65,143.85,143.4981,242956200,-0.011204
2025-06-23,NVDA,142.5,144.78,142.03,144.17,143.8173,154308900,0.002224
2025-06-24,NVDA,145.56,147.96,145.5,147.9,147.5382,187566100,0.025872
2025-06-25,NVDA,149.27,154.45,149.26,154.31,153.9325,269146500,0.04334
2025-06-26,NVDA,155.98,156.72,154.0,155.02,154.6408,198145700,0.004601
2025-06-27,NVDA,156.04,158.71,155.26,157.75,157.3641,263234500,0.017611
2025-06-30,NVDA,158.4,158.66,155.96,157.99,157.6035,194580300,0.001521
2025-07-01,NVDA,156.29,157.2,151.49,153.3,152.925,213143600,-0.029685
2025-07-02,NVDA,152.98,157.6,152.97,157.25,156.8653,171224100,0.025766
2025-07-03,NVDA,158.37,160.98,157.77,159.34,158.9502,143716100,0.013291
2025-07-07,NVDA,158.2,159.31,157.34,158.24,157.8529,140139000,-0.006903
2025-07-08,NVDA,159.33,160.22,158.39,160.0,159.6086,138133000,0.011122
2025-07-09,NVDA,161.22,164.42,161.16,162.88,162.4816,183656400,0.018
2025-07-10,NVDA,164.32,164.5,161.61,164.1,163.6986,167704100,0.00749
2025-07-11,NVDA,163.72,167.89,163.47,164.92,164.5166,193633300,0.004997
2025-07-14,NVDA,165.37,165.49,162.02,164.07,163.6686,136975800,-0.005154
2025-07-15,NVDA,171.19,172.4,169.2,170.7,170.2824,230627400,0.04041
2025-07-16,NVDA,171.06,171.75,168.9,171.37,170.9508,158831500,0.003925
2025-07-17,NVDA,172.02,174.16,170.83,173.0,172.5768,160841100,0.009512
2025-07-18,NVDA,173.64,174.25,171.26,172.41,171.9882,146456400,-0.00341
2025-07-21,NVDA,172.75,173.38,171.0,171.38,170.9608,123126100,-0.005974
2025-07-22,NVDA,171.34,171.39,164.58,167.03,166.6214,193114300,-0.025382
2025-07-23,NVDA,169.53,171.26,167.97,170.78,170.3622,154082200,0.022451
2025-07-24,NVDA,172.44,173.83,171.3,173.74,173.315,128984600,0.017332
2025-07-25,NVDA,173.61,174.72,172.96,173.5,173.0755,122316800,-0.001381
2025-07-28,NVDA,174.02,177.0,173.97,176.75,176.3176,140023500,0.018732
2025-07-29,NVDA,177.96,179.38,175.02,175.51,175.0806,154077500,-0.007016
2025-07-30,NVDA,176.51,179.89,176.04,179.27,178.8314,174312200,0.021423
2025-07-31,NVDA,182.9,183.3,175.93,177.87,177.4349,221685400,-0.00781
2025-08-01,NVDA,174.09,176.54,170.89,173.72,173.295,204529000,-0.023332
2025-08-04,NVDA,175.16,180.2,174.52,180.0,179.5597,148174600,0.03615
2025-08-05,NVDA,179.62,180.26,175.9,178.26,177.8239,156407600,-0.009667
2025-08-06,NVDA,176.33,179.9,176.25,179.42,178.9811,137192300,0.006507
2025-08-07,NVDA,181.57,183.88,178.8,180.77,180.3278,151878400,0.007524
2025-08-08,NVDA,181.55,183.3,180.4,182.7,182.253,123396700,0.010677
2025-08-11,NVDA,182.05,183.84,180.25,182.06,181.6146,138323200,-0.003503
2025-08-12,NVDA,182.96,184.48,179.46,183.16,182.7119,145485700,0.006042
2025-08-13,NVDA,182.62,183.97,179.35,181.59,181.1458,179871700,-0.008572
2025-08-14,NVDA,179.75,183.02,179.46,182.02,181.5747,129554000,0.002368
2025-08-15,NVDA,181.88,181.9,178.04,180.45,180.0085,156602200,-0.008625
2025-08-18,NVDA,180.6,182.94,180.59,182.01,181.5647,132008000,0.008645
2025-08-19,NVDA,182.43,182.5,175.49,175.64,175.2103,185229200,-0.034998
2025-08-20,NVDA,175.17,176.0,168.8,175.4,174.9709,215142700,-0.001366
2025-08-21,NVDA,174.85,176.9,173.81,174.98,174.5519,140040900,-0.002395
2025-08-22,NVDA,172.61,178.59,171.2,177.99,177.5546,172789400,0.017202
2025-08-25,NVDA,178.35,181.91,176.57,179.81,179.3701,163012800,0.010225
2025-08-26,NVDA,180.06,182.39,178.81,181.77,181.3253,168688200,0.0109
2025-08-27,NVDA,181.98,182.49,179.1,181.6,181.1558,235518900,-0.000935
2025-08-28,NVDA,180.82,184.47,176.41,180.17,179.7292,281787800,-0.007874
2025-08-29,NVDA,178.11,178.15,173.15,174.18,173.7539,243257900,-0.033246
2025-09-02,NVDA,170.0,172.38,167.22,170.78,170.3622,231164900,-0.01952
2025-09-03,NVDA,171.06,172.41,168.88,170.62,170.2026,164424900,-0.000937
2025-09-04,NVDA,170.57,171.86,169.41,171.66,171.2401,141670100,0.006095
2025-09-05,NVDA,168.03,169.03,164.07,167.02,166.6114,224441400,-0.02703
2025-09-08,NVDA,167.55,170.96,167.35,168.31,167.8982,163769100,0.007724
2025-09-09,NVDA,169.09,170.98,166.74,170.76,170.3423,157548400,0.014556
2025-09-10,NVDA,176.64,179.29,175.47,177.33,176.8962,226852000,0.038475
2025-09-11,NVDA,179.68,180.28,176.48,177.17,176.7465,151159300,-0.000902
2025-09-12,NVDA,177.77,178.6,176.45,177.82,177.395,124911000,0.003669
2025-09-15,NVDA,175.67,178.85,174.51,177.75,177.3252,147061600,-0.000394
2025-09-16,NVDA,177.0,177.5,174.38,174.88,174.462,140737800,-0.016146
2025-09-17,NVDA,172.64,173.2,168.41,170.29,169.883,211843800,-0.026247
2025-09-18,NVDA,173.98,177.1,172.96,176.24,175.8188,191763300,0.03494
2025-09-19,NVDA,175.77,178.08,175.18,176.67,176.2477,237182100,0.00244
2025-09-22,NVDA,175.3,184.55,174.71,183.61,183.1712,269637000,0.039282
2025-09-23,NVDA,181.97,182.42,176.21,178.43,178.0035,192559600,-0.028212
2025-09-24,NVDA,179.77,179.78,175.4,176.97,176.547,143564100,-0.008182
2025-09-25,NVDA,174.48,180.26,173.13,177.69,177.2653,191586700,0.004068
2025-09-26,NVDA,178.17,179.77,174.93,178.19,177.7641,148573700,0.002814
2025-09-29,NVDA,180.43,184.0,180.32,181.85,181.4154,193063500,0.02054
2025-09-30,NVDA,182.08,187.35,181.48,186.58,186.1341,236981000,0.02601
2025-10-01,NVDA,185.24,188.14,183.9,187.24,186.7925,173844900,0.003537
2025-10-02,NVDA,189.6,191.05,188.06,188.89,188.4385,136805800,0.008812
2025-10-03,NVDA,189.19,190.36,185.38,187.62,187.1716,137596900,-0.006724
2025-10-06,NVDA,185.5,187.23,183.33,185.54,185.0965,157678100,-0.011086
2025-10-07,NVDA,186.23,189.06,184.0,185.04,184.5977,140088000,-0.002695
2025-10-08,NVDA,186.57,189.6,186.54,189.11,188.658,130168900,0.021995
2025-10-09,NVDA,192.23,195.3,191.06,192.57,192.1098,182997200,0.018296
2025-10-10,NVDA,193.51,195.62,182.05,183.16,182.7222,268774400,-0.048865
2025-10-13,NVDA,187.97,190.11,185.96,188.32,187.8699,153482800,0.028172
2025-10-14,NVDA,184.77,184.8,179.7,180.03,179.5997,205641400,-0.044021
2025-10-15,NVDA,184.8,184.87,177.29,179.83,179.4002,214450500,-0.001111
2025-10-16,NVDA,182.23,183.28,179.77,181.81,181.3755,179723300,0.01101
2025-10-17,NVDA,180.18,184.1,179.75,183.22,182.7821,173135200,0.007755
2025-10-20,NVDA,183.13,185.2,181.73,182.64,182.2035,128544700,-0.003166
2025-10-21,NVDA,182.79,182.79,179.8,181.16,180.727,124240200,-0.008103
2025-10-22,NVDA,181.14,183.44,176.76,180.28,179.8491,162249600,-0.004858
2025-10-23,NVDA,180.42,183.03,179.79,182.16,181.7246,111363700,0.010428
2025-10-24,NVDA,183.84,187.47,183.5,186.26,185.8148,131296700,0.022508
2025-10-27,NVDA,189.99,192.0,188.43,191.49,191.0323,153452700,0.028079
2025-10-28,NVDA,193.05,203.15,191.91,201.03,200.5495,297986200,0.04982
2025-10-29,NVDA,207.98,212.19,204.78,207.04,206.5451,308829600,0.029896
2025-10-30,NVDA,205.15,206.16,201.41,202.89,202.4051,178864400,-0.020044
2025-10-31,NVDA,206.45,207.97,202.07,202.49,202.006,179802200,-0.001971
2025-11-03,NVDA,208.08,211.34,205.56,206.88,206.3855,180267300,0.02168
2025-11-04,NVDA,203.0,203.97,197.93,198.69,198.2151,188919300,-0.039588
2025-11-05,NVDA,198.77,202.92,194.65,195.21,194.7434,171350300,-0.017515
2025-11-06,NVDA,196.42,197.62,186.38,188.08,187.6305,223029800,-0.036525
2025-11-07,NVDA,184.9,188.32,178.91,188.15,187.7003,264942300,0.000372
2025-11-10,NVDA,195.11,199.94,193.79,199.05,198.5743,198897100,0.057933
2025-11-11,NVDA,195.16,195.42,191.3,193.16,192.6983,176483300,-0.029591
2025-11-12,NVDA,195.72,195.89,191.13,193.8,193.3368,154935300,0.003313
2025-11-13,NVDA,191.05,191.44,183.85,186.86,186.4134,207423100,-0.03581
2025-11-14,NVDA,182.86,191.01,180.58,190.17,189.7155,186591900,0.017714
2025-11-17,NVDA,185.97,189.0,184.32,186.6,186.154,173628900,-0.018773
2025-11-18,NVDA,183.38,184.8,179.65,181.36,180.9265,213598900,-0.028081
2025-11-19,NVDA,184.79,187.86,182.83,186.52,186.0742,247246400,0.028452
2025-11-20,NVDA,195.95,196.0,179.85,180.64,180.2083,343504800,-0.031525
2025-11-21,NVDA,181.24,184.56,172.93,178.88,178.4525,346926200,-0.009743
2025-11-24,NVDA,179.49,183.5,176.48,182.55,182.1137,256618300,0.020517
2025-11-25,NVDA,174.91,178.16,169.55,177.82,177.395,320600300,-0.025911
2025-11-26,NVDA,181.63,182.91,178.24,180.26,179.8292,183852000,0.013722
2025-11-28,NVDA,179.01,179.29,176.5,177.0,176.577,121332800,-0.018085
2025-12-01,NVDA,174.76,180.3,173.68,179.92,179.49,188131000,0.016497
2025-12-02,NVDA,181.76,185.66,180.0,181.46,181.0263,182632200,0.008559
2025-12-03,NVDA,181.08,182.45,179.11,179.59,179.1608,165138000,-0.010305
2025-12-04,NVDA,181.62,184.52,179.96,183.38,182.9519,167364900,0.021104
2025-12-05,NVDA,183.89,184.66,180.91,182.41,181.9841,143971100,-0.00529
2025-12-08,NVDA,182.64,188.0,182.4,185.55,185.1168,204378100,0.017214
2025-12-09,NVDA,185.56,185.72,183.32,184.97,184.5382,144719700,-0.003126
2025-12-10,NVDA,184.97,185.48,182.04,183.78,183.351,162785400,-0.006433
2025-12-11,NVDA,180.28,181.32,176.62,180.93,180.5076,182136600,-0.015508
2025-12-12,NVDA,181.11,182.82,174.62,175.02,174.6114,204274900,-0.032665
2025-12-15,NVDA,177.94,178.42,175.03,176.29,175.8784,164775600,0.007256
2025-12-16,NVDA,176.26,178.49,174.9,177.72,177.3051,148588100,0.008112
2025-12-17,NVDA,176.1,176.13,170.31,170.94,170.5409,222775500,-0.03815
2025-12-18,NVDA,174.53,176.15,171.82,174.14,173.7335,176096000,0.01872
2025-12-19,NVDA,176.67,181.45,176.34,180.99,180.5675,324925900,0.039336
2025-12-22,NVDA,183.92,184.16,182.35,183.69,183.2612,129064400,0.014918
2025-12-23,NVDA,182.97,189.33,182.9,189.21,188.7683,174873600,0.030051
2025-12-24,NVDA,187.94,188.91,186.59,188.61,188.1697,65528500,-0.003171
2025-12-26,NVDA,189.92,192.69,188.0,190.53,190.0852,139740300,0.01018
2025-12-29,NVDA,187.71,188.76,185.91,188.22,187.7806,120006100,-0.012124
2025-12-30,NVDA,188.24,188.99,186.93,187.54,187.1022,97687300,-0.003613
2025-12-31,NVDA,189.57,190.56,186.49,186.5,186.0646,120100500,-0.005545
2026-01-02,NVDA,189.84,192.93,188.26,188.85,188.4091,148240500,0.012601
2026-01-05,NVDA,191.76,193.63,186.15,188.12,187.6808,183529700,-0.003866
2026-01-06,NVDA,190.52,192.17,186.82,187.24,186.8029,176862600,-0.004678
2026-01-07,NVDA,188.57,191.37,186.56,189.11,188.6685,153543200,0.009987
2026-01-08,NVDA,189.11,189.55,183.71,185.04,184.608,172457000,-0.021522
2026-01-09,NVDA,185.08,186.34,183.67,184.86,184.4284,131327500,-0.000973
2026-01-12,NVDA,183.22,187.12,183.02,184.94,184.5083,137968500,0.000433
2026-01-13,NVDA,185.0,188.11,183.4,185.81,185.3762,160128900,0.004704
2026-01-14,NVDA,184.32,184.46,180.8,183.14,182.7124,159586100,-0.01437
2026-01-15,NVDA,186.5,189.7,186.33,187.05,186.6133,206188600,0.02135
2026-01-16,NVDA,189.08,190.44,186.08,186.23,185.7952,187967200,-0.004384
2026-01-20,NVDA,181.9,182.38,177.61,178.07,177.6543,223345300,-0.043817
2026-01-21,NVDA,179.05,185.38,178.4,183.32,182.892,200381000,0.029483
2026-01-22,NVDA,184.75,186.17,183.93,184.84,184.4085,139636600,0.008291
2026-01-23,NVDA,187.5,189.6,186.82,187.67,187.2319,142748100,0.015311
2026-01-26,NVDA,187.16,189.12,185.99,186.47,186.0347,124799600,-0.006394
2026-01-27,NVDA,187.24,190.0,185.7,188.52,188.0799,143711600,0.010994
2026-01-28,NVDA,191.27,192.35,189.84,191.52,191.0729,148552700,0.015913
2026-01-29,NVDA,191.34,193.48,186.06,192.51,192.0606,171764400,0.005169
2026-01-30,NVDA,191.21,194.49,189.47,191.13,190.6838,179489500,-0.007168
2026-02-02,NVDA,187.2,190.3,184.88,185.61,185.1767,165794100,-0.028881
2026-02-03,NVDA,186.24,186.27,176.23,180.34,179.919,204019600,-0.028393
2026-02-04,NVDA,179.46,179.58,171.91,174.19,173.7834,207014100,-0.034102
2026-02-05,NVDA,174.93,176.82,171.03,171.88,171.4787,206312900,-0.013261
2026-02-06,NVDA,176.69,187.0,174.6,185.41,184.9772,231346200,0.078718
2026-02-09,NVDA,184.26,193.66,183.95,190.04,189.5963,196387400,0.024972
2026-02-10,NVDA,191.38,192.48,188.12,188.54,188.0998,136764800,-0.007893
2026-02-11,NVDA,192.45,193.26,188.77,190.05,189.6063,144192700,0.008009
2026-02-12,NVDA,193.03,193.61,186.51,186.94,186.5036,189932500,-0.016364
2026-02-13,NVDA,187.48,187.5,181.59,182.81,182.3832,161888000,-0.022093
2026-02-17,NVDA,181.75,187.15,179.18,184.97,184.5382,162276900,0.011816
2026-02-18,NVDA,188.75,190.37,186.76,187.98,187.5411,164749100,0.016273
2026-02-19,NVDA,187.06,188.43,185.66,187.9,187.4613,126554500,-0.000426
2026-02-20,NVDA,186.57,190.33,185.94,189.82,189.3769,178422300,0.010218
2026-02-23,NVDA,191.4,193.95,189.58,191.55,191.1028,171584800,0.009114
2026-02-24,NVDA,191.49,193.77,187.4,192.85,192.3998,175123600,0.006787
2026-02-25,NVDA,194.45,197.63,193.79,195.56,195.1035,250637100,0.014052
2026-02-26,NVDA,194.27,194.29,184.32,184.89,184.4584,360807900,-0.054561
2026-02-27,NVDA,181.25,182.59,176.38,177.19,176.7764,311636500,-0.041646
2026-03-02,NVDA,175.01,183.46,174.64,182.48,182.054,209095300,0.029855
2026-03-03,NVDA,178.49,180.9,176.92,180.05,179.6297,178099400,-0.013316
2026-03-04,NVDA,180.44,184.7,180.06,183.04,182.6127,177731200,0.016606
2026-03-05,NVDA,181.17,184.06,177.88,183.34,182.912,198779700,0.001639
2026-03-06,NVDA,179.84,182.76,176.82,177.82,177.4049,189021900,-0.030108
2026-03-09,NVDA,176.83,182.91,175.56,182.65,182.2236,177213600,0.027162
2026-03-10,NVDA,182.4,186.44,182.01,184.77,184.3387,179118500,0.011607
2026-03-11,NVDA,185.91,187.62,184.45,186.03,185.6057,145280400,0.006819
2026-03-12,NVDA,184.05,184.94,181.75,183.14,182.7223,155762700,-0.015535
2026-03-13,NVDA,184.92,186.09,179.94,180.25,179.8389,160988400,-0.01578
2026-03-16,NVDA,182.97,188.88,181.41,183.22,182.8022,217307400,0.016477
2026-03-17,NVDA,185.06,185.4,181.68,181.93,181.5151,182497800,-0.007041
2026-03-18,NVDA,182.48,183.38,180.33,180.4,179.9886,156683100,-0.00841
2026-03-19,NVDA,178.01,179.98,175.79,178.56,178.1528,170968500,-0.0102
2026-03-20,NVDA,178.0,178.26,171.72,172.7,172.3062,241323500,-0.032818
2026-03-23,NVDA,177.26,178.37,174.76,175.64,175.2394,182836300,0.017024
2026-03-24,NVDA,174.83,176.22,173.98,175.2,174.8004,147667800,-0.002505
2026-03-25,NVDA,177.1,181.22,176.85,178.68,178.2725,162602100,0.019863
2026-03-26,NVDA,176.07,176.51,171.14,171.24,170.8495,186152200,-0.041639
2026-03-27,NVDA,170.0,170.97,167.01,167.52,167.138,196212700,-0.021724
2026-03-30,NVDA,168.78,169.45,164.27,165.17,164.7933,185627000,-0.014028
2026-03-31,NVDA,166.97,174.62,166.96,174.4,174.0023,226181300,0.055882
2026-04-01,NVDA,176.0,177.37,174.75,175.75,175.3492,168132000,0.007741
2026-04-02,NVDA,172.18,177.49,171.37,177.39,176.9855,143143200,0.009331
2026-04-06,NVDA,177.16,177.79,175.76,177.64,177.2349,107564300,0.001409
2026-04-07,NVDA,175.73,178.23,173.66,178.1,177.6938,132534900,0.00259
2026-04-08,NVDA,184.5,185.26,180.3,182.08,181.6648,147732700,0.022347
2026-04-09,NVDA,181.84,184.08,180.62,183.91,183.4906,116428500,0.010051
2026-04-10,NVDA,184.31,190.0,184.3,188.63,188.1998,160459500,0.025665
2026-04-13,NVDA,186.03,189.66,185.74,189.31,188.8783,133648200,0.003605
2026-04-14,NVDA,190.84,196.51,190.77,196.51,196.0618,161307000,0.038033
2026-04-15,NVDA,196.54,200.4,195.74,198.87,198.4165,185338400,0.01201
2026-04-16,NVDA,197.43,199.85,195.81,198.35,197.8977,134012900,-0.002615
2026-04-17,NVDA,199.9,201.7,199.27,201.68,201.22,160324400,0.016788
2026-04-20,NVDA,199.98,202.17,197.84,202.06,201.5992,119381400,0.001884
2026-04-21,NVDA,202.13,202.75,199.0,199.88,199.4242,107945300,-0.010789
2026-04-22,NVDA,200.99,202.5,199.0,202.5,202.0382,107501000,0.013108
2026-04-23,NVDA,202.46,203.83,197.22,199.64,199.1847,113561800,-0.014123
2026-04-24,NVDA,199.96,210.95,199.81,208.27,207.795,214134400,0.043228
2026-04-27,NVDA,209.65,216.83,207.38,216.61,216.116,187172400,0.040044
2026-04-28,NVDA,209.49,214.73,208.2,213.17,212.6839,180275400,-0.015881
2026-04-29,NVDA,212.7,212.72,207.58,209.25,208.7728,123711800,-0.018389
2026-04-30,NVDA,209.93,210.3,198.7,199.57,199.1149,225239200,-0.04626
2026-05-01,NVDA,201.28,203.0,197.12,198.45,197.9974,128647000,-0.005612
2026-05-04,NVDA,199.5,201.73,194.74,198.48,198.0273,125368100,0.000151
2026-05-05,NVDA,199.3,200.24,196.03,196.5,196.0519,113406600,-0.009976
2026-05-06,NVDA,199.89,208.27,198.61,207.83,207.356,188362800,0.057659
2026-05-07,NVDA,208.34,214.2,206.5,211.5,211.0177,168307900,0.017659
2026-05-08,NVDA,213.03,217.8,212.89,215.2,214.7092,136421400,0.017494
2026-05-11,NVDA,214.04,222.3,213.89,219.44,218.9396,160685800,0.019703
2026-05-12,NVDA,218.55,223.75,214.92,220.78,220.2765,159176600,0.006106
2026-05-13,NVDA,224.93,227.84,221.57,225.83,225.315,150405400,0.022873
2026-05-14,NVDA,229.85,236.54,229.3,235.74,235.2024,180782900,0.043883
2026-05-15,NVDA,229.76,231.5,224.24,225.32,224.8062,180977600,-0.044201
2026-05-18,NVDA,229.87,230.0,218.37,222.32,221.813,146280900,-0.013314
2026-05-19,NVDA,219.62,224.48,217.91,220.61,220.1069,140948200,-0.007692
2026-05-20,NVDA,223.18,226.13,220.5,223.47,222.9604,184201600,0.012964
2026-05-21,NVDA,222.29,227.4,217.93,219.51,219.0094,203381800,-0.017721
2026-05-22,NVDA,220.9,221.01,214.8,215.33,214.8389,169275700,-0.019042
2026-05-26,NVDA,216.54,218.18,212.0,214.86,214.37,187202600,-0.002183
2026-05-27,NVDA,214.12,214.15,208.78,212.6,212.1152,167601200,-0.010518
2026-05-28,NVDA,211.28,215.52,211.22,214.25,213.7614,143996000,0.007761
2026-05-29,NVDA,214.58,217.86,211.13,211.14,210.6585,289410600,-0.014516
2026-06-01,NVDA,215.73,224.87,215.7,224.36,223.8483,212850700,0.062612
2026-06-02,NVDA,227.18,232.28,221.35,222.82,222.3118,193362900,-0.006864
2026-06-03,NVDA,221.72,222.82,214.51,214.75,214.2603,160907000,-0.036218
2026-06-04,NVDA,213.91,221.6,210.97,218.66,218.4156,169022200,0.018207
2026-06-05,NVDA,214.53,214.87,204.33,205.1,204.8708,219655500,-0.062014
2026-06-08,NVDA,210.18,210.47,206.0,208.64,208.4068,138372800,0.01726
2026-06-09,NVDA,210.62,211.4,199.34,208.19,207.9573,180962500,-0.002157
2026-06-10,NVDA,204.43,207.22,199.92,200.42,200.196,161746600,-0.037322
2026-06-11,NVDA,201.49,205.66,199.54,204.87,204.641,158643200,0.022203
2026-06-12,NVDA,204.86,207.07,203.44,205.19,204.9607,112001800,0.001562
2026-06-15,NVDA,208.92,212.71,208.34,212.45,212.2125,149936700,0.035382
2026-06-16,NVDA,211.18,211.49,207.29,207.41,207.1782,125694100,-0.023723
2026-06-17,NVDA,208.53,209.21,203.08,204.65,204.4212,128363500,-0.013307
2026-06-18,NVDA,207.33,211.39,206.5,210.69,210.4545,241272000,0.029514
2026-06-22,NVDA,211.44,213.99,207.72,208.65,208.4168,122041400,-0.009683
2026-06-23,NVDA,202.17,203.77,200.0,200.04,199.8164,153496200,-0.041265
2026-06-24,NVDA,200.12,201.67,196.58,199.0,198.7776,151810700,-0.005199
2026-06-25,NVDA,200.08,200.8,192.13,195.74,195.5212,149550000,-0.016382
2026-06-26,NVDA,193.12,195.55,191.22,192.53,192.3148,179304100,-0.016399
2026-06-29,NVDA,193.85,196.18,189.8,194.97,194.7521,148835700,0.012673
2026-06-30,NVDA,197.24,200.63,195.11,200.09,199.8663,166476700,0.02626
2026-07-01,NVDA,196.2,199.85,193.45,197.58,197.3592,146147600,-0.012544
2026-07-02,NVDA,197.14,200.06,192.35,194.83,194.6122,142068700,-0.013918
2026-07-06,NVDA,194.42,197.55,193.99,195.55,195.3314,108999000,0.003696
2026-07-07,NVDA,192.37,198.41,191.14,196.93,196.7099,124154600,0.007057
2026-07-08,NVDA,195.18,205.16,195.06,204.12,203.8918,147419100,0.03651
2026-07-09,NVDA,204.46,204.59,198.96,202.78,202.5533,132037400,-0.006565
2026-07-10,NVDA,202.0,211.0,201.92,210.96,210.7242,148421000,0.040339
2026-07-13,NVDA,208.54,210.57,203.0,203.53,203.3025,121411000,-0.03522
2026-07-14,NVDA,208.2,212.55,203.8,211.8,211.5633,124379600,0.040633
2026-07-15,NVDA,211.96,213.81,206.04,212.5,212.2625,124797200,0.003305
2026-07-16,NVDA,210.17,211.08,205.85,207.4,207.1682,122986100,-0.024
2026-07-17,NVDA,202.64,206.65,197.97,202.81,202.5833,144281900,-0.022131
2026-07-20,NVDA,205.87,207.74,202.28,203.28,203.0528,88701500,0.002317
2026-07-21,NVDA,207.54,208.65,204.01,207.29,207.0583,108685600,0.019726
2026-07-22,NVDA,205.81,214.39,204.95,212.06,211.823,137645600,0.023011
2026-07-23,NVDA,209.46,210.87,205.96,208.76,208.5267,110505300,-0.015562
2026-07-24,NVDA,207.45,211.91,204.81,206.84,206.6088,114836800,-0.009197
2026-07-27,NVDA,208.2,208.75,195.44,196.51,196.2904,154353700,-0.049942
2026-07-28,NVDA,195.0,198.7,192.74,197.01,196.7898,134111500,0.002544
2026-07-29,NVDA,195.85,197.07,190.01,190.01,189.7976,147680800,-0.035531
2026-07-30,NVDA,193.45,197.25,191.52,195.04,194.822,129010200,0.026472
2026-07-31,NVDA,198.44,202.0,194.95,200.75,200.5256,139961200,0.029276
2026-08-03,NVDA,197.69,208.74,196.85,206.64,206.409,128406900,0.02934
2026-08-04,NVDA,211.3,213.06,209.05,211.94,211.7031,134922000,0.025648
2026-08-05,NVDA,216.86,222.22,216.4,219.22,218.975,158187400,0.034349
2026-08-06,NVDA,221.53,223.63,217.0,218.99,218.7452,113940600,-0.001049
2026-08-07,NVDA,221.54,224.76,220.66,223.96,223.7097,105669400,0.022695
2026-08-10,NVDA,223.4,224.14,216.77,217.55,217.3068,115846600,-0.028621
2026-08-11,NVDA,222.17,222.2,216.2,217.5,217.2569,101273100,-0.00023
2026-08-12,NVDA,221.04,225.1,220.2,224.09,223.8395,108783600,0.030299
2026-08-13,NVDA,225.06,227.23,223.71,225.3,225.0482,98867200,0.0054
2026-08-14,NVDA,226.77,227.49,224.5,225.16,224.9083,75680900,-0.000621
2026-08-17,NVDA,225.98,227.92,224.86,225.01,224.7585,93678700,-0.000666
2026-08-18,NVDA,220.45,221.64,218.69,219.74,219.4944,103128200,-0.023421
2026-08-19,NVDA,221.67,222.87,216.76,217.56,217.3168,96797300,-0.009921
2026-08-20,NVDA,218.36,219.86,215.66,216.85,216.6076,92457000,-0.003263
2026-08-21,NVDA,218.42,218.74,214.5,214.72,214.48,98869300,-0.009822
2026-08-24,NVDA,215.53,215.59,207.25,208.48,208.247,135187300,-0.029061
2026-08-25,NVDA,211.03,214.73,210.11,213.05,212.8119,122309000,0.021921
2026-08-26,NVDA,212.64,213.6,209.23,209.66,209.4257,179900000,-0.015912
2026-08-27,NVDA,222.86,230.47,220.9,227.98,227.7252,298909800,0.08738
2026-08-28,NVDA,227.36,229.26,216.81,217.55,217.3068,195116400,-0.04575
2026-08-31,NVDA,218.87,221.3,216.21,220.78,220.5332,124702700,0.014847
2026-09-01,NVDA,216.75,220.41,215.1,217.44,217.197,109756200,-0.015128
2026-09-02,NVDA,218.79,227.95,218.48,224.41,224.1592,157104700,0.032055
2026-09-03,NVDA,226.02,230.4,224.75,228.45,228.1947,134681600,0.018003
2026-09-04,NVDA,231.09,234.76,229.63,230.36,230.1025,135352400,0.008361
2026-09-08,NVDA,233.11,233.71,224.85,225.73,225.4777,122965600,-0.020099
2026-09-09,NVDA,225.28,226.18,223.46,223.67,223.42,82955500,-0.009126
2026-09-10,NVDA,220.53,220.99,217.2,218.36,218.36,105768000,-0.02374
2026-09-11,NVDA,221.24,222.0,218.15,218.29,218.29,89060100,-0.000321
2026-09-14,NVDA,211.24,212.77,208.93,210.96,210.96,132267200,-0.033579
2026-09-15,NVDA,213.38,213.94,211.16,212.17,212.17,88059700,0.005736
2026-09-16,NVDA,214.14,216.76,212.5,213.9,213.9,96563600,0.008154
2026-09-17,NVDA,218.38,219.91,217.15,219.34,219.34,94191300,0.025432
2026-09-18,NVDA,219.35,222.73,218.03,222.27,222.27,189683500,0.013358
