Date,Open,High,Low,Close,Adj Close,Volume,Dividends,Stock Splits
1999-01-22,0.04374999925494194,0.04882799834012985,0.038802001625299454,0.041016001254320145,0.03751707822084427,2714688000,0.0,0.0
1999-01-25,0.04427099972963333,0.04583299905061722,0.041016001254320145,0.04531300067901611,0.041447535157203674,510480000,0.0,0.0
1999-01-26,0.04583299905061722,0.046744998544454575,0.04114599898457527,0.04179700091481209,0.038231462240219116,343200000,0.0,0.0
1999-01-27,0.041926998645067215,0.04296899959445,0.0395830012857914,0.04166699945926666,0.03811255842447281,244368000,0.0,0.0
1999-01-28,0.04166699945926666,0.041926998645067215,0.0412760004401207,0.04153599962592125,0.03799271211028099,227520000,0.0,0.0
1999-01-29,0.04153599962592125,0.04166699945926666,0.0395830012857914,0.0395830012857914,0.036206334829330444,244032000,0.0,0.0
1999-02-01,0.0395830012857914,0.04062499850988388,0.0395830012857914,0.04036499932408333,0.03692161664366722,154704000,0.0,0.0
1999-02-02,0.0395830012857914,0.04062499850988388,0.03606799989938736,0.03723999857902527,0.034063201397657394,264096000,0.0,0.0
1999-02-03,0.036719001829624176,0.0385419987142086,0.03645800054073334,0.03802099823951721,0.034777577966451645,75120000,0.0,0.0
1999-02-04,0.0385419987142086,0.04114599898457527,0.03802099823951721,0.04010400176048279,0.036682888865470886,181920000,0.0,0.0
1999-02-05,0.040754999965429306,0.04166699945926666,0.03971400111913681,0.0412760004401207,0.03775492310523987,136848000,0.0,0.0
1999-02-08,0.04153599962592125,0.04166699945926666,0.03984399884939194,0.03984399884939194,0.03644506633281708,154080000,0.0,0.0
1999-02-09,0.04062499850988388,0.04088500142097473,0.03776000067591667,0.03828100115060806,0.035015396773815155,86976000,0.0,0.0
1999-02-10,0.03828100115060806,0.039322998374700546,0.03723999857902527,0.037891000509262085,0.034658677875995636,148224000,0.0,0.0
1999-02-11,0.03802099823951721,0.04270799830555916,0.03802099823951721,0.04114599898457527,0.03763600066304207,132240000,0.0,0.0
1999-02-12,0.04166699945926666,0.04374999925494194,0.04166699945926666,0.04349000006914139,0.03978005796670914,109728000,0.0,0.0
1999-02-16,0.04427099972963333,0.04609400033950806,0.039322998374700546,0.04374999925494194,0.04001786932349205,211008000,0.0,0.0
1999-02-17,0.04270799830555916,0.04322899878025055,0.04062499850988388,0.041405998170375824,0.037873830646276474,67728000,0.0,0.0
1999-02-18,0.04270799830555916,0.04322899878025055,0.04088500142097473,0.04205700010061264,0.038469281047582626,70704000,0.0,0.0
1999-02-19,0.04166699945926666,0.04427099972963333,0.04114599898457527,0.04349000006914139,0.03978005796670914,75360000,0.0,0.0
1999-02-22,0.04427099972963333,0.04479200020432472,0.041405998170375824,0.04374999925494194,0.04001786932349205,205248000,0.0,0.0
1999-02-23,0.04479200020432472,0.046744998544454575,0.042187999933958054,0.04583299905061722,0.041923169046640396,138096000,0.0,0.0
1999-02-24,0.05260400101542473,0.054687999188899994,0.04830700159072876,0.04947900027036667,0.04525814577937126,612768000,0.0,0.0
1999-02-25,0.051562998443841934,0.05312500149011612,0.04713499918580055,0.04791700094938278,0.04382939636707306,149136000,0.0,0.0
1999-02-26,0.04843800142407417,0.05000000074505806,0.04531300067901611,0.04570300132036209,0.04180426895618439,172608000,0.0,0.0
1999-03-01,0.046875,0.04791700094938278,0.04374999925494194,0.04596399888396263,0.04204300418496132,92160000,0.0,0.0
1999-03-02,0.04583299905061722,0.04609400033950806,0.04479200020432472,0.045572999864816666,0.04168534651398659,55248000,0.0,0.0
1999-03-03,0.04583299905061722,0.04583299905061722,0.042187999933958054,0.042447999119758606,0.03882693126797676,61392000,0.0,0.0
1999-03-04,0.044530998915433884,0.04479200020432472,0.04114599898457527,0.04153599962592125,0.03799271211028099,57360000,0.0,0.0
1999-03-05,0.041926998645067215,0.04400999844074249,0.041926998645067215,0.043880000710487366,0.040136780589818954,78768000,0.0,0.0
1999-03-08,0.04270799830555916,0.04583299905061722,0.041926998645067215,0.044530998915433884,0.04073223099112511,75888000,0.0,0.0
1999-03-09,0.04440100118517876,0.04661500081419945,0.04440100118517876,0.04596399888396263,0.04204300418496132,143184000,0.0,0.0
1999-03-10,0.04661500081419945,0.04661500081419945,0.044530998915433884,0.0451820008456707,0.04132770374417305,235344000,0.0,0.0
1999-03-11,0.04440100118517876,0.0451820008456707,0.04322899878025055,0.04322899878025055,0.03954131156206131,54288000,0.0,0.0
1999-03-12,0.04349000006914139,0.04349000006914139,0.04166699945926666,0.042447999119758606,0.03882693126797676,90768000,0.0,0.0
1999-03-15,0.04349000006914139,0.04479200020432472,0.04322899878025055,0.04427099972963333,0.04049443081021309,108816000,0.0,0.0
1999-03-16,0.044530998915433884,0.045051999390125275,0.042447999119758606,0.04283899813890457,0.03918460011482239,79152000,0.0,0.0
1999-03-17,0.04322899878025055,0.04400999844074249,0.04205700010061264,0.04309900104999542,0.039422400295734406,51360000,0.0,0.0
1999-03-18,0.04322899878025055,0.04427099972963333,0.042187999933958054,0.04362000152468681,0.03989895433187485,46320000,0.0,0.0
1999-03-19,0.04349000006914139,0.045051999390125275,0.04349000006914139,0.04374999925494194,0.04001786932349205,105312000,0.0,0.0
1999-03-22,0.04466100037097931,0.04479200020432472,0.042447999119758606,0.042447999119758606,0.03882693126797676,36672000,0.0,0.0
1999-03-23,0.04270799830555916,0.04270799830555916,0.039062999188899994,0.03984399884939194,0.03644506633281708,163968000,0.0,0.0
1999-03-24,0.0395830012857914,0.03984399884939194,0.03802099823951721,0.0395830012857914,0.036206334829330444,60864000,0.0,0.0
1999-03-25,0.03945299983024597,0.04166699945926666,0.039322998374700546,0.04010400176048279,0.036682888865470886,40320000,0.0,0.0
1999-03-26,0.04062499850988388,0.04374999925494194,0.04062499850988388,0.04362000152468681,0.03989895433187485,88272000,0.0,0.0
1999-03-29,0.04492200165987015,0.04596399888396263,0.044140998274087906,0.04492200165987015,0.04108989238739014,65952000,0.0,0.0
1999-03-30,0.045051999390125275,0.04544299840927124,0.04088500142097473,0.04114599898457527,0.03763600066304207,69504000,0.0,0.0
1999-03-31,0.042447999119758606,0.044530998915433884,0.040495000779628754,0.04400999844074249,0.04025568068027496,153600000,0.0,0.0
1999-04-01,0.04400999844074249,0.04427099972963333,0.041926998645067215,0.04270799830555916,0.039064738899469376,30432000,0.0,0.0
1999-04-05,0.042187999933958054,0.04322899878025055,0.04114599898457527,0.041405998170375824,0.037873830646276474,98640000,0.0,0.0
1999-04-06,0.04179700091481209,0.041926998645067215,0.0395830012857914,0.04036499932408333,0.03692161664366722,69696000,0.0,0.0
1999-04-07,0.04062499850988388,0.04400999844074249,0.04036499932408333,0.04374999925494194,0.04001786932349205,89280000,0.0,0.0
1999-04-08,0.04400999844074249,0.04583299905061722,0.04349000006914139,0.044530998915433884,0.04073223099112511,130128000,0.0,0.0
1999-04-09,0.04479200020432472,0.04479200020432472,0.04349000006914139,0.04374999925494194,0.04001786932349205,48624000,0.0,0.0
1999-04-12,0.04322899878025055,0.04322899878025055,0.04114599898457527,0.041926998645067215,0.038350388407707214,33312000,0.0,0.0
1999-04-13,0.04270799830555916,0.04270799830555916,0.0395830012857914,0.040233999490737915,0.03680180385708809,36144000,0.0,0.0
1999-04-14,0.04010400176048279,0.041016001254320145,0.039062999188899994,0.039062999188899994,0.03573070466518402,48288000,0.0,0.0
1999-04-15,0.04010400176048279,0.04010400176048279,0.039062999188899994,0.04010400176048279,0.036682888865470886,35856000,0.0,0.0
1999-04-16,0.03984399884939194,0.04205700010061264,0.03984399884939194,0.041405998170375824,0.037873830646276474,38928000,0.0,0.0
1999-04-19,0.041926998645067215,0.041926998645067215,0.039062999188899994,0.0395830012857914,0.036206334829330444,31296000,0.0,0.0
1999-04-20,0.0395830012857914,0.04114599898457527,0.03841099888086319,0.038802001625299454,0.03549196571111679,67680000,0.0,0.0
1999-04-21,0.038802001625299454,0.0395830012857914,0.0385419987142086,0.03945299983024597,0.036087438464164734,37488000,0.0,0.0
1999-04-22,0.0395830012857914,0.0395830012857914,0.037370000034570694,0.03776000067591667,0.03453885018825531,227184000,0.0,0.0
1999-04-23,0.037629999220371246,0.03776000067591667,0.035677000880241394,0.035937998443841934,0.0328722819685936,126048000,0.0,0.0
1999-04-26,0.035937998443841934,0.03645800054073334,0.03333299979567528,0.03411500155925751,0.031204795464873314,123504000,0.0,0.0
1999-04-27,0.03489600121974945,0.03802099823951721,0.03437500074505806,0.03776000067591667,0.03453885018825531,226944000,0.0,0.0
1999-04-28,0.03802099823951721,0.03802099823951721,0.03632799908518791,0.03750000149011612,0.0343010239303112,120096000,0.0,0.0
1999-04-29,0.037629999220371246,0.03776000067591667,0.036719001829624176,0.03750000149011612,0.0343010239303112,48144000,0.0,0.0
1999-04-30,0.037891000509262085,0.0395830012857914,0.037629999220371246,0.03802099823951721,0.034777577966451645,99312000,0.0,0.0
1999-05-03,0.03841099888086319,0.03841099888086319,0.03723999857902527,0.03828100115060806,0.035015396773815155,33840000,0.0,0.0
1999-05-04,0.03828100115060806,0.03828100115060806,0.03541700169444084,0.036198001354932785,0.03311010077595711,96048000,0.0,0.0
1999-05-05,0.03645800054073334,0.03697900101542473,0.03437500074505806,0.03697900101542473,0.03382445126771927,144576000,0.0,0.0
1999-05-06,0.036719001829624176,0.03750000149011612,0.03515600040555,0.03626300022006035,0.03316956013441086,35616000,0.0,0.0
1999-05-07,0.03515600040555,0.036719001829624176,0.03515600040555,0.03645800054073334,0.033347923308610916,25008000,0.0,0.0
1999-05-10,0.036198001354932785,0.03723999857902527,0.036198001354932785,0.03645800054073334,0.033347923308610916,19680000,0.0,0.0
1999-05-11,0.03802099823951721,0.0395830012857914,0.03723999857902527,0.03841099888086319,0.035134319216012955,171744000,0.0,0.0
1999-05-12,0.038802001625299454,0.03971400111913681,0.03828100115060806,0.0395830012857914,0.036206334829330444,168480000,0.0,0.0
1999-05-13,0.0395830012857914,0.04062499850988388,0.03945299983024597,0.0395830012857914,0.036206334829330444,69936000,0.0,0.0
1999-05-14,0.0395830012857914,0.0395830012857914,0.03697900101542473,0.03750000149011612,0.0343010239303112,28464000,0.0,0.0
1999-05-17,0.03697900101542473,0.039322998374700546,0.0368489995598793,0.039322998374700546,0.035968516021966934,35760000,0.0,0.0
1999-05-18,0.03971400111913681,0.04166699945926666,0.0385419987142086,0.04114599898457527,0.03763600066304207,151536000,0.0,0.0
1999-05-19,0.04296899959445,0.044530998915433884,0.03867200016975403,0.039322998374700546,0.035968516021966934,451728000,0.0,0.0
1999-05-20,0.0395830012857914,0.0395830012857914,0.034765999764204025,0.036198001354932785,0.03311010077595711,178176000,0.0,0.0
1999-05-21,0.035677000880241394,0.035677000880241394,0.03437500074505806,0.03541700169444084,0.032395731657743454,303504000,0.0,0.0
1999-05-24,0.035677000880241394,0.03645800054073334,0.034765999764204025,0.03528600186109543,0.03227590024471283,162624000,0.0,0.0
1999-05-25,0.03541700169444084,0.035937998443841934,0.03515600040555,0.03554699942469597,0.032514628022909164,130080000,0.0,0.0
1999-05-26,0.03541700169444084,0.03723999857902527,0.03541700169444084,0.03541700169444084,0.032395731657743454,104736000,0.0,0.0
1999-05-27,0.035677000880241394,0.035677000880241394,0.03515600040555,0.03515600040555,0.03215698525309563,82320000,0.0,0.0
1999-05-28,0.035677000880241394,0.035677000880241394,0.03515600040555,0.03554699942469597,0.032514628022909164,88656000,0.0,0.0
1999-06-01,0.03541700169444084,0.035677000880241394,0.03489600121974945,0.035677000880241394,0.03263353183865547,98544000,0.0,0.0
1999-06-02,0.035677000880241394,0.035677000880241394,0.03437500074505806,0.03437500074505806,0.031442612409591675,130128000,0.0,0.0
1999-06-03,0.03528600186109543,0.03554699942469597,0.03489600121974945,0.03528600186109543,0.03227590024471283,41568000,0.0,0.0
1999-06-04,0.03554699942469597,0.035677000880241394,0.03528600186109543,0.03554699942469597,0.032514628022909164,78912000,0.0,0.0
1999-06-07,0.03574199974536896,0.03645800054073334,0.035677000880241394,0.035937998443841934,0.0328722819685936,125136000,0.0,0.0
1999-06-08,0.03606799989938736,0.03750000149011612,0.035937998443841934,0.0368489995598793,0.033705562353134155,153312000,0.0,0.0
1999-06-09,0.03697900101542473,0.03828100115060806,0.03697900101542473,0.03750000149011612,0.0343010239303112,95184000,0.0,0.0
1999-06-10,0.03750000149011612,0.03776000067591667,0.03723999857902527,0.037629999220371246,0.03441993519663811,36096000,0.0,0.0
1999-06-11,0.037629999220371246,0.03776000067591667,0.03554699942469597,0.0368489995598793,0.033705562353134155,61008000,0.0,0.0
1999-06-14,0.036913998425006866,0.03697900101542473,0.03515600040555,0.03541700169444084,0.032395731657743454,51648000,0.0,0.0
1999-06-15,0.03541700169444084,0.035677000880241394,0.03489600121974945,0.03541700169444084,0.032395731657743454,49296000,0.0,0.0
1999-06-16,0.035937998443841934,0.03750000149011612,0.03541700169444084,0.03645800054073334,0.033347923308610916,64416000,0.0,0.0
1999-06-17,0.036198001354932785,0.036719001829624176,0.03541700169444084,0.03541700169444084,0.032395731657743454,74928000,0.0,0.0
1999-06-18,0.035677000880241394,0.035677000880241394,0.03411500155925751,0.03411500155925751,0.031204795464873314,158736000,0.0,0.0
1999-06-21,0.03515600040555,0.035937998443841934,0.03421200066804886,0.035937998443841934,0.0328722819685936,83472000,0.0,0.0
1999-06-22,0.035937998443841934,0.035937998443841934,0.03450499847531319,0.03528600186109543,0.03227590024471283,193056000,0.0,0.0
1999-06-23,0.03489600121974945,0.035937998443841934,0.03450499847531319,0.035937998443841934,0.0328722819685936,210912000,0.0,0.0
1999-06-24,0.036198001354932785,0.036198001354932785,0.03489600121974945,0.03515600040555,0.03215698525309563,115200000,0.0,0.0
1999-06-25,0.03489600121974945,0.03606799989938736,0.03489600121974945,0.035677000880241394,0.03263353183865547,73536000,0.0,0.0
1999-06-28,0.0368489995598793,0.0368489995598793,0.03541700169444084,0.036198001354932785,0.03311010077595711,109152000,0.0,0.0
1999-06-29,0.036719001829624176,0.037108998745679855,0.036198001354932785,0.03658900037407875,0.03346775099635124,92688000,0.0,0.0
1999-06-30,0.03776000067591667,0.03984399884939194,0.03697900101542473,0.03984399884939194,0.03644506633281708,269232000,0.0,0.0
1999-07-01,0.03984399884939194,0.03984399884939194,0.035677000880241394,0.03776000067591667,0.03453885018825531,88992000,0.0,0.0
1999-07-02,0.03828100115060806,0.040495000779628754,0.03750000149011612,0.040495000779628754,0.037040527909994125,224880000,0.0,0.0
1999-07-06,0.04088500142097473,0.04088500142097473,0.04010400176048279,0.04062499850988388,0.03715944662690163,198096000,0.0,0.0
1999-07-07,0.04088500142097473,0.04088500142097473,0.03984399884939194,0.03984399884939194,0.03644506633281708,63120000,0.0,0.0
1999-07-08,0.04010400176048279,0.041405998170375824,0.038802001625299454,0.040754999965429306,0.037278350442647934,186048000,0.0,0.0
1999-07-09,0.04062499850988388,0.044530998915433884,0.04062499850988388,0.04420600086450577,0.04043496772646904,211728000,0.0,0.0
1999-07-12,0.046875,0.048177000135183334,0.045051999390125275,0.04622400179505348,0.04228081926703453,401040000,0.0,0.0
1999-07-13,0.046744998544454575,0.047005001455545425,0.04427099972963333,0.04635399952530861,0.04239971935749054,138864000,0.0,0.0
1999-07-14,0.04635399952530861,0.04739600047469139,0.04427099972963333,0.044530998915433884,0.04073223099112511,137952000,0.0,0.0
1999-07-15,0.04492200165987015,0.04635399952530861,0.04479200020432472,0.04479200020432472,0.04097096621990204,137040000,0.0,0.0
1999-07-16,0.045572999864816666,0.04609400033950806,0.04479200020432472,0.04570300132036209,0.04180426895618439,103872000,0.0,0.0
1999-07-19,0.04583299905061722,0.04596399888396263,0.04427099972963333,0.044530998915433884,0.04073223099112511,43632000,0.0,0.0
1999-07-20,0.044530998915433884,0.044530998915433884,0.042187999933958054,0.04374999925494194,0.04001786932349205,178752000,0.0,0.0
1999-07-21,0.04322899878025055,0.04322899878025055,0.04114599898457527,0.042447999119758606,0.03882693126797676,112080000,0.0,0.0
1999-07-22,0.042187999933958054,0.042187999933958054,0.04010400176048279,0.040495000779628754,0.037040527909994125,213264000,0.0,0.0
1999-07-23,0.04036499932408333,0.04166699945926666,0.04036499932408333,0.040495000779628754,0.037040527909994125,80256000,0.0,0.0
1999-07-26,0.04153599962592125,0.04153599962592125,0.04062499850988388,0.04062499850988388,0.03715944662690163,60528000,0.0,0.0
1999-07-27,0.04062499850988388,0.04088500142097473,0.04010400176048279,0.040754999965429306,0.037278350442647934,98592000,0.0,0.0
1999-07-28,0.04062499850988388,0.041926998645067215,0.040495000779628754,0.041405998170375824,0.037873830646276474,244224000,0.0,0.0
1999-07-29,0.04062499850988388,0.041926998645067215,0.04036499932408333,0.04179700091481209,0.038231462240219116,388800000,0.0,0.0
1999-07-30,0.04179700091481209,0.04296899959445,0.04166699945926666,0.041926998645067215,0.038350388407707214,452304000,0.0,0.0
1999-08-02,0.041926998645067215,0.042447999119758606,0.04166699945926666,0.04231800138950348,0.038708023726940155,313344000,0.0,0.0
1999-08-03,0.04231800138950348,0.04231800138950348,0.04088500142097473,0.0412760004401207,0.03775492310523987,255216000,0.0,0.0
1999-08-04,0.04153599962592125,0.04166699945926666,0.04114599898457527,0.0412760004401207,0.03775492310523987,89952000,0.0,0.0
1999-08-05,0.0412760004401207,0.041926998645067215,0.04062499850988388,0.041926998645067215,0.038350388407707214,240576000,0.0,0.0
1999-08-06,0.04179700091481209,0.04205700010061264,0.04166699945926666,0.041926998645067215,0.038350388407707214,183984000,0.0,0.0
1999-08-09,0.04205700010061264,0.042447999119758606,0.04166699945926666,0.041926998645067215,0.038350388407707214,31056000,0.0,0.0
1999-08-10,0.042187999933958054,0.044530998915433884,0.041926998645067215,0.04270799830555916,0.039064738899469376,212064000,0.0,0.0
1999-08-11,0.04349000006914139,0.04609400033950806,0.04296899959445,0.045572999864816666,0.04168534651398659,197712000,0.0,0.0
1999-08-12,0.04583299905061722,0.04895799979567528,0.045572999864816666,0.04778600111603737,0.04370957240462303,239616000,0.0,0.0
1999-08-13,0.04739600047469139,0.04830700159072876,0.046875,0.047265999019145966,0.04323391988873482,84672000,0.0,0.0
1999-08-16,0.04765599966049194,0.04765599966049194,0.043880000710487366,0.04544299840927124,0.04156644269824028,223440000,0.0,0.0
1999-08-17,0.045572999864816666,0.04635399952530861,0.04440100118517876,0.045572999864816666,0.04168534651398659,193536000,0.0,0.0
1999-08-18,0.045051999390125275,0.04713499918580055,0.044140998274087906,0.04661500081419945,0.042638469487428665,279888000,0.0,0.0
1999-08-19,0.049869999289512634,0.05911500006914139,0.048177000135183334,0.05651000142097473,0.05168936029076576,1966992000,0.0,0.0
1999-08-20,0.056641001254320145,0.057030998170375824,0.05390600115060806,0.05598999932408333,0.05121372640132904,353088000,0.0,0.0
1999-08-23,0.0552080012857914,0.0552080012857914,0.05078100040555,0.05260400101542473,0.04811656102538109,507984000,0.0,0.0
1999-08-24,0.051823001354932785,0.05286499857902527,0.049219001084566116,0.052344001829624176,0.04787874221801758,398064000,0.0,0.0
1999-08-25,0.0524739995598793,0.052995000034570694,0.05000000074505806,0.05208300054073334,0.04763999581336975,350352000,0.0,0.0
1999-08-26,0.05208300054073334,0.05286499857902527,0.05052100121974945,0.051302000880241394,0.046925634145736694,275376000,0.0,0.0
1999-08-27,0.052344001829624176,0.05624999850988388,0.05208300054073334,0.0541669987142086,0.049546219408512115,552384000,0.0,0.0
1999-08-30,0.05507799983024597,0.056120000779628754,0.05169299989938736,0.053971000015735626,0.04936695843935013,158640000,0.0,0.0
1999-08-31,0.0541669987142086,0.05885399878025055,0.05312500149011612,0.05859399959445,0.05359559878706932,786864000,0.0,0.0
1999-09-01,0.05859399959445,0.05859399959445,0.054947998374700546,0.055858999490737915,0.05109388381242752,565344000,0.0,0.0
1999-09-02,0.05403599888086319,0.05546899884939194,0.05286499857902527,0.0552080012857914,0.050498418509960175,341088000,0.0,0.0
1999-09-03,0.05624999850988388,0.057030998170375824,0.0552080012857914,0.05559900030493736,0.05085606500506401,258864000,0.0,0.0
1999-09-07,0.05651000142097473,0.05651000142097473,0.05507799983024597,0.05533900111913681,0.050618261098861694,124416000,0.0,0.0
1999-09-08,0.05546899884939194,0.055858999490737915,0.0552080012857914,0.0552080012857914,0.050498418509960175,170064000,0.0,0.0
1999-09-09,0.05572900176048279,0.056120000779628754,0.05338500067591667,0.054427001625299454,0.04978407174348831,209472000,0.0,0.0
1999-09-10,0.05533900111913681,0.05598999932408333,0.054947998374700546,0.0552080012857914,0.050498418509960175,167424000,0.0,0.0
1999-09-13,0.05546899884939194,0.05546899884939194,0.05286499857902527,0.05338500067591667,0.04883094131946564,174432000,0.0,0.0
1999-09-14,0.05338500067591667,0.05338500067591667,0.051562998443841934,0.051823001354932785,0.047402191907167435,250368000,0.0,0.0
1999-09-15,0.05117199942469597,0.05286499857902527,0.05078100040555,0.05221400037407875,0.04775984212756157,212736000,0.0,0.0
1999-09-16,0.051562998443841934,0.05208300054073334,0.05025999993085861,0.05091100186109543,0.04656798392534256,158112000,0.0,0.0
1999-09-17,0.050586000084877014,0.05104200169444084,0.04895799979567528,0.05078100040555,0.04644908010959625,171648000,0.0,0.0
1999-09-20,0.049869999289512634,0.05052100121974945,0.04895799979567528,0.04895799979567528,0.04478158801794052,229104000,0.0,0.0
1999-09-21,0.04791700094938278,0.048177000135183334,0.04362000152468681,0.04427099972963333,0.04049443081021309,737328000,0.0,0.0
1999-09-22,0.04427099972963333,0.045572999864816666,0.04166699945926666,0.04531300067901611,0.041447535157203674,375984000,0.0,0.0
1999-09-23,0.04544299840927124,0.045572999864816666,0.04114599898457527,0.04153599962592125,0.03799271211028099,379584000,0.0,0.0
1999-09-24,0.04166699945926666,0.04270799830555916,0.03489600121974945,0.03776000067591667,0.03453885018825531,684912000,0.0,0.0
1999-09-27,0.040233999490737915,0.04088500142097473,0.03776000067591667,0.04010400176048279,0.036682888865470886,432000000,0.0,0.0
1999-09-28,0.04016900062561035,0.04427099972963333,0.04010400176048279,0.04374999925494194,0.04001786932349205,413184000,0.0,0.0
1999-09-29,0.04466100037097931,0.04635399952530861,0.0395830012857914,0.040233999490737915,0.03680180385708809,594048000,0.0,0.0
1999-09-30,0.04166699945926666,0.04296899959445,0.0395830012857914,0.04010400176048279,0.036682888865470886,342528000,0.0,0.0
1999-10-01,0.03945299983024597,0.04088500142097473,0.03776000067591667,0.03984399884939194,0.03644506633281708,347760000,0.0,0.0
1999-10-04,0.04114599898457527,0.0412760004401207,0.04010400176048279,0.04062499850988388,0.03715944662690163,177600000,0.0,0.0
1999-10-05,0.04062499850988388,0.04479200020432472,0.04062499850988388,0.044530998915433884,0.04073223099112511,478080000,0.0,0.0
1999-10-06,0.04466100037097931,0.05208300054073334,0.04427099972963333,0.049869999289512634,0.0456157885491848,1508736000,0.0,0.0
1999-10-07,0.05195299908518791,0.05195299908518791,0.04635399952530861,0.04661500081419945,0.042638469487428665,487296000,0.0,0.0
1999-10-08,0.04661500081419945,0.050390999764204025,0.04479200020432472,0.04895799979567528,0.04478158801794052,398928000,0.0,0.0
1999-10-11,0.04934899881482124,0.04947900027036667,0.04635399952530861,0.04765599966049194,0.043590664863586426,544464000,0.0,0.0
1999-10-12,0.04791700094938278,0.04843800142407417,0.046875,0.047005001455545425,0.042995184659957886,322992000,0.0,0.0
1999-10-13,0.046484000980854034,0.046484000980854034,0.04479200020432472,0.04570300132036209,0.04180426895618439,280368000,0.0,0.0
1999-10-14,0.04583299905061722,0.04583299905061722,0.04427099972963333,0.04479200020432472,0.04097096621990204,192336000,0.0,0.0
1999-10-15,0.04257800057530403,0.04479200020432472,0.042447999119758606,0.044530998915433884,0.04073223099112511,210720000,0.0,0.0
1999-10-18,0.04466100037097931,0.04466100037097931,0.041926998645067215,0.042187999933958054,0.03858911991119385,215184000,0.0,0.0
1999-10-19,0.04349000006914139,0.04349000006914139,0.03971400111913681,0.040495000779628754,0.037040527909994125,308928000,0.0,0.0
1999-10-20,0.04114599898457527,0.042447999119758606,0.040495000779628754,0.041926998645067215,0.038350388407707214,348720000,0.0,0.0
1999-10-21,0.04179700091481209,0.043880000710487366,0.04062499850988388,0.043880000710487366,0.040136780589818954,382128000,0.0,0.0
1999-10-22,0.04374999925494194,0.04622400179505348,0.04374999925494194,0.04492200165987015,0.04108989238739014,286752000,0.0,0.0
1999-10-25,0.04466100037097931,0.04531300067901611,0.04270799830555916,0.04270799830555916,0.039064738899469376,213840000,0.0,0.0
1999-10-26,0.044530998915433884,0.04843800142407417,0.04427099972963333,0.046875,0.04287628084421158,481248000,0.0,0.0
1999-10-27,0.04713499918580055,0.04739600047469139,0.04400999844074249,0.04479200020432472,0.04097096621990204,214128000,0.0,0.0
1999-10-28,0.045051999390125275,0.04583299905061722,0.042447999119758606,0.04270799830555916,0.039064738899469376,222768000,0.0,0.0
1999-10-29,0.04322899878025055,0.046875,0.04296899959445,0.04609400033950806,0.04216192290186882,330528000,0.0,0.0
1999-11-01,0.04531300067901611,0.05078100040555,0.04531300067901611,0.04895799979567528,0.04478158801794052,782544000,0.0,0.0
1999-11-02,0.049869999289512634,0.052344001829624176,0.04947900027036667,0.05208300054073334,0.04763999581336975,837504000,0.0,0.0
1999-11-03,0.0541669987142086,0.05859399959445,0.05377599969506264,0.05716099962592125,0.05228482559323311,2011680000,0.0,0.0
1999-11-04,0.057812999933958054,0.062369998544454575,0.057812999933958054,0.0608070008456707,0.05561980605125427,1260336000,0.0,0.0
1999-11-05,0.0625,0.06302099674940109,0.05598999932408333,0.05885399878025055,0.053833410143852234,616368000,0.0,0.0
1999-11-08,0.057030998170375824,0.06224000081419945,0.0552080012857914,0.06054700165987015,0.055381979793310165,470016000,0.0,0.0
1999-11-09,0.06041700020432472,0.060676999390125275,0.05729199945926666,0.05963499844074249,0.054547764360904694,272352000,0.0,0.0
1999-11-10,0.05983100086450577,0.05989599972963333,0.05794300138950348,0.05911500006914139,0.054072145372629166,144048000,0.0,0.0
1999-11-11,0.05911500006914139,0.0664059966802597,0.057812999933958054,0.06328099966049194,0.057882752269506454,562704000,0.0,0.0
1999-11-12,0.06601600348949432,0.06666699796915054,0.06224000081419945,0.06666699796915054,0.060979921370744705,501504000,0.0,0.0
1999-11-15,0.06712199747562408,0.06914100050926208,0.06432300060987473,0.06536500155925751,0.05978899821639061,362208000,0.0,0.0
1999-11-16,0.0669270008802414,0.07291699945926666,0.06666699796915054,0.07161500304937363,0.06550582498311996,723792000,0.0,0.0
1999-11-17,0.07291699945926666,0.078125,0.07187499850988388,0.07434900104999542,0.06800657510757446,786384000,0.0,0.0
1999-11-18,0.07591100037097931,0.07656300067901611,0.07395800203084946,0.07460899651050568,0.06824439764022827,235968000,0.0,0.0
1999-11-19,0.08359400182962418,0.09244800359010696,0.08333300054073334,0.0893229991197586,0.08170322328805923,2165184000,0.0,0.0
1999-11-22,0.09160199761390686,0.09166699647903442,0.08385399729013443,0.08919300138950348,0.08158430457115173,540192000,0.0,0.0
1999-11-23,0.08007799834012985,0.0837239995598793,0.07916700094938278,0.08281300216913223,0.07574860751628876,553248000,0.0,0.0
1999-11-24,0.08242200314998627,0.08333300054073334,0.07408899813890457,0.08020800352096558,0.07336577773094177,406848000,0.0,0.0
1999-11-26,0.07942699640989304,0.08020800352096558,0.07708299905061722,0.07968799769878387,0.07289013266563416,71760000,0.0,0.0
1999-11-29,0.07942699640989304,0.08046899735927582,0.07500000298023224,0.07682300359010696,0.07026954740285873,298608000,0.0,0.0
1999-11-30,0.07708299905061722,0.07838500291109085,0.07213500142097473,0.07213500142097473,0.0659814402461052,314688000,0.0,0.0
1999-12-01,0.07213500142097473,0.07682300359010696,0.07213500142097473,0.07578100264072418,0.06931643187999725,223536000,0.0,0.0
1999-12-02,0.07604199647903442,0.08242200314998627,0.07604199647903442,0.08138000220060349,0.07443781197071075,309888000,0.0,0.0
1999-12-03,0.08216100186109543,0.08359400182962418,0.07838500291109085,0.07942699640989304,0.07265137881040573,342768000,0.0,0.0
1999-12-06,0.07968799769878387,0.0820309966802597,0.07968799769878387,0.08164100348949432,0.0746765285730362,178608000,0.0,0.0
1999-12-07,0.08229199796915054,0.08242200314998627,0.07578100264072418,0.07890599966049194,0.07217487692832947,186384000,0.0,0.0
1999-12-08,0.07864599674940109,0.08320300281047821,0.07838500291109085,0.08242200314998627,0.07539092004299164,201696000,0.0,0.0
1999-12-09,0.08229199796915054,0.08437500149011612,0.07708299905061722,0.07994800060987473,0.07312798500061035,214944000,0.0,0.0
1999-12-10,0.08138000220060349,0.08177100121974945,0.07760400325059891,0.07903599739074707,0.07229375839233398,98304000,0.0,0.0
1999-12-13,0.078125,0.0808589980006218,0.07708299905061722,0.07877600193023682,0.07205592840909958,183840000,0.0,0.0
1999-12-14,0.07890599966049194,0.0808589980006218,0.07669299840927124,0.07747399806976318,0.07086499035358429,273888000,0.0,0.0
1999-12-15,0.07695300132036209,0.07734400033950806,0.07317700237035751,0.07500000298023224,0.0686020478606224,205968000,0.0,0.0
1999-12-16,0.0753910019993782,0.07656300067901611,0.0742190033197403,0.07447899878025055,0.06812548637390137,132576000,0.0,0.0
1999-12-17,0.07656300067901611,0.07955700159072876,0.07617200165987015,0.07838500291109085,0.07169828563928604,262080000,0.0,0.0
1999-12-20,0.07851599901914597,0.08642599731683731,0.07578100264072418,0.08489599823951721,0.07765386253595352,402432000,0.0,0.0
1999-12-21,0.08489599823951721,0.08867199718952179,0.08177100121974945,0.08854199945926666,0.08098886162042618,388368000,0.0,0.0
1999-12-22,0.08880200237035751,0.09166699647903442,0.0854170024394989,0.09062500298023224,0.08289413154125214,251184000,0.0,0.0
1999-12-23,0.09075500071048737,0.09687499701976776,0.09036500006914139,0.09661500155925751,0.08837313950061798,280224000,0.0,0.0
1999-12-27,0.09869799762964249,0.09882800281047821,0.09192699939012527,0.09296900033950806,0.08503817021846771,202416000,0.0,0.0
1999-12-28,0.09296900033950806,0.09635400027036667,0.09244800359010696,0.09270799905061722,0.08479943871498108,179184000,0.0,0.0
1999-12-29,0.09251300245523453,0.09687499701976776,0.09244800359010696,0.09583300352096558,0.0876578837633133,132144000,0.0,0.0
1999-12-30,0.09583300352096558,0.09726600348949432,0.09427099674940109,0.09661500155925751,0.08837313950061798,139776000,0.0,0.0
1999-12-31,0.09641899913549423,0.09791699796915054,0.09609399735927582,0.09778600186109543,0.08944428712129593,127344000,0.0,0.0
2000-01-03,0.09843800216913223,0.09921900182962418,0.09192699939012527,0.09752599895000458,0.08920645713806152,300912000,0.0,0.0
2000-01-04,0.09583300352096558,0.09609399735927582,0.09010399878025055,0.09492199867963791,0.08682458847761154,300480000,0.0,0.0
2000-01-05,0.09218800067901611,0.09375,0.09049499779939651,0.09179700165987015,0.08396618813276291,188352000,0.0,0.0
2000-01-06,0.09179700165987015,0.09179700165987015,0.08229199796915054,0.08580700308084488,0.07848714292049408,120480000,0.0,0.0
2000-01-07,0.0854170024394989,0.0881510004401207,0.08411499857902527,0.08724000304937363,0.0797979086637497,71184000,0.0,0.0
2000-01-10,0.08749999850988388,0.09375,0.0859379991889,0.09010399878025055,0.08241759240627289,239856000,0.0,0.0
2000-01-11,0.08958300203084946,0.09062500298023224,0.0864579975605011,0.0864579975605011,0.07908262312412262,148128000,0.0,0.0
2000-01-12,0.0864579975605011,0.08658900111913681,0.08307299762964249,0.0842449963092804,0.07705838233232498,123552000,0.0,0.0
2000-01-13,0.08411499857902527,0.08854199945926666,0.08307299762964249,0.08776000142097473,0.08027356117963791,132192000,0.0,0.0
2000-01-14,0.08906300365924835,0.09518200159072876,0.08880200237035751,0.09153600037097931,0.08372743427753448,604560000,0.0,0.0
2000-01-18,0.09270799905061722,0.09583300352096558,0.08854199945926666,0.0954430028796196,0.08730114251375198,261648000,0.0,0.0
2000-01-19,0.09583300352096558,0.09583300352096558,0.09375,0.09453099966049194,0.08646691590547562,164688000,0.0,0.0
2000-01-20,0.09531299769878387,0.10052099823951721,0.09348999708890915,0.09427099674940109,0.08622914552688599,179568000,0.0,0.0
2000-01-21,0.09401000291109085,0.09440100193023682,0.09088499844074249,0.09322900325059891,0.08527602255344391,544272000,0.0,0.0
2000-01-24,0.09622400254011154,0.09622400254011154,0.08854199945926666,0.08906300365924835,0.08146538585424423,256944000,0.0,0.0
2000-01-25,0.08945299685001373,0.09036500006914139,0.0854170024394989,0.08828099817037582,0.08075010031461716,237120000,0.0,0.0
2000-01-26,0.08828099817037582,0.09062500298023224,0.08307299762964249,0.08463499695062637,0.07741513848304749,232464000,0.0,0.0
2000-01-27,0.08528599888086319,0.08528599888086319,0.07708299905061722,0.08020800352096558,0.07336577773094177,458208000,0.0,0.0
2000-01-28,0.07916700094938278,0.07968799769878387,0.07474000006914139,0.07786499708890915,0.07122265547513962,194448000,0.0,0.0
2000-01-31,0.07825499773025513,0.07994800060987473,0.07291699945926666,0.07721400260925293,0.07062717527151108,182400000,0.0,0.0
2000-02-01,0.07734400033950806,0.07968799769878387,0.07447899878025055,0.07903599739074707,0.07229375839233398,92976000,0.0,0.0
2000-02-02,0.07942699640989304,0.08281300216913223,0.07903599739074707,0.08124999701976776,0.07431889325380325,149040000,0.0,0.0
2000-02-03,0.08385399729013443,0.08554700016975403,0.0820309966802597,0.0825520008802414,0.07550984621047974,108240000,0.0,0.0
2000-02-04,0.08515600115060806,0.08515600115060806,0.08281300216913223,0.08450499922037125,0.07729622721672058,123696000,0.0,0.0
2000-02-07,0.08489599823951721,0.08489599823951721,0.07916700094938278,0.07929699867963791,0.07253248989582062,217488000,0.0,0.0
2000-02-08,0.08124999701976776,0.0859379991889,0.07916700094938278,0.08307299762964249,0.0759863629937172,468816000,0.0,0.0
2000-02-09,0.08619800209999084,0.0876300036907196,0.08502600342035294,0.08515600115060806,0.07789168506860733,589056000,0.0,0.0
2000-02-10,0.09036500006914139,0.10416699945926666,0.09036500006914139,0.10260400176048279,0.09385126829147339,970080000,0.0,0.0
2000-02-11,0.1076819971203804,0.10781300067901611,0.09661500155925751,0.10416699945926666,0.09528091549873352,423792000,0.0,0.0
2000-02-14,0.10442700237035751,0.12083300203084946,0.10338500142097473,0.12083300203084946,0.11052525043487549,650112000,0.0,0.0
2000-02-15,0.1210940033197403,0.12122400104999542,0.11119800060987473,0.11614599823951721,0.10623806715011597,450480000,0.0,0.0
2000-02-16,0.11744800209999084,0.1255210041999817,0.11614599823951721,0.12148399651050568,0.11112068593502045,1019568000,0.0,0.0
2000-02-17,0.12135399878025055,0.12656299769878387,0.11953099817037582,0.12578099966049194,0.11505112797021866,535776000,0.0,0.0
2000-02-18,0.12395799905061722,0.14218799769878387,0.12304700165987015,0.14036500453948975,0.12839101254940033,960864000,0.0,0.0
2000-02-22,0.13593800365924835,0.1377599984407425,0.13124999403953552,0.13645799458026886,0.12481728941202164,542496000,0.0,0.0
2000-02-23,0.13489599525928497,0.13867199420928955,0.13320299983024597,0.1372399926185608,0.12553264200687408,511392000,0.0,0.0
2000-02-24,0.13802100718021393,0.138932004570961,0.13020800054073334,0.13593800365924835,0.1243416965007782,244320000,0.0,0.0
2000-02-25,0.13606800138950348,0.13606800138950348,0.12187500298023224,0.12747399508953094,0.11659969389438629,278736000,0.0,0.0
2000-02-28,0.12682299315929413,0.12812499701976776,0.12447900325059891,0.12656299769878387,0.11576642841100693,517872000,0.0,0.0
2000-02-29,0.12578099966049194,0.13489599525928497,0.12578099966049194,0.1333329975605011,0.121958889067173,306048000,0.0,0.0
2000-03-01,0.1333329975605011,0.1333329975605011,0.12734399735927582,0.1294270008802414,0.11838611215353012,383568000,0.0,0.0
2000-03-02,0.13046899437904358,0.13046899437904358,0.12031300365924835,0.12070299685001373,0.1104063093662262,191040000,0.0,0.0
2000-03-03,0.12083300203084946,0.12395799905061722,0.11979199945926666,0.12265600264072418,0.11219269037246704,273696000,0.0,0.0
2000-03-06,0.12343800067901611,0.1328130066394806,0.12083300203084946,0.12187500298023224,0.11147835850715637,432096000,0.0,0.0
2000-03-07,0.15625,0.18177099525928497,0.1494790017604828,0.173567995429039,0.1587616503238678,1952208000,0.0,0.0
2000-03-08,0.17347000539302826,0.17656299471855164,0.16093799471855164,0.17499999701976776,0.1600714772939682,668736000,0.0,0.0
2000-03-09,0.17708300054073334,0.22499999403953552,0.17656299471855164,0.20895199477672577,0.19112718105316162,952944000,0.0,0.0
2000-03-10,0.21979199349880219,0.30208298563957214,0.2182289958000183,0.24583299458026886,0.2248619943857193,2161200000,0.0,0.0
2000-03-13,0.22291700541973114,0.3125,0.22083300352096558,0.3109380006790161,0.28441309928894043,2415168000,0.0,0.0
2000-03-14,0.3092449903488159,0.3092449903488159,0.22499999403953552,0.22942699491977692,0.20985552668571472,1567776000,0.0,0.0
2000-03-15,0.24586600065231323,0.2522140145301819,0.21250000596046448,0.22005200386047363,0.20128025114536285,995616000,0.0,0.0
2000-03-16,0.2270829975605011,0.2348960041999817,0.19296899437904358,0.1961909979581833,0.1794547289609909,750384000,0.0,0.0
2000-03-17,0.19166700541973114,0.22291700541973114,0.19163399934768677,0.20807300508022308,0.190323144197464,557616000,0.0,0.0
2000-03-20,0.21627600491046906,0.2231770008802414,0.20130200684070587,0.20794300734996796,0.1902042031288147,365280000,0.0,0.0
2000-03-21,0.20833300054073334,0.21015599370002747,0.18125000596046448,0.19765600562095642,0.18079480528831482,536640000,0.0,0.0
2000-03-22,0.1992190033197403,0.20520800352096558,0.1958329975605011,0.19908900558948517,0.18210549652576447,230592000,0.0,0.0
2000-03-23,0.19726599752902985,0.21354199945926666,0.19687500596046448,0.2026039958000183,0.18532074987888336,309408000,0.0,0.0
2000-03-24,0.20130200684070587,0.2104170024394989,0.1875,0.19414100050926208,0.1775796264410019,231600000,0.0,0.0
2000-03-27,0.19374999403953552,0.20000000298023224,0.1796880066394806,0.1813800036907196,0.1659070998430252,388944000,0.0,0.0
2000-03-28,0.1751299947500229,0.17708300054073334,0.1645829975605011,0.16783900558948517,0.15352138876914978,393312000,0.0,0.0
2000-03-29,0.1684899926185608,0.1723960041999817,0.15000000596046448,0.1567710041999817,0.1433974951505661,469440000,0.0,0.0
2000-03-30,0.15208299458026886,0.1703130006790161,0.14687499403953552,0.15585899353027344,0.1425633281469345,361920000,0.0,0.0
2000-03-31,0.16650399565696716,0.1830729991197586,0.1635420024394989,0.17600899934768677,0.16099436581134796,962976000,0.0,0.0
2000-04-03,0.1744139939546585,0.17499999701976776,0.15768200159072876,0.16223999857902527,0.14839991927146912,329952000,0.0,0.0
2000-04-04,0.17083300650119781,0.17369799315929413,0.11874999850988388,0.15625,0.14292091131210327,513792000,0.0,0.0
2000-04-05,0.15781299769878387,0.203125,0.14973999559879303,0.19101600348949432,0.17472119629383087,639600000,0.0,0.0
2000-04-06,0.1998700052499771,0.21002599596977234,0.1903650015592575,0.1998700052499771,0.1828199326992035,404592000,0.0,0.0
2000-04-07,0.2098959982395172,0.21875,0.20104199647903442,0.2136719971895218,0.19544453918933868,318576000,0.0,0.0
2000-04-10,0.21731799840927124,0.2299479991197586,0.1907549947500229,0.1947920024394989,0.17817510664463043,395280000,0.0,0.0
2000-04-11,0.1812169998884201,0.19791699945926666,0.16666699945926666,0.18320299685001373,0.1675747185945511,457584000,0.0,0.0
2000-04-12,0.18346400558948517,0.1875,0.1635420024394989,0.16419300436973572,0.15018631517887115,313440000,0.0,0.0
2000-04-13,0.16549499332904816,0.1713539958000183,0.15442700684070587,0.15716099739074707,0.14375422894954681,313296000,0.0,0.0
2000-04-14,0.14713500440120697,0.1584639996290207,0.13645799458026886,0.143326997756958,0.13110032677650452,421920000,0.0,0.0
2000-04-17,0.13124999403953552,0.15625,0.13124999403953552,0.1506509929895401,0.13779951632022858,294096000,0.0,0.0
2000-04-18,0.16582000255584717,0.1869789958000183,0.16093799471855164,0.17734399437904358,0.16221550107002258,477504000,0.0,0.0
2000-04-19,0.18294300138950348,0.18541699647903442,0.16666699945926666,0.16888000071048737,0.15447358787059784,278352000,0.0,0.0
2000-04-20,0.17343799769878387,0.17669300734996796,0.16562500596046448,0.1679690033197403,0.15364031493663788,153936000,0.0,0.0
2000-04-24,0.15833300352096558,0.16536499559879303,0.15130199491977692,0.1596350073814392,0.14601722359657288,205968000,0.0,0.0
2000-04-25,0.1667969971895218,0.18229199945926666,0.16640600562095642,0.17708300054073334,0.16197675466537476,249696000,0.0,0.0
2000-04-26,0.18945300579071045,0.19374999403953552,0.17499999701976776,0.1752600073814392,0.16030928492546082,254112000,0.0,0.0
2000-04-27,0.1635420024394989,0.1914059966802597,0.16263000667095184,0.18958300352096558,0.17341043055057526,280992000,0.0,0.0
2000-04-28,0.1925780028104782,0.20000000298023224,0.18567700684070587,0.18567700684070587,0.1698376089334488,179040000,0.0,0.0
2000-05-01,0.19270800054073334,0.19687500596046448,0.18710899353027344,0.19166700541973114,0.1753166913986206,119424000,0.0,0.0
2000-05-02,0.19166700541973114,0.20286500453948975,0.17890599370002747,0.1842450052499771,0.16852784156799316,234000000,0.0,0.0
2000-05-03,0.1830729991197586,0.18906299769878387,0.16666699945926666,0.18125000596046448,0.16578826308250427,329184000,0.0,0.0
2000-05-04,0.18085899949073792,0.19114600121974945,0.17929700016975403,0.18346400558948517,0.1678134649991989,241200000,0.0,0.0
2000-05-05,0.18268199265003204,0.1963540017604828,0.1802079975605011,0.1919270008802414,0.17555445432662964,170592000,0.0,0.0
2000-05-08,0.1869789958000183,0.19374999403953552,0.1846349984407425,0.18489600718021393,0.16912327706813812,185136000,0.0,0.0
2000-05-09,0.1880210041999817,0.18958300352096558,0.17708300054073334,0.18229199945926666,0.16674138605594635,176832000,0.0,0.0
2000-05-10,0.18046900629997253,0.18059900403022766,0.16276000440120697,0.16432300209999084,0.15030522644519806,274080000,0.0,0.0
2000-05-11,0.16666699945926666,0.17434899508953094,0.16445299983024597,0.1713539958000183,0.15673653781414032,245904000,0.0,0.0
2000-05-12,0.17604200541973114,0.18541699647903442,0.16614599525928497,0.16614599525928497,0.1519727259874344,187824000,0.0,0.0
2000-05-15,0.16536499559879303,0.18046900629997253,0.15729199349880219,0.17760400474071503,0.16245335340499878,282096000,0.0,0.0
2000-05-16,0.18541699647903442,0.201432004570961,0.18333299458026886,0.1958329975605011,0.17912721633911133,366432000,0.0,0.0
2000-05-17,0.20624999701976776,0.2388020008802414,0.20611999928951263,0.23020799458026886,0.2105698585510254,1290624000,0.0,0.0
2000-05-18,0.2315099984407425,0.23528599739074707,0.2131509929895401,0.21458299458026886,0.19627775251865387,509904000,0.0,0.0
2000-05-19,0.20833300054073334,0.21979199349880219,0.20677100121974945,0.21276000142097473,0.1946103572845459,521184000,0.0,0.0
2000-05-22,0.2104170024394989,0.2265630066394806,0.19179700314998627,0.2265630066394806,0.20723585784435272,517152000,0.0,0.0
2000-05-23,0.22083300352096558,0.24570299685001373,0.2171880006790161,0.22473999857902527,0.2055683434009552,778560000,0.0,0.0
2000-05-24,0.22447900474071503,0.22812500596046448,0.19218799471855164,0.22187499701976776,0.20294778048992157,739632000,0.0,0.0
2000-05-25,0.22513000667095184,0.23854200541973114,0.2160159945487976,0.21875,0.20008929073810577,569184000,0.0,0.0
2000-05-26,0.21985700726509094,0.2259110063314438,0.20624999701976776,0.21985700726509094,0.2011018693447113,183456000,0.0,0.0
2000-05-30,0.22578099370002747,0.23463499546051025,0.22473999857902527,0.22890600562095642,0.20937903225421906,303648000,0.0,0.0
2000-05-31,0.22812500596046448,0.2416670024394989,0.22812500596046448,0.2377600073814392,0.21747761964797974,469536000,0.0,0.0
2000-06-01,0.24479199945926666,0.24700500071048737,0.2382809966802597,0.2444009929895401,0.22355207800865173,418992000,0.0,0.0
2000-06-02,0.2494789958000183,0.27708300948143005,0.2494789958000183,0.2740890085697174,0.2507076561450958,592176000,0.0,0.0
2000-06-05,0.27369800209999084,0.29374998807907104,0.2627600133419037,0.27998000383377075,0.25609612464904785,491904000,0.0,0.0
2000-06-06,0.28099000453948975,0.2914060056209564,0.2645829916000366,0.26601600646972656,0.2433232218027115,375888000,0.0,0.0
2000-06-07,0.2640630006790161,0.2662760019302368,0.25025999546051025,0.25416699051856995,0.2324850857257843,332352000,0.0,0.0
2000-06-08,0.2606770098209381,0.26093798875808716,0.24583299458026886,0.2561199963092804,0.23427145183086395,460704000,0.0,0.0
2000-06-09,0.26093798875808716,0.2750000059604645,0.25703099370002747,0.2634109854698181,0.24094048142433167,467280000,0.0,0.0
2000-06-12,0.2645829916000366,0.2667970061302185,0.2505210041999817,0.25637999176979065,0.23450936377048492,380016000,0.0,0.0
2000-06-13,0.24921900033950806,0.2645829916000366,0.24791699647903442,0.2644529938697815,0.24189357459545135,447840000,0.0,0.0
2000-06-14,0.26940101385116577,0.27083298563957214,0.2607100009918213,0.26419299840927124,0.24165566265583038,275088000,0.0,0.0
2000-06-15,0.2634109854698181,0.2710939943790436,0.24921900033950806,0.2710939943790436,0.24796806275844574,338592000,0.0,0.0
2000-06-16,0.27011701464653015,0.3125,0.2700519859790802,0.3119789958000183,0.2853653132915497,987840000,0.0,0.0
2000-06-19,0.31119799613952637,0.35677099227905273,0.3033849895000458,0.3315100073814392,0.3032302260398865,1052160000,0.0,0.0
2000-06-20,0.3372400104999542,0.34114599227905273,0.32291701436042786,0.3270829916000366,0.2991810142993927,610272000,0.0,0.0
2000-06-21,0.3220050036907196,0.3666670024394989,0.3220050036907196,0.36028599739074707,0.3295515179634094,614880000,0.0,0.0
2000-06-22,0.3587239980697632,0.3661459982395172,0.3372400104999542,0.34062498807907104,0.31156763434410095,614352000,0.0,0.0
2000-06-23,0.3315100073814392,0.33567699790000916,0.30833300948143005,0.308463990688324,0.2821500897407532,607392000,0.0,0.0
2000-06-26,0.3145830035209656,0.3476560115814209,0.3096350133419037,0.34570300579071045,0.3162124454975128,618288000,0.0,0.0
2000-06-27,0.3427079916000366,0.34843799471855164,0.2877599895000458,0.296875,0.271549791097641,604608000,0.0,2.0
2000-06-28,0.3031249940395355,0.3145830035209656,0.27708300948143005,0.28541699051856995,0.2610692083835602,586608000,0.0,0.0
2000-06-29,0.28046900033950806,0.28046900033950806,0.23958300054073334,0.24427099525928497,0.22343319654464722,1184880000,0.0,0.0
2000-06-30,0.25572898983955383,0.26927098631858826,0.2432290017604828,0.26484400033950806,0.24225109815597534,1209192000,0.0,0.0
2000-07-03,0.2666670083999634,0.2750000059604645,0.2520830035209656,0.25468799471855164,0.23296163976192474,232680000,0.0,0.0
2000-07-05,0.25364598631858826,0.25416699051856995,0.21979199349880219,0.22734400629997253,0.20795020461082458,777936000,0.0,0.0
2000-07-06,0.2276040017604828,0.2494789958000183,0.2221350073814392,0.2411459982395172,0.22057485580444336,603936000,0.0,0.0
2000-07-07,0.25,0.25416699051856995,0.23749999701976776,0.24244800209999084,0.22176572680473328,346560000,0.0,0.0
2000-07-10,0.2382809966802597,0.26093798875808716,0.23593799769878387,0.2549479901790619,0.23319938778877258,351264000,0.0,0.0
2000-07-11,0.25156301259994507,0.2885420024394989,0.24869799613952637,0.27552101016044617,0.25201740860939026,755304000,0.0,0.0
2000-07-12,0.28697898983955383,0.29765599966049194,0.2778649926185608,0.2833330035209656,0.2591630220413208,388152000,0.0,0.0
2000-07-13,0.28932300209999084,0.3114579916000366,0.28880199790000916,0.30989599227905273,0.28345996141433716,458736000,0.0,0.0
2000-07-14,0.31614598631858826,0.32213500142097473,0.30000001192092896,0.3075520098209381,0.28131595253944397,280200000,0.0,0.0
2000-07-17,0.31224000453948975,0.3125,0.3031249940395355,0.3041670024394989,0.27821972966194153,105552000,0.0,0.0
2000-07-18,0.2874999940395355,0.3125,0.2874999940395355,0.29817700386047363,0.2727406919002533,183672000,0.0,0.0
2000-07-19,0.2874999940395355,0.2895829975605011,0.27317699790000916,0.2791669964790344,0.2553523778915405,189504000,0.0,0.0
2000-07-20,0.278905987739563,0.29374998807907104,0.27812498807907104,0.2867189943790436,0.2622601091861725,142992000,0.0,0.0
2000-07-21,0.2874999940395355,0.2958329916000366,0.2833330035209656,0.2903650104999542,0.26559513807296753,251928000,0.0,0.0
2000-07-24,0.2906250059604645,0.29270800948143005,0.25416699051856995,0.265625,0.24296554923057556,281112000,0.0,0.0
2000-07-25,0.26979199051856995,0.2718749940395355,0.25520798563957214,0.25572898983955383,0.23391373455524445,335304000,0.0,0.0
2000-07-26,0.25572898983955383,0.25572898983955383,0.22968800365924835,0.23671899735927582,0.21652549505233765,380064000,0.0,0.0
2000-07-27,0.22916699945926666,0.23229199647903442,0.21666699647903442,0.21979199349880219,0.2010425180196762,331560000,0.0,0.0
2000-07-28,0.22083300352096558,0.24140599370002747,0.20833300054073334,0.22499999403953552,0.20580612123012543,512664000,0.0,0.0
2000-07-31,0.23749999701976776,0.2505210041999817,0.22499999403953552,0.25,0.22867347300052643,371232000,0.0,0.0
2000-08-01,0.25,0.2520830035209656,0.2432290017604828,0.24505199491977692,0.22414761781692505,350616000,0.0,0.0
2000-08-02,0.2416670024394989,0.254036009311676,0.2377600073814392,0.25,0.22867347300052643,345432000,0.0,0.0
2000-08-03,0.22499999403953552,0.2666670083999634,0.22499999403953552,0.26093798875808716,0.23867833614349365,368664000,0.0,0.0
2000-08-04,0.26718801259994507,0.27083298563957214,0.26145800948143005,0.265625,0.24296554923057556,194784000,0.0,0.0
2000-08-07,0.2674480080604553,0.28880199790000916,0.26640599966049194,0.28645798563957214,0.26202139258384705,246936000,0.0,0.0
2000-08-08,0.2802079916000366,0.2958329916000366,0.2791669964790344,0.2802079916000366,0.2563045024871826,128112000,0.0,0.0
2000-08-09,0.28385400772094727,0.2856769859790802,0.267969012260437,0.2718749940395355,0.2486824095249176,136248000,0.0,0.0
2000-08-10,0.265625,0.28125,0.26041701436042786,0.2750000059604645,0.2515408992767334,156432000,0.0,0.0
2000-08-11,0.27552101016044617,0.27760401368141174,0.25572898983955383,0.2684899866580963,0.245586097240448,131928000,0.0,0.0
2000-08-14,0.2718749940395355,0.2744790017604828,0.26249998807907104,0.2710939943790436,0.24796806275844574,108576000,0.0,0.0
2000-08-15,0.2723959982395172,0.30208298563957214,0.27161499857902527,0.2966800034046173,0.2713715434074402,443328000,0.0,0.0
2000-08-16,0.31275999546051025,0.31275999546051025,0.2950519919395447,0.3041670024394989,0.27821972966194153,266232000,0.0,0.0
2000-08-17,0.30000001192092896,0.3114579916000366,0.2989580035209656,0.30989599227905273,0.28345996141433716,129816000,0.0,0.0
2000-08-18,0.3085939884185791,0.32447901368141174,0.3080730140209198,0.3208329975605011,0.2934640049934387,204720000,0.0,0.0
2000-08-21,0.3325519859790802,0.3382810056209564,0.32499998807907104,0.325780987739563,0.2979898750782013,464472000,0.0,0.0
2000-08-22,0.30885401368141174,0.31562501192092896,0.29218798875808716,0.2950519919395447,0.26988235116004944,658872000,0.0,0.0
2000-08-23,0.2903650104999542,0.31275999546051025,0.28437501192092896,0.31224000453948975,0.2856040596961975,352800000,0.0,0.0
2000-08-24,0.3104169964790344,0.3236980140209198,0.3046880066394806,0.32057300209999084,0.2932261526584625,332616000,0.0,0.0
2000-08-25,0.31718799471855164,0.32395800948143005,0.3109380006790161,0.3125,0.28584182262420654,153048000,0.0,0.0
2000-08-28,0.31406301259994507,0.3291670083999634,0.3104169964790344,0.32499998807907104,0.297275573015213,189264000,0.0,0.0
2000-08-29,0.3263019919395447,0.3270829916000366,0.3208329975605011,0.3242189884185791,0.2965611219406128,149376000,0.0,0.0
2000-08-30,0.32057300209999084,0.3315100073814392,0.31718799471855164,0.3270829916000366,0.2991810142993927,178080000,0.0,0.0
2000-08-31,0.3320310115814209,0.34375,0.32552099227905273,0.33072900772094727,0.30251583456993103,388896000,0.0,0.0
2000-09-01,0.3375000059604645,0.34062498807907104,0.3276039958000183,0.33125001192092896,0.3029925525188446,204144000,0.0,0.0
2000-09-05,0.33906298875808716,0.3393230140209198,0.32942700386047363,0.33177098631858826,0.3034690320491791,246144000,0.0,0.0
2000-09-06,0.3330729901790619,0.3330729901790619,0.3062500059604645,0.30885401368141174,0.28250691294670105,230136000,0.0,0.0
2000-09-07,0.3135420083999634,0.3260419964790344,0.30052098631858826,0.32552099227905273,0.29775214195251465,239760000,0.0,0.0
2000-09-08,0.3218750059604645,0.3291670083999634,0.3052079975605011,0.3062500059604645,0.2801250219345093,222648000,0.0,0.0
2000-09-11,0.3023439943790436,0.3041670024394989,0.2822920083999634,0.29374998807907104,0.2686913013458252,285888000,0.0,0.0
2000-09-12,0.2940100133419037,0.30937498807907104,0.2874999940395355,0.2919270098209381,0.26702389121055603,125976000,0.0,0.0
2000-09-13,0.29114601016044617,0.29661500453948975,0.28489598631858826,0.291797012090683,0.2669050097465515,239976000,0.0,0.0
2000-09-14,0.29322901368141174,0.3062500059604645,0.28541699051856995,0.2890630066394806,0.2644042372703552,216336000,0.0,0.0
2000-09-15,0.2874999940395355,0.29947900772094727,0.28541699051856995,0.2953779995441437,0.27018052339553833,242592000,0.0,0.0
2000-09-18,0.29609400033950806,0.2979170083999634,0.2750000059604645,0.27812498807907104,0.25439921021461487,163488000,0.0,0.0
2000-09-19,0.26536500453948975,0.2874999940395355,0.26249998807907104,0.2867189943790436,0.2622601091861725,301104000,0.0,0.0
2000-09-20,0.278905987739563,0.28437501192092896,0.2729170024394989,0.2773439884185791,0.2536849081516266,227568000,0.0,0.0
2000-09-21,0.2794269919395447,0.29557299613952637,0.2791669964790344,0.2892580032348633,0.26458248496055603,346824000,0.0,0.0
2000-09-22,0.2606770098209381,0.2979170083999634,0.26041701436042786,0.29427099227905273,0.26916787028312683,387264000,0.0,0.0
2000-09-25,0.3033849895000458,0.3197920024394989,0.30104199051856995,0.3153649866580963,0.28846243023872375,467568000,0.0,0.0
2000-09-26,0.3187499940395355,0.3265630006790161,0.3041670024394989,0.32291701436042786,0.2953702211380005,337344000,0.0,0.0
2000-09-27,0.3203130066394806,0.35572901368141174,0.3203130066394806,0.34062498807907104,0.31156763434410095,676128000,0.0,0.0
2000-09-28,0.3375000059604645,0.3531250059604645,0.3291670083999634,0.3510420024394989,0.3210960626602173,333816000,0.0,0.0
2000-09-29,0.34114599227905273,0.35416701436042786,0.3354170024394989,0.34114599227905273,0.31204408407211304,373872000,0.0,0.0
2000-10-02,0.3458330035209656,0.359375,0.32447901368141174,0.3330729901790619,0.304659903049469,340584000,0.0,0.0
2000-10-03,0.3348959982395172,0.3375000059604645,0.3125,0.31510400772094727,0.2882237136363983,300264000,0.0,0.0
2000-10-04,0.30677101016044617,0.31666699051856995,0.30260398983955383,0.3114579916000366,0.28488877415657043,419568000,0.0,0.0
2000-10-05,0.31380200386047363,0.31380200386047363,0.29765599966049194,0.3041670024394989,0.27821972966194153,525048000,0.0,0.0
2000-10-06,0.30494800209999084,0.3070310056209564,0.28099000453948975,0.2851560115814209,0.26083049178123474,1027176000,0.0,0.0
2000-10-09,0.2778649926185608,0.2958329916000366,0.2583329975605011,0.2914060056209564,0.2665473520755768,665256000,0.0,0.0
2000-10-10,0.2791669964790344,0.29322901368141174,0.2666670083999634,0.26927098631858826,0.24630063772201538,415944000,0.0,0.0
2000-10-11,0.2528649866580963,0.28645798563957214,0.2427079975605011,0.27161499857902527,0.2484445422887802,535776000,0.0,0.0
2000-10-12,0.27760401368141174,0.29374998807907104,0.2583329975605011,0.26093798875808716,0.23867833614349365,401616000,0.0,0.0
2000-10-13,0.2627600133419037,0.2791669964790344,0.25996100902557373,0.27135398983955383,0.24820588529109955,578976000,0.0,0.0
2000-10-16,0.27135398983955383,0.27135398983955383,0.2588540017604828,0.2651039958000183,0.2424890547990799,339216000,0.0,0.0
2000-10-17,0.2640630006790161,0.2651039958000183,0.24296900629997253,0.24583299458026886,0.2248619943857193,463248000,0.0,0.0
2000-10-18,0.2299479991197586,0.25598999857902527,0.21900999546051025,0.24192699790000916,0.22128917276859283,416952000,0.0,0.0
2000-10-19,0.25755199790000916,0.26875001192092896,0.25364598631858826,0.26536500453948975,0.24272778630256653,294888000,0.0,0.0
2000-10-20,0.2591150104999542,0.296875,0.2572920024394989,0.2901040017604828,0.26535648107528687,387360000,0.0,0.0
2000-10-23,0.2924480140209198,0.29427099227905273,0.2744790017604828,0.283594012260437,0.25940176844596863,182112000,0.0,0.0
2000-10-24,0.2822920083999634,0.28697898983955383,0.2734380066394806,0.2744790017604828,0.25106438994407654,193968000,0.0,0.0
2000-10-25,0.26692700386047363,0.27083298563957214,0.24869799613952637,0.2505210041999817,0.22915004193782806,385512000,0.0,0.0
2000-10-26,0.2520830035209656,0.27083298563957214,0.234375,0.2611980140209198,0.23891623318195343,265776000,0.0,0.0
2000-10-27,0.26145800948143005,0.26790401339530945,0.24583299458026886,0.25520798563957214,0.23343724012374878,210960000,0.0,0.0
2000-10-30,0.2510420083999634,0.25670599937438965,0.23697899281978607,0.2372400015592575,0.2170020490884781,192120000,0.0,0.0
2000-10-31,0.2466149926185608,0.26302099227905273,0.23906299471855164,0.25891900062561035,0.2368316650390625,299256000,0.0,0.0
2000-11-01,0.25260400772094727,0.26249998807907104,0.24375000596046448,0.2588540017604828,0.23677222430706024,304536000,0.0,0.0
2000-11-02,0.267969012260437,0.28541699051856995,0.2635419964790344,0.27864599227905273,0.25487589836120605,192888000,0.0,0.0
2000-11-03,0.2750000059604645,0.30208298563957214,0.2729170024394989,0.296875,0.271549791097641,268632000,0.0,0.0
2000-11-06,0.30390599370002747,0.33333298563957214,0.30208298563957214,0.3197920024394989,0.2925119400024414,635040000,0.0,0.0
2000-11-07,0.3145830035209656,0.3145830035209656,0.2874999940395355,0.29817700386047363,0.2727406919002533,258240000,0.0,0.0
2000-11-08,0.30156299471855164,0.30156299471855164,0.28489598631858826,0.28932300209999084,0.26464203000068665,187080000,0.0,0.0
2000-11-09,0.2718749940395355,0.28541699051856995,0.24635399878025055,0.2591150104999542,0.23701095581054688,564528000,0.0,0.0
2000-11-10,0.267969012260437,0.28125,0.23854200541973114,0.24505199491977692,0.22414761781692505,805248000,0.0,0.0
2000-11-13,0.2328130006790161,0.2729170024394989,0.22499999403953552,0.2460940033197403,0.22510065138339996,530040000,0.0,0.0
2000-11-14,0.26249998807907104,0.29322901368141174,0.26041701436042786,0.29114601016044617,0.266309529542923,470736000,0.0,0.0
2000-11-15,0.28593799471855164,0.2950519919395447,0.27421900629997253,0.28730499744415283,0.26279616355895996,423864000,0.0,0.0
2000-11-16,0.2791669964790344,0.28645798563957214,0.2666670083999634,0.26927098631858826,0.24630063772201538,235536000,0.0,0.0
2000-11-17,0.27135398983955383,0.2851560115814209,0.25520798563957214,0.2640630006790161,0.2415369153022766,178776000,0.0,0.0
2000-11-20,0.2542969882488251,0.2544269859790802,0.24088500440120697,0.24375000596046448,0.22295671701431274,298752000,0.0,0.0
2000-11-21,0.25416699051856995,0.2562499940395355,0.2265630066394806,0.23906299471855164,0.21866950392723083,382512000,0.0,0.0
2000-11-22,0.22916699945926666,0.23645800352096558,0.21666699647903442,0.2265630066394806,0.20723585784435272,409752000,0.0,0.0
2000-11-24,0.22916699945926666,0.2484380006790161,0.22916699945926666,0.23958300054073334,0.21914508938789368,165072000,0.0,0.0
2000-11-27,0.2567709982395172,0.2583329975605011,0.22193999588489532,0.2315099984407425,0.21176081895828247,363864000,0.0,0.0
2000-11-28,0.23502600193023682,0.23749999701976776,0.20911499857902527,0.21425800025463104,0.19598053395748138,382344000,0.0,0.0
2000-11-29,0.21744799613952637,0.21770800650119781,0.18489600718021393,0.20104199647903442,0.1838919073343277,636408000,0.0,0.0
2000-11-30,0.18385399878025055,0.18385399878025055,0.15156300365924835,0.16875000298023224,0.15435466170310974,981624000,0.0,0.0
2000-12-01,0.1791670024394989,0.203125,0.17812499403953552,0.18541699647903442,0.16959981620311737,784080000,0.0,0.0
2000-12-04,0.18658900260925293,0.19270800054073334,0.17395800352096558,0.18828099966049194,0.17221949994564056,474264000,0.0,0.0
2000-12-05,0.2015630006790161,0.20885400474071503,0.18281300365924835,0.20052100718021393,0.18341538310050964,997224000,0.0,0.0
2000-12-06,0.19661499559879303,0.20208300650119781,0.17083300650119781,0.171875,0.15721307694911957,950928000,0.0,0.0
2000-12-07,0.1635420024394989,0.17786499857902527,0.1546880006790161,0.16875000298023224,0.15435466170310974,785184000,0.0,0.0
2000-12-08,0.18619799613952637,0.20833300054073334,0.1688150018453598,0.20729200541973114,0.18960876762866974,853392000,0.0,0.0
2000-12-11,0.20052100718021393,0.2114579975605011,0.1953130066394806,0.20729200541973114,0.18960876762866974,757632000,0.0,0.0
2000-12-12,0.20208300650119781,0.20572899281978607,0.1947920024394989,0.2015630006790161,0.18436847627162933,409512000,0.0,0.0
2000-12-13,0.20078100264072418,0.20416699349880219,0.18229199945926666,0.1859380006790161,0.17007634043693542,675072000,0.0,0.0
2000-12-14,0.1846349984407425,0.18619799613952637,0.16875000298023224,0.17317700386047363,0.15840397775173187,569016000,0.0,0.0
2000-12-15,0.16223999857902527,0.1723960041999817,0.15520800650119781,0.15599000453948975,0.14268314838409424,1094424000,0.0,0.0
2000-12-18,0.16249999403953552,0.16666699945926666,0.15885399281978607,0.16113300621509552,0.14738738536834717,658872000,0.0,0.0
2000-12-19,0.1635420024394989,0.17812499403953552,0.14583300054073334,0.1489579975605011,0.13625097274780273,946200000,0.0,0.0
2000-12-20,0.14140599966049194,0.16197900474071503,0.1255210041999817,0.1328130066394806,0.1214832067489624,1105392000,0.0,0.0
2000-12-21,0.13098999857902527,0.1489579975605011,0.11458300054073334,0.11614599823951721,0.10623806715011597,845256000,0.0,0.0
2000-12-22,0.1255210041999817,0.15937499701976776,0.1255210041999817,0.14609399437904358,0.13363127410411835,949080000,0.0,0.0
2000-12-26,0.1479170024394989,0.1494790017604828,0.13072900474071503,0.1401039958000183,0.1281522512435913,343824000,0.0,0.0
2000-12-27,0.13854199647903442,0.15520800650119781,0.1328130066394806,0.1494790017604828,0.13672758638858795,339456000,0.0,0.0
2000-12-28,0.1434900015592575,0.15416699647903442,0.1411460041999817,0.15026000142097473,0.13744191825389862,419232000,0.0,0.0
2000-12-29,0.15000000596046448,0.15494799613952637,0.1333329975605011,0.13652299344539642,0.12487676739692688,495168000,0.0,0.0
2001-01-02,0.13750000298023224,0.13932299613952637,0.12421900033950806,0.12473999708890915,0.1140989288687706,290808000,0.0,0.0
2001-01-03,0.12083300203084946,0.16432300209999084,0.1177079975605011,0.1630209982395172,0.14911429584026337,910368000,0.0,0.0
2001-01-04,0.1601559966802597,0.1859380006790161,0.1557289958000183,0.18177099525928497,0.16626481711864471,815448000,0.0,0.0
2001-01-05,0.1802079975605011,0.18098999559879303,0.15104199945926666,0.154557004570961,0.14137238264083862,432768000,0.0,0.0
2001-01-08,0.15026000142097473,0.17604200541973114,0.15026000142097473,0.16927100718021393,0.15483123064041138,573768000,0.0,0.0
2001-01-09,0.17161500453948975,0.17604200541973114,0.16328099370002747,0.17265599966049194,0.157927468419075,302904000,0.0,0.0
2001-01-10,0.16380199790000916,0.18541699647903442,0.15989600121974945,0.1846349984407425,0.1688845008611679,392928000,0.0,0.0
2001-01-11,0.1802079975605011,0.20781299471855164,0.17708300054073334,0.20000000298023224,0.1829388290643692,447648000,0.0,0.0
2001-01-12,0.20338499546051025,0.21562500298023224,0.19374999403953552,0.1958329975605011,0.17912721633911133,669000000,0.0,0.0
2001-01-16,0.19687500596046448,0.19687500596046448,0.17734399437904358,0.18046900629997253,0.16507397592067719,414984000,0.0,0.0
2001-01-17,0.1942709982395172,0.20000000298023224,0.18619799613952637,0.1869789958000183,0.17102855443954468,592584000,0.0,0.0
2001-01-18,0.1869789958000183,0.22812500596046448,0.18281300365924835,0.22285200655460358,0.20384137332439423,948168000,0.0,0.0
2001-01-19,0.22916699945926666,0.23749999701976776,0.21354199945926666,0.21692700684070587,0.19842185080051422,1018704000,0.0,0.0
2001-01-22,0.2104170024394989,0.21875,0.20234400033950806,0.20833300054073334,0.19056090712547302,377712000,0.0,0.0
2001-01-23,0.20572899281978607,0.23333300650119781,0.20468799769878387,0.2291020005941391,0.20955826342105865,433632000,0.0,0.0
2001-01-24,0.22890600562095642,0.23125000298023224,0.2148440033197403,0.22812500596046448,0.20866452157497406,451728000,0.0,0.0
2001-01-25,0.22031299769878387,0.22083300352096558,0.20052100718021393,0.20520800352096558,0.18770253658294678,440016000,0.0,0.0
2001-01-26,0.19374999403953552,0.21419300138950348,0.19231800734996796,0.21171900629997253,0.19365814328193665,259248000,0.0,0.0
2001-01-29,0.20520800352096558,0.21302099525928497,0.19791699945926666,0.21276000142097473,0.1946103572845459,354168000,0.0,0.0
2001-01-30,0.21614600718021393,0.2220049947500229,0.2119790017604828,0.21744799613952637,0.19889841973781586,243720000,0.0,0.0
2001-01-31,0.21770800650119781,0.2260420024394989,0.2104170024394989,0.21510399878025055,0.1967543363571167,358344000,0.0,0.0
2001-02-01,0.21510399878025055,0.21770800650119781,0.20572899281978607,0.2162110060453415,0.19776692986488342,371856000,0.0,0.0
2001-02-02,0.21640600264072418,0.22135399281978607,0.19374999403953552,0.1953130066394806,0.1786516010761261,320520000,0.0,0.0
2001-02-05,0.19505199790000916,0.1963540017604828,0.1835940033197403,0.19505199790000916,0.17841291427612305,367584000,0.0,0.0
2001-02-06,0.1914059966802597,0.20000000298023224,0.19095100462436676,0.19609400629997253,0.17936603724956512,250440000,0.0,0.0
2001-02-07,0.1947920024394989,0.1963540017604828,0.17656299471855164,0.1869789958000183,0.17102855443954468,720384000,0.0,0.0
2001-02-08,0.1880210041999817,0.1986979991197586,0.18515600264072418,0.1859380006790161,0.17007634043693542,384288000,0.0,0.0
2001-02-09,0.18437500298023224,0.18567700684070587,0.17786499857902527,0.1846349984407425,0.1688845008611679,259608000,0.0,0.0
2001-02-12,0.18255199491977692,0.1846349984407425,0.17083300650119781,0.1796880066394806,0.16435956954956055,354336000,0.0,0.0
2001-02-13,0.1830729991197586,0.19374999403953552,0.18098999559879303,0.18515600264072418,0.16936106979846954,467736000,0.0,0.0
2001-02-14,0.18281300365924835,0.20416699349880219,0.17499999701976776,0.1986979991197586,0.1817479282617569,690888000,0.0,0.0
2001-02-15,0.2260420024394989,0.23906299471855164,0.22447900474071503,0.23515599966049194,0.21509578824043274,1108512000,0.0,0.0
2001-02-16,0.2231770008802414,0.25416699051856995,0.22291700541973114,0.24791699647903442,0.22676819562911987,1081176000,0.0,0.0
2001-02-20,0.2416670024394989,0.24687500298023224,0.22291700541973114,0.2231770008802414,0.20413868129253387,701304000,0.0,0.0
2001-02-21,0.2148440033197403,0.2427079975605011,0.21250000596046448,0.23333300650119781,0.2134283035993576,646512000,0.0,0.0
2001-02-22,0.23203100264072418,0.25,0.22499999403953552,0.2432290017604828,0.22248013317584991,815304000,0.0,0.0
2001-02-23,0.24192699790000916,0.24583299458026886,0.21875,0.22643199563026428,0.2071160078048706,1034664000,0.0,0.0
2001-02-26,0.21979199349880219,0.2260420024394989,0.21171900629997253,0.22135399281978607,0.20247115194797516,751824000,0.0,0.0
2001-02-27,0.2158849984407425,0.22447900474071503,0.20677100121974945,0.20807300508022308,0.190323144197464,533832000,0.0,0.0
2001-02-28,0.2065100073814392,0.21875,0.18229199945926666,0.18619799613952637,0.17031419277191162,784056000,0.0,0.0
2001-03-01,0.18385399878025055,0.20416699349880219,0.16666699945926666,0.2009110003709793,0.18377210199832916,915288000,0.0,0.0
2001-03-02,0.18645800650119781,0.1997399926185608,0.1791670024394989,0.18157599866390228,0.16608650982379913,1413504000,0.0,0.0
2001-03-05,0.17447899281978607,0.1880210041999817,0.17343799769878387,0.18333299458026886,0.1676936000585556,742296000,0.0,0.0
2001-03-06,0.19270800054073334,0.2075520008802414,0.18945300579071045,0.20104199647903442,0.1838919073343277,834408000,0.0,0.0
2001-03-07,0.20546899735927582,0.21770800650119781,0.20182299613952637,0.2171880006790161,0.19866061210632324,938280000,0.0,0.0
2001-03-08,0.2109380066394806,0.22682300209999084,0.2109380066394806,0.22447900474071503,0.20532956719398499,829344000,0.0,0.0
2001-03-09,0.21276000142097473,0.21380199491977692,0.18906299769878387,0.20859399437904358,0.19079968333244324,1216776000,0.0,0.0
2001-03-12,0.2015630006790161,0.2109380066394806,0.19218799471855164,0.20104199647903442,0.1838919073343277,762144000,0.0,0.0
2001-03-13,0.2036460041999817,0.22812500596046448,0.2026039958000183,0.22499999403953552,0.20580612123012543,1082352000,0.0,0.0
2001-03-14,0.2148440033197403,0.23854200541973114,0.2148440033197403,0.2377600073814392,0.21747761964797974,1351128000,0.0,0.0
2001-03-15,0.252344012260437,0.26556000113487244,0.2432290017604828,0.2494789958000183,0.22819693386554718,1875984000,0.0,0.0
2001-03-16,0.2455729991197586,0.25520798563957214,0.2382809966802597,0.2484380006790161,0.22724473476409912,1225200000,0.0,0.0
2001-03-19,0.2471349984407425,0.2645829916000366,0.23365899920463562,0.2627600133419037,0.24034497141838074,943896000,0.0,0.0
2001-03-20,0.25963500142097473,0.27604201436042786,0.23541699349880219,0.2382809966802597,0.21795418858528137,1990560000,0.0,0.0
2001-03-21,0.2388020008802414,0.26302099227905273,0.23749999701976776,0.25598999857902527,0.23415252566337585,1877352000,0.0,0.0
2001-03-22,0.2583329975605011,0.28281301259994507,0.2562499940395355,0.2817710041999817,0.25773438811302185,1697760000,0.0,0.0
2001-03-23,0.28697898983955383,0.29218798875808716,0.2651039958000183,0.2791669964790344,0.2553523778915405,1509672000,0.0,0.0
2001-03-26,0.2791669964790344,0.2958329916000366,0.2791669964790344,0.29427099227905273,0.26916787028312683,1542960000,0.0,0.0
2001-03-27,0.2885420024394989,0.2986980080604553,0.27135398983955383,0.283594012260437,0.25940176844596863,1702152000,0.0,0.0
2001-03-28,0.2757810056209564,0.29114601016044617,0.2750000059604645,0.2837890088558197,0.25958019495010376,1433280000,0.0,0.0
2001-03-29,0.28131499886512756,0.2979170083999634,0.27552101016044617,0.2880209982395172,0.26345112919807434,1632960000,0.0,0.0
2001-03-30,0.28593799471855164,0.2914060056209564,0.26875001192092896,0.2705079913139343,0.24743205308914185,1423176000,0.0,0.0
2001-04-02,0.26979199051856995,0.2763020098209381,0.25572898983955383,0.2591150104999542,0.23701095581054688,1265160000,0.0,0.0
2001-04-03,0.25520798563957214,0.2747400104999542,0.2549479901790619,0.2677080035209656,0.24487100541591644,1991616000,0.0,0.0
2001-04-04,0.25755199790000916,0.25807300209999084,0.22421899437904358,0.24010400474071503,0.21962173283100128,3362472000,0.0,0.0
2001-04-05,0.25598999857902527,0.26640599966049194,0.24895800650119781,0.2622399926185608,0.23986929655075073,1724760000,0.0,0.0
2001-04-06,0.2588540017604828,0.2750000059604645,0.2544269859790802,0.2611980140209198,0.23891623318195343,1547664000,0.0,0.0
2001-04-09,0.26625001430511475,0.272707998752594,0.24437500536441803,0.2485000044107437,0.2273014485836029,1097160000,0.0,0.0
2001-04-10,0.2544580101966858,0.2800000011920929,0.25212499499320984,0.27195799350738525,0.24875840544700623,1186416000,0.0,0.0
2001-04-11,0.28870800137519836,0.2991670072078705,0.28041699528694153,0.28837499022483826,0.26377490162849426,1426872000,0.0,0.0
2001-04-12,0.2830420136451721,0.3052079975605011,0.2776249945163727,0.29270800948143005,0.26773837208747864,1440264000,0.0,0.0
2001-04-16,0.2874999940395355,0.2935419976711273,0.280333012342453,0.2855829894542694,0.26122111082077026,764112000,0.0,0.0
2001-04-17,0.281374990940094,0.3018749952316284,0.28125,0.29958298802375793,0.27402669191360474,1112448000,0.0,0.0
2001-04-18,0.31220799684524536,0.35166698694229126,0.31220799684524536,0.32191699743270874,0.2944555878639221,2301864000,0.0,0.0
2001-04-19,0.32374998927116394,0.3551250100135803,0.3222920000553131,0.3495829999446869,0.3197615444660187,1632264000,0.0,0.0
2001-04-20,0.3453750014305115,0.37495800852775574,0.3362500071525574,0.3623329997062683,0.331423819065094,1773840000,0.0,0.0
2001-04-23,0.3544580042362213,0.3547919988632202,0.33958300948143005,0.343207985162735,0.31393033266067505,1239000000,0.0,0.0
2001-04-24,0.3422499895095825,0.36787500977516174,0.3135420083999634,0.31891700625419617,0.29171136021614075,1828320000,0.0,0.0
2001-04-25,0.31975001096725464,0.34495800733566284,0.3185420036315918,0.3335829973220825,0.3051263391971588,1423728000,0.0,0.0
2001-04-26,0.34083300828933716,0.34083300828933716,0.3041670024394989,0.30729201436042786,0.28107818961143494,1486008000,0.0,0.0
2001-04-27,0.31916698813438416,0.3305419981479645,0.3129580020904541,0.3291670083999634,0.3010872006416321,915672000,0.0,0.0
2001-04-30,0.33812499046325684,0.366457998752594,0.3309580087661743,0.3470830023288727,0.31747475266456604,1583280000,0.0,0.0
2001-05-01,0.3483330011367798,0.38041698932647705,0.3427079916000366,0.37950000166893005,0.3471263349056244,1867368000,0.0,0.0
2001-05-02,0.3893750011920929,0.3893750011920929,0.36583301424980164,0.3707920014858246,0.3391612768173218,1547784000,0.0,0.0
2001-05-03,0.3595829904079437,0.37083300948143005,0.3573330044746399,0.3691670000553131,0.33767497539520264,960504000,0.0,0.0
2001-05-04,0.3583329916000366,0.3801249861717224,0.35666701197624207,0.37424999475479126,0.34232428669929504,953520000,0.0,0.0
2001-05-07,0.3728330135345459,0.39375001192092896,0.36845800280570984,0.39104199409484863,0.3576836585998535,975600000,0.0,0.0
2001-05-08,0.39683300256729126,0.3970000147819519,0.35941699147224426,0.36274999380111694,0.3318053185939789,1620144000,0.0,0.0
2001-05-09,0.35120800137519836,0.358832985162735,0.34333300590515137,0.34575000405311584,0.3162554204463959,1319040000,0.0,0.0
2001-05-10,0.3557499945163727,0.3599579930305481,0.33000001311302185,0.33412501215934753,0.3056221604347229,998904000,0.0,0.0
2001-05-11,0.33329200744628906,0.3354170024394989,0.31891700625419617,0.32558301091194153,0.29780882596969604,921216000,0.0,0.0
2001-05-14,0.3265419900417328,0.3322499990463257,0.3147920072078705,0.3283750116825104,0.3003627061843872,702432000,0.0,0.0
2001-05-15,0.33125001192092896,0.35416701436042786,0.32749998569488525,0.34016698598861694,0.3111487925052643,1242600000,0.0,0.0
2001-05-16,0.3323749899864197,0.3583329916000366,0.33024999499320984,0.3562079966068268,0.32582131028175354,957096000,0.0,0.0
2001-05-17,0.35737499594688416,0.3729169964790344,0.3518750071525574,0.36250001192092896,0.33157652616500854,919056000,0.0,0.0
2001-05-18,0.3612920045852661,0.37083300948143005,0.35249999165534973,0.3595829904079437,0.32890844345092773,575832000,0.0,0.0
2001-05-21,0.3587920069694519,0.3833329975605011,0.35158300399780273,0.37583300471305847,0.34377217292785645,1064688000,0.0,0.0
2001-05-22,0.38133299350738525,0.3908329904079437,0.3666670024394989,0.3870829939842224,0.354062557220459,1049976000,0.0,0.0
2001-05-23,0.40229201316833496,0.41666701436042786,0.37916699051856995,0.3837920129299164,0.3510521948337555,2244912000,0.0,0.0
2001-05-24,0.3812499940395355,0.39933300018310547,0.36979201436042786,0.3894580006599426,0.35623496770858765,1680576000,0.0,0.0
2001-05-25,0.3816249966621399,0.3872919976711273,0.375,0.382082998752594,0.3494890630245209,947952000,0.0,0.0
2001-05-29,0.3799169957637787,0.3799999952316284,0.36125001311302185,0.3664169907569885,0.3351595103740692,920568000,0.0,0.0
2001-05-30,0.3577919900417328,0.37595799565315247,0.3558329939842224,0.3595829904079437,0.32890844345092773,3308904000,0.0,0.0
2001-05-31,0.3624579906463623,0.36458298563957214,0.3490000069141388,0.35670799016952515,0.3262786567211151,1262928000,0.0,0.0
2001-06-01,0.3591670095920563,0.37950000166893005,0.3570829927921295,0.37645798921585083,0.344343900680542,1022472000,0.0,0.0
2001-06-04,0.3767080008983612,0.37870800495147705,0.3656669855117798,0.37062498927116394,0.3390084207057953,621552000,0.0,0.0
2001-06-05,0.3702079951763153,0.3939580023288727,0.36958301067352295,0.390082985162735,0.35680654644966125,987168000,0.0,0.0
2001-06-06,0.391541987657547,0.3968749940395355,0.3858329951763153,0.3917500078678131,0.3583313524723053,698976000,0.0,0.0
2001-06-07,0.38829201459884644,0.41499999165534973,0.38541701436042786,0.413875013589859,0.3785690367221832,1141152000,0.0,0.0
2001-06-08,0.4126250147819519,0.41324999928474426,0.3988330066204071,0.40312498807907104,0.36873602867126465,712680000,0.0,0.0
2001-06-11,0.40370801091194153,0.4041669964790344,0.38508298993110657,0.3913330137729645,0.3579499423503876,581928000,0.0,0.0
2001-06-12,0.3831250071525574,0.41020798683166504,0.3822920024394989,0.40437498688697815,0.3698793649673462,1102728000,0.0,0.0
2001-06-13,0.40733298659324646,0.41350001096725464,0.3872919976711273,0.39079201221466064,0.35745519399642944,938712000,0.0,0.0
2001-06-14,0.3857499957084656,0.39662501215934753,0.38020798563957214,0.389957994222641,0.3566923141479492,946152000,0.0,0.0
2001-06-15,0.38541701436042786,0.4029169976711273,0.37825000286102295,0.39604198932647705,0.36225730180740356,1094544000,0.0,0.0
2001-06-18,0.3950420022010803,0.4014579951763153,0.3760420083999634,0.3803749978542328,0.3479268252849579,856656000,0.0,0.0
2001-06-19,0.3875420093536377,0.3965829908847809,0.3518750071525574,0.3595829904079437,0.32890844345092773,1513128000,0.0,0.0
2001-06-20,0.35295799374580383,0.37916699051856995,0.34562501311302185,0.37504199147224426,0.34304875135421753,1759200000,0.0,0.0
2001-06-21,0.37354201078414917,0.38874998688697815,0.36354199051856995,0.38212499022483826,0.3495274484157562,1484568000,0.0,0.0
2001-06-22,0.38020798563957214,0.3903749883174896,0.37541699409484863,0.38041698932647705,0.34796515107154846,761184000,0.0,0.0
2001-06-25,0.3846670091152191,0.38624998927116394,0.36858299374580383,0.3796670138835907,0.3472791612148285,640032000,0.0,0.0
2001-06-26,0.3712500035762787,0.39250001311302185,0.36979201436042786,0.390625,0.35730230808258057,757920000,0.0,0.0
2001-06-27,0.38874998688697815,0.3895829916000366,0.3719170093536377,0.3785420060157776,0.34625011682510376,895752000,0.0,0.0
2001-06-28,0.38362500071525574,0.3885419964790344,0.37916699051856995,0.382999986410141,0.3503279387950897,909336000,0.0,0.0
2001-06-29,0.3843750059604645,0.39250001311302185,0.3800419867038727,0.38645800948143005,0.3534907400608063,730920000,0.0,0.0
2001-07-02,0.37116700410842896,0.3742919862270355,0.36375001072883606,0.3693329989910126,0.33782657980918884,1040016000,0.0,0.0
2001-07-03,0.3667919933795929,0.37791699171066284,0.36491701006889343,0.37404200434684753,0.3421339988708496,406296000,0.0,0.0
2001-07-05,0.36958301067352295,0.37187498807907104,0.34645798802375793,0.3469170033931732,0.31732290983200073,1020096000,0.0,0.0
2001-07-06,0.3417080044746399,0.34437501430511475,0.32958298921585083,0.3362500071525574,0.3075660169124603,802824000,0.0,0.0
2001-07-09,0.3318749964237213,0.33991700410842896,0.3220829963684082,0.3252499997615814,0.29750409722328186,1014072000,0.0,0.0
2001-07-10,0.32958298921585083,0.3339579999446869,0.32395800948143005,0.3279170095920563,0.2999437153339386,1221744000,0.0,0.0
2001-07-11,0.32666701078414917,0.3325420022010803,0.3171670138835907,0.32729199528694153,0.29937195777893066,904632000,0.0,0.0
2001-07-12,0.3427079916000366,0.34687501192092896,0.3343749940395355,0.3444580137729645,0.31507375836372375,981552000,0.0,0.0
2001-07-13,0.3419170081615448,0.3456670045852661,0.3302080035209656,0.33733299374580383,0.308556467294693,690144000,0.0,0.0
2001-07-16,0.33354198932647705,0.3375000059604645,0.30854201316833496,0.3102079927921295,0.2837454676628113,1191696000,0.0,0.0
2001-07-17,0.3050000071525574,0.33058300614356995,0.30208298563957214,0.3275420069694519,0.2996006906032562,1169904000,0.0,0.0
2001-07-18,0.31975001096725464,0.3285830020904541,0.3095000088214874,0.31620800495147705,0.28923359513282776,840984000,0.0,0.0
2001-07-19,0.32079198956489563,0.33466699719429016,0.31587499380111694,0.3212920129299164,0.2938838601112366,840024000,0.0,0.0
2001-07-20,0.313291996717453,0.32041698694229126,0.30208298563957214,0.3120419979095459,0.2854229807853699,742464000,0.0,0.0
2001-07-23,0.3125,0.31291699409484863,0.28212499618530273,0.2824999988079071,0.2584010064601898,1547976000,0.0,0.0
2001-07-24,0.2862919867038727,0.3018749952316284,0.28025001287460327,0.30162501335144043,0.27589479088783264,1365312000,0.0,0.0
2001-07-25,0.3010829985141754,0.3016670048236847,0.2886669933795929,0.2987079918384552,0.27322646975517273,1245888000,0.0,0.0
2001-07-26,0.29587501287460327,0.33125001192092896,0.2943750023841858,0.3291670083999634,0.3010872006416321,1714152000,0.0,0.0
2001-07-27,0.32854199409484863,0.3411250114440918,0.3187499940395355,0.3375000059604645,0.3087093234062195,1094688000,0.0,0.0
2001-07-30,0.3379170000553131,0.3392919898033142,0.3258329927921295,0.32945799827575684,0.30135324597358704,582288000,0.0,0.0
2001-07-31,0.3299170136451721,0.33854201436042786,0.31791698932647705,0.33708301186561584,0.30832773447036743,1187760000,0.0,0.0
2001-08-01,0.34370800852775574,0.35941699147224426,0.3413330018520355,0.3576669991016388,0.32715582847595215,1204944000,0.0,0.0
2001-08-02,0.3622080087661743,0.3674579858779907,0.34995800256729126,0.36616700887680054,0.33493077754974365,1097928000,0.0,0.0
2001-08-03,0.36250001192092896,0.36891698837280273,0.35566699504852295,0.36329200863838196,0.33230093121528625,820344000,0.0,0.0
2001-08-06,0.36070799827575684,0.3779999911785126,0.35683301091194153,0.3742919862270355,0.3423626720905304,1292568000,0.0,0.0
2001-08-07,0.374208003282547,0.3760420083999634,0.3643749952316284,0.3687500059604645,0.33729344606399536,1088616000,0.0,0.0
2001-08-08,0.3655419945716858,0.375,0.3577499985694885,0.359375,0.3287181556224823,1125696000,0.0,0.0
2001-08-09,0.35770800709724426,0.3647499978542328,0.34666699171066284,0.3530830144882202,0.32296305894851685,1643616000,0.0,0.0
2001-08-10,0.35291698575019836,0.35749998688697815,0.34208300709724426,0.3526670038700104,0.32258233428001404,1036488000,0.0,0.0
2001-08-13,0.358707994222641,0.3714579939842224,0.35337498784065247,0.3674579858779907,0.3361116945743561,1514784000,0.0,0.0
2001-08-14,0.36079201102256775,0.3631249964237213,0.35316699743270874,0.35770800709724426,0.32719337940216064,2321160000,0.0,0.0
2001-08-15,0.36579200625419617,0.3700830042362213,0.3549579977989197,0.3581250011920929,0.327574759721756,1816392000,0.0,0.0
2001-08-16,0.35154199600219727,0.3737500011920929,0.3501250147819519,0.3732079863548279,0.3413711488246918,1026096000,0.0,0.0
2001-08-17,0.36375001072883606,0.3684999942779541,0.34608298540115356,0.34904199838638306,0.319266676902771,1668840000,0.0,0.0
2001-08-20,0.3468329906463623,0.3503749966621399,0.335999995470047,0.3466250002384186,0.31705570220947266,1183320000,0.0,0.0
2001-08-21,0.3474999964237213,0.35666701197624207,0.33879199624061584,0.3393329977989197,0.3103857934474945,1186656000,0.0,0.0
2001-08-22,0.3453330099582672,0.3536669909954071,0.3343749940395355,0.35329198837280273,0.323154091835022,1498104000,0.0,0.0
2001-08-23,0.3520829975605011,0.3566249907016754,0.34375,0.3454580008983612,0.3159882426261902,1013592000,0.0,0.0
2001-08-24,0.34916698932647705,0.3624579906463623,0.34712499380111694,0.35533300042152405,0.3250209391117096,1110936000,0.0,0.0
2001-08-27,0.3473750054836273,0.37233299016952515,0.3460420072078705,0.36762499809265137,0.3362644910812378,1279608000,0.0,0.0
2001-08-28,0.36662501096725464,0.3747920095920563,0.36000001430511475,0.3628329932689667,0.33188116550445557,1178760000,0.0,0.0
2001-08-29,0.3638330101966858,0.3661249876022339,0.34812501072883606,0.3511669933795929,0.3212103545665741,1435800000,0.0,0.0
2001-08-30,0.34458300471305847,0.35249999165534973,0.3364579975605011,0.3500419855117798,0.32018133997917175,1431312000,0.0,0.0
2001-08-31,0.34770798683166504,0.3561669886112213,0.34312498569488525,0.35295799374580383,0.32284852862358093,887904000,0.0,0.0
2001-09-04,0.35199999809265137,0.35199999809265137,0.3259580135345459,0.32841700315475464,0.30040109157562256,1856136000,0.0,0.0
2001-09-05,0.328125,0.3379170000553131,0.3147920072078705,0.3354170024394989,0.3068041205406189,2395584000,0.0,0.0
2001-09-06,0.328792005777359,0.3391669988632202,0.32020801305770874,0.32170799374580383,0.29426437616348267,1950768000,0.0,0.0
2001-09-07,0.31666699051856995,0.33000001311302185,0.3149999976158142,0.3250829875469208,0.2973514199256897,1970256000,0.0,0.0
2001-09-10,0.3223330080509186,0.32729199528694153,0.30912500619888306,0.3156670033931732,0.2887387275695801,1872360000,0.0,2.0
2001-09-17,0.29600000381469727,0.3032500147819519,0.2818329930305481,0.28325000405311584,0.2590872049331665,1138596000,0.0,0.0
2001-09-18,0.2887499928474426,0.2908329963684082,0.25975000858306885,0.266167014837265,0.24346143007278442,894372000,0.0,0.0
2001-09-19,0.2676669955253601,0.2707499861717224,0.22550000250339508,0.26291701197624207,0.24048872292041779,1561908000,0.0,0.0
2001-09-20,0.24883300065994263,0.25791698694229126,0.23333300650119781,0.24066700041294098,0.22013665735721588,1470696000,0.0,0.0
2001-09-21,0.22208300232887268,0.23566700518131256,0.21674999594688416,0.22474999725818634,0.20557747781276703,1226304000,0.0,0.0
2001-09-24,0.2425830066204071,0.2536669969558716,0.23183299601078033,0.25,0.22867347300052643,1507500000,0.0,0.0
2001-09-25,0.25075000524520874,0.26158300042152405,0.2395000010728836,0.24025000631809235,0.21975530683994293,941724000,0.0,0.0
2001-09-26,0.24333299696445465,0.2441670000553131,0.22916699945926666,0.23158299922943115,0.21182754635810852,430812000,0.0,0.0
2001-09-27,0.23074999451637268,0.23333300650119781,0.2125830054283142,0.21875,0.20008929073810577,907296000,0.0,0.0
2001-09-28,0.22499999403953552,0.2400829941034317,0.21541699767112732,0.22891700267791748,0.20938901603221893,1044876000,0.0,0.0
2001-10-01,0.22875000536441803,0.23250000178813934,0.20583300292491913,0.2094999998807907,0.19162841141223907,972804000,0.0,0.0
2001-10-02,0.2091670036315918,0.2175000011920929,0.18883299827575684,0.19900000095367432,0.18202413618564606,1123032000,0.0,0.0
2001-10-03,0.1979999989271164,0.25075000524520874,0.1979999989271164,0.23816700279712677,0.2178499549627304,1798824000,0.0,0.0
2001-10-04,0.25083300471305847,0.28166699409484863,0.24216699600219727,0.2690829932689667,0.2461286038160324,1980576000,0.0,0.0
2001-10-05,0.26499998569488525,0.28075000643730164,0.2549169957637787,0.274167001247406,0.25077885389328003,1078212000,0.0,0.0
2001-10-08,0.2633329927921295,0.29074999690055847,0.2633329927921295,0.280333012342453,0.25641897320747375,765900000,0.0,0.0
2001-10-09,0.28108298778533936,0.28666698932647705,0.2601670026779175,0.26816698908805847,0.24529075622558594,917556000,0.0,0.0
2001-10-10,0.26341700553894043,0.2874999940395355,0.26166701316833496,0.28541699051856995,0.2610692083835602,968124000,0.0,0.0
2001-10-11,0.3006669878959656,0.3171670138835907,0.29908299446105957,0.31633299589157104,0.28934791684150696,918000000,0.0,0.0
2001-10-12,0.30833300948143005,0.3375000059604645,0.3072499930858612,0.3369170129299164,0.3081758916378021,1253100000,0.0,0.0
2001-10-15,0.3270829916000366,0.3458330035209656,0.31791698932647705,0.3354170024394989,0.3068041205406189,908568000,0.0,0.0
2001-10-16,0.33500000834465027,0.3718329966068268,0.32808300852775574,0.3691670000553131,0.33767497539520264,1383852000,0.0,0.0
2001-10-17,0.37733298540115356,0.3774999976158142,0.3458330035209656,0.3474999964237213,0.31785616278648376,1695540000,0.0,0.0
2001-10-18,0.3474999964237213,0.36558300256729126,0.34666699171066284,0.36216700077056885,0.3312719464302063,1020864000,0.0,0.0
2001-10-19,0.3569999933242798,0.375,0.35249999165534973,0.3696669936180115,0.33813223242759705,1059264000,0.0,0.0
2001-10-22,0.3669170141220093,0.3833329975605011,0.35874998569488525,0.3784169852733612,0.34613579511642456,970824000,0.0,0.0
2001-10-23,0.38324999809265137,0.390082985162735,0.36333298683166504,0.37174999713897705,0.3400375247001648,953028000,0.0,0.0
2001-10-24,0.36500000953674316,0.38908299803733826,0.36083298921585083,0.38816699385643005,0.35505399107933044,1212144000,0.0,0.0
2001-10-25,0.37916699051856995,0.41783300042152405,0.37333300709724426,0.4109170138835907,0.37586328387260437,1152396000,0.0,0.0
2001-10-26,0.4080829918384552,0.42033299803733826,0.37916699051856995,0.38158300518989563,0.3490316867828369,1097124000,0.0,0.0
2001-10-29,0.38291698694229126,0.3895829916000366,0.35016700625419617,0.3505829870700836,0.3206760585308075,1004796000,0.0,0.0
2001-10-30,0.34416699409484863,0.36616700887680054,0.3362500071525574,0.3499999940395355,0.3201429545879364,1153380000,0.0,0.0
2001-10-31,0.36308300495147705,0.3729169964790344,0.3520829975605011,0.35716700553894043,0.32669857144355774,989292000,0.0,0.0
2001-11-01,0.3617500066757202,0.39058300852775574,0.35624998807907104,0.3876670002937317,0.35459673404693604,1093776000,0.0,0.0
2001-11-02,0.3859170079231262,0.397832989692688,0.3716669976711273,0.39308300614356995,0.3595506250858307,1087248000,0.0,0.0
2001-11-05,0.39991700649261475,0.4108330011367798,0.3919999897480011,0.3944999873638153,0.3608469069004059,933456000,0.0,0.0
2001-11-06,0.39375001192092896,0.42341700196266174,0.3916670083999634,0.42158299684524536,0.38561949133872986,1415376000,0.0,0.0
2001-11-07,0.4183329939842224,0.438167005777359,0.4159170091152191,0.42191699147224426,0.3859248757362366,1419144000,0.0,0.0
2001-11-08,0.42716699838638306,0.4328329861164093,0.40208300948143005,0.4145829975605011,0.37921658158302307,1915188000,0.0,0.0
2001-11-09,0.4329169988632202,0.4436669945716858,0.4249170124530792,0.4433329999446869,0.4055140018463135,2270484000,0.0,0.0
2001-11-12,0.44166699051856995,0.4665830135345459,0.4281669855117798,0.45524999499320984,0.4164145290851593,1458636000,0.0,0.0
2001-11-13,0.4566670060157776,0.4567500054836273,0.4449999928474426,0.4514999985694885,0.41298428177833557,1446516000,0.0,0.0
2001-11-14,0.4548330008983612,0.4591670036315918,0.4266670048236847,0.43891701102256775,0.40147480368614197,1150224000,0.0,0.0
2001-11-15,0.43391698598861694,0.44725000858306885,0.42841699719429016,0.4412499964237213,0.4036087095737457,874944000,0.0,0.0
2001-11-16,0.44166699051856995,0.44633299112319946,0.43149998784065247,0.43741700053215027,0.4001027047634125,496128000,0.0,0.0
2001-11-19,0.4417499899864197,0.4458329975605011,0.4041669964790344,0.4278329908847809,0.3913363218307495,1943052000,0.0,0.0
2001-11-20,0.42991700768470764,0.43741700053215027,0.41108301281929016,0.4158329963684082,0.3803599178791046,937884000,0.0,0.0
2001-11-21,0.40883299708366394,0.4214169979095459,0.39833301305770874,0.4104999899864197,0.37548184394836426,728412000,0.0,0.0
2001-11-23,0.4120829999446869,0.41666701436042786,0.4050000011920929,0.41624999046325684,0.38074126839637756,254016000,0.0,0.0
2001-11-26,0.4232499897480011,0.44658300280570984,0.4220829904079437,0.44600000977516174,0.40795350074768066,1215780000,0.0,0.0
2001-11-27,0.44574999809265137,0.46083301305770874,0.4375,0.4507499933242798,0.41229844093322754,1183992000,0.0,0.0
2001-11-28,0.4449999928474426,0.4524169862270355,0.4269999861717224,0.42800000309944153,0.3914889991283417,740844000,0.0,0.0
2001-11-29,0.4590829908847809,0.46141698956489563,0.4449999928474426,0.4467499852180481,0.4086396098136902,5135472000,0.0,0.0
2001-11-30,0.44658300280570984,0.4585829973220825,0.4399999976158142,0.45533299446105957,0.416490375995636,1034028000,0.0,0.0
2001-12-03,0.44574999809265137,0.4513329863548279,0.44041699171066284,0.4484170079231262,0.4101642668247223,851496000,0.0,0.0
2001-12-04,0.45066699385643005,0.48500001430511475,0.45066699385643005,0.484499990940094,0.4431692361831665,1384644000,0.0,0.0
2001-12-05,0.48833298683166504,0.5245829820632935,0.4879170060157776,0.5235829949378967,0.4789183437824249,1707036000,0.0,0.0
2001-12-06,0.5195000171661377,0.5208330154418945,0.5022500157356262,0.5153329968452454,0.4713718593120575,1138944000,0.0,0.0
2001-12-07,0.5115000009536743,0.5161669850349426,0.4906669855117798,0.49958300590515137,0.4569655656814575,807036000,0.0,0.0
2001-12-10,0.49708300828933716,0.515999972820282,0.492917001247406,0.5045830011367798,0.4615391492843628,695868000,0.0,0.0
2001-12-11,0.5134170055389404,0.5345829725265503,0.5083330273628235,0.5226669907569885,0.4780803322792053,792252000,0.0,0.0
2001-12-12,0.5266669988632202,0.5391669869422913,0.5164999961853027,0.5389170050621033,0.4929440915584564,1004628000,0.0,0.0
2001-12-13,0.5283330082893372,0.535082995891571,0.5213329792022705,0.5234169960021973,0.47876638174057007,881400000,0.0,0.0
2001-12-14,0.5233330130577087,0.5495830178260803,0.5209169983863831,0.546999990940094,0.500337541103363,754680000,0.0,0.0
2001-12-17,0.5428329706192017,0.5745829939842224,0.5428329706192017,0.5666670203208923,0.5183269381523132,1080960000,0.0,0.0
2001-12-18,0.5542500019073486,0.5620830059051514,0.5474169850349426,0.5520830154418945,0.5049872398376465,886968000,0.0,0.0
2001-12-19,0.5429999828338623,0.554082989692688,0.5349169969558716,0.5370000004768372,0.4911905825138092,854652000,0.0,0.0
2001-12-20,0.5391669869422913,0.5489169955253601,0.5139170289039612,0.5158330202102661,0.4718295931816101,951228000,0.0,0.0
2001-12-21,0.5270829796791077,0.5416669845581055,0.5210000276565552,0.5381669998168945,0.492258220911026,723972000,0.0,0.0
2001-12-24,0.5379170179367065,0.554332971572876,0.5376669764518738,0.5515829920768738,0.504529595375061,265308000,0.0,0.0
2001-12-26,0.554332971572876,0.5745000243186951,0.5542500019073486,0.5650830268859863,0.516878068447113,642156000,0.0,0.0
2001-12-27,0.5699999928474426,0.5807499885559082,0.5691670179367065,0.5781670212745667,0.5288457870483398,730152000,0.0,0.0
2001-12-28,0.5815830230712891,0.5854169726371765,0.558667004108429,0.5642499923706055,0.5161161422729492,757680000,0.0,0.0
2001-12-31,0.5684170126914978,0.5716670155525208,0.5562499761581421,0.5575000047683716,0.5099417567253113,737580000,0.0,0.0
2002-01-02,0.5599169731140137,0.5704169869422913,0.5458329916000366,0.5608329772949219,0.5129905939102173,1298904000,0.0,0.0
2002-01-03,0.5619999766349792,0.6000000238418579,0.5616670250892639,0.597582995891571,0.5466057062149048,1414752000,0.0,0.0
2002-01-04,0.6054999828338623,0.6054999828338623,0.5699999928474426,0.5801669955253601,0.5306755304336548,936288000,0.0,0.0
2002-01-07,0.5824999809265137,0.5833330154418945,0.5567499995231628,0.5645830035209656,0.5164207816123962,973068000,0.0,0.0
2002-01-08,0.5634170174598694,0.584833025932312,0.5615000128746033,0.5712500214576721,0.522519052028656,774360000,0.0,0.0
2002-01-09,0.5791670083999634,0.5895829796791077,0.555417001247406,0.5634170174598694,0.515354335308075,1141188000,0.0,0.0
2002-01-10,0.5604169964790344,0.5680829882621765,0.5450000166893005,0.5499169826507568,0.503005862236023,992508000,0.0,0.0
2002-01-11,0.553583025932312,0.5537499785423279,0.5234169960021973,0.525583028793335,0.480747789144516,1380852000,0.0,0.0
2002-01-14,0.524416983127594,0.5280830264091492,0.49799999594688416,0.49799999594688416,0.4555175304412842,1369560000,0.0,0.0
2002-01-15,0.518750011920929,0.5448330044746399,0.5181670188903809,0.5444999933242798,0.49805086851119995,1838808000,0.0,0.0
2002-01-16,0.5370830297470093,0.5405830144882202,0.5212500095367432,0.5232499837875366,0.4786134958267212,1115388000,0.0,0.0
2002-01-17,0.5405830144882202,0.5416669845581055,0.5210000276565552,0.5415830016136169,0.4953826367855072,1121544000,0.0,0.0
2002-01-18,0.521166980266571,0.5354170203208923,0.5208330154418945,0.5316669940948486,0.4863123893737793,803676000,0.0,0.0
2002-01-22,0.536666989326477,0.538083016872406,0.5123329758644104,0.5183330178260803,0.47411617636680603,1085028000,0.0,0.0
2002-01-23,0.5230000019073486,0.5318329930305481,0.5126670002937317,0.5280830264091492,0.48303431272506714,889164000,0.0,0.0
2002-01-24,0.5333330035209656,0.5525000095367432,0.5220829844474792,0.546999990940094,0.500337541103363,1137684000,0.0,0.0
2002-01-25,0.5391669869422913,0.5591670274734497,0.5325000286102295,0.5455830097198486,0.4990413784980774,817752000,0.0,0.0
2002-01-28,0.5562499761581421,0.5666670203208923,0.5507500171661377,0.566582977771759,0.5182499885559082,924288000,0.0,0.0
2002-01-29,0.567916989326477,0.569582998752594,0.5299999713897705,0.5388330221176147,0.4928671717643738,1381932000,0.0,0.0
2002-01-30,0.5416669845581055,0.5457500219345093,0.5287500023841858,0.5453330278396606,0.49881282448768616,1218456000,0.0,0.0
2002-01-31,0.552416980266571,0.5566669702529907,0.5295829772949219,0.5478330254554749,0.5010997653007507,973980000,0.0,0.0
2002-02-01,0.5469170212745667,0.5527499914169312,0.53125,0.5344169735908508,0.488828182220459,688272000,0.0,0.0
2002-02-04,0.5332499742507935,0.5462499856948853,0.508417010307312,0.5092499852180481,0.4658079743385315,1104864000,0.0,0.0
2002-02-05,0.5058330297470093,0.5102499723434448,0.48441699147224426,0.5042499899864197,0.4612344801425934,1474620000,0.0,0.0
2002-02-06,0.5175830125808716,0.5257499814033508,0.5074999928474426,0.5168330073356628,0.4727441370487213,1242528000,0.0,0.0
2002-02-07,0.5174999833106995,0.5174999833106995,0.49766701459884644,0.5000830292701721,0.45742297172546387,964476000,0.0,0.0
2002-02-08,0.5034170150756836,0.5062500238418579,0.4619170129299164,0.48100000619888306,0.4399677515029907,1871292000,0.0,0.0
2002-02-11,0.4802500009536743,0.5083330273628235,0.47850000858306885,0.5075830221176147,0.46428313851356506,1249224000,0.0,0.0
2002-02-12,0.49991700053215027,0.5279170274734497,0.4941670000553131,0.5183330178260803,0.47411617636680603,1216500000,0.0,0.0
2002-02-13,0.5249999761581421,0.5338330268859863,0.5066670179367065,0.511667013168335,0.4680187702178955,1230432000,0.0,0.0
2002-02-14,0.515999972820282,0.5287500023841858,0.5095000267028809,0.5180000066757202,0.47381162643432617,1225692000,0.0,0.0
2002-02-15,0.4941670000553131,0.49708300828933716,0.47291699051856995,0.47791698575019836,0.43714794516563416,3988548000,0.0,0.0
2002-02-19,0.45750001072883606,0.4622499942779541,0.44258299469947815,0.44624999165534973,0.4081821143627167,1972524000,0.0,0.0
2002-02-20,0.43833300471305847,0.4745829999446869,0.4375,0.46958300471305847,0.42952466011047363,1838736000,0.0,0.0
2002-02-21,0.4631670117378235,0.46333301067352295,0.4369170069694519,0.4375,0.40017858147621155,1531044000,0.0,0.0
2002-02-22,0.42875000834465027,0.4337500035762787,0.41041699051856995,0.41600000858306885,0.3805128335952759,2585616000,0.0,0.0
2002-02-25,0.41791701316833496,0.45183300971984863,0.41783300042152405,0.4485830068588257,0.4103160798549652,1599564000,0.0,0.0
2002-02-26,0.45841699838638306,0.4662500023841858,0.44624999165534973,0.45833298563957214,0.41923439502716064,1902672000,0.0,0.0
2002-02-27,0.46875,0.47075000405311584,0.44166699051856995,0.44291698932647705,0.4051334857940674,1723224000,0.0,0.0
2002-02-28,0.4399999976158142,0.44791701436042786,0.421332985162735,0.4250830113887787,0.38882094621658325,1585440000,0.0,0.0
2002-03-01,0.4291670024394989,0.4666669964790344,0.4279170036315918,0.46616700291633606,0.42640021443367004,1311396000,0.0,0.0
2002-03-04,0.4675830006599426,0.4975000023841858,0.4630829989910126,0.49216699600219727,0.4501822590827942,1484724000,0.0,0.0
2002-03-05,0.4845829904079437,0.504082977771759,0.4841670095920563,0.49091699719429016,0.44903889298439026,1379448000,0.0,0.0
2002-03-06,0.4762499928474426,0.4810830056667328,0.4652499854564667,0.4754999876022339,0.4349370002746582,1446060000,0.0,0.0
2002-03-07,0.48225000500679016,0.483832985162735,0.4584999978542328,0.47166699171066284,0.4314309358596802,1346532000,0.0,0.0
2002-03-08,0.48066699504852295,0.4957500100135803,0.4783329963684082,0.4857499897480011,0.44431257247924805,1270356000,0.0,0.0
2002-03-11,0.48041701316833496,0.4857499897480011,0.4720830023288727,0.48008298873901367,0.4391290247440338,810540000,0.0,0.0
2002-03-12,0.4654169976711273,0.46791699528694153,0.45166701078414917,0.4549170136451721,0.4161098897457123,1255032000,0.0,0.0
2002-03-13,0.45066699385643005,0.453916996717453,0.4449999928474426,0.44666698575019836,0.4085637331008911,1031616000,0.0,0.0
2002-03-14,0.4433329999446869,0.4433329999446869,0.42100000381469727,0.42191699147224426,0.3859248757362366,1139460000,0.0,0.0
2002-03-15,0.4249170124530792,0.4402500092983246,0.4168330132961273,0.43974998593330383,0.4022366404533386,1248288000,0.0,0.0
2002-03-18,0.4477500021457672,0.45741701126098633,0.4347499907016754,0.43974998593330383,0.4022366404533386,1236996000,0.0,0.0
2002-03-19,0.44291698932647705,0.4437499940395355,0.4278329908847809,0.430417001247406,0.39369991421699524,846072000,0.0,0.0
2002-03-20,0.42333298921585083,0.4241670072078705,0.38624998927116394,0.3876670002937317,0.35459673404693604,2292588000,0.0,0.0
2002-03-21,0.3942500054836273,0.41291698813438416,0.38383299112319946,0.40825000405311584,0.3734237551689148,1721712000,0.0,0.0
2002-03-22,0.4155830144882202,0.4155830144882202,0.4016669988632202,0.4047499895095825,0.3702223598957062,1249140000,0.0,0.0
2002-03-25,0.4028330147266388,0.40333300828933716,0.3833329975605011,0.38383299112319946,0.35108962655067444,884160000,0.0,0.0
2002-03-26,0.37983301281929016,0.40141698718070984,0.37766700983047485,0.3916670083999634,0.35825538635253906,1123512000,0.0,0.0
2002-03-27,0.38566699624061584,0.3935000002384186,0.3725000023841858,0.37916699051856995,0.34682178497314453,1068012000,0.0,0.0
2002-03-28,0.3817499876022339,0.38416698575019836,0.34891700744628906,0.3696669936180115,0.33813223242759705,3124080000,0.0,0.0
2002-04-01,0.34916698932647705,0.3664169907569885,0.33799999952316284,0.3635829985141754,0.3325672447681427,2365344000,0.0,0.0
2002-04-02,0.3526670038700104,0.37241700291633606,0.35199999809265137,0.35408300161361694,0.32387763261795044,1438008000,0.0,0.0
2002-04-03,0.35566699504852295,0.3653329908847809,0.3483330011367798,0.3607499897480011,0.3299758732318878,1094640000,0.0,0.0
2002-04-04,0.3580000102519989,0.3712500035762787,0.3530830144882202,0.35899999737739563,0.3283751308917999,1130964000,0.0,0.0
2002-04-05,0.3613330125808716,0.36716699600219727,0.3471669852733612,0.350832998752594,0.3209049105644226,1026900000,0.0,0.0
2002-04-08,0.33458301424980164,0.3625830113887787,0.3345000147819519,0.3625830113887787,0.33165252208709717,1151316000,0.0,0.0
2002-04-09,0.36616700887680054,0.3691670000553131,0.3388330042362213,0.3396669924259186,0.31069135665893555,1380768000,0.0,0.0
2002-04-10,0.34241700172424316,0.3449999988079071,0.2966670095920563,0.320917010307312,0.2935408353805542,3689724000,0.0,0.0
2002-04-11,0.3183329999446869,0.3224169909954071,0.30333301424980164,0.3068329989910126,0.2806583046913147,1437288000,0.0,0.0
2002-04-12,0.3136669993400574,0.3161669969558716,0.296083003282547,0.3056670129299164,0.27959179878234863,1376880000,0.0,0.0
2002-04-15,0.311583012342453,0.3232499957084656,0.31083300709724426,0.3179999887943268,0.2908726930618286,1157208000,0.0,0.0
2002-04-16,0.3322499990463257,0.3356670141220093,0.32533299922943115,0.33183300495147705,0.3035257160663605,854856000,0.0,0.0
2002-04-17,0.335750013589859,0.3406670093536377,0.3252499997615814,0.335750013589859,0.30710846185684204,944484000,0.0,0.0
2002-04-18,0.3323329985141754,0.33591699600219727,0.32291701436042786,0.3301669955253601,0.30200180411338806,693156000,0.0,0.0
2002-04-19,0.3190000057220459,0.32291701436042786,0.3072499930858612,0.30766698718070984,0.28142106533050537,1125672000,0.0,0.0
2002-04-22,0.30425000190734863,0.31541699171066284,0.3041670024394989,0.3091669976711273,0.28279319405555725,808176000,0.0,0.0
2002-04-23,0.311583012342453,0.31516700983047485,0.2939170002937317,0.2966670095920563,0.27135947346687317,773508000,0.0,0.0
2002-04-24,0.3000830113887787,0.304500013589859,0.26991701126098633,0.2706669867038727,0.2475775182247162,1582956000,0.0,0.0
2002-04-25,0.26958298683166504,0.2865830063819885,0.2694999873638153,0.28116700053215027,0.25718188285827637,1168296000,0.0,0.0
2002-04-26,0.2842499911785126,0.2845830023288727,0.2530829906463623,0.2530829906463623,0.23149344325065613,1191120000,0.0,0.0
2002-04-29,0.28299999237060547,0.2994999885559082,0.273499995470047,0.2952499985694885,0.2700634002685547,3930852000,0.0,0.0
2002-04-30,0.3022499978542328,0.3062500059604645,0.2837499976158142,0.29008299112319946,0.26533734798431396,1776504000,0.0,0.0
2002-05-01,0.2853330075740814,0.29941698908805847,0.2779169976711273,0.29533299803733826,0.2701394557952881,1718904000,0.0,0.0
2002-05-02,0.296750009059906,0.304082989692688,0.2833330035209656,0.2834169864654541,0.25923988223075867,1125084000,0.0,0.0
2002-05-03,0.2837499976158142,0.2859170138835907,0.27149999141693115,0.2729170024394989,0.24963556230068207,852756000,0.0,0.0
2002-05-06,0.2658329904079437,0.27833300828933716,0.26033300161361694,0.26249998807907104,0.2401072382926941,1102044000,0.0,0.0
2002-05-07,0.26833298802375793,0.27391698956489563,0.2559170126914978,0.2690829932689667,0.2461286038160324,1412448000,0.0,0.0
2002-05-08,0.2874169945716858,0.30466699600219727,0.27833300828933716,0.30000001192092896,0.2744081914424896,1688688000,0.0,0.0
2002-05-09,0.29908299446105957,0.30524998903274536,0.28666698932647705,0.2871670126914978,0.2626699209213257,1230840000,0.0,0.0
2002-05-10,0.2930830121040344,0.29416701197624207,0.26249998807907104,0.26566699147224426,0.24300402402877808,1321548000,0.0,0.0
2002-05-13,0.26841700077056885,0.28266701102256775,0.266167014837265,0.28174999356269836,0.257715106010437,800892000,0.0,0.0
2002-05-14,0.2997500002384186,0.31291699409484863,0.2945829927921295,0.3097499907016754,0.28332647681236267,1526112000,0.0,0.0
2002-05-15,0.3050000071525574,0.32166698575019836,0.3007499873638153,0.3158330023288727,0.288890540599823,1504548000,0.0,0.0
2002-05-16,0.3159169852733612,0.32291701436042786,0.3095000088214874,0.31641700863838196,0.2894247770309448,985560000,0.0,0.0
2002-05-17,0.32499998807907104,0.327333003282547,0.3169170022010803,0.3264169991016388,0.2985716760158539,934404000,0.0,0.0
2002-05-20,0.3236669898033142,0.33208298683166504,0.3221670091152191,0.3299170136451721,0.3017730712890625,953412000,0.0,0.0
2002-05-21,0.3341670036315918,0.3387500047683716,0.3044170141220093,0.304749995470047,0.2787528932094574,1382604000,0.0,0.0
2002-05-22,0.3071669936180115,0.31891700625419617,0.3066670000553131,0.3170830011367798,0.29003390669822693,1547988000,0.0,0.0
2002-05-23,0.3179999887943268,0.3186669945716858,0.288332998752594,0.29774999618530273,0.27235016226768494,2556780000,0.0,0.0
2002-05-24,0.2920829951763153,0.2935830056667328,0.28516700863838196,0.29191699624061584,0.267014741897583,737784000,0.0,0.0
2002-05-28,0.2944999933242798,0.29466700553894043,0.2745000123977661,0.280333012342453,0.25641897320747375,1367088000,0.0,0.0
2002-05-29,0.27583301067352295,0.2920829951763153,0.2715829908847809,0.2909170091152191,0.26610004901885986,1311012000,0.0,0.0
2002-05-30,0.2849999964237213,0.2935830056667328,0.2794170081615448,0.28666698932647705,0.26221269369125366,1066080000,0.0,0.0
2002-05-31,0.288332998752594,0.2895829975605011,0.27833300828933716,0.2788330018520355,0.2550468146800995,674112000,0.0,0.0
2002-06-03,0.27208301424980164,0.27333301305770874,0.25908300280570984,0.2624169886112213,0.2400311529636383,901248000,0.0,0.0
2002-06-04,0.2607499957084656,0.27708300948143005,0.26033300161361694,0.2756670117378235,0.2521510124206543,1095432000,0.0,0.0
2002-06-05,0.2762500047683716,0.2763330042362213,0.2620829939842224,0.2716670036315918,0.2484922707080841,1114308000,0.0,0.0
2002-06-06,0.2688330113887787,0.2754170000553131,0.26875001192092896,0.27175000309944153,0.24856813251972198,739356000,0.0,0.0
2002-06-07,0.2496670037508011,0.27250000834465027,0.24958300590515137,0.2691670060157776,0.24620546400547028,1371300000,0.0,0.0
2002-06-10,0.27274999022483826,0.280333012342453,0.26625001430511475,0.26691699028015137,0.24414744973182678,749148000,0.0,0.0
2002-06-11,0.2713330090045929,0.27250000834465027,0.2542499899864197,0.2549169957637787,0.2331710308790207,859308000,0.0,0.0
2002-06-12,0.24883300065994263,0.2533330023288727,0.22224999964237213,0.23291699588298798,0.2130478322505951,2267544000,0.0,0.0
2002-06-13,0.23466700315475464,0.23899999260902405,0.22316700220108032,0.2304999977350235,0.21083694696426392,1265892000,0.0,0.0
2002-06-14,0.22200000286102295,0.23658299446105957,0.21449999511241913,0.2348330020904541,0.21480034291744232,1116444000,0.0,0.0
2002-06-17,0.2400829941034317,0.2431669980287552,0.23283299803733826,0.23691700398921967,0.21670660376548767,1054140000,0.0,0.0
2002-06-18,0.23399999737739563,0.24250000715255737,0.23125000298023224,0.23566700518131256,0.21556322276592255,1008300000,0.0,0.0
2002-06-19,0.22416700422763824,0.22416700422763824,0.19699999690055847,0.19875000417232513,0.18179546296596527,2593620000,0.0,0.0
2002-06-20,0.19916699826717377,0.20458300411701202,0.1943330019712448,0.19691699743270874,0.18011881411075592,1425048000,0.0,0.0
2002-06-21,0.19591699540615082,0.20350000262260437,0.18483300507068634,0.18883299827575684,0.1727243959903717,1484364000,0.0,0.0
2002-06-24,0.18400000035762787,0.19824999570846558,0.17833299934864044,0.19233299791812897,0.17592580616474152,1379592000,0.0,0.0
2002-06-25,0.1958329975605011,0.1958329975605011,0.17524999380111694,0.17641699314117432,0.16136756539344788,1172232000,0.0,0.0
2002-06-26,0.15641699731349945,0.17316700518131256,0.15208299458026886,0.16725000739097595,0.15298259258270264,2067828000,0.0,0.0
2002-06-27,0.17341700196266174,0.17475000023841858,0.14000000059604645,0.1423330008983612,0.1301911324262619,3182808000,0.0,0.0
2002-06-28,0.14000000059604645,0.1490830034017563,0.13691699504852295,0.14316700398921967,0.13095404207706451,1991184000,0.0,0.0
2002-07-01,0.14249999821186066,0.1466670036315918,0.139833003282547,0.14283299446105957,0.13064850866794586,1164372000,0.0,0.0
2002-07-02,0.14116699993610382,0.14166699349880219,0.13016700744628906,0.13383300602436066,0.12241625040769577,1368180000,0.0,0.0
2002-07-03,0.13300000131130219,0.14566700160503387,0.13291700184345245,0.1454170048236847,0.13301204144954681,1073304000,0.0,0.0
2002-07-05,0.15583300590515137,0.15833300352096558,0.1513330042362213,0.15825000405311584,0.14475035667419434,739524000,0.0,0.0
2002-07-08,0.15641699731349945,0.1686670035123825,0.15625,0.16300000250339508,0.14909516274929047,1587180000,0.0,0.0
2002-07-09,0.1634169965982437,0.1655000001192093,0.15150000154972076,0.1550000011920929,0.14177758991718292,1075080000,0.0,0.0
2002-07-10,0.1587499976158142,0.1599999964237213,0.14966699481010437,0.15074999630451202,0.13789011538028717,926988000,0.0,0.0
2002-07-11,0.14991700649261475,0.16666699945926666,0.14858299493789673,0.16608299314975739,0.15191511809825897,1143948000,0.0,0.0
2002-07-12,0.17499999701976776,0.17566700279712677,0.16249999403953552,0.16591699421405792,0.15176327526569366,1344900000,0.0,0.0
2002-07-15,0.16633300483226776,0.18250000476837158,0.15883299708366394,0.18241700530052185,0.16685573756694794,1495272000,0.0,0.0
2002-07-16,0.1779170036315918,0.194582998752594,0.17458300292491913,0.17749999463558197,0.16235823929309845,1773432000,0.0,0.0
2002-07-17,0.17366699874401093,0.17708300054073334,0.15549999475479126,0.1624169945716858,0.14856190979480743,1922364000,0.0,0.0
2002-07-18,0.15974999964237213,0.16916699707508087,0.15783299505710602,0.15825000405311584,0.14475035667419434,1243188000,0.0,0.0
2002-07-19,0.15341700613498688,0.15950000286102295,0.15000000596046448,0.15108299255371094,0.13819468021392822,845772000,0.0,0.0
2002-07-22,0.1504170000553131,0.15466700494289398,0.13791699707508087,0.14408299326896667,0.131791889667511,1290744000,0.0,0.0
2002-07-23,0.14491699635982513,0.14583300054073334,0.1284170001745224,0.1333329975605011,0.121958889067173,1409652000,0.0,0.0
2002-07-24,0.1315000057220459,0.14399999380111694,0.13141700625419617,0.14183300733566284,0.12973381578922272,1175100000,0.0,0.0
2002-07-25,0.13633300364017487,0.1367499977350235,0.12091699987649918,0.12549999356269836,0.11479409784078598,1796448000,0.0,0.0
2002-07-26,0.12916700541973114,0.1321669965982437,0.11916700005531311,0.12258300185203552,0.1121259406208992,1221900000,0.0,0.0
2002-07-29,0.12766699492931366,0.12833300232887268,0.1219170019030571,0.12600000202655792,0.11525145173072815,1227720000,0.0,0.0
2002-07-30,0.12541699409484863,0.14149999618530273,0.125,0.13516700267791748,0.12363646179437637,1818012000,0.0,0.0
2002-07-31,0.09849999845027924,0.10050000250339508,0.09116700291633606,0.09224999696016312,0.08438052237033844,4837140000,0.0,0.0
2002-08-01,0.09300000220537186,0.09300000220537186,0.08333300054073334,0.08341699838638306,0.07630105316638947,1725708000,0.0,0.0
2002-08-02,0.08608300238847733,0.086667001247406,0.07583300024271011,0.07791700214147568,0.07127020508050919,1795260000,0.0,0.0
2002-08-05,0.0767500028014183,0.07691700011491776,0.07074999809265137,0.07166700065135956,0.06555338203907013,1330716000,0.0,0.0
2002-08-06,0.07500000298023224,0.07824999839067459,0.07383300364017487,0.07541699707508087,0.06898344308137894,1168800000,0.0,0.0
2002-08-07,0.07874999940395355,0.0794999971985817,0.0708329975605011,0.0736669972538948,0.06738279014825821,892980000,0.0,0.0
2002-08-08,0.07441700249910355,0.0798330008983612,0.07249999791383743,0.07850000262260437,0.07180347293615341,755424000,0.0,0.0
2002-08-09,0.0764169991016388,0.07916700094938278,0.07508300244808197,0.07666700333356857,0.07012685388326645,581304000,0.0,0.0
2002-08-12,0.07583300024271011,0.07958299666643143,0.07383300364017487,0.07666700333356857,0.07012685388326645,592800000,0.0,0.0
2002-08-13,0.07716699689626694,0.08091700077056885,0.07500000298023224,0.07508300244808197,0.06867794692516327,654420000,0.0,0.0
2002-08-14,0.07649999856948853,0.08083300292491913,0.07583300024271011,0.0801670029759407,0.07332828640937805,632688000,0.0,0.0
2002-08-15,0.08316700160503387,0.08741699904203415,0.08233299851417542,0.08574999868869781,0.078435018658638,1140120000,0.0,0.0
2002-08-16,0.08116699755191803,0.09208299964666367,0.07866699993610382,0.0890830010175705,0.08148370683193207,1657428000,0.0,0.0
2002-08-19,0.09291700273752213,0.11208300292491913,0.09274999797344208,0.10541699826717377,0.09642430394887924,2243928000,0.0,0.0
2002-08-20,0.10625000298023224,0.10833299905061722,0.09941700100898743,0.10074999928474426,0.09215544909238815,1429488000,0.0,0.0
2002-08-21,0.10533300042152405,0.10741700232028961,0.10041700303554535,0.10608299821615219,0.09703349322080612,1194876000,0.0,0.0
2002-08-22,0.10291700065135956,0.10708300024271011,0.10183300077915192,0.10249999910593033,0.09375613927841187,1358496000,0.0,0.0
2002-08-23,0.09958299994468689,0.1002499982714653,0.09516700357198715,0.09574999660253525,0.08758198469877243,919932000,0.0,0.0
2002-08-26,0.09758300334215164,0.09825000166893005,0.09200000017881393,0.09650000184774399,0.08826799690723419,698568000,0.0,0.0
2002-08-27,0.09816700220108032,0.09866700321435928,0.09041699767112732,0.09099999815225601,0.08323715627193451,686712000,0.0,0.0
2002-08-28,0.09049999713897705,0.0906670019030571,0.08500000089406967,0.08533299714326859,0.0780535638332367,700356000,0.0,0.0
2002-08-29,0.08425000309944153,0.0903329998254776,0.08358299732208252,0.08641699701547623,0.07904510200023651,815520000,0.0,0.0
2002-08-30,0.08558300137519836,0.08916699886322021,0.08250000327825546,0.0841670036315918,0.07698703557252884,1065888000,0.0,0.0
2002-09-03,0.0801670029759407,0.08058299869298935,0.0776669979095459,0.07900000363588333,0.07226084172725677,847284000,0.0,0.0
2002-09-04,0.07925000041723251,0.08133299648761749,0.07508300244808197,0.07850000262260437,0.07180347293615341,930552000,0.0,0.0
2002-09-05,0.07774999737739563,0.07808300107717514,0.07500000298023224,0.0754999965429306,0.06905943155288696,714312000,0.0,0.0
2002-09-06,0.07866699993610382,0.07933299988508224,0.07599999755620956,0.07716699689626694,0.07058422267436981,746460000,0.0,0.0
2002-09-09,0.07658299803733826,0.0794999971985817,0.0742499977350235,0.07708299905061722,0.07050735503435135,578040000,0.0,0.0
2002-09-10,0.07666700333356857,0.09208299964666367,0.07658299803733826,0.08808299899101257,0.08056901395320892,2317632000,0.0,0.0
2002-09-11,0.09083300083875656,0.09916699677705765,0.09083300083875656,0.09241700172424316,0.08453328162431717,1657536000,0.0,0.0
2002-09-12,0.09016700088977814,0.09508299827575684,0.0885000005364418,0.08950000256299973,0.08186512440443039,1294932000,0.0,0.0
2002-09-13,0.08858300000429153,0.09283299744129181,0.08749999850988388,0.08808299899101257,0.08056901395320892,796872000,0.0,0.0
2002-09-16,0.08675000071525574,0.08708299696445465,0.08041699975728989,0.08250000327825546,0.07546225935220718,925464000,0.0,0.0
2002-09-17,0.08616700023412704,0.08824999630451202,0.0807500034570694,0.08124999701976776,0.07431889325380325,884052000,0.0,0.0
2002-09-18,0.07999999821186066,0.08158300071954727,0.07658299803733826,0.07900000363588333,0.07226084172725677,811692000,0.0,0.0
2002-09-19,0.07724999636411667,0.07999999821186066,0.07591699808835983,0.07633300125598907,0.06982133537530899,618492000,0.0,0.0
2002-09-20,0.07691700011491776,0.07850000262260437,0.07508300244808197,0.0767500028014183,0.0702027752995491,687312000,0.0,0.0
2002-09-23,0.0754999965429306,0.07625000178813934,0.07291699945926666,0.07341700047254562,0.06715407967567444,521676000,0.0,0.0
2002-09-24,0.07258299738168716,0.07750000059604645,0.07124999910593033,0.07400000095367432,0.06768736988306046,624444000,0.0,0.0
2002-09-25,0.07833299785852432,0.07958299666643143,0.07524999976158142,0.07808300107717514,0.07142207026481628,896616000,0.0,0.0
2002-09-26,0.07958299666643143,0.08041699975728989,0.07275000214576721,0.07391700148582458,0.0676114559173584,739560000,0.0,0.0
2002-09-27,0.07374999672174454,0.07566700130701065,0.07124999910593033,0.07133299857378006,0.06524787098169327,650688000,0.0,0.0
2002-09-30,0.07108300179243088,0.07441700249910355,0.069582998752594,0.07133299857378006,0.06524787098169327,584124000,0.0,0.0
2002-10-01,0.07191699743270874,0.07583300024271011,0.06933300197124481,0.07516700029373169,0.06875480711460114,888360000,0.0,0.0
2002-10-02,0.07575000077486038,0.07958299666643143,0.07508300244808197,0.07508300244808197,0.06867794692516327,749100000,0.0,0.0
2002-10-03,0.07416699826717377,0.07541699707508087,0.07124999910593033,0.07141699641942978,0.06532471626996994,590568000,0.0,0.0
2002-10-04,0.07124999910593033,0.07349999994039536,0.06666699796915054,0.06783299893140793,0.062046442180871964,529788000,0.0,0.0
2002-10-07,0.06691700220108032,0.06825000047683716,0.06400000303983688,0.06449999660253525,0.0589977502822876,493068000,0.0,0.0
2002-10-08,0.06666699796915054,0.06683299690485,0.05999999865889549,0.06258299946784973,0.05724429711699486,714252000,0.0,0.0
2002-10-09,0.06166699901223183,0.06566700339317322,0.060332998633384705,0.061416998505592346,0.05617775022983551,573132000,0.0,0.0
2002-10-10,0.060832999646663666,0.06658300012350082,0.060832999646663666,0.06458300352096558,0.05907367914915085,538032000,0.0,0.0
2002-10-11,0.06708300113677979,0.07458300143480301,0.06666699796915054,0.07341700047254562,0.06715407967567444,994140000,0.0,0.0
2002-10-14,0.07124999910593033,0.07341700047254562,0.06975000351667404,0.07124999910593033,0.06517194211483002,611484000,0.0,0.0
2002-10-15,0.07916700094938278,0.0820000022649765,0.07758300006389618,0.07866699993610382,0.07195623219013214,852768000,0.0,0.0
2002-10-16,0.0733330026268959,0.07400000095367432,0.0708329975605011,0.0720829963684082,0.06593389809131622,578124000,0.0,0.0
2002-10-17,0.07833299785852432,0.08124999701976776,0.0764169991016388,0.07758300006389618,0.07096470892429352,585792000,0.0,0.0
2002-10-18,0.07716699689626694,0.07916700094938278,0.0742499977350235,0.07833299785852432,0.07165075838565826,498372000,0.0,0.0
2002-10-21,0.07724999636411667,0.08824999630451202,0.0754999965429306,0.0854170024394989,0.07813042402267456,930624000,0.0,0.0
2002-10-22,0.08150000125169754,0.09333299845457077,0.08141700178384781,0.08824999630451202,0.08072175830602646,1272168000,0.0,0.0
2002-10-23,0.08958300203084946,0.09308300167322159,0.08833300322294235,0.09183300286531448,0.08399910479784012,925428000,0.0,0.0
2002-10-24,0.09366700053215027,0.09466700255870819,0.08583299815654755,0.08716700226068497,0.07973114401102066,1055172000,0.0,0.0
2002-10-25,0.08749999850988388,0.09291700273752213,0.08633299916982651,0.0925000011920929,0.08460918068885803,745956000,0.0,0.0
2002-10-28,0.09674999862909317,0.09749999642372131,0.09241700172424316,0.09300000220537186,0.08506655693054199,1070544000,0.0,0.0
2002-10-29,0.09316699951887131,0.09383299946784973,0.08425000309944153,0.08891700208187103,0.08133184909820557,772728000,0.0,0.0
2002-10-30,0.09175000339746475,0.09666699916124344,0.09141699969768524,0.09366700053215027,0.0856766477227211,1139496000,0.0,0.0
2002-10-31,0.09433300048112869,0.09983299672603607,0.09408300369977951,0.09916699677705765,0.0907074511051178,1255476000,0.0,0.0
2002-11-01,0.09766700118780136,0.11891700327396393,0.09749999642372131,0.11749999970197678,0.10747653245925903,2128836000,0.0,0.0
2002-11-04,0.12458299845457077,0.13758300244808197,0.12425000220537186,0.13033300638198853,0.11921484023332596,2688132000,0.0,0.0
2002-11-05,0.12999999523162842,0.1321669965982437,0.11958300322294235,0.12516699731349945,0.11448951065540314,2034540000,0.0,0.0
2002-11-06,0.12941700220108032,0.13500000536441803,0.12433300167322159,0.13483299314975739,0.12333094328641891,1646016000,0.0,0.0
2002-11-07,0.13133299350738525,0.13133299350738525,0.12049999833106995,0.12125000357627869,0.11090664565563202,1660560000,0.0,0.0
2002-11-08,0.10249999910593033,0.108583003282547,0.09175000339746475,0.09466700255870819,0.08659132570028305,3798900000,0.0,0.0
2002-11-11,0.09016700088977814,0.09149999916553497,0.08516699820756912,0.08733300119638443,0.07988298684358597,1378452000,0.0,0.0
2002-11-12,0.08941700309515,0.09833300113677979,0.08866699784994125,0.09508299827575684,0.08697184920310974,1381188000,0.0,0.0
2002-11-13,0.09283299744129181,0.100832998752594,0.09099999815225601,0.09808299690485,0.08971593528985977,1802112000,0.0,0.0
2002-11-14,0.1045830026268959,0.10658299922943115,0.10141699761152267,0.1045830026268959,0.09566143900156021,1138728000,0.0,0.0
2002-11-15,0.10999999940395355,0.11591699719429016,0.10875000059604645,0.11225000023841858,0.10267442464828491,2054328000,0.0,0.0
2002-11-18,0.12125000357627869,0.12166699767112732,0.11608300358057022,0.11641699820756912,0.10648592561483383,1982472000,0.0,0.0
2002-11-19,0.11574999988079071,0.12399999797344208,0.1145000010728836,0.11808300018310547,0.10800982266664505,1971948000,0.0,0.0
2002-11-20,0.12166699767112732,0.125,0.12008299678564072,0.12399999797344208,0.11342206597328186,1292796000,0.0,0.0
2002-11-21,0.1289999932050705,0.14066700637340546,0.1287499964237213,0.13449999690055847,0.12302637100219727,2053920000,0.0,0.0
2002-11-22,0.12633299827575684,0.1336670070886612,0.125,0.13099999725818634,0.11982489377260208,1251900000,0.0,0.0
2002-11-25,0.1370829939842224,0.13908299803733826,0.13175000250339508,0.13574999570846558,0.1241697147488594,1230084000,0.0,0.0
2002-11-26,0.13641700148582458,0.13908299803733826,0.13166700303554535,0.132082998752594,0.12081553786993027,1084332000,0.0,0.0
2002-11-27,0.1376670002937317,0.14466699957847595,0.13591699302196503,0.1423330008983612,0.1301911324262619,1088556000,0.0,0.0
2002-11-29,0.14608299732208252,0.14816699922084808,0.14166699349880219,0.14274999499320984,0.13057257235050201,519396000,0.0,0.0
2002-12-02,0.1503330022096634,0.1522500067949295,0.14100000262260437,0.14166699349880219,0.1295819729566574,1167504000,0.0,0.0
2002-12-03,0.13899999856948853,0.13933299481868744,0.132082998752594,0.13233299553394318,0.12104420363903046,1046220000,0.0,0.0
2002-12-04,0.12300000339746475,0.125,0.11608300358057022,0.11649999767541885,0.1065618246793747,2206548000,0.0,0.0
2002-12-05,0.12399999797344208,0.12483300268650055,0.11474999785423279,0.11758299916982651,0.10755246132612228,1594872000,0.0,0.0
2002-12-06,0.11249999701976776,0.11999999731779099,0.11066699773073196,0.11774999648332596,0.10770522058010101,1159224000,0.0,0.0
2002-12-09,0.11391700059175491,0.11574999988079071,0.10741700232028961,0.10833299905061722,0.0990915521979332,969792000,0.0,0.0
2002-12-10,0.1110830008983612,0.11958300322294235,0.10966700315475464,0.11741700023412704,0.10740064084529877,1389888000,0.0,0.0
2002-12-11,0.11658299714326859,0.11999999731779099,0.11266700178384781,0.11675000190734863,0.10679054260253906,1364208000,0.0,0.0
2002-12-12,0.12108299881219864,0.12250000238418579,0.11458300054073334,0.11483299732208252,0.10503704100847244,1302552000,0.0,0.0
2002-12-13,0.11275000125169754,0.11275000125169754,0.10949999839067459,0.11033300310373306,0.10092096030712128,707724000,0.0,0.0
2002-12-16,0.1141669973731041,0.11749999970197678,0.11124999821186066,0.11683300137519836,0.10686646401882172,1056972000,0.0,0.0
2002-12-17,0.11891700327396393,0.12291699647903442,0.11574999988079071,0.1166670024394989,0.10671461373567581,1077744000,0.0,0.0
2002-12-18,0.11299999803304672,0.11316700279712677,0.10750000178813934,0.10774999856948853,0.09855827689170837,1126836000,0.0,0.0
2002-12-19,0.10583300143480301,0.1114170029759407,0.10433299839496613,0.10541699826717377,0.09642430394887924,1100604000,0.0,0.0
2002-12-20,0.10875000059604645,0.10991699993610382,0.10158299654722214,0.10683300346136093,0.09771950542926788,804576000,0.0,0.0
2002-12-23,0.10658299922943115,0.110166996717453,0.10625000298023224,0.10758300125598907,0.09840553998947144,498648000,0.0,0.0
2002-12-24,0.10816700011491776,0.11033300310373306,0.10483299940824509,0.10541699826717377,0.09642430394887924,300336000,0.0,0.0
2002-12-26,0.10716699808835983,0.10875000059604645,0.10258299857378006,0.10350000113248825,0.0946708470582962,719760000,0.0,0.0
2002-12-27,0.10633300244808197,0.10658299922943115,0.09866700321435928,0.09958299994468689,0.0910879597067833,702528000,0.0,0.0
2002-12-30,0.10000000149011612,0.10108300298452377,0.09383299946784973,0.09608300030231476,0.08788654953241348,784740000,0.0,0.0
2002-12-31,0.09508299827575684,0.09833300113677979,0.09324999898672104,0.0959170013666153,0.08773472905158997,825396000,0.0,0.0
2003-01-02,0.10000000149011612,0.10374999791383743,0.09658300131559372,0.10258299857378006,0.09383205324411392,1302540000,0.0,0.0
2003-01-03,0.10291700065135956,0.10625000298023224,0.100832998752594,0.10258299857378006,0.09383205324411392,1037496000,0.0,0.0
2003-01-06,0.10508300364017487,0.11258299648761749,0.10499999672174454,0.11091700196266174,0.10145509243011475,1033428000,0.0,0.0
2003-01-07,0.11308299750089645,0.11566700041294098,0.10933300107717514,0.11058299988508224,0.10114961117506027,1498272000,0.0,0.0
2003-01-08,0.10774999856948853,0.11091700196266174,0.09883300215005875,0.09958299994468689,0.0910879597067833,1852524000,0.0,0.0
2003-01-09,0.10266699641942978,0.10374999791383743,0.10033299773931503,0.10133299976587296,0.09268868714570999,1436076000,0.0,0.0
2003-01-10,0.10000000149011612,0.1045830026268959,0.09866700321435928,0.10308299958705902,0.09428941458463669,924492000,0.0,0.0
2003-01-13,0.10700000077486038,0.10791700333356857,0.10175000131130219,0.10225000232458115,0.09352746605873108,849120000,0.0,0.0
2003-01-14,0.10258299857378006,0.10400000214576721,0.09991700202226639,0.10300000011920929,0.09421347081661224,868524000,0.0,0.0
2003-01-15,0.10308299958705902,0.10391700267791748,0.09983299672603607,0.09983299672603607,0.09131665527820587,904584000,0.0,0.0
2003-01-16,0.09833300113677979,0.09958299994468689,0.09175000339746475,0.09308300167322159,0.08514247089624405,2039976000,0.0,0.0
2003-01-17,0.09058299660682678,0.09183300286531448,0.08841700106859207,0.08958300203084946,0.08194102346897125,1058832000,0.0,0.0
2003-01-21,0.09125000238418579,0.09316699951887131,0.08708299696445465,0.08733300119638443,0.07988298684358597,967356000,0.0,0.0
2003-01-22,0.08708299696445465,0.08966699987649918,0.08683300018310547,0.08741699904203415,0.07995978742837906,550992000,0.0,0.0
2003-01-23,0.08974999934434891,0.09125000238418579,0.08741699904203415,0.08983299881219864,0.08216970413923264,918456000,0.0,0.0
2003-01-24,0.0890830010175705,0.08950000256299973,0.0832500010728836,0.08474999666213989,0.07752031832933426,897108000,0.0,0.0
2003-01-27,0.0829169973731041,0.0872500017285347,0.08141700178384781,0.08349999785423279,0.07637696713209152,889116000,0.0,0.0
2003-01-28,0.08241699635982513,0.08808299899101257,0.07966700196266174,0.08649999648332596,0.07912103086709976,1785480000,0.0,0.0
2003-01-29,0.0841670036315918,0.08891700208187103,0.0841670036315918,0.08824999630451202,0.08072175830602646,1022040000,0.0,0.0
2003-01-30,0.09000000357627869,0.09075000137090683,0.08375000208616257,0.08466699719429016,0.0774443969130516,743064000,0.0,0.0
2003-01-31,0.08216699957847595,0.08833300322294235,0.08141700178384781,0.0860000029206276,0.07866367697715759,949656000,0.0,0.0
2003-02-03,0.08758299797773361,0.08933299779891968,0.08583299815654755,0.08766700327396393,0.08018847554922104,755556000,0.0,0.0
2003-02-04,0.08708299696445465,0.08749999850988388,0.08250000327825546,0.08375000208616257,0.07660564035177231,627720000,0.0,0.0
2003-02-05,0.08558300137519836,0.08791700005531311,0.0841670036315918,0.08449999988079071,0.07729162275791168,581508000,0.0,0.0
2003-02-06,0.0903329998254776,0.09049999713897705,0.08375000208616257,0.08516699820756912,0.07790174335241318,1226184000,0.0,0.0
2003-02-07,0.08683300018310547,0.0872500017285347,0.08116699755191803,0.08133299648761749,0.0743948221206665,915156000,0.0,0.0
2003-02-10,0.08124999701976776,0.0829169973731041,0.07774999737739563,0.08233299851417542,0.07530949264764786,982632000,0.0,0.0
2003-02-11,0.08299999684095383,0.0854170024394989,0.08041699975728989,0.08083300292491913,0.07393743842840195,850716000,0.0,0.0
2003-02-12,0.08083300292491913,0.08425000309944153,0.0801670029759407,0.08124999701976776,0.07431889325380325,641400000,0.0,0.0
2003-02-13,0.08266700059175491,0.08308299630880356,0.08041699975728989,0.08224999904632568,0.07523362338542938,889164000,0.0,0.0
2003-02-14,0.09350000321865082,0.10041700303554535,0.09125000238418579,0.10033299773931503,0.09177397936582565,3548844000,0.0,0.0
2003-02-18,0.10416699945926666,0.10808300226926804,0.10291700065135956,0.10608299821615219,0.09703349322080612,1740516000,0.0,0.0
2003-02-19,0.10541699826717377,0.10774999856948853,0.1042499989271164,0.10708300024271011,0.09794820845127106,1141212000,0.0,0.0
2003-02-20,0.10750000178813934,0.11033300310373306,0.10666699707508087,0.10708300024271011,0.09794820845127106,978132000,0.0,0.0
2003-02-21,0.10700000077486038,0.10741700232028961,0.1033329963684082,0.10716699808835983,0.09802500903606415,913260000,0.0,0.0
2003-02-24,0.10625000298023224,0.11241699755191803,0.10566700249910355,0.10849999636411667,0.09924430400133133,1137012000,0.0,0.0
2003-02-25,0.10499999672174454,0.10833299905061722,0.1033329963684082,0.10783299803733826,0.09863420575857162,1239204000,0.0,0.0
2003-02-26,0.10641700029373169,0.10816700011491776,0.10233300179243088,0.10258299857378006,0.09383205324411392,746892000,0.0,0.0
2003-02-27,0.10358300060033798,0.10525000095367432,0.10191699862480164,0.10474999994039536,0.09581420570611954,675312000,0.0,0.0
2003-02-28,0.1014999970793724,0.10541699826717377,0.09849999845027924,0.10516700148582458,0.09619564563035965,1653336000,0.0,0.0
2003-03-03,0.10641700029373169,0.10833299905061722,0.1020829975605011,0.10341700166463852,0.09459493309259415,702036000,0.0,0.0
2003-03-04,0.10374999791383743,0.10474999994039536,0.10158299654722214,0.10258299857378006,0.09383205324411392,538392000,0.0,0.0
2003-03-05,0.10158299654722214,0.10483299940824509,0.10133299976587296,0.1042499989271164,0.09535682946443558,522156000,0.0,0.0
2003-03-06,0.10341700166463852,0.10441700369119644,0.1020829975605011,0.10249999910593033,0.09375613927841187,548064000,0.0,0.0
2003-03-07,0.10091699659824371,0.10441700369119644,0.10000000149011612,0.10408300161361694,0.09520410001277924,581148000,0.0,0.0
2003-03-10,0.10300000011920929,0.10350000113248825,0.10100000351667404,0.10116700083017349,0.09253683686256409,344796000,0.0,0.0
2003-03-11,0.10191699862480164,0.10358300060033798,0.10074999928474426,0.10191699862480164,0.09322287887334824,417144000,0.0,0.0
2003-03-12,0.10275000333786011,0.10499999672174454,0.10183300077915192,0.10474999994039536,0.09581420570611954,493920000,0.0,0.0
2003-03-13,0.10783299803733826,0.11583299934864044,0.1073329970240593,0.11516699939966202,0.10534254461526871,1362732000,0.0,0.0
2003-03-14,0.11558300256729126,0.1166670024394989,0.11100000143051147,0.11183299869298935,0.102292999625206,1094220000,0.0,0.0
2003-03-17,0.10999999940395355,0.12058299779891968,0.10975000262260437,0.11833299696445465,0.10823851823806763,1307808000,0.0,0.0
2003-03-18,0.117917001247406,0.11924999952316284,0.11500000208616257,0.11741700023412704,0.10740064084529877,932280000,0.0,0.0
2003-03-19,0.11766699701547623,0.11883299797773361,0.1138330027461052,0.11800000071525574,0.107933908700943,712992000,0.0,0.0
2003-03-20,0.11800000071525574,0.1215829998254776,0.11491700261831284,0.11908300220966339,0.10892452299594879,780060000,0.0,0.0
2003-03-21,0.1231670007109642,0.12358299642801285,0.11266700178384781,0.11800000071525574,0.107933908700943,1681800000,0.0,0.0
2003-03-24,0.11316700279712677,0.1166670024394989,0.11249999701976776,0.11358299851417542,0.1038936972618103,839016000,0.0,0.0
2003-03-25,0.11391700059175491,0.11858300119638443,0.11349999904632568,0.11683300137519836,0.10686646401882172,672828000,0.0,0.0
2003-03-26,0.11941699683666229,0.12208300083875656,0.1185000017285347,0.12008299678564072,0.10983920097351074,1107840000,0.0,0.0
2003-03-27,0.1185000017285347,0.12099999934434891,0.1163330003619194,0.1166670024394989,0.10671461373567581,1392732000,0.0,0.0
2003-03-28,0.1166670024394989,0.11708299815654755,0.11008299887180328,0.11191699653863907,0.10236981511116028,1290684000,0.0,0.0
2003-03-31,0.10849999636411667,0.1098330020904541,0.10683300346136093,0.1073329970240593,0.09817682951688766,680508000,0.0,0.0
2003-04-01,0.10958299785852432,0.11166699975728989,0.10716699808835983,0.11050000041723251,0.1010737195611,533808000,0.0,0.0
2003-04-02,0.11424999684095383,0.11649999767541885,0.11275000125169754,0.11458300054073334,0.10480836033821106,771900000,0.0,0.0
2003-04-03,0.1166670024394989,0.1166670024394989,0.11366699635982513,0.11608300358057022,0.10618043690919876,702780000,0.0,0.0
2003-04-04,0.11641699820756912,0.11658299714326859,0.1110830008983612,0.11158300191164017,0.10206430405378342,513840000,0.0,0.0
2003-04-07,0.11908300220966339,0.11999999731779099,0.11166699975728989,0.11275000125169754,0.10313177108764648,671256000,0.0,0.0
2003-04-08,0.11375000327825546,0.11433299630880356,0.11091700196266174,0.11166699975728989,0.10214115679264069,475032000,0.0,0.0
2003-04-09,0.11208300292491913,0.1150830015540123,0.11091700196266174,0.1110830008983612,0.10160696506500244,694260000,0.0,0.0
2003-04-10,0.11258299648761749,0.11275000125169754,0.11058299988508224,0.11166699975728989,0.10214115679264069,364104000,0.0,0.0
2003-04-11,0.11291699856519699,0.1138330027461052,0.10933300107717514,0.11041700094938278,0.10099775344133377,374184000,0.0,0.0
2003-04-14,0.10875000059604645,0.11266700178384781,0.10841699689626694,0.11233299970626831,0.10275033116340637,445776000,0.0,0.0
2003-04-15,0.11158300191164017,0.11316700279712677,0.10883300006389618,0.11174999922513962,0.10221702605485916,490212000,0.0,0.0
2003-04-16,0.11433299630880356,0.11458300054073334,0.11083299666643143,0.11174999922513962,0.10221702605485916,671988000,0.0,0.0
2003-04-17,0.11258299648761749,0.11400000005960464,0.11025000363588333,0.11375000327825546,0.10404643416404724,520740000,0.0,0.0
2003-04-21,0.11391700059175491,0.11699999868869781,0.11283300071954727,0.1166670024394989,0.10671461373567581,597144000,0.0,0.0
2003-04-22,0.11608300358057022,0.11824999749660492,0.1141669973731041,0.11816699802875519,0.10808663815259933,787392000,0.0,0.0
2003-04-23,0.11800000071525574,0.1215829998254776,0.11708299815654755,0.12083300203084946,0.11052525043487549,606204000,0.0,0.0
2003-04-24,0.12091699987649918,0.12091699987649918,0.11566700041294098,0.1172500029206276,0.10724787414073944,660912000,0.0,0.0
2003-04-25,0.11658299714326859,0.11858300119638443,0.11183299869298935,0.11291699856519699,0.10328452289104462,884652000,0.0,0.0
2003-04-28,0.11424999684095383,0.11841700226068497,0.11291699856519699,0.1163330003619194,0.10640910267829895,674988000,0.0,0.0
2003-04-29,0.11900000274181366,0.1215829998254776,0.11808300018310547,0.11991699784994125,0.10968735069036484,670344000,0.0,0.0
2003-04-30,0.11924999952316284,0.12250000238418579,0.11874999850988388,0.11941699683666229,0.10922999680042267,466620000,0.0,0.0
2003-05-01,0.11858300119638443,0.12133300304412842,0.117917001247406,0.12016700208187103,0.10991604626178741,733368000,0.0,0.0
2003-05-02,0.12174999713897705,0.1333329975605011,0.12108299881219864,0.13249999284744263,0.12119697034358978,1691088000,0.0,0.0
2003-05-05,0.13375000655651093,0.1420000046491623,0.13133299350738525,0.13574999570846558,0.1241697147488594,1576164000,0.0,0.0
2003-05-06,0.13508300483226776,0.13941699266433716,0.13375000655651093,0.13591699302196503,0.12432246655225754,1143864000,0.0,0.0
2003-05-07,0.13391700387001038,0.1370829939842224,0.13141700625419617,0.13375000655651093,0.12234032154083252,897372000,0.0,0.0
2003-05-08,0.132082998752594,0.13916699588298798,0.13041700422763824,0.13383300602436066,0.12241625040769577,1957452000,0.0,0.0
2003-05-09,0.156917005777359,0.17941699922084808,0.1525000035762787,0.17808300256729126,0.1628914624452591,9230856000,0.0,0.0
2003-05-12,0.1784999966621399,0.18250000476837158,0.17166699469089508,0.17308300733566284,0.15831802785396576,3007860000,0.0,0.0
2003-05-13,0.16716699302196503,0.17249999940395355,0.1661670058965683,0.1698330044746399,0.15534521639347076,1824108000,0.0,0.0
2003-05-14,0.17041699588298798,0.17249999940395355,0.16750000417232513,0.16966700553894043,0.15519338846206665,965580000,0.0,0.0
2003-05-15,0.17216700315475464,0.17583300173282623,0.17125000059604645,0.17550000548362732,0.16052883863449097,1105656000,0.0,0.0
2003-05-16,0.17333300411701202,0.18025000393390656,0.17308300733566284,0.17716699838638306,0.16205359995365143,1028916000,0.0,0.0
2003-05-19,0.1748329997062683,0.17649999260902405,0.16508300602436066,0.16716699302196503,0.15290668606758118,1220484000,0.0,0.0
2003-05-20,0.1674170047044754,0.16958299279212952,0.16666699945926666,0.1683329939842224,0.15397311747074127,884124000,0.0,0.0
2003-05-21,0.16841700673103333,0.17433300614356995,0.16750000417232513,0.17425000667572021,0.15938541293144226,905472000,0.0,0.0
2003-05-22,0.1745000034570694,0.17641699314117432,0.17041699588298798,0.1748329997062683,0.15991869568824768,888816000,0.0,0.0
2003-05-23,0.17499999701976776,0.17833299934864044,0.17316700518131256,0.1739169955253601,0.15908083319664001,867612000,0.0,0.0
2003-05-27,0.17208300530910492,0.1899999976158142,0.16875000298023224,0.1893330067396164,0.17318175733089447,1677408000,0.0,0.0
2003-05-28,0.1887499988079071,0.19083300232887268,0.18416699767112732,0.18883299827575684,0.1727243959903717,1235556000,0.0,0.0
2003-05-29,0.1887499988079071,0.20816700160503387,0.18833300471305847,0.2017499953508377,0.18453949689865112,2297736000,0.0,0.0
2003-05-30,0.22083300352096558,0.22191700339317322,0.21541699767112732,0.218082994222641,0.19947926700115204,2142312000,0.0,0.0
2003-06-02,0.22374999523162842,0.2240000069141388,0.20466700196266174,0.20600000023841858,0.1884269416332245,1566144000,0.0,0.0
2003-06-03,0.20366699993610382,0.21649999916553497,0.2011670023202896,0.21025000512599945,0.19231441617012024,1596804000,0.0,0.0
2003-06-04,0.20958299934864044,0.21541699767112732,0.2063329964876175,0.21525000035762787,0.19688786566257477,1175604000,0.0,0.0
2003-06-05,0.21241700649261475,0.2221670001745224,0.20958299934864044,0.22141699492931366,0.20252881944179535,1204404000,0.0,0.0
2003-06-06,0.23008300364017487,0.23125000298023224,0.21299999952316284,0.21466700732707977,0.19635461270809174,1378836000,0.0,0.0
2003-06-09,0.21333299577236176,0.21883299946784973,0.2088329941034317,0.21208299696445465,0.1939910501241684,720588000,0.0,0.0
2003-06-10,0.21208299696445465,0.2153329998254776,0.2097499966621399,0.21516700088977814,0.1968119889497757,563304000,0.0,0.0
2003-06-11,0.2138330042362213,0.2172500044107437,0.20999999344348907,0.2153329998254776,0.19696374237537384,943836000,0.0,0.0
2003-06-12,0.2168329954147339,0.21916699409484863,0.21141700446605682,0.21208299696445465,0.1939910501241684,1046688000,0.0,0.0
2003-06-13,0.20291699469089508,0.20874999463558197,0.19416700303554535,0.19558300077915192,0.1788986176252365,1826808000,0.0,0.0
2003-06-16,0.19791699945926666,0.20225000381469727,0.18483300507068634,0.19975000619888306,0.18271006643772125,1904868000,0.0,0.0
2003-06-17,0.20433300733566284,0.20583300292491913,0.1983329951763153,0.2045000046491623,0.18705493211746216,999852000,0.0,0.0
2003-06-18,0.20250000059604645,0.21641699969768524,0.20083299279212952,0.21233299374580383,0.194219708442688,1122072000,0.0,0.0
2003-06-19,0.21324999630451202,0.21433299779891968,0.1983329951763153,0.19941699504852295,0.1824055016040802,1190532000,0.0,0.0
2003-06-20,0.20158299803733826,0.20166699588298798,0.19416700303554535,0.19733299314975739,0.18049928545951843,937848000,0.0,0.0
2003-06-23,0.19716699421405792,0.19816699624061584,0.18641699850559235,0.19033299386501312,0.1740964651107788,734784000,0.0,0.0
2003-06-24,0.18916699290275574,0.1933329999446869,0.18383300304412842,0.18991699814796448,0.17371594905853271,1008816000,0.0,0.0
2003-06-25,0.19041700661182404,0.19816699624061584,0.1896670013666153,0.19116699695587158,0.17485931515693665,1060620000,0.0,0.0
2003-06-26,0.19175000488758087,0.1940000057220459,0.18574999272823334,0.19141699373722076,0.17508795857429504,960540000,0.0,0.0
2003-06-27,0.1936669945716858,0.19541700184345245,0.18708300590515137,0.18799999356269836,0.17196248471736908,709104000,0.0,0.0
2003-06-30,0.19050000607967377,0.19425000250339508,0.18833300471305847,0.1909170001745224,0.17463062703609467,544128000,0.0,0.0
2003-07-01,0.18850000202655792,0.19900000095367432,0.18674999475479126,0.19875000417232513,0.18179546296596527,977016000,0.0,0.0
2003-07-02,0.20058299601078033,0.20316700637340546,0.19541700184345245,0.19816699624061584,0.18126215040683746,846828000,0.0,0.0
2003-07-03,0.19358299672603607,0.20100000500679016,0.19316700100898743,0.19591699540615082,0.17920410633087158,420912000,0.0,0.0
2003-07-07,0.19858300685882568,0.20983299612998962,0.19850000739097595,0.20874999463558197,0.19094236195087433,832200000,0.0,0.0
2003-07-08,0.2029999941587448,0.2091670036315918,0.20250000059604645,0.2064169943332672,0.1888083964586258,602856000,0.0,0.0
2003-07-09,0.2063329964876175,0.21458299458026886,0.20600000023841858,0.21116699278354645,0.19315320253372192,755352000,0.0,0.0
2003-07-10,0.20458300411701202,0.20724999904632568,0.19891700148582458,0.20250000059604645,0.1852254867553711,644568000,0.0,0.0
2003-07-11,0.20491699874401093,0.20616699755191803,0.20183299481868744,0.2035830020904541,0.18621625006198883,495000000,0.0,0.0
2003-07-14,0.20874999463558197,0.20999999344348907,0.20100000500679016,0.20200000703334808,0.1847681999206543,694344000,0.0,0.0
2003-07-15,0.20499999821186066,0.20591700077056885,0.19349999725818634,0.19541700184345245,0.17874671518802643,1143456000,0.0,0.0
2003-07-16,0.19908300042152405,0.20000000298023224,0.18833300471305847,0.19300000369548798,0.17653599381446838,880476000,0.0,0.0
2003-07-17,0.1871670037508011,0.18958300352096558,0.18083299696445465,0.18333299458026886,0.1676936000585556,853764000,0.0,0.0
2003-07-18,0.179749995470047,0.1803330034017563,0.17058299481868744,0.17716699838638306,0.16205359995365143,1280832000,0.0,0.0
2003-07-21,0.17816700041294098,0.17874999344348907,0.17033299803733826,0.1745000034570694,0.15961407124996185,985140000,0.0,0.0
2003-07-22,0.17941699922084808,0.18074999749660492,0.17641699314117432,0.17741699516773224,0.1622823029756546,582444000,0.0,0.0
2003-07-23,0.1772499978542328,0.18083299696445465,0.17191700637340546,0.179749995470047,0.16441622376441956,605328000,0.0,0.0
2003-07-24,0.18299999833106995,0.18433299660682678,0.17125000059604645,0.17274999618530273,0.15801340341567993,1116828000,0.0,0.0
2003-07-25,0.17308300733566284,0.17649999260902405,0.16666699945926666,0.17550000548362732,0.16052883863449097,1002084000,0.0,0.0
2003-07-28,0.17691700160503387,0.17733299732208252,0.16933299601078033,0.17008300125598907,0.15557391941547394,703752000,0.0,0.0
2003-07-29,0.15466700494289398,0.1679999977350235,0.15299999713897705,0.15891699492931366,0.14536039531230927,2794788000,0.0,0.0
2003-07-30,0.15833300352096558,0.16016699373722076,0.15616700053215027,0.1571670025587082,0.14375971257686615,788724000,0.0,0.0
2003-07-31,0.16083300113677979,0.16316699981689453,0.15741699934005737,0.15908299386501312,0.14551226794719696,897600000,0.0,0.0
2003-08-01,0.15916700661182404,0.16566699743270874,0.15758299827575684,0.16433300077915192,0.15031440556049347,767556000,0.0,0.0
2003-08-04,0.16416700184345245,0.17350000143051147,0.16316699981689453,0.1704999953508377,0.15595532953739166,1428852000,0.0,0.0
2003-08-05,0.17491699755191803,0.17891700565814972,0.1685830056667328,0.17000000178813934,0.1554979681968689,1063488000,0.0,0.0
2003-08-06,0.16775000095367432,0.17000000178813934,0.1589999943971634,0.1630830019712448,0.14917105436325073,1025868000,0.0,0.0
2003-08-07,0.16266700625419617,0.16500000655651093,0.15866699814796448,0.16083300113677979,0.14711301028728485,1040340000,0.0,0.0
2003-08-08,0.13791699707508087,0.13850000500679016,0.1271670013666153,0.12916700541973114,0.11814828217029572,3767580000,0.0,0.0
2003-08-11,0.13124999403953552,0.13791699707508087,0.13041700422763824,0.1361670047044754,0.12455113232135773,1675752000,0.0,0.0
2003-08-12,0.13791699707508087,0.1392499953508377,0.13566699624061584,0.1389169991016388,0.12706655263900757,764160000,0.0,0.0
2003-08-13,0.13950000703334808,0.14208300411701202,0.13600000739097595,0.139833003282547,0.12790443003177643,693552000,0.0,0.0
2003-08-14,0.13516700267791748,0.13716700673103333,0.13349999487400055,0.13500000536441803,0.12348366528749466,1527696000,0.0,0.0
2003-08-15,0.13416700065135956,0.13541699945926666,0.1333329975605011,0.1345829963684082,0.12310227751731873,217716000,0.0,0.0
2003-08-18,0.1367499977350235,0.1385830044746399,0.13433299958705902,0.1385830044746399,0.12676100432872772,717684000,0.0,0.0
2003-08-19,0.14166699349880219,0.15000000596046448,0.14158299565315247,0.149167001247406,0.1364421844482422,1403976000,0.0,0.0
2003-08-20,0.14708299934864044,0.14983299374580383,0.1438329964876175,0.14708299934864044,0.13453590869903564,870348000,0.0,0.0
2003-08-21,0.1506669968366623,0.1525000035762787,0.14833299815654755,0.15108299255371094,0.13819468021392822,644748000,0.0,0.0
2003-08-22,0.16016699373722076,0.16233299672603607,0.15208299458026886,0.15216700732707977,0.13918626308441162,1002396000,0.0,0.0
2003-08-25,0.15508300065994263,0.15508300065994263,0.15000000596046448,0.1513330042362213,0.1384233683347702,434028000,0.0,0.0
2003-08-26,0.1494169980287552,0.15166699886322021,0.14483299851417542,0.14891700446605682,0.13621345162391663,768984000,0.0,0.0
2003-08-27,0.14991700649261475,0.1550000011920929,0.14833299815654755,0.15341700613498688,0.14032961428165436,567816000,0.0,0.0
2003-08-28,0.15491700172424316,0.15575000643730164,0.14766700565814972,0.1494169980287552,0.13667087256908417,828312000,0.0,0.0
2003-08-29,0.149167001247406,0.15208299458026886,0.14858299493789673,0.15141700208187103,0.1385001689195633,532884000,0.0,0.0
2003-09-02,0.1540829986333847,0.15541699528694153,0.14933300018310547,0.1500830054283142,0.13728003203868866,711456000,0.0,0.0
2003-09-03,0.15233300626277924,0.15275000035762787,0.14641700685024261,0.14716699719429016,0.13461273908615112,849972000,0.0,0.0
2003-09-04,0.14775000512599945,0.15208299458026886,0.1466670036315918,0.14858299493789673,0.13590803742408752,740064000,0.0,0.0
2003-09-05,0.1488330066204071,0.15916700661182404,0.14708299934864044,0.1556670069694519,0.14238768815994263,1198740000,0.0,0.0
2003-09-08,0.1581670045852661,0.16466699540615082,0.15625,0.16283300518989563,0.14894238114356995,1508712000,0.0,0.0
2003-09-09,0.15833300352096558,0.17891700565814972,0.15616700053215027,0.17283299565315247,0.1580892950296402,2489436000,0.0,0.0
2003-09-10,0.16791699826717377,0.17241699993610382,0.1596670001745224,0.16099999845027924,0.1472657322883606,1380624000,0.0,0.0
2003-09-11,0.16316699981689453,0.16791699826717377,0.1525000035762787,0.15891699492931366,0.14536039531230927,2612736000,0.0,0.0
2003-09-12,0.15758299827575684,0.16474999487400055,0.15583300590515137,0.16124999523162842,0.14749442040920258,1162404000,0.0,0.0
2003-09-15,0.16258299350738525,0.1634169965982437,0.15800000727176666,0.15858300030231476,0.14505493640899658,596028000,0.0,0.0
2003-09-16,0.15891699492931366,0.164000004529953,0.15891699492931366,0.16349999606609344,0.14955244958400726,620736000,0.0,0.0
2003-09-17,0.16449999809265137,0.1685830056667328,0.16316699981689453,0.16541700065135956,0.1513059437274933,902784000,0.0,0.0
2003-09-18,0.16449999809265137,0.1667499989271164,0.16266700625419617,0.16666699945926666,0.1524493396282196,603492000,0.0,0.0
2003-09-19,0.1685830056667328,0.16966700553894043,0.16383300721645355,0.16533300280570984,0.15122908353805542,648096000,0.0,0.0
2003-09-22,0.1620829999446869,0.1624169945716858,0.1574999988079071,0.15883299708366394,0.14528360962867737,735504000,0.0,0.0
2003-09-23,0.15908299386501312,0.16124999523162842,0.15700000524520874,0.16033299267292023,0.14665564894676208,628932000,0.0,0.0
2003-09-24,0.156917005777359,0.15833300352096558,0.1479170024394989,0.14816699922084808,0.13552755117416382,1600668000,0.0,0.0
2003-09-25,0.14933300018310547,0.15199999511241913,0.1454170048236847,0.14608299732208252,0.13362127542495728,736776000,0.0,0.0
2003-09-26,0.14566700160503387,0.14608299732208252,0.1385830044746399,0.1404999941587448,0.12851449847221375,895908000,0.0,0.0
2003-09-29,0.13341699540615082,0.13816699385643005,0.1308329999446869,0.13291700184345245,0.12157835066318512,1944996000,0.0,0.0
2003-09-30,0.13175000250339508,0.13758300244808197,0.13124999403953552,0.13308300077915192,0.12173022329807281,1020888000,0.0,0.0
2003-10-01,0.1333329975605011,0.13574999570846558,0.13300000131130219,0.13416700065135956,0.12272173911333084,877224000,0.0,0.0
2003-10-02,0.1333329975605011,0.13816699385643005,0.13291700184345245,0.13625000417232513,0.12462708353996277,857628000,0.0,0.0
2003-10-03,0.14000000059604645,0.14333300292491913,0.13758300244808197,0.139833003282547,0.12790443003177643,862812000,0.0,0.0
2003-10-06,0.14008300006389618,0.14149999618530273,0.13758300244808197,0.13875000178813934,0.12691383063793182,377028000,0.0,0.0
2003-10-07,0.13875000178813934,0.14000000059604645,0.13683299720287323,0.14000000059604645,0.12805716693401337,510588000,0.0,0.0
2003-10-08,0.14000000059604645,0.14124999940395355,0.1342500001192093,0.13508300483226776,0.1235596314072609,739440000,0.0,0.0
2003-10-09,0.1370829939842224,0.1423330008983612,0.13591699302196503,0.13699999451637268,0.12531307339668274,852408000,0.0,0.0
2003-10-10,0.13916699588298798,0.14041699469089508,0.13750000298023224,0.13941699266433716,0.12752385437488556,413976000,0.0,0.0
2003-10-13,0.14100000262260437,0.14374999701976776,0.13991700112819672,0.14083300530910492,0.12881916761398315,434904000,0.0,0.0
2003-10-14,0.13933299481868744,0.1438329964876175,0.13850000500679016,0.14341700077056885,0.1311827152967453,623556000,0.0,0.0
2003-10-15,0.1450829952955246,0.14775000512599945,0.14066700637340546,0.14158299565315247,0.12950509786605835,703488000,0.0,0.0
2003-10-16,0.14174999296665192,0.1438329964876175,0.13958300650119781,0.14333300292491913,0.13110587000846863,446088000,0.0,0.0
2003-10-17,0.14249999821186066,0.14524999260902405,0.1386670023202896,0.13883300125598907,0.1269896924495697,459696000,0.0,0.0
2003-10-20,0.1389169991016388,0.14208300411701202,0.13808299601078033,0.14191700518131256,0.1298106461763382,467388000,0.0,0.0
2003-10-21,0.1445000022649765,0.14900000393390656,0.14249999821186066,0.14624999463558197,0.1337740272283554,758724000,0.0,0.0
2003-10-22,0.14399999380111694,0.14733299612998962,0.14300000667572021,0.14374999701976776,0.13148728013038635,620952000,0.0,0.0
2003-10-23,0.14166699349880219,0.14583300054073334,0.141416996717453,0.14308300614356995,0.13087721168994904,451524000,0.0,0.0
2003-10-24,0.14166699349880219,0.1438329964876175,0.14033299684524536,0.1425829976797104,0.1304198056459427,447084000,0.0,0.0
2003-10-27,0.14333300292491913,0.14499999582767487,0.1423330008983612,0.14333300292491913,0.13110587000846863,254460000,0.0,0.0
2003-10-28,0.14524999260902405,0.1531669944524765,0.14458300173282623,0.15233300626277924,0.13933812081813812,956064000,0.0,0.0
2003-10-29,0.14783300459384918,0.15416699647903442,0.14775000512599945,0.15233300626277924,0.13933812081813812,494004000,0.0,0.0
2003-10-30,0.15625,0.15633299946784973,0.14925000071525574,0.14949999749660492,0.13674671947956085,581256000,0.0,0.0
2003-10-31,0.15083299577236176,0.15208299458026886,0.14499999582767487,0.14733299612998962,0.1347646564245224,598152000,0.0,0.0
2003-11-03,0.14658300578594208,0.15291699767112732,0.14591699838638306,0.1500830054283142,0.13728003203868866,773724000,0.0,0.0
2003-11-04,0.15333299338817596,0.1537500023841858,0.14958299696445465,0.15058299899101257,0.13773739337921143,700896000,0.0,0.0
2003-11-05,0.14749999344348907,0.15266700088977814,0.1450829952955246,0.15116700530052185,0.1382715404033661,882024000,0.0,0.0
2003-11-06,0.15341700613498688,0.15416699647903442,0.14866699278354645,0.15141700208187103,0.1385001689195633,1175280000,0.0,0.0
2003-11-07,0.18050000071525574,0.18383300304412842,0.1766670048236847,0.18125000596046448,0.16578826308250427,4292820000,0.0,0.0
2003-11-10,0.18183299899101257,0.18433299660682678,0.17966699600219727,0.18074999749660492,0.16533096134662628,1210056000,0.0,0.0
2003-11-11,0.1766670048236847,0.179749995470047,0.17308300733566284,0.17624999582767487,0.16121479868888855,799140000,0.0,0.0
2003-11-12,0.17566700279712677,0.1791670024394989,0.1748329997062683,0.17858299612998962,0.16334877908229828,617664000,0.0,0.0
2003-11-13,0.17858299612998962,0.18116700649261475,0.1775829941034317,0.17866699397563934,0.16342562437057495,580332000,0.0,0.0
2003-11-14,0.1791670024394989,0.1791670024394989,0.16758300364017487,0.16808299720287323,0.15374457836151123,888420000,0.0,0.0
2003-11-17,0.1649170070886612,0.1683329939842224,0.163332998752594,0.16633300483226776,0.15214382112026215,599880000,0.0,0.0
2003-11-18,0.17041699588298798,0.17249999940395355,0.163332998752594,0.16391700506210327,0.14993390440940857,991428000,0.0,0.0
2003-11-19,0.16508300602436066,0.16916699707508087,0.16449999809265137,0.16850000619888306,0.15412597358226776,567552000,0.0,0.0
2003-11-20,0.1658329963684082,0.16949999332427979,0.163332998752594,0.164000004529953,0.15000979602336884,738852000,0.0,0.0
2003-11-21,0.16599999368190765,0.16625000536441803,0.1615000069141388,0.16466699540615082,0.15061989426612854,543240000,0.0,0.0
2003-11-24,0.16625000536441803,0.17499999701976776,0.16508300602436066,0.17458300292491913,0.1596900373697281,940644000,0.0,0.0
2003-11-25,0.17533299326896667,0.17908300459384918,0.17333300411701202,0.1775829941034317,0.16243407130241394,822804000,0.0,0.0
2003-11-26,0.18050000071525574,0.18108299374580383,0.17441700398921967,0.17775000631809235,0.16258691251277924,430032000,0.0,0.0
2003-11-28,0.17766700685024261,0.17816700041294098,0.1754170060157776,0.17691700160503387,0.16182492673397064,206136000,0.0,0.0
2003-12-01,0.17891700565814972,0.18074999749660492,0.17683300375938416,0.17941699922084808,0.1641116440296173,526980000,0.0,0.0
2003-12-02,0.17833299934864044,0.18233299255371094,0.1775829941034317,0.17866699397563934,0.16342562437057495,574740000,0.0,0.0
2003-12-03,0.1791670024394989,0.1850000023841858,0.17641699314117432,0.17683300375938416,0.16174812614917755,710028000,0.0,0.0
2003-12-04,0.17741699516773224,0.18058300018310547,0.1717499941587448,0.17591699957847595,0.1609102189540863,521952000,0.0,0.0
2003-12-05,0.1717499941587448,0.1766670048236847,0.16883300244808197,0.17024999856948853,0.15572668612003326,559848000,0.0,0.0
2003-12-08,0.17024999856948853,0.1732500046491623,0.16875000298023224,0.17149999737739563,0.156870037317276,340980000,0.0,0.0
2003-12-09,0.17116700112819672,0.17283299565315247,0.16249999403953552,0.16258299350738525,0.14871366322040558,598128000,0.0,0.0
2003-12-10,0.16258299350738525,0.1670829951763153,0.16249999403953552,0.1661670058965683,0.15199194848537445,568656000,0.0,0.0
2003-12-11,0.16608299314975739,0.1766670048236847,0.16574999690055847,0.17458300292491913,0.1596900373697281,694872000,0.0,0.0
2003-12-12,0.17691700160503387,0.17808300256729126,0.17083300650119781,0.17366699874401093,0.15885215997695923,700692000,0.0,0.0
2003-12-15,0.17874999344348907,0.17900000512599945,0.16966700553894043,0.1701669991016388,0.15565073490142822,622752000,0.0,0.0
2003-12-16,0.16916699707508087,0.1735830008983612,0.1661670058965683,0.17249999940395355,0.15778471529483795,601728000,0.0,0.0
2003-12-17,0.171083003282547,0.17166699469089508,0.16633300483226776,0.16916699707508087,0.15473608672618866,499116000,0.0,0.0
2003-12-18,0.16949999332427979,0.17475000023841858,0.16933299601078033,0.17299999296665192,0.15824206173419952,436728000,0.0,0.0
2003-12-19,0.17733299732208252,0.18000000715255737,0.17366699874401093,0.17558300495147705,0.16060473024845123,916956000,0.0,0.0
2003-12-22,0.17299999296665192,0.17624999582767487,0.17125000059604645,0.17583300173282623,0.16083335876464844,371184000,0.0,0.0
2003-12-23,0.1751669943332672,0.1847500056028366,0.1750829964876175,0.18299999833106995,0.16738905012607574,722760000,0.0,0.0
2003-12-24,0.18291699886322021,0.1835000067949295,0.18116700649261475,0.1816670000553131,0.16616970300674438,210852000,0.0,0.0
2003-12-26,0.18308299779891968,0.1905830055475235,0.18233299255371094,0.18950000405311584,0.1733345240354538,363960000,0.0,0.0
2003-12-29,0.1930830031633377,0.19816699624061584,0.1921669989824295,0.19750000536441803,0.18065206706523895,756624000,0.0,0.0
2003-12-30,0.19541700184345245,0.20166699588298798,0.195250004529953,0.19791699945926666,0.18103346228599548,550884000,0.0,0.0
2003-12-31,0.19783300161361694,0.19875000417232513,0.19016699492931366,0.1933329999446869,0.17684055864810944,497268000,0.0,0.0
2004-01-02,0.19641700387001038,0.19908300042152405,0.19233299791812897,0.19233299791812897,0.17592580616474152,436416000,0.0,0.0
2004-01-05,0.195250004529953,0.1999170035123825,0.19349999725818634,0.19858300685882568,0.18164271116256714,575292000,0.0,0.0
2004-01-06,0.1979999989271164,0.20941700041294098,0.1970829963684082,0.2066670060157776,0.18903708457946777,1093344000,0.0,0.0
2004-01-07,0.20433300733566284,0.2094999998807907,0.20291699469089508,0.2084999978542328,0.19071365892887115,673032000,0.0,0.0
2004-01-08,0.21108299493789673,0.21208299696445465,0.20724999904632568,0.20925000309944153,0.19139981269836426,433752000,0.0,0.0
2004-01-09,0.20783300697803497,0.21483300626277924,0.20616699755191803,0.2122499942779541,0.19414378702640533,766584000,0.0,0.0
2004-01-12,0.21299999952316284,0.2153329998254776,0.210999995470047,0.21466700732707977,0.19635461270809174,541980000,0.0,0.0
2004-01-13,0.21358299255371094,0.2156669944524765,0.20133300125598907,0.2035830020904541,0.18621625006198883,865800000,0.0,0.0
2004-01-14,0.20458300411701202,0.20749999582767487,0.2001670002937317,0.20208300650119781,0.18484419584274292,544872000,0.0,0.0
2004-01-15,0.20058299601078033,0.20408299565315247,0.19699999690055847,0.20241700112819672,0.18514962494373322,609204000,0.0,0.0
2004-01-16,0.2045000046491623,0.20724999904632568,0.20258300006389618,0.20550000667572021,0.1879696547985077,451728000,0.0,0.0
2004-01-20,0.20800000429153442,0.2115830034017563,0.20566700398921967,0.21125000715255737,0.19322912395000458,487764000,0.0,0.0
2004-01-21,0.2094999998807907,0.21033300459384918,0.2011670023202896,0.20149999856948853,0.1843108981847763,494460000,0.0,0.0
2004-01-22,0.20258300006389618,0.20583300292491913,0.19441699981689453,0.19683299958705902,0.18004195392131805,605724000,0.0,0.0
2004-01-23,0.1958329975605011,0.19975000619888306,0.19200000166893005,0.1924169957637787,0.17600269615650177,482472000,0.0,0.0
2004-01-26,0.1936669945716858,0.20083299279212952,0.1921669989824295,0.20000000298023224,0.1829388290643692,393684000,0.0,0.0
2004-01-27,0.19599999487400055,0.19916699826717377,0.18708300590515137,0.18858300149440765,0.17249570786952972,934104000,0.0,0.0
2004-01-28,0.19099999964237213,0.1940000057220459,0.18708300590515137,0.1880829930305481,0.17203840613365173,615204000,0.0,0.0
2004-01-29,0.18866699934005737,0.18958300352096558,0.17624999582767487,0.1825830042362213,0.16700753569602966,929700000,0.0,0.0
2004-01-30,0.18216699361801147,0.18958300352096558,0.18108299374580383,0.18541699647903442,0.16959981620311737,466464000,0.0,0.0
2004-02-02,0.1869170069694519,0.19208300113677979,0.1850000023841858,0.1884170025587082,0.1723438799381256,560844000,0.0,0.0
2004-02-03,0.18791699409484863,0.19116699695587158,0.18524999916553497,0.18774999678134918,0.17173384130001068,418032000,0.0,0.0
2004-02-04,0.18508300185203552,0.1865829974412918,0.18241700530052185,0.18266700208187103,0.16708435118198395,436800000,0.0,0.0
2004-02-05,0.18366700410842896,0.1875,0.18250000476837158,0.18541699647903442,0.16959981620311737,331980000,0.0,0.0
2004-02-06,0.1878329962491989,0.19233299791812897,0.186832994222641,0.1896670013666153,0.17348726093769073,471132000,0.0,0.0
2004-02-09,0.19108299911022186,0.19416700303554535,0.18825000524520874,0.18833300471305847,0.1722670942544937,373992000,0.0,0.0
2004-02-10,0.18891699612140656,0.19541700184345245,0.18883299827575684,0.195250004529953,0.1785939782857895,509700000,0.0,0.0
2004-02-11,0.1977500021457672,0.20274999737739563,0.1970829963684082,0.20208300650119781,0.18484419584274292,737808000,0.0,0.0
2004-02-12,0.20100000500679016,0.20208300650119781,0.19291700422763824,0.19599999487400055,0.17928002774715424,974892000,0.0,0.0
2004-02-13,0.19083300232887268,0.19908300042152405,0.18916699290275574,0.19416700303554535,0.1776033639907837,1747500000,0.0,0.0
2004-02-17,0.1949169933795929,0.19691699743270874,0.19224999845027924,0.19633300602436066,0.17958463728427887,575976000,0.0,0.0
2004-02-18,0.19691699743270874,0.19791699945926666,0.19499999284744263,0.19633300602436066,0.17958463728427887,320244000,0.0,0.0
2004-02-19,0.19875000417232513,0.20225000381469727,0.1958329975605011,0.19625000655651093,0.17950870096683502,631032000,0.0,0.0
2004-02-20,0.19591699540615082,0.20166699588298798,0.19483299553394318,0.2011670023202896,0.18400625884532928,618120000,0.0,0.0
2004-02-23,0.20083299279212952,0.2011670023202896,0.1914999932050705,0.19416700303554535,0.1776033639907837,853332000,0.0,0.0
2004-02-24,0.19083300232887268,0.19325000047683716,0.18433299660682678,0.18641699850559235,0.1705145388841629,708384000,0.0,0.0
2004-02-25,0.18758299946784973,0.19108299911022186,0.18549999594688416,0.1875,0.1715051233768463,652512000,0.0,0.0
2004-02-26,0.1902499943971634,0.1905830055475235,0.18641699850559235,0.1887499988079071,0.17264854907989502,344976000,0.0,0.0
2004-02-27,0.18916699290275574,0.1893330067396164,0.1825830042362213,0.18541699647903442,0.16959981620311737,595548000,0.0,0.0
2004-03-01,0.18491700291633606,0.18850000202655792,0.18466700613498688,0.188167005777359,0.17211522161960602,506628000,0.0,0.0
2004-03-02,0.1884170025587082,0.18975000083446503,0.18391700088977814,0.18466700613498688,0.16891376674175262,813348000,0.0,0.0
2004-03-03,0.18416699767112732,0.18416699767112732,0.17925000190734863,0.1822499930858612,0.16670292615890503,552492000,0.0,0.0
2004-03-04,0.1840829998254776,0.1865829974412918,0.1825830042362213,0.1862500011920929,0.1703617125749588,413352000,0.0,0.0
2004-03-05,0.18208299577236176,0.18916699290275574,0.18141700327396393,0.18491700291633606,0.16914251446723938,354888000,0.0,0.0
2004-03-08,0.1850000023841858,0.1875,0.17708300054073334,0.1784999966621399,0.16327287256717682,465168000,0.0,0.0
2004-03-09,0.18000000715255737,0.18016700446605682,0.17425000667572021,0.1772499978542328,0.1621294915676117,371232000,0.0,0.0
2004-03-10,0.17841699719429016,0.1803330034017563,0.17341700196266174,0.17466700077056885,0.15976689755916595,481692000,0.0,0.0
2004-03-11,0.1723330020904541,0.1784999966621399,0.1723330020904541,0.17333300411701202,0.15854667127132416,526872000,0.0,0.0
2004-03-12,0.17566700279712677,0.1791670024394989,0.17374999821186066,0.1770000010728836,0.1619008332490921,377952000,0.0,0.0
2004-03-15,0.17591699957847595,0.1766670048236847,0.17191700637340546,0.17299999296665192,0.15824206173419952,421224000,0.0,0.0
2004-03-16,0.1751669943332672,0.18125000596046448,0.17399999499320984,0.180417001247406,0.16502633690834045,597504000,0.0,0.0
2004-03-17,0.18333299458026886,0.1865829974412918,0.1825830042362213,0.18483300507068634,0.1690656691789627,524592000,0.0,0.0
2004-03-18,0.18383300304412842,0.18916699290275574,0.18333299458026886,0.1869170069694519,0.1709718555212021,528048000,0.0,0.0
2004-03-19,0.18591700494289398,0.1878329962491989,0.18366700410842896,0.1847500056028366,0.16898973286151886,452964000,0.0,0.0
2004-03-22,0.1819169968366623,0.1847500056028366,0.1791670024394989,0.18333299458026886,0.1676936000585556,576708000,0.0,0.0
2004-03-23,0.18583300709724426,0.1878329962491989,0.18199999630451202,0.1840829998254776,0.16837966442108154,576036000,0.0,0.0
2004-03-24,0.1837500035762787,0.19541700184345245,0.18333299458026886,0.19233299791812897,0.17592580616474152,787344000,0.0,0.0
2004-03-25,0.19449999928474426,0.2045000046491623,0.19416700303554535,0.20350000262260437,0.18614019453525543,997128000,0.0,0.0
2004-03-26,0.20291699469089508,0.2060829997062683,0.2001670002937317,0.20291699469089508,0.18560698628425598,551604000,0.0,0.0
2004-03-29,0.20583300292491913,0.2144169956445694,0.20541700720787048,0.211667001247406,0.1936105191707611,985764000,0.0,0.0
2004-03-30,0.21025000512599945,0.21899999678134918,0.2100829929113388,0.21799999475479126,0.19940327107906342,724956000,0.0,0.0
2004-03-31,0.2190829962491989,0.22233299911022186,0.21791699528694153,0.2199999988079071,0.2012327015399933,604752000,0.0,0.0
2004-04-01,0.2202499955892563,0.22474999725818634,0.21058300137519836,0.21608300507068634,0.19764986634254456,1319508000,0.0,0.0
2004-04-02,0.22083300352096558,0.22224999964237213,0.21416699886322021,0.21916699409484863,0.20047074556350708,649740000,0.0,0.0
2004-04-05,0.21799999475479126,0.22791700065135956,0.21799999475479126,0.22699999809265137,0.20763558149337769,576744000,0.0,0.0
2004-04-06,0.2224999964237213,0.22408300638198853,0.21666699647903442,0.2178329974412918,0.19925054907798767,624096000,0.0,0.0
2004-04-07,0.21950000524520874,0.21958300471305847,0.2128330022096634,0.21666699647903442,0.19818399846553802,447864000,0.0,0.0
2004-04-08,0.2214999943971634,0.22499999403953552,0.21983300149440765,0.22283299267292023,0.2038240134716034,447096000,0.0,0.0
2004-04-12,0.2245829999446869,0.2255830019712448,0.21733300387859344,0.21866700053215027,0.2000134140253067,443784000,0.0,0.0
2004-04-13,0.2206670045852661,0.22083300352096558,0.21250000596046448,0.21358299255371094,0.1953631192445755,442704000,0.0,0.0
2004-04-14,0.21250000596046448,0.21866700053215027,0.2100829929113388,0.21466700732707977,0.19635461270809174,512016000,0.0,0.0
2004-04-15,0.21175000071525574,0.21266700327396393,0.20250000059604645,0.20341700315475464,0.18606433272361755,828084000,0.0,0.0
2004-04-16,0.20258300006389618,0.2026669979095459,0.19633300602436066,0.1967500001192093,0.1799660325050354,654864000,0.0,0.0
2004-04-19,0.19658300280570984,0.19791699945926666,0.19300000369548798,0.1965000033378601,0.1797374188899994,522804000,0.0,0.0
2004-04-20,0.19699999690055847,0.19916699826717377,0.1880829930305481,0.188167005777359,0.17211522161960602,513804000,0.0,0.0
2004-04-21,0.18891699612140656,0.19499999284744263,0.18700000643730164,0.1884170025587082,0.1723438799381256,688812000,0.0,0.0
2004-04-22,0.18666699528694153,0.19266700744628906,0.18275000154972076,0.18950000405311584,0.1733345240354538,695520000,0.0,0.0
2004-04-23,0.1918330043554306,0.19691699743270874,0.1912499964237213,0.1936669945716858,0.1771460771560669,443928000,0.0,0.0
2004-04-26,0.19408300518989563,0.1949169933795929,0.1855829954147339,0.18608300387859344,0.17020900547504425,429912000,0.0,0.0
2004-04-27,0.18825000524520874,0.19325000047683716,0.18383300304412842,0.18449999392032623,0.16876104474067688,494568000,0.0,0.0
2004-04-28,0.18458299338817596,0.18741700053215027,0.18233299255371094,0.1837500035762787,0.16807501018047333,468768000,0.0,0.0
2004-04-29,0.18266700208187103,0.18391700088977814,0.17624999582767487,0.17866699397563934,0.16342562437057495,645048000,0.0,0.0
2004-04-30,0.17766700685024261,0.17874999344348907,0.17033299803733826,0.17100000381469727,0.15641269087791443,512928000,0.0,0.0
2004-05-03,0.17283299565315247,0.17458300292491913,0.1658329963684082,0.16883300244808197,0.15443061292171478,610668000,0.0,0.0
2004-05-04,0.17125000059604645,0.18174999952316284,0.17083300650119781,0.17958299815654755,0.1642635017633438,772380000,0.0,0.0
2004-05-05,0.179749995470047,0.18266700208187103,0.1782499998807907,0.18108299374580383,0.16563552618026733,464280000,0.0,0.0
2004-05-06,0.17925000190734863,0.18400000035762787,0.1754170060157776,0.1825830042362213,0.16700753569602966,711348000,0.0,0.0
2004-05-07,0.18791699409484863,0.19141699373722076,0.18299999833106995,0.18400000035762787,0.1683037281036377,956772000,0.0,0.0
2004-05-10,0.17908300459384918,0.1809999942779541,0.17291699349880219,0.17683300375938416,0.16174812614917755,669072000,0.0,0.0
2004-05-11,0.17908300459384918,0.18291699886322021,0.17833299934864044,0.18116700649261475,0.1657123863697052,399936000,0.0,0.0
2004-05-12,0.18016700446605682,0.180417001247406,0.17241699993610382,0.17866699397563934,0.16342562437057495,482328000,0.0,0.0
2004-05-13,0.17716699838638306,0.18250000476837158,0.1766670048236847,0.17925000190734863,0.16395892202854156,347952000,0.0,0.0
2004-05-14,0.18000000715255737,0.1831669956445694,0.17833299934864044,0.17925000190734863,0.16395892202854156,459000000,0.0,0.0
2004-05-17,0.1766670048236847,0.17900000512599945,0.17374999821186066,0.17641699314117432,0.16136756539344788,308340000,0.0,0.0
2004-05-18,0.17800000309944153,0.1813330054283142,0.17733299732208252,0.17925000190734863,0.16395892202854156,204420000,0.0,0.0
2004-05-19,0.18324999511241913,0.18583300709724426,0.1779170036315918,0.1788329929113388,0.16357745230197906,498276000,0.0,0.0
2004-05-20,0.1784999966621399,0.18150000274181366,0.17533299326896667,0.17624999582767487,0.16121479868888855,421488000,0.0,0.0
2004-05-21,0.17833299934864044,0.17858299612998962,0.17425000667572021,0.1766670048236847,0.16159628331661224,282096000,0.0,0.0
2004-05-24,0.1763329952955246,0.17808300256729126,0.17399999499320984,0.17608299851417542,0.1610620617866516,301620000,0.0,0.0
2004-05-25,0.17683300375938416,0.18458299338817596,0.1732500046491623,0.1837500035762787,0.16807501018047333,681264000,0.0,0.0
2004-05-26,0.1837500035762787,0.1899999976158142,0.18266700208187103,0.1875,0.1715051233768463,524568000,0.0,0.0
2004-05-27,0.1905830055475235,0.1934169977903366,0.1878329962491989,0.1880829930305481,0.17203840613365173,556548000,0.0,0.0
2004-05-28,0.19041700661182404,0.1965000033378601,0.18891699612140656,0.19541700184345245,0.17874671518802643,637980000,0.0,0.0
2004-06-01,0.19208300113677979,0.19724999368190765,0.1918330043554306,0.195250004529953,0.1785939782857895,318420000,0.0,0.0
2004-06-02,0.20000000298023224,0.20091700553894043,0.19358299672603607,0.19374999403953552,0.17722192406654358,643800000,0.0,0.0
2004-06-03,0.19383299350738525,0.19425000250339508,0.18383300304412842,0.1844169944524765,0.16868513822555542,700824000,0.0,0.0
2004-06-04,0.188167005777359,0.18858300149440765,0.18241700530052185,0.1825830042362213,0.16700753569602966,649608000,0.0,0.0
2004-06-07,0.1855829954147339,0.18908299505710602,0.18324999511241913,0.18700000643730164,0.17104783654212952,571956000,0.0,0.0
2004-06-08,0.18591700494289398,0.1862500011920929,0.18091699481010437,0.18366700410842896,0.16799914836883545,615000000,0.0,0.0
2004-06-09,0.1847500056028366,0.1850000023841858,0.1745000034570694,0.1750829964876175,0.16014736890792847,498336000,0.0,0.0
2004-06-10,0.1779170036315918,0.1782499998807907,0.1717499941587448,0.17333300411701202,0.15854667127132416,564516000,0.0,0.0
2004-06-14,0.17241699993610382,0.17241699993610382,0.16658300161361694,0.16791699826717377,0.15359264612197876,424752000,0.0,0.0
2004-06-15,0.17075000703334808,0.17299999296665192,0.16883300244808197,0.17041699588298798,0.15587934851646423,394584000,0.0,0.0
2004-06-16,0.1699170023202896,0.17100000381469727,0.1670829951763153,0.16775000095367432,0.1534399837255478,252576000,0.0,0.0
2004-06-17,0.16666699945926666,0.17075000703334808,0.16358299553394318,0.16441699862480164,0.15039120614528656,482376000,0.0,0.0
2004-06-18,0.16533300280570984,0.1692499965429306,0.16249999403953552,0.16466699540615082,0.15061989426612854,534336000,0.0,0.0
2004-06-21,0.1649170070886612,0.16750000417232513,0.16066700220108032,0.16175000369548798,0.14795175194740295,266568000,0.0,0.0
2004-06-22,0.16266700625419617,0.1670829951763153,0.16158300638198853,0.16633300483226776,0.15214382112026215,430308000,0.0,0.0
2004-06-23,0.1658329963684082,0.1698330044746399,0.16541700065135956,0.16916699707508087,0.15473608672618866,264660000,0.0,0.0
2004-06-24,0.17366699874401093,0.17425000667572021,0.16641700267791748,0.16766700148582458,0.15336395800113678,590652000,0.0,0.0
2004-06-25,0.16883300244808197,0.17075000703334808,0.16683299839496613,0.16875000298023224,0.15435466170310974,329124000,0.0,0.0
2004-06-28,0.17116700112819672,0.1717499941587448,0.16666699945926666,0.16733300685882568,0.1530585139989853,299376000,0.0,0.0
2004-06-29,0.1683329939842224,0.17333300411701202,0.16766700148582458,0.17308300733566284,0.15831802785396576,363852000,0.0,0.0
2004-06-30,0.16850000619888306,0.1732500046491623,0.16850000619888306,0.17058299481868744,0.15603120625019073,329268000,0.0,0.0
2004-07-01,0.17249999940395355,0.17274999618530273,0.16249999403953552,0.1627500057220459,0.1488664299249649,505620000,0.0,0.0
2004-07-02,0.16449999809265137,0.1645829975605011,0.15925000607967377,0.16050000488758087,0.14680838584899902,294948000,0.0,0.0
2004-07-06,0.15858300030231476,0.1602499932050705,0.14933300018310547,0.15108299255371094,0.13819468021392822,575388000,0.0,0.0
2004-07-07,0.15299999713897705,0.15616700053215027,0.15108299255371094,0.15183299779891968,0.13888069987297058,344136000,0.0,0.0
2004-07-08,0.1504170000553131,0.15291699767112732,0.14691700041294098,0.14716699719429016,0.13461273908615112,430056000,0.0,0.0
2004-07-09,0.1469999998807907,0.14716699719429016,0.13808299601078033,0.14083300530910492,0.12881916761398315,1114500000,0.0,0.0
2004-07-12,0.13691699504852295,0.14083300530910492,0.13574999570846558,0.13758300244808197,0.12584632635116577,676044000,0.0,0.0
2004-07-13,0.1392499953508377,0.14166699349880219,0.1358329951763153,0.1373330056667328,0.12561765313148499,567108000,0.0,0.0
2004-07-14,0.13249999284744263,0.1361670047044754,0.12858299911022186,0.13124999403953552,0.12005361914634705,901608000,0.0,0.0
2004-07-15,0.13258300721645355,0.1340000033378601,0.12950000166893005,0.13033300638198853,0.11921484023332596,611352000,0.0,0.0
2004-07-16,0.13433299958705902,0.13449999690055847,0.1264999955892563,0.1264999955892563,0.11570879817008972,464700000,0.0,0.0
2004-07-19,0.1268330067396164,0.1293330043554306,0.12508299946784973,0.12791700661182404,0.11700492352247238,461088000,0.0,0.0
2004-07-20,0.12783299386501312,0.13099999725818634,0.12658299505710602,0.13050000369548798,0.1193675845861435,341544000,0.0,0.0
2004-07-21,0.13249999284744263,0.13266700506210327,0.12216699868440628,0.12258300185203552,0.1121259406208992,613416000,0.0,0.0
2004-07-22,0.12399999797344208,0.12583300471305847,0.11999999731779099,0.12516699731349945,0.11448951065540314,521460000,0.0,0.0
2004-07-23,0.12600000202655792,0.12616699934005737,0.12099999934434891,0.12183299660682678,0.11143994331359863,371496000,0.0,0.0
2004-07-26,0.12341699749231339,0.12449999898672104,0.1172500029206276,0.11841700226068497,0.10831532627344131,503208000,0.0,0.0
2004-07-27,0.11900000274181366,0.12266699969768524,0.11533299833536148,0.12233299762010574,0.11189728230237961,789888000,0.0,0.0
2004-07-28,0.12208300083875656,0.12250000238418579,0.11583299934864044,0.11924999952316284,0.10907727479934692,505116000,0.0,0.0
2004-07-29,0.12091699987649918,0.13016700744628906,0.1203330010175705,0.12708300352096558,0.11624210327863693,747360000,0.0,0.0
2004-07-30,0.12549999356269836,0.1308329999446869,0.12524999678134918,0.12849999964237213,0.11753817647695541,403956000,0.0,0.0
2004-08-02,0.12858299911022186,0.13066700100898743,0.12641699612140656,0.13016700744628906,0.11906299740076065,420984000,0.0,0.0
2004-08-03,0.13075000047683716,0.1308329999446869,0.12241700291633606,0.12341699749231339,0.11288877576589584,741540000,0.0,0.0
2004-08-04,0.12208300083875656,0.1259170025587082,0.1219170019030571,0.12475000321865082,0.1141081228852272,507816000,0.0,0.0
2004-08-05,0.12608300149440765,0.12666699290275574,0.11916700005531311,0.12133300304412842,0.11098255962133408,859920000,0.0,0.0
2004-08-06,0.08425000309944153,0.08500000089406967,0.07750000059604645,0.0785830020904541,0.07187940180301666,5088948000,0.0,0.0
2004-08-09,0.08058299869298935,0.08391699939966202,0.07925000041723251,0.08208300173282623,0.07508084923028946,1579212000,0.0,0.0
2004-08-10,0.086667001247406,0.08941700309515,0.08524999767541885,0.08858300000429153,0.0810263529419899,2051916000,0.0,0.0
2004-08-11,0.08741699904203415,0.08741699904203415,0.0854170024394989,0.0860000029206276,0.07866367697715759,963816000,0.0,0.0
2004-08-12,0.08624999970197678,0.08649999648332596,0.0838330015540123,0.08399999886751175,0.0768342912197113,654384000,0.0,0.0
2004-08-13,0.0860000029206276,0.08808299899101257,0.08524999767541885,0.08749999850988388,0.0800357386469841,815700000,0.0,0.0
2004-08-16,0.08649999648332596,0.08883299678564072,0.0860000029206276,0.086667001247406,0.07927380502223969,531732000,0.0,0.0
2004-08-17,0.08858300000429153,0.0919170007109642,0.08775000274181366,0.09141699969768524,0.0836186334490776,744912000,0.0,0.0
2004-08-18,0.09183300286531448,0.09749999642372131,0.09108299762010574,0.09749999642372131,0.08918267488479614,872424000,0.0,0.0
2004-08-19,0.09691700339317322,0.09866700321435928,0.09566699713468552,0.0971670001745224,0.0888780727982521,724404000,0.0,0.0
2004-08-20,0.09666699916124344,0.10433299839496613,0.09633299708366394,0.10291700065135956,0.09413755685091019,1199040000,0.0,0.0
2004-08-23,0.1045830026268959,0.10625000298023224,0.10400000214576721,0.10516700148582458,0.09619564563035965,800028000,0.0,0.0
2004-08-24,0.10666699707508087,0.10716699808835983,0.09925000369548798,0.10125000029802322,0.09261274337768555,939420000,0.0,0.0
2004-08-25,0.10350000113248825,0.10633300244808197,0.10158299654722214,0.10558299720287323,0.09657615423202515,721308000,0.0,0.0
2004-08-26,0.10541699826717377,0.10649999976158142,0.1045830026268959,0.10583300143480301,0.09680481255054474,612720000,0.0,0.0
2004-08-27,0.10591699928045273,0.10933300107717514,0.10583300143480301,0.10783299803733826,0.09863420575857162,565128000,0.0,0.0
2004-08-30,0.10741700232028961,0.1080000028014183,0.10416699945926666,0.1042499989271164,0.09535682946443558,628056000,0.0,0.0
2004-08-31,0.10466700047254562,0.10516700148582458,0.10058300197124481,0.10383299738168716,0.09497541934251785,587064000,0.0,0.0
2004-09-01,0.10249999910593033,0.1073329970240593,0.10116700083017349,0.10583300143480301,0.09680481255054474,591744000,0.0,0.0
2004-09-02,0.10633300244808197,0.11100000143051147,0.10533300042152405,0.110166996717453,0.10076913237571716,770088000,0.0,0.0
2004-09-03,0.10683300346136093,0.10899999737739563,0.10591699928045273,0.10683300346136093,0.09771950542926788,715056000,0.0,0.0
2004-09-07,0.10750000178813934,0.10975000262260437,0.10341700166463852,0.10483299940824509,0.0958900973200798,727332000,0.0,0.0
2004-09-08,0.1049169972538948,0.10583300143480301,0.1024169996380806,0.10266699641942978,0.0939088761806488,834984000,0.0,0.0
2004-09-09,0.10516700148582458,0.11474999785423279,0.10466700047254562,0.11291699856519699,0.10328452289104462,1299324000,0.0,0.0
2004-09-10,0.11100000143051147,0.11783300340175629,0.11066699773073196,0.1172500029206276,0.10724787414073944,1039344000,0.0,0.0
2004-09-13,0.11708299815654755,0.12183299660682678,0.11691699922084808,0.11949999630451202,0.1093059629201889,967752000,0.0,0.0
2004-09-14,0.11841700226068497,0.12083300203084946,0.11749999970197678,0.11999999731779099,0.10976327210664749,683556000,0.0,0.0
2004-09-15,0.1163330003619194,0.1166670024394989,0.11183299869298935,0.11333300173282623,0.10366503149271011,1163904000,0.0,0.0
2004-09-16,0.11524999886751175,0.11874999850988388,0.11483299732208252,0.11758299916982651,0.10755246132612228,810024000,0.0,0.0
2004-09-17,0.1185000017285347,0.12308300286531448,0.11749999970197678,0.12241700291633606,0.1119740754365921,1003800000,0.0,0.0
2004-09-20,0.11999999731779099,0.12575000524520874,0.1185000017285347,0.12224999815225601,0.11182135343551636,794628000,0.0,0.0
2004-09-21,0.125,0.1264999955892563,0.12349999696016312,0.12549999356269836,0.11479409784078598,503904000,0.0,0.0
2004-09-22,0.12216699868440628,0.12516699731349945,0.11908300220966339,0.11966700106859207,0.10945870727300644,625920000,0.0,0.0
2004-09-23,0.12108299881219864,0.12141700088977814,0.11758299916982651,0.12075000256299973,0.11044929921627045,578664000,0.0,0.0
2004-09-24,0.12125000357627869,0.12141700088977814,0.11533299833536148,0.11708299815654755,0.1070951372385025,476316000,0.0,0.0
2004-09-27,0.11616700142621994,0.11749999970197678,0.11291699856519699,0.11500000208616257,0.10518980771303177,406020000,0.0,0.0
2004-09-28,0.11474999785423279,0.11766699701547623,0.11316700279712677,0.1166670024394989,0.10671461373567581,474840000,0.0,0.0
2004-09-29,0.11658299714326859,0.1228329986333847,0.1150830015540123,0.11949999630451202,0.1093059629201889,537228000,0.0,0.0
2004-09-30,0.12083300203084946,0.1237500011920929,0.11858300119638443,0.12099999934434891,0.11067799478769302,619680000,0.0,0.0
2004-10-01,0.1215829998254776,0.12666699290275574,0.12099999934434891,0.12600000202655792,0.11525145173072815,590412000,0.0,0.0
2004-10-04,0.12708300352096558,0.13124999403953552,0.1268330067396164,0.12958300113677979,0.1185288205742836,673932000,0.0,0.0
2004-10-05,0.12641699612140656,0.12974999845027924,0.12549999356269836,0.12666699290275574,0.11586153507232666,633180000,0.0,0.0
2004-10-06,0.12641699612140656,0.1277499943971634,0.12349999696016312,0.1271670013666153,0.11631888896226883,498504000,0.0,0.0
2004-10-07,0.12950000166893005,0.1324169933795929,0.12725000083446503,0.12791700661182404,0.11700492352247238,798072000,0.0,0.0
2004-10-08,0.12658299505710602,0.12708300352096558,0.11983300000429153,0.12091699987649918,0.11060205847024918,693420000,0.0,0.0
2004-10-11,0.12108299881219864,0.12349999696016312,0.11891700327396393,0.12108299881219864,0.1107538715004921,373848000,0.0,0.0
2004-10-12,0.11699999868869781,0.12025000154972076,0.1150830015540123,0.11933299899101257,0.109153151512146,827232000,0.0,0.0
2004-10-13,0.12291699647903442,0.12449999898672104,0.11758299916982651,0.11858300119638443,0.10846716910600662,672816000,0.0,0.0
2004-10-14,0.11966700106859207,0.11966700106859207,0.1141669973731041,0.11500000208616257,0.10518980771303177,513264000,0.0,0.0
2004-10-15,0.11524999886751175,0.1154170036315918,0.10899999737739563,0.11183299869298935,0.102292999625206,1280484000,0.0,0.0
2004-10-18,0.11116699874401093,0.11500000208616257,0.11025000363588333,0.1138330027461052,0.1041223555803299,573972000,0.0,0.0
2004-10-19,0.11641699820756912,0.11758299916982651,0.11225000023841858,0.11308299750089645,0.10343634337186813,618480000,0.0,0.0
2004-10-20,0.11275000125169754,0.11491700261831284,0.11208300292491913,0.11441700160503387,0.10465654730796814,540204000,0.0,0.0
2004-10-21,0.11558300256729126,0.1185000017285347,0.11466699838638306,0.11699999868869781,0.10701920837163925,1013964000,0.0,0.0
2004-10-22,0.11808300018310547,0.11833299696445465,0.11033300310373306,0.11066699773073196,0.10122646391391754,686460000,0.0,0.0
2004-10-25,0.10975000262260437,0.11358299851417542,0.10949999839067459,0.11116699874401093,0.10168380290269852,529164000,0.0,0.0
2004-10-26,0.12208300083875656,0.12658299505710602,0.11808300018310547,0.12075000256299973,0.11044929921627045,2455776000,0.0,0.0
2004-10-27,0.11858300119638443,0.12633299827575684,0.11858300119638443,0.12408299744129181,0.11349797993898392,1074036000,0.0,0.0
2004-10-28,0.12241700291633606,0.125,0.1215829998254776,0.12274999916553497,0.11227871477603912,561552000,0.0,0.0
2004-10-29,0.1215829998254776,0.12325000017881393,0.11949999630451202,0.12058299779891968,0.11029655486345291,742860000,0.0,0.0
2004-11-01,0.12224999815225601,0.12325000017881393,0.12066700309515,0.1231670007109642,0.11266009509563446,653892000,0.0,0.0
2004-11-02,0.1228329986333847,0.1274999976158142,0.12183299660682678,0.12491700053215027,0.11426082998514175,1095756000,0.0,0.0
2004-11-03,0.12999999523162842,0.13041700422763824,0.12541699409484863,0.12608300149440765,0.1153273656964302,910356000,0.0,0.0
2004-11-04,0.12700000405311584,0.12999999523162842,0.12433300167322159,0.1284170001745224,0.11746227741241455,995544000,0.0,0.0
2004-11-05,0.14833299815654755,0.15641699731349945,0.14533300697803497,0.1469999998807907,0.13446007668972015,3849012000,0.0,0.0
2004-11-08,0.1454170048236847,0.15058299899101257,0.14474999904632568,0.14858299493789673,0.13590803742408752,718620000,0.0,0.0
2004-11-09,0.1463329941034317,0.14983299374580383,0.14624999463558197,0.14766700565814972,0.13507014513015747,615936000,0.0,0.0
2004-11-10,0.14749999344348907,0.1490830034017563,0.14683300256729126,0.14766700565814972,0.13507014513015747,645912000,0.0,0.0
2004-11-11,0.14858299493789673,0.15058299899101257,0.1475829929113388,0.15058299899101257,0.13773739337921143,507000000,0.0,0.0
2004-11-12,0.15291699767112732,0.15333299338817596,0.14933300018310547,0.15083299577236176,0.13796603679656982,647076000,0.0,0.0
2004-11-15,0.14933300018310547,0.15416699647903442,0.14841699600219727,0.15308299660682678,0.1400240808725357,536472000,0.0,0.0
2004-11-16,0.15358300507068634,0.15524999797344208,0.1497499942779541,0.15258300304412842,0.13956667482852936,472728000,0.0,0.0
2004-11-17,0.1550000011920929,0.15925000607967377,0.1535000056028366,0.15516699850559235,0.14193034172058105,602772000,0.0,0.0
2004-11-18,0.15649999678134918,0.15850000083446503,0.15324999392032623,0.1571670025587082,0.14375971257686615,532524000,0.0,0.0
2004-11-19,0.16916699707508087,0.171083003282547,0.15674999356269836,0.15800000727176666,0.14452168345451355,2126052000,0.0,0.0
2004-11-22,0.15858300030231476,0.16249999403953552,0.15708300471305847,0.16249999403953552,0.1486377865076065,733788000,0.0,0.0
2004-11-23,0.1611669957637787,0.1649170070886612,0.15983299911022186,0.16316699981689453,0.1492479294538498,676896000,0.0,0.0
2004-11-24,0.16300000250339508,0.1665000021457672,0.16258299350738525,0.16383300721645355,0.1498570740222931,428580000,0.0,0.0
2004-11-26,0.1645829975605011,0.16699999570846558,0.16316699981689453,0.1655000001192093,0.15138188004493713,350760000,0.0,0.0
2004-11-29,0.1667499989271164,0.16791699826717377,0.16083300113677979,0.16224999725818634,0.14840909838676453,704388000,0.0,0.0
2004-11-30,0.16291700303554535,0.1630830019712448,0.15850000083446503,0.15941700339317322,0.14581774175167084,576540000,0.0,0.0
2004-12-01,0.16083300113677979,0.1634169965982437,0.1596670001745224,0.1634169965982437,0.14947661757469177,514572000,0.0,0.0
2004-12-02,0.1618330031633377,0.16683299839496613,0.1605830043554306,0.16558299958705902,0.1514577567577362,758652000,0.0,0.0
2004-12-03,0.16958299279212952,0.17499999701976776,0.16899999976158142,0.17274999618530273,0.15801340341567993,1347312000,0.0,0.0
2004-12-06,0.1735830008983612,0.18241700530052185,0.1704999953508377,0.1809999942779541,0.16555966436862946,970500000,0.0,0.0
2004-12-07,0.19158299267292023,0.20800000429153442,0.1878329962491989,0.19008299708366394,0.17386780679225922,2927052000,0.0,0.0
2004-12-08,0.1927500069141388,0.1958329975605011,0.19083300232887268,0.19233299791812897,0.17592580616474152,872724000,0.0,0.0
2004-12-09,0.18891699612140656,0.19258299469947815,0.18524999916553497,0.1905830055475235,0.1743251383304596,869964000,0.0,0.0
2004-12-10,0.19499999284744263,0.19633300602436066,0.1930830031633377,0.19425000250339508,0.17767934501171112,652848000,0.0,0.0
2004-12-13,0.19133299589157104,0.19383299350738525,0.18799999356269836,0.18891699612140656,0.17280122637748718,738024000,0.0,0.0
2004-12-14,0.18908299505710602,0.19291700422763824,0.1887499988079071,0.1927500069141388,0.1763073056936264,512988000,0.0,0.0
2004-12-15,0.1946669965982437,0.19508300721645355,0.19166700541973114,0.19449999928474426,0.17790792882442474,432768000,0.0,0.0
2004-12-16,0.2001670002937317,0.20716699957847595,0.1967500001192093,0.1970829963684082,0.18027064204216003,1524036000,0.0,0.0
2004-12-17,0.20074999332427979,0.20158299803733826,0.18991699814796448,0.1921669989824295,0.17577402293682098,1214244000,0.0,0.0
2004-12-20,0.19441699981689453,0.1974170058965683,0.18908299505710602,0.19008299708366394,0.17386780679225922,898728000,0.0,0.0
2004-12-21,0.19008299708366394,0.19283300638198853,0.18541699647903442,0.1914999932050705,0.17516396939754486,899400000,0.0,0.0
2004-12-22,0.19533300399780273,0.19625000655651093,0.19133299589157104,0.19175000488758087,0.17539258301258087,421824000,0.0,0.0
2004-12-23,0.19066700339317322,0.19441699981689453,0.18975000083446503,0.19224999845027924,0.17584995925426483,366972000,0.0,0.0
2004-12-27,0.1949169933795929,0.19574999809265137,0.18958300352096558,0.1905830055475235,0.1743251383304596,308208000,0.0,0.0
2004-12-28,0.19099999964237213,0.19249999523162842,0.18883299827575684,0.18958300352096558,0.17341043055057526,291612000,0.0,0.0
2004-12-29,0.1889999955892563,0.19358299672603607,0.18850000202655792,0.1912499964237213,0.1749352663755417,294732000,0.0,0.0
2004-12-30,0.19133299589157104,0.19291700422763824,0.1896670013666153,0.19050000607967377,0.17424920201301575,259812000,0.0,0.0
2004-12-31,0.19325000047683716,0.19733299314975739,0.19249999523162842,0.19633300602436066,0.17958463728427887,575964000,0.0,0.0
2005-01-03,0.20316700637340546,0.20600000023841858,0.19566699862480164,0.1965000033378601,0.1797374188899994,1066716000,0.0,0.0
2005-01-04,0.19791699945926666,0.19824999570846558,0.18424999713897705,0.18725000321865082,0.1712764948606491,790224000,0.0,0.0
2005-01-05,0.18524999916553497,0.1912499964237213,0.18424999713897705,0.1889999955892563,0.17287716269493103,724812000,0.0,0.0
2005-01-06,0.19233299791812897,0.194582998752594,0.18583300709724426,0.1871670037508011,0.17120052874088287,563568000,0.0,0.0
2005-01-07,0.18758299946784973,0.1889999955892563,0.18083299696445465,0.18358300626277924,0.16792230308055878,763092000,0.0,0.0
2005-01-10,0.18416699767112732,0.18583300709724426,0.18291699886322021,0.18400000035762787,0.1683037281036377,579552000,0.0,0.0
2005-01-11,0.1822499930858612,0.18324999511241913,0.17558300495147705,0.17833299934864044,0.16312015056610107,1093380000,0.0,0.0
2005-01-12,0.17991699278354645,0.18058300018310547,0.17249999940395355,0.17683300375938416,0.16174812614917755,1057800000,0.0,0.0
2005-01-13,0.1772499978542328,0.18333299458026886,0.17333300411701202,0.17866699397563934,0.16342562437057495,898764000,0.0,0.0
2005-01-14,0.18199999630451202,0.18241700530052185,0.17749999463558197,0.17925000190734863,0.16395892202854156,573912000,0.0,0.0
2005-01-18,0.1772499978542328,0.18250000476837158,0.17683300375938416,0.18208299577236176,0.16655027866363525,464556000,0.0,0.0
2005-01-19,0.18291699886322021,0.18333299458026886,0.17716699838638306,0.1779170036315918,0.16273963451385498,336492000,0.0,0.0
2005-01-20,0.17433300614356995,0.18266700208187103,0.17433300614356995,0.17833299934864044,0.16312015056610107,640080000,0.0,0.0
2005-01-21,0.17858299612998962,0.18216699361801147,0.17800000309944153,0.17866699397563934,0.16342562437057495,596352000,0.0,0.0
2005-01-24,0.17766700685024261,0.18025000393390656,0.1704999953508377,0.17149999737739563,0.156870037317276,463704000,0.0,0.0
2005-01-25,0.17225000262260437,0.17691700160503387,0.17125000059604645,0.1745000034570694,0.15961407124996185,439704000,0.0,0.0
2005-01-26,0.1750829964876175,0.1791670024394989,0.17216700315475464,0.17675000429153442,0.1616721749305725,429120000,0.0,0.0
2005-01-27,0.17708300054073334,0.19175000488758087,0.17599999904632568,0.1909170001745224,0.17463062703609467,1002912000,0.0,0.0
2005-01-28,0.19166700541973114,0.1924169957637787,0.18649999797344208,0.19066700339317322,0.17440196871757507,671052000,0.0,0.0
2005-01-31,0.19224999845027924,0.194582998752594,0.18833300471305847,0.19099999964237213,0.1747065782546997,562968000,0.0,0.0
2005-02-01,0.19083300232887268,0.19541700184345245,0.1896670013666153,0.194582998752594,0.17798390984535217,507180000,0.0,0.0
2005-02-02,0.20225000381469727,0.2070000022649765,0.1965000033378601,0.20541700720787048,0.18789370357990265,2035404000,0.0,0.0
2005-02-03,0.2032500058412552,0.20466700196266174,0.20041699707508087,0.2032500058412552,0.18591153621673584,690120000,0.0,0.0
2005-02-04,0.20333300530910492,0.21549999713897705,0.2032500058412552,0.21491700410842896,0.19658328592777252,806448000,0.0,0.0
2005-02-07,0.21516700088977814,0.21916699409484863,0.2104170024394989,0.21233299374580383,0.194219708442688,521628000,0.0,0.0
2005-02-08,0.210999995470047,0.2178329974412918,0.21033300459384918,0.2144169956445694,0.19612593948841095,455772000,0.0,0.0
2005-02-09,0.2150000035762787,0.2156669944524765,0.20583300292491913,0.20691700279712677,0.18926574289798737,783756000,0.0,0.0
2005-02-10,0.20800000429153442,0.2128330022096634,0.20724999904632568,0.21175000071525574,0.19368651509284973,602376000,0.0,0.0
2005-02-11,0.2104170024394989,0.21950000524520874,0.20966699719429016,0.21791699528694153,0.19932737946510315,556512000,0.0,0.0
2005-02-14,0.2178329974412918,0.21866700053215027,0.21250000596046448,0.21333299577236176,0.19513438642024994,432900000,0.0,0.0
2005-02-15,0.2147500067949295,0.22208300232887268,0.2144169956445694,0.21525000035762787,0.19688786566257477,748500000,0.0,0.0
2005-02-16,0.21458299458026886,0.21766699850559235,0.21066699922084808,0.21449999511241913,0.19620193541049957,466464000,0.0,0.0
2005-02-17,0.21741700172424316,0.2175000011920929,0.21091699600219727,0.2125830054283142,0.19444839656352997,1017408000,0.0,0.0
2005-02-18,0.22891700267791748,0.23583300411701202,0.22258299589157104,0.23558300733566284,0.21548640727996826,3132120000,0.0,0.0
2005-02-22,0.23399999737739563,0.2440830022096634,0.23191699385643005,0.23858299851417542,0.2182304412126541,1420800000,0.0,0.0
2005-02-23,0.23475000262260437,0.2376669943332672,0.22699999809265137,0.2308329939842224,0.21114152669906616,1107840000,0.0,0.0
2005-02-24,0.22766700387001038,0.23725000023841858,0.22766700387001038,0.23691700398921967,0.21670660376548767,695496000,0.0,0.0
2005-02-25,0.23725000023841858,0.24158300459384918,0.23466700315475464,0.24033300578594208,0.2198311984539032,525132000,0.0,0.0
2005-02-28,0.2391670048236847,0.2416670024394989,0.23708300292491913,0.24158300459384918,0.22097456455230713,758064000,0.0,0.0
2005-03-01,0.24266700446605682,0.24666699767112732,0.23858299851417542,0.2409999966621399,0.22044123709201813,737148000,0.0,0.0
2005-03-02,0.23833300173282623,0.23966699838638306,0.23250000178813934,0.2339169979095459,0.21396256983280182,947460000,0.0,0.0
2005-03-03,0.23333300650119781,0.2348330020904541,0.22733299434185028,0.23074999451637268,0.2110656350851059,761292000,0.0,0.0
2005-03-04,0.2314170002937317,0.23341700434684753,0.22783300280570984,0.22975000739097595,0.21015095710754395,593124000,0.0,0.0
2005-03-07,0.23074999451637268,0.23691700398921967,0.22916699945926666,0.23208299279212952,0.21228496730327606,511176000,0.0,0.0
2005-03-08,0.23149999976158142,0.23199999332427979,0.21883299946784973,0.22033299505710602,0.2015373408794403,1332384000,0.0,0.0
2005-03-09,0.21891699731349945,0.22300000488758087,0.21391700208187103,0.21458299458026886,0.19627775251865387,910140000,0.0,0.0
2005-03-10,0.21525000035762787,0.21716700494289398,0.21108299493789673,0.21449999511241913,0.19620193541049957,689280000,0.0,0.0
2005-03-11,0.21641699969768524,0.21674999594688416,0.20774999260902405,0.20966699719429016,0.19178108870983124,732180000,0.0,0.0
2005-03-14,0.21400000154972076,0.21649999916553497,0.21250000596046448,0.21558299660682678,0.19719244539737701,572148000,0.0,0.0
2005-03-15,0.21666699647903442,0.21875,0.21108299493789673,0.21125000715255737,0.19322912395000458,378108000,0.0,0.0
2005-03-16,0.2104170024394989,0.21375000476837158,0.2075829952955246,0.20766699314117432,0.18995174765586853,535356000,0.0,0.0
2005-03-17,0.20833300054073334,0.20908300578594208,0.2050829976797104,0.20558300614356995,0.18804556131362915,442584000,0.0,0.0
2005-03-18,0.2057500034570694,0.2064169943332672,0.19766700267791748,0.2014169991016388,0.18423490226268768,639012000,0.0,0.0
2005-03-21,0.20133300125598907,0.2088329941034317,0.20008300244808197,0.20833300054073334,0.19056090712547302,654456000,0.0,0.0
2005-03-22,0.2084999978542328,0.2104170024394989,0.20383299887180328,0.20458300411701202,0.1871308833360672,622992000,0.0,0.0
2005-03-23,0.20433300733566284,0.2104170024394989,0.203916996717453,0.20900000631809235,0.1911710798740387,728784000,0.0,0.0
2005-03-24,0.20958299934864044,0.21525000035762787,0.20925000309944153,0.20941700041294098,0.19155243039131165,865356000,0.0,0.0
2005-03-28,0.2094999998807907,0.21250000596046448,0.2050829976797104,0.20708300173282623,0.18941758573055267,511188000,0.0,0.0
2005-03-29,0.20683300495147705,0.2091670036315918,0.20158299803733826,0.20250000059604645,0.1852254867553711,587400000,0.0,0.0
2005-03-30,0.20258300006389618,0.20541700720787048,0.19558300077915192,0.20250000059604645,0.1852254867553711,858708000,0.0,0.0
2005-03-31,0.20133300125598907,0.20274999737739563,0.1970829963684082,0.1979999989271164,0.1811094433069229,518316000,0.0,0.0
2005-04-01,0.20041699707508087,0.20158299803733826,0.1949169933795929,0.19608299434185028,0.17935596406459808,510756000,0.0,0.0
2005-04-04,0.19499999284744263,0.19558300077915192,0.1905830055475235,0.1949169933795929,0.17828939855098724,421428000,0.0,0.0
2005-04-05,0.19499999284744263,0.19908300042152405,0.19033299386501312,0.1914999932050705,0.17516396939754486,430128000,0.0,0.0
2005-04-06,0.19508300721645355,0.1983329951763153,0.19374999403953552,0.19441699981689453,0.17783211171627045,567468000,0.0,0.0
2005-04-07,0.19541700184345245,0.20000000298023224,0.19208300113677979,0.1979999989271164,0.1811094433069229,506352000,0.0,0.0
2005-04-08,0.19883300364017487,0.2032500058412552,0.19499999284744263,0.19541700184345245,0.17874671518802643,621540000,0.0,0.0
2005-04-11,0.19683299958705902,0.19750000536441803,0.19099999964237213,0.19158299267292023,0.17523983120918274,328380000,0.0,0.0
2005-04-12,0.19099999964237213,0.19425000250339508,0.18674999475479126,0.19391700625419617,0.1773747354745865,512232000,0.0,0.0
2005-04-13,0.19416700303554535,0.1946669965982437,0.18458299338817596,0.18583300709724426,0.16998034715652466,498408000,0.0,0.0
2005-04-14,0.1862500011920929,0.18799999356269836,0.18366700410842896,0.18433299660682678,0.16860821843147278,352080000,0.0,0.0
2005-04-15,0.18199999630451202,0.18333299458026886,0.17624999582767487,0.1779170036315918,0.16273963451385498,630156000,0.0,0.0
2005-04-18,0.17683300375938416,0.1806669980287552,0.17583300173282623,0.1766670048236847,0.16159628331661224,473100000,0.0,0.0
2005-04-19,0.17958299815654755,0.18416699767112732,0.17874999344348907,0.1828330010175705,0.16723628342151642,365460000,0.0,0.0
2005-04-20,0.18591700494289398,0.18708300590515137,0.17708300054073334,0.1772499978542328,0.1621294915676117,564672000,0.0,0.0
2005-04-21,0.18083299696445465,0.18774999678134918,0.17925000190734863,0.18708300590515137,0.17112375795841217,538152000,0.0,0.0
2005-04-22,0.18591700494289398,0.1871670037508011,0.1831669956445694,0.1853329986333847,0.16952300071716309,336276000,0.0,0.0
2005-04-25,0.1869170069694519,0.1896670013666153,0.1860000044107437,0.18825000524520874,0.17219111323356628,318168000,0.0,0.0
2005-04-26,0.18833300471305847,0.19224999845027924,0.18358300626277924,0.18741700053215027,0.17142920196056366,353148000,0.0,0.0
2005-04-27,0.18250000476837158,0.1831669956445694,0.17649999260902405,0.18025000393390656,0.16487360000610352,609348000,0.0,0.0
2005-04-28,0.17966699600219727,0.18324999511241913,0.1779170036315918,0.18083299696445465,0.16540683805942535,372948000,0.0,0.0
2005-04-29,0.1825830042362213,0.18400000035762787,0.17433300614356995,0.18275000154972076,0.16716034710407257,478356000,0.0,0.0
2005-05-02,0.18491700291633606,0.18700000643730164,0.17933300137519836,0.18208299577236176,0.16655027866363525,334908000,0.0,0.0
2005-05-03,0.1822499930858612,0.1855829954147339,0.1803330034017563,0.18108299374580383,0.16563552618026733,439512000,0.0,0.0
2005-05-04,0.1819169968366623,0.188167005777359,0.1813330054283142,0.186832994222641,0.17089496552944183,468816000,0.0,0.0
2005-05-05,0.18791699409484863,0.19283300638198853,0.1869170069694519,0.19050000607967377,0.17424920201301575,619272000,0.0,0.0
2005-05-06,0.1927500069141388,0.19316700100898743,0.18833300471305847,0.1930830031633377,0.17661185562610626,355728000,0.0,0.0
2005-05-09,0.19391700625419617,0.1979999989271164,0.1927500069141388,0.19666700065135956,0.17989017069339752,745332000,0.0,0.0
2005-05-10,0.19416700303554535,0.19425000250339508,0.186832994222641,0.1889999955892563,0.17287716269493103,735120000,0.0,0.0
2005-05-11,0.1899999976158142,0.19083300232887268,0.18549999594688416,0.18583300709724426,0.16998034715652466,555420000,0.0,0.0
2005-05-12,0.18583300709724426,0.1924169957637787,0.1856669932603836,0.18991699814796448,0.17371594905853271,835584000,0.0,0.0
2005-05-13,0.20708300173282623,0.2122499942779541,0.1983329951763153,0.21108299493789673,0.19307632744312286,2650320000,0.0,0.0
2005-05-16,0.20858299732208252,0.21324999630451202,0.2084999978542328,0.21183300018310547,0.19376234710216522,664104000,0.0,0.0
2005-05-17,0.21058300137519836,0.21516700088977814,0.2104170024394989,0.21416699886322021,0.19589731097221375,639804000,0.0,0.0
2005-05-18,0.21366700530052185,0.2162500023841858,0.21141700446605682,0.21574999392032623,0.19734521210193634,550056000,0.0,0.0
2005-05-19,0.2162500023841858,0.21716700494289398,0.2129170000553131,0.2153329998254776,0.19696374237537384,452880000,0.0,0.0
2005-05-20,0.21508300304412842,0.21924999356269836,0.2125830054283142,0.21916699409484863,0.20047074556350708,517008000,0.0,0.0
2005-05-23,0.2206670045852661,0.226500004529953,0.2199999988079071,0.22425000369548798,0.20512016117572784,703668000,0.0,0.0
2005-05-24,0.22316700220108032,0.22824999690055847,0.22208300232887268,0.2274170070886612,0.20801696181297302,522192000,0.0,0.0
2005-05-25,0.22691699862480164,0.22808299958705902,0.22233299911022186,0.22450000047683716,0.20534884929656982,535272000,0.0,0.0
2005-05-26,0.226500004529953,0.23258300125598907,0.22608299553394318,0.2308329939842224,0.21114152669906616,788784000,0.0,0.0
2005-05-27,0.23149999976158142,0.23149999976158142,0.22691699862480164,0.22933299839496613,0.20976954698562622,322740000,0.0,0.0
2005-05-31,0.2283329963684082,0.23025000095367432,0.22208300232887268,0.225832998752594,0.20656810700893402,763176000,0.0,0.0
2005-06-01,0.2243330031633377,0.23208299279212952,0.22166700661182404,0.22791700065135956,0.20847433805465698,796632000,0.0,0.0
2005-06-02,0.2270829975605011,0.2364169955253601,0.2270829975605011,0.2364169955253601,0.2162492573261261,684348000,0.0,0.0
2005-06-03,0.23558300733566284,0.23774999380111694,0.23333300650119781,0.23583300411701202,0.21571500599384308,559620000,0.0,0.0
2005-06-06,0.23158299922943115,0.23616699874401093,0.2314170002937317,0.233583003282547,0.21365705132484436,512892000,0.0,0.0
2005-06-07,0.23199999332427979,0.23583300411701202,0.2270829975605011,0.22791700065135956,0.20847433805465698,974136000,0.0,0.0
2005-06-08,0.22849999368190765,0.23166699707508087,0.22391700744628906,0.22633300721645355,0.2070254683494568,618720000,0.0,0.0
2005-06-09,0.2245829999446869,0.23591700196266174,0.2243330031633377,0.23583300411701202,0.21571500599384308,619908000,0.0,0.0
2005-06-10,0.23558300733566284,0.23583300411701202,0.23158299922943115,0.23316699266433716,0.2132764309644699,465096000,0.0,0.0
2005-06-13,0.23333300650119781,0.24491700530052185,0.2326669991016388,0.23833300173282623,0.21800176799297333,1409916000,0.0,0.0
2005-06-14,0.23841699957847595,0.24233299493789673,0.21674999594688416,0.22425000369548798,0.20512016117572784,2408412000,0.0,0.0
2005-06-15,0.22283299267292023,0.2245829999446869,0.2147500067949295,0.22358299791812897,0.20451003313064575,1669788000,0.0,0.0
2005-06-16,0.22349999845027924,0.22624999284744263,0.2202499955892563,0.22474999725818634,0.20557747781276703,489240000,0.0,0.0
2005-06-17,0.22750000655651093,0.22791700065135956,0.2236669957637787,0.22425000369548798,0.20512016117572784,456348000,0.0,0.0
2005-06-20,0.22425000369548798,0.22916699945926666,0.2205830067396164,0.22766700387001038,0.2082456350326538,606060000,0.0,0.0
2005-06-21,0.22916699945926666,0.23091700673103333,0.22699999809265137,0.22983300685882568,0.2102268636226654,428172000,0.0,0.0
2005-06-22,0.23225000500679016,0.23383300006389618,0.22675000131130219,0.2295829951763153,0.2099982053041458,700668000,0.0,0.0
2005-06-23,0.22916699945926666,0.23600000143051147,0.2283329963684082,0.23316699266433716,0.2132764309644699,836976000,0.0,0.0
2005-06-24,0.23274999856948853,0.23283299803733826,0.22450000047683716,0.22574999928474426,0.20649214088916779,475632000,0.0,0.0
2005-06-27,0.2243330031633377,0.2261669933795929,0.22191700339317322,0.22391700744628906,0.2048155665397644,354588000,0.0,0.0
2005-06-28,0.22483299672603607,0.22683300077915192,0.22233299911022186,0.22533300518989563,0.2061106562614441,262308000,0.0,0.0
2005-06-29,0.22541700303554535,0.225832998752594,0.22141699492931366,0.22325000166893005,0.20420542359352112,283572000,0.0,0.0
2005-06-30,0.22474999725818634,0.22683300077915192,0.2209170013666153,0.22266699373722076,0.20367217063903809,593232000,0.0,0.0
2005-07-01,0.22191700339317322,0.2240000069141388,0.21916699409484863,0.2236669957637787,0.204586923122406,315168000,0.0,0.0
2005-07-05,0.22450000047683716,0.22808299958705902,0.22233299911022186,0.22716699540615082,0.20778831839561462,388440000,0.0,0.0
2005-07-06,0.22791700065135956,0.2342499941587448,0.22533300518989563,0.23325000703334808,0.21335238218307495,703632000,0.0,0.0
2005-07-07,0.2295829951763153,0.23333300650119781,0.22883300483226776,0.23158299922943115,0.21182754635810852,465900000,0.0,0.0
2005-07-08,0.2329999953508377,0.23524999618530273,0.23000000417232513,0.2345000058412552,0.21449574828147888,408132000,0.0,0.0
2005-07-11,0.23658299446105957,0.2404170036315918,0.23558300733566284,0.23800000548362732,0.2176971733570099,399492000,0.0,0.0
2005-07-12,0.23783299326896667,0.23849999904632568,0.23183299601078033,0.23666700720787048,0.2164779007434845,564252000,0.0,0.0
2005-07-13,0.2376669943332672,0.23833300173282623,0.2329999953508377,0.2370000034570694,0.21678248047828674,594780000,0.0,0.0
2005-07-14,0.2395000010728836,0.2441670000553131,0.2261669933795929,0.226500004529953,0.20717817544937134,1871496000,0.0,0.0
2005-07-15,0.225832998752594,0.226500004529953,0.22016699612140656,0.22408300638198853,0.2049674540758133,1223352000,0.0,0.0
2005-07-18,0.2234169989824295,0.22349999845027924,0.2162500023841858,0.21850000321865082,0.19986063241958618,1044900000,0.0,0.0
2005-07-19,0.21983300149440765,0.22200000286102295,0.2181670069694519,0.2214999943971634,0.20260469615459442,517896000,0.0,0.0
2005-07-20,0.21891699731349945,0.22574999928474426,0.21591700613498688,0.22483299672603607,0.2056533396244049,526500000,0.0,0.0
2005-07-21,0.22191700339317322,0.22291700541973114,0.21641699969768524,0.22100000083446503,0.2021474391222,594528000,0.0,0.0
2005-07-22,0.22208300232887268,0.2252500057220459,0.21366700530052185,0.21525000035762787,0.19688786566257477,699264000,0.0,0.0
2005-07-25,0.21275000274181366,0.22316700220108032,0.21183300018310547,0.21649999916553497,0.1980312466621399,974952000,0.0,0.0
2005-07-26,0.21558299660682678,0.22133299708366394,0.2147500067949295,0.22100000083446503,0.2021474391222,759492000,0.0,0.0
2005-07-27,0.22133299708366394,0.226500004529953,0.21758300065994263,0.22550000250339508,0.20626354217529297,807828000,0.0,0.0
2005-07-28,0.22508299350738525,0.2283329963684082,0.22200000286102295,0.22724999487400055,0.20786425471305847,411240000,0.0,0.0
2005-07-29,0.22633300721645355,0.22875000536441803,0.2236669957637787,0.22550000250339508,0.20626354217529297,351660000,0.0,0.0
2005-08-01,0.22683300077915192,0.2299170047044754,0.22533300518989563,0.22891700267791748,0.20938901603221893,389040000,0.0,0.0
2005-08-02,0.22916699945926666,0.23274999856948853,0.22883300483226776,0.23199999332427979,0.21220903098583221,422652000,0.0,0.0
2005-08-03,0.23199999332427979,0.23416699469089508,0.2299170047044754,0.23199999332427979,0.21220903098583221,518256000,0.0,0.0
2005-08-04,0.23025000095367432,0.23125000298023224,0.22908300161361694,0.2295829951763153,0.2099982053041458,356424000,0.0,0.0
2005-08-05,0.2292499989271164,0.23591700196266174,0.22766700387001038,0.23541699349880219,0.21533453464508057,684096000,0.0,0.0
2005-08-08,0.2370000034570694,0.24141700565814972,0.23458300530910492,0.23624999821186066,0.216096431016922,725544000,0.0,0.0
2005-08-09,0.23658299446105957,0.23716700077056885,0.23308299481868744,0.23566700518131256,0.21556322276592255,291900000,0.0,0.0
2005-08-10,0.23666700720787048,0.23783299326896667,0.22975000739097595,0.23216700553894043,0.21236181259155273,440556000,0.0,0.0
2005-08-11,0.23216700553894043,0.23583300411701202,0.2299170047044754,0.23541699349880219,0.21533453464508057,701556000,0.0,0.0
2005-08-12,0.24924999475479126,0.25174999237060547,0.2407499998807907,0.24958300590515137,0.2282920777797699,2295420000,0.0,0.0
2005-08-15,0.25041699409484863,0.25850000977516174,0.2472500056028366,0.2559170126914978,0.23408569395542145,882804000,0.0,0.0
2005-08-16,0.2535000145435333,0.25575000047683716,0.24975000321865082,0.2515830099582672,0.230121448636055,637488000,0.0,0.0
2005-08-17,0.25049999356269836,0.2546670138835907,0.2503330111503601,0.2515830099582672,0.230121448636055,607572000,0.0,0.0
2005-08-18,0.2496670037508011,0.250916987657547,0.24400000274181366,0.2450830042362213,0.22417595982551575,822732000,0.0,0.0
2005-08-19,0.24549999833106995,0.2462500035762787,0.2425830066204071,0.24333299696445465,0.22257526218891144,422232000,0.0,0.0
2005-08-22,0.242917001247406,0.24683299660682678,0.23849999904632568,0.2413329929113388,0.22074586153030396,547224000,0.0,0.0
2005-08-23,0.24108299612998962,0.2441670000553131,0.24025000631809235,0.242917001247406,0.22219480574131012,254460000,0.0,0.0
2005-08-24,0.2413329929113388,0.24824999272823334,0.24016700685024261,0.24308300018310547,0.22234664857387543,514620000,0.0,0.0
2005-08-25,0.2441670000553131,0.24608300626277924,0.24208299815654755,0.2447499930858612,0.2238713502883911,296484000,0.0,0.0
2005-08-26,0.24500000476837158,0.24500000476837158,0.23866699635982513,0.2409999966621399,0.22044123709201813,323436000,0.0,0.0
2005-08-29,0.23874999582767487,0.2416670024394989,0.23683300614356995,0.24141700565814972,0.22082270681858063,343392000,0.0,0.0
2005-08-30,0.2409999966621399,0.250667005777359,0.24066700041294098,0.25008299946784973,0.22874940931797028,948852000,0.0,0.0
2005-08-31,0.24950000643730164,0.25883299112319946,0.2487500011920929,0.2556670010089874,0.23385708034038544,906804000,0.0,0.0
2005-09-01,0.2549169957637787,0.2580829858779907,0.25358301401138306,0.25575000047683716,0.23393304646015167,556884000,0.0,0.0
2005-09-02,0.2562499940395355,0.2562499940395355,0.25075000524520874,0.2515830099582672,0.230121448636055,469800000,0.0,0.0
2005-09-06,0.2524999976158142,0.2549999952316284,0.24866700172424316,0.2536669969558716,0.23202770948410034,423096000,0.0,0.0
2005-09-07,0.2533330023288727,0.2624169886112213,0.25266700983047485,0.2617500126361847,0.23942115902900696,588012000,0.0,0.0
2005-09-08,0.2601670026779175,0.26808300614356995,0.2601670026779175,0.264833003282547,0.24224118888378143,646116000,0.0,0.0
2005-09-09,0.2676669955253601,0.2688330113887787,0.2633329927921295,0.2682499885559082,0.2453666627407074,454236000,0.0,0.0
2005-09-12,0.2685000002384186,0.26933300495147705,0.26416701078414917,0.2673330008983612,0.24452795088291168,556584000,0.0,0.0
2005-09-13,0.2660830020904541,0.27674999833106995,0.2660830020904541,0.2754170000553131,0.2519223690032959,854724000,0.0,0.0
2005-09-14,0.27333301305770874,0.2770000100135803,0.27083298563957214,0.27208301424980164,0.2488728165626526,503448000,0.0,0.0
2005-09-15,0.2762500047683716,0.2800000011920929,0.27458301186561584,0.2769170105457306,0.25329434871673584,759756000,0.0,0.0
2005-09-16,0.27924999594688416,0.28075000643730164,0.27483299374580383,0.27708300948143005,0.253446102142334,519828000,0.0,0.0
2005-09-19,0.27674999833106995,0.27766698598861694,0.2716670036315918,0.2731670141220093,0.24986416101455688,428316000,0.0,0.0
2005-09-20,0.27524998784065247,0.2815830111503601,0.27491700649261475,0.2784999907016754,0.254742294549942,522192000,0.0,0.0
2005-09-21,0.27741700410842896,0.28291699290275574,0.27366700768470764,0.27608299255371094,0.2525315582752228,625656000,0.0,0.0
2005-09-22,0.27674999833106995,0.27674999833106995,0.26374998688697815,0.2686670124530792,0.24574801325798035,739152000,0.0,0.0
2005-09-23,0.26808300614356995,0.27491700649261475,0.2658329904079437,0.2725830078125,0.2493300586938858,314640000,0.0,0.0
2005-09-26,0.27466699481010437,0.27674999833106995,0.2697499990463257,0.27483299374580383,0.2513880729675293,406776000,0.0,0.0
2005-09-27,0.2759999930858612,0.2784169912338257,0.27366700768470764,0.2757500112056732,0.2522267997264862,404160000,0.0,0.0
2005-09-28,0.2765829861164093,0.2781670093536377,0.27341699600219727,0.27741700410842896,0.2537516951560974,353556000,0.0,0.0
2005-09-29,0.2775000035762787,0.2833330035209656,0.27524998784065247,0.2831670045852661,0.25901108980178833,513372000,0.0,0.0
2005-09-30,0.2833330035209656,0.28824999928474426,0.2827500104904175,0.2856670022010803,0.2612980008125305,458832000,0.0,0.0
2005-10-03,0.289000004529953,0.29558300971984863,0.28666698932647705,0.29350000619888306,0.2684626877307892,549888000,0.0,0.0
2005-10-04,0.29475000500679016,0.29958298802375793,0.289000004529953,0.289667010307312,0.26495665311813354,514476000,0.0,0.0
2005-10-05,0.28999999165534973,0.28999999165534973,0.27833300828933716,0.2800830006599426,0.2561902701854706,599184000,0.0,0.0
2005-10-06,0.2797499895095825,0.2840830087661743,0.2706669867038727,0.2790830135345459,0.25527554750442505,685512000,0.0,0.0
2005-10-07,0.27958300709724426,0.2824169993400574,0.27333301305770874,0.27549999952316284,0.2519981861114502,551952000,0.0,0.0
2005-10-10,0.2769170105457306,0.27741700410842896,0.26841700077056885,0.2685000002384186,0.2455952912569046,459216000,0.0,0.0
2005-10-11,0.2694999873638153,0.27183300256729126,0.2620829939842224,0.2651669979095459,0.24254663288593292,540048000,0.0,0.0
2005-10-12,0.26441699266433716,0.27241700887680054,0.26408299803733826,0.26833298802375793,0.24544255435466766,657660000,0.0,0.0
2005-10-13,0.26774999499320984,0.26816698908805847,0.25666698813438416,0.26691699028015137,0.24414744973182678,509304000,0.0,0.0
2005-10-14,0.2688330113887787,0.27216699719429016,0.26249998807907104,0.26691699028015137,0.24414744973182678,311256000,0.0,0.0
2005-10-17,0.26708298921585083,0.27216699719429016,0.26708298921585083,0.2694999873638153,0.24650998413562775,243912000,0.0,0.0
2005-10-18,0.2705000042915344,0.2709999978542328,0.2633329927921295,0.265082985162735,0.24246972799301147,299832000,0.0,0.0
2005-10-19,0.26166701316833496,0.2632499933242798,0.2542499899864197,0.26283299922943115,0.24041180312633514,635952000,0.0,0.0
2005-10-20,0.2632499933242798,0.2701669931411743,0.2620829939842224,0.26466700434684753,0.24208931624889374,359520000,0.0,0.0
2005-10-21,0.2691670060157776,0.27000001072883606,0.26433300971984863,0.266167014837265,0.24346143007278442,298368000,0.0,0.0
2005-10-24,0.2685000002384186,0.27341699600219727,0.2660830020904541,0.27341699600219727,0.25009292364120483,291012000,0.0,0.0
2005-10-25,0.2715829908847809,0.2759999930858612,0.2704170048236847,0.27516698837280273,0.25169363617897034,334680000,0.0,0.0
2005-10-26,0.27524998784065247,0.27583301067352295,0.2672500014305115,0.2676669955253601,0.24483340978622437,415344000,0.0,0.0
2005-10-27,0.26816698908805847,0.26899999380111694,0.26124998927116394,0.2620829939842224,0.2397257387638092,227784000,0.0,0.0
2005-10-28,0.2627499997615814,0.2706669867038727,0.2562499940395355,0.2701669931411743,0.24712006747722626,464640000,0.0,0.0
2005-10-31,0.27125000953674316,0.2815000116825104,0.27125000953674316,0.27958300709724426,0.25573301315307617,432420000,0.0,0.0
2005-11-01,0.27958300709724426,0.28166699409484863,0.27399998903274536,0.27616700530052185,0.2526082992553711,400488000,0.0,0.0
2005-11-02,0.2762500047683716,0.29249998927116394,0.2750000059604645,0.2921670079231262,0.2672434449195862,523668000,0.0,0.0
2005-11-03,0.29416701197624207,0.2958329916000366,0.28641700744628906,0.2887499928474426,0.264117956161499,465072000,0.0,0.0
2005-11-04,0.28891700506210327,0.2895829975605011,0.28083300590515137,0.28383299708366394,0.2596203684806824,570276000,0.0,0.0
2005-11-07,0.2853330075740814,0.28633299469947815,0.28141701221466064,0.28258299827575684,0.2584769129753113,370824000,0.0,0.0
2005-11-08,0.2836669981479645,0.28391700983047485,0.27608299255371094,0.27733299136161804,0.25367486476898193,538968000,0.0,0.0
2005-11-09,0.2779169976711273,0.29166701436042786,0.2747499942779541,0.2898330092430115,0.265108585357666,818880000,0.0,0.0
2005-11-10,0.2999170124530792,0.30641698837280273,0.27366700768470764,0.2790830135345459,0.25527554750442505,2503620000,0.0,0.0
2005-11-11,0.2815000116825104,0.28700000047683716,0.28025001287460327,0.2836669981479645,0.25946855545043945,545928000,0.0,0.0
2005-11-14,0.2837499976158142,0.29166701436042786,0.2794170081615448,0.289667010307312,0.26495665311813354,493668000,0.0,0.0
2005-11-15,0.2914170026779175,0.29416701197624207,0.28941699862480164,0.29033300280570984,0.26556578278541565,496200000,0.0,0.0
2005-11-16,0.29066699743270874,0.29225000739097595,0.2836669981479645,0.2893329858779907,0.26465120911598206,455280000,0.0,0.0
2005-11-17,0.2917500138282776,0.30241701006889343,0.288332998752594,0.30216699838638306,0.2763902544975281,703260000,0.0,0.0
2005-11-18,0.3031669855117798,0.3056670129299164,0.29566699266433716,0.3015829920768738,0.27585625648498535,465768000,0.0,0.0
2005-11-21,0.3019169867038727,0.30741700530052185,0.2999170124530792,0.3069170117378235,0.2807351350784302,454704000,0.0,0.0
2005-11-22,0.3084999918937683,0.3180829882621765,0.30608299374580383,0.31508299708366394,0.28820452094078064,731700000,0.0,0.0
2005-11-23,0.31541699171066284,0.3187499940395355,0.3125,0.31416699290275574,0.287366658449173,411948000,0.0,0.0
2005-11-25,0.3156670033931732,0.3177500069141388,0.31349998712539673,0.31725001335144043,0.29018670320510864,116676000,0.0,0.0
2005-11-28,0.3180829882621765,0.3208329975605011,0.3100000023841858,0.3156670033931732,0.2887387275695801,424524000,0.0,0.0
2005-11-29,0.296999990940094,0.305417001247406,0.29433301091194153,0.29566699266433716,0.2704448699951172,1043136000,0.0,0.0
2005-11-30,0.2935830056667328,0.30274999141693115,0.29350000619888306,0.30125001072883606,0.27555161714553833,575448000,0.0,0.0
2005-12-01,0.30375000834465027,0.3062500059604645,0.3005000054836273,0.30483299493789673,0.27882900834083557,562032000,0.0,0.0
2005-12-02,0.3062500059604645,0.3070000112056732,0.30083298683166504,0.30491700768470764,0.2789057791233063,334476000,0.0,0.0
2005-12-05,0.30558300018310547,0.30558300018310547,0.2982499897480011,0.2992500066757202,0.2737222909927368,387708000,0.0,0.0
2005-12-06,0.2997500002384186,0.30458301305770874,0.29933300614356995,0.3005000054836273,0.27486562728881836,375252000,0.0,0.0
2005-12-07,0.3016670048236847,0.3034999966621399,0.2958329916000366,0.3009999990463257,0.275322824716568,352668000,0.0,0.0
2005-12-08,0.29941698908805847,0.30333301424980164,0.2951669991016388,0.2985830008983612,0.27311208844184875,386664000,0.0,0.0
2005-12-09,0.2994999885559082,0.3032500147819519,0.29533299803733826,0.3028329908847809,0.27699947357177734,262896000,0.0,0.0
2005-12-12,0.30366700887680054,0.3079169988632202,0.3031669855117798,0.3072499930858612,0.2810397744178772,281136000,0.0,0.0
2005-12-13,0.3078329861164093,0.31391701102256775,0.30558300018310547,0.3112500011920929,0.2846985161304474,443412000,0.0,0.0
2005-12-14,0.30891698598861694,0.3104169964790344,0.30466699600219727,0.30833300948143005,0.2820303738117218,287472000,0.0,0.0
2005-12-15,0.3080829977989197,0.3104169964790344,0.30125001072883606,0.3044170141220093,0.2784484028816223,332724000,0.0,0.0
2005-12-16,0.30550000071525574,0.3084169924259186,0.3025830090045929,0.30708301067352295,0.2808869779109955,1065600000,0.0,0.0
2005-12-19,0.30774998664855957,0.3100000023841858,0.30125001072883606,0.3019999861717224,0.27623772621154785,292296000,0.0,0.0
2005-12-20,0.3016670048236847,0.3062500059604645,0.29783299565315247,0.30183300375938416,0.276084840297699,304356000,0.0,0.0
2005-12-21,0.3032500147819519,0.3057500123977661,0.2985000014305115,0.30125001072883606,0.27555161714553833,289380000,0.0,0.0
2005-12-22,0.3009999990463257,0.31075000762939453,0.30091699957847595,0.3104169964790344,0.28393664956092834,318336000,0.0,0.0
2005-12-23,0.3112500011920929,0.31325000524520874,0.3091669976711273,0.3128330111503601,0.2861465513706207,214536000,0.0,0.0
2005-12-27,0.3125,0.3181670010089874,0.31150001287460327,0.31474998593330383,0.28789979219436646,367968000,0.0,0.0
2005-12-28,0.31474998593330383,0.3186669945716858,0.3127500116825104,0.31766700744628906,0.29056811332702637,264420000,0.0,0.0
2005-12-29,0.3174999952316284,0.31850001215934753,0.30924999713897705,0.3105829954147339,0.2840883731842041,310464000,0.0,0.0
2005-12-30,0.3088330030441284,0.30891698598861694,0.30341699719429016,0.30466699600219727,0.2786770761013031,229608000,0.0,0.0
2006-01-03,0.30641698837280273,0.3208329975605011,0.305417001247406,0.31850001215934753,0.291329950094223,472812000,0.0,0.0
2006-01-04,0.320917010307312,0.3279170095920563,0.31758299469947815,0.3274169862270355,0.29948633909225464,510072000,0.0,0.0
2006-01-05,0.32749998569488525,0.3354170024394989,0.32691699266433716,0.3348329961299896,0.30626967549324036,646092000,0.0,0.0
2006-01-06,0.33866700530052185,0.3415830135345459,0.32541701197624207,0.3403330147266388,0.311300665140152,623388000,0.0,0.0
2006-01-09,0.34016698598861694,0.35166698694229126,0.3394170105457306,0.34983301162719727,0.3199901580810547,560484000,0.0,0.0
2006-01-10,0.3481670022010803,0.3499169945716858,0.34375,0.3499169945716858,0.3200669586658478,339660000,0.0,0.0
2006-01-11,0.3502500057220459,0.36458298563957214,0.3496670126914978,0.3625830113887787,0.33165252208709717,626304000,0.0,0.0
2006-01-12,0.36250001192092896,0.36808300018310547,0.3548330068588257,0.3574169874191284,0.326927125453949,495504000,0.0,0.0
2006-01-13,0.35658299922943115,0.359499990940094,0.3492499887943268,0.3542500138282776,0.324030339717865,421296000,0.0,0.0
2006-01-17,0.3494170010089874,0.35416701436042786,0.34474998712539673,0.3540000021457672,0.3238016664981842,329232000,0.0,0.0
2006-01-18,0.34325000643730164,0.3569999933242798,0.3400000035762787,0.3558329939842224,0.3254782557487488,459948000,0.0,0.0
2006-01-19,0.36058300733566284,0.3804999887943268,0.359917014837265,0.3755829930305481,0.34354349970817566,914760000,0.0,0.0
2006-01-20,0.3761669993400574,0.3804999887943268,0.36500000953674316,0.3650830090045929,0.3339392840862274,461604000,0.0,0.0
2006-01-23,0.367917001247406,0.37024998664855957,0.3629170060157776,0.36716699600219727,0.3358455002307892,334884000,0.0,0.0
2006-01-24,0.36800000071525574,0.37666699290275574,0.367000013589859,0.36899998784065247,0.33752208948135376,388896000,0.0,0.0
2006-01-25,0.37083300948143005,0.37325000762939453,0.3613330125808716,0.3657500147819519,0.33454933762550354,400236000,0.0,0.0
2006-01-26,0.37108299136161804,0.37858301401138306,0.3687500059604645,0.37825000286102295,0.34598299860954285,448836000,0.0,0.0
2006-01-27,0.38316699862480164,0.38966700434684753,0.3799999952316284,0.38541701436042786,0.3525386154651642,385044000,0.0,0.0
2006-01-30,0.3870829939842224,0.38749998807907104,0.3793329894542694,0.38108301162719727,0.34857431054115295,315780000,0.0,0.0
2006-01-31,0.37916699051856995,0.3812499940395355,0.37174999713897705,0.3746669888496399,0.34270569682121277,384456000,0.0,0.0
2006-02-01,0.367917001247406,0.37641701102256775,0.36649999022483826,0.37491700053215027,0.342934250831604,450852000,0.0,0.0
2006-02-02,0.3783330023288727,0.37858301401138306,0.3629170060157776,0.3634999990463257,0.3324912190437317,473736000,0.0,0.0
2006-02-03,0.3611670136451721,0.3713330030441284,0.36000001430511475,0.36683300137519836,0.3355400264263153,504252000,0.0,0.0
2006-02-06,0.36583301424980164,0.37758299708366394,0.3642500042915344,0.3771669864654541,0.34499233961105347,363468000,0.0,0.0
2006-02-07,0.37791699171066284,0.37791699171066284,0.3635829985141754,0.36375001072883606,0.33271998167037964,399408000,0.0,0.0
2006-02-08,0.3648329973220825,0.37424999475479126,0.3648329973220825,0.37424999475479126,0.34232428669929504,393072000,0.0,0.0
2006-02-09,0.37541699409484863,0.3812499940395355,0.36558300256729126,0.367917001247406,0.33653146028518677,437100000,0.0,0.0
2006-02-10,0.36924999952316284,0.3709169924259186,0.35725000500679016,0.36583301424980164,0.3346252143383026,414996000,0.0,0.0
2006-02-13,0.36466699838638306,0.3696669936180115,0.36216700077056885,0.36708301305770874,0.3357686698436737,280740000,0.0,0.0
2006-02-14,0.36708301305770874,0.3690829873085022,0.3629170060157776,0.36774998903274536,0.33637866377830505,342348000,0.0,0.0
2006-02-15,0.367000013589859,0.37583300471305847,0.3660829961299896,0.37483298778533936,0.3428574800491333,493296000,0.0,0.0
2006-02-16,0.3818329870700836,0.3941670060157776,0.3792499899864197,0.39333298802375793,0.35977938771247864,1305888000,0.0,0.0
2006-02-17,0.42225000262260437,0.422666996717453,0.39333298802375793,0.39558300375938416,0.3618374168872833,2356956000,0.0,0.0
2006-02-21,0.3947499990463257,0.3954170048236847,0.38374999165534973,0.3871670067310333,0.3541393280029297,684060000,0.0,0.0
2006-02-22,0.38166698813438416,0.3895829916000366,0.3725000023841858,0.3865000009536743,0.3535291850566864,939756000,0.0,0.0
2006-02-23,0.38533300161361694,0.38791701197624207,0.37950000166893005,0.3805829882621765,0.3481171429157257,385128000,0.0,0.0
2006-02-24,0.38225001096725464,0.3868330121040344,0.3785000145435333,0.3804999887943268,0.34804102778434753,416412000,0.0,0.0
2006-02-27,0.383417010307312,0.39833301305770874,0.3794170022010803,0.39591699838638306,0.3621428906917572,666468000,0.0,0.0
2006-02-28,0.3941670060157776,0.39750000834465027,0.3889169991016388,0.39274999499320984,0.3592459559440613,563316000,0.0,0.0
2006-03-01,0.3941670060157776,0.4099999964237213,0.3916670083999634,0.40766701102256775,0.3728906214237213,703932000,0.0,0.0
2006-03-02,0.40724998712539673,0.414000004529953,0.40299999713897705,0.40825000405311584,0.3734237551689148,545460000,0.0,0.0
2006-03-03,0.40450000762939453,0.4167500138282776,0.4037500023841858,0.4096669852733612,0.3747199773788452,595800000,0.0,0.0
2006-03-06,0.4176670014858246,0.42041701078414917,0.4068329930305481,0.40883299708366394,0.3739570379257202,529020000,0.0,0.0
2006-03-07,0.40891700983047485,0.4120829999446869,0.39375001192092896,0.4018329977989197,0.367554247379303,606204000,0.0,0.0
2006-03-08,0.4019170105457306,0.40400001406669617,0.3855000138282776,0.39983299374580383,0.3657248020172119,670800000,0.0,0.0
2006-03-09,0.4046669900417328,0.41141700744628906,0.4016669988632202,0.4019170105457306,0.36763113737106323,536700000,0.0,0.0
2006-03-10,0.40149998664855957,0.4065830111503601,0.3913330137729645,0.39491701126098633,0.36122816801071167,521580000,0.0,0.0
2006-03-13,0.39891698956489563,0.4015829861164093,0.39591699838638306,0.39966699481010437,0.36557304859161377,372132000,0.0,0.0
2006-03-14,0.4000000059604645,0.4124169945716858,0.398499995470047,0.41075000166893005,0.3757106065750122,627792000,0.0,0.0
2006-03-15,0.4115830063819885,0.41791701316833496,0.4099999964237213,0.4173330068588257,0.3817320764064789,510600000,0.0,0.0
2006-03-16,0.4180830121040344,0.4185830056667328,0.40174999833106995,0.4031670093536377,0.3687744140625,568416000,0.0,0.0
2006-03-17,0.4012500047683716,0.4074999988079071,0.39524999260902405,0.40641701221466064,0.37174728512763977,618588000,0.0,0.0
2006-03-20,0.4099999964237213,0.41008299589157104,0.4029169976711273,0.40333300828933716,0.36892619729042053,293772000,0.0,0.0
2006-03-21,0.4232499897480011,0.43083301186561584,0.4121670126914978,0.4232499897480011,0.38714414834976196,1235472000,0.0,0.0
2006-03-22,0.4124999940395355,0.41449999809265137,0.4018329977989197,0.41108301281929016,0.37601521611213684,1158576000,0.0,0.0
2006-03-23,0.4124999940395355,0.42041701078414917,0.4078330099582672,0.41874998807907104,0.3830280601978302,661992000,0.0,0.0
2006-03-24,0.4198330044746399,0.43366700410842896,0.41916701197624207,0.4329169988632202,0.3959866166114807,687936000,0.0,0.0
2006-03-27,0.4332500100135803,0.4449169933795929,0.4318329989910126,0.444582998752594,0.40665745735168457,651444000,0.0,0.0
2006-03-28,0.44258299469947815,0.4573329985141754,0.44166699051856995,0.4514169991016388,0.4129084348678589,795204000,0.0,0.0
2006-03-29,0.4533329904079437,0.476500004529953,0.4495829939842224,0.47566699981689453,0.4350898265838623,987096000,0.0,0.0
2006-03-30,0.4761669933795929,0.4814999997615814,0.4675830006599426,0.4789170026779175,0.43806248903274536,1063308000,0.0,0.0
2006-03-31,0.4785830080509186,0.48524999618530273,0.4742499887943268,0.477167010307312,0.43646180629730225,835560000,0.0,0.0
2006-04-03,0.4796670079231262,0.4891670048236847,0.4736669957637787,0.48249998688697815,0.4413398206233978,968916000,0.0,0.0
2006-04-04,0.48316699266433716,0.5058330297470093,0.4826669991016388,0.5050830245018005,0.4619963765144348,1200612000,0.0,0.0
2006-04-05,0.5041670203208923,0.511667013168335,0.49341699481010437,0.5091670155525208,0.46573200821876526,1112976000,0.0,0.0
2006-04-06,0.5078330039978027,0.5139999985694885,0.5008329749107361,0.5101670026779175,0.4666467607021332,789312000,0.0,0.0
2006-04-07,0.5080000162124634,0.512499988079071,0.4988330006599426,0.5088329911231995,0.465426504611969,682674000,0.0,2.0
2006-04-10,0.5076670050621033,0.5106670260429382,0.49616700410842896,0.5,0.45734694600105286,634230000,0.0,0.0
2006-04-11,0.5016670227050781,0.5016670227050781,0.4848330020904541,0.4878329932689667,0.4462178945541382,702072000,0.0,0.0
2006-04-12,0.4909999966621399,0.5101670026779175,0.48833298683166504,0.5074999928474426,0.4642072319984436,598308000,0.0,0.0
2006-04-13,0.4966669976711273,0.5023329854011536,0.4913330078125,0.49333301186561584,0.4512486755847931,738360000,0.0,0.0
2006-04-17,0.4925000071525574,0.5070000290870667,0.4906669855117798,0.4946669936180115,0.45246899127960205,443868000,0.0,0.0
2006-04-18,0.48583298921585083,0.4860000014305115,0.46983298659324646,0.4830000102519989,0.4417971968650818,1165488000,0.0,0.0
2006-04-19,0.47999998927116394,0.4913330078125,0.4733330011367798,0.4860000014305115,0.4445413053035736,517476000,0.0,0.0
2006-04-20,0.48166701197624207,0.49399998784065247,0.4736669957637787,0.48533299565315247,0.44393113255500793,552684000,0.0,0.0
2006-04-21,0.48683300614356995,0.4888330101966858,0.46216699481010437,0.467833012342453,0.42792418599128723,770016000,0.0,0.0
2006-04-24,0.4708330035209656,0.48683300614356995,0.4625000059604645,0.48216700553894043,0.44103533029556274,676848000,0.0,0.0
2006-04-25,0.47666698694229126,0.4830000102519989,0.46833300590515137,0.48183301091194153,0.4407297968864441,719766000,0.0,0.0
2006-04-26,0.4836669862270355,0.4909999966621399,0.4733330011367798,0.47850000858306885,0.43768104910850525,330528000,0.0,0.0
2006-04-27,0.47666698694229126,0.4906669855117798,0.4663330018520355,0.4861670136451721,0.4446942210197449,462966000,0.0,0.0
2006-04-28,0.48649999499320984,0.4931670129299164,0.4823330044746399,0.4869999885559082,0.44545599818229675,284736000,0.0,0.0
2006-05-01,0.4903329908847809,0.5245000123977661,0.4903329908847809,0.5149999856948853,0.4710674583911896,902472000,0.0,0.0
2006-05-02,0.5188329815864563,0.5249999761581421,0.5055000185966492,0.5143330097198486,0.4704573452472687,539700000,0.0,0.0
2006-05-03,0.5084999799728394,0.5233330130577087,0.5080000162124634,0.5176669955253601,0.47350674867630005,378114000,0.0,0.0
2006-05-04,0.5074999928474426,0.5199999809265137,0.5048329830169678,0.5143330097198486,0.4704573452472687,511128000,0.0,0.0
2006-05-05,0.5170000195503235,0.5231670141220093,0.5098329782485962,0.5213329792022705,0.47686025500297546,338184000,0.0,0.0
2006-05-08,0.5199999809265137,0.5313330292701721,0.5141670107841492,0.5189999938011169,0.47472625970840454,503622000,0.0,0.0
2006-05-09,0.5183330178260803,0.5210000276565552,0.5024999976158142,0.5031669735908508,0.460243821144104,561648000,0.0,0.0
2006-05-10,0.4971669912338257,0.503000020980835,0.4869999885559082,0.492000013589859,0.4500293731689453,753264000,0.0,0.0
2006-05-11,0.4970000088214874,0.5016670227050781,0.4706670045852661,0.47450000047683716,0.4340222477912903,1201110000,0.0,0.0
2006-05-12,0.4631670117378235,0.46549999713897705,0.42899999022483826,0.43883299827575684,0.4013979732990265,1568172000,0.0,0.0
2006-05-15,0.43799999356269836,0.4490000009536743,0.4341669976711273,0.44516700506210327,0.40719154477119446,553380000,0.0,0.0
2006-05-16,0.4476670026779175,0.44783300161361694,0.4306670129299164,0.4334999918937683,0.39651980996131897,497532000,0.0,0.0
2006-05-17,0.4320000112056732,0.4345000088214874,0.4083330035209656,0.41600000858306885,0.3805128335952759,841074000,0.0,0.0
2006-05-18,0.41933301091194153,0.42333298921585083,0.3966670036315918,0.39716699719429016,0.36328625679016113,686730000,0.0,0.0
2006-05-19,0.40083301067352295,0.41499999165534973,0.39683300256729126,0.40549999475479126,0.37090831995010376,932808000,0.0,0.0
2006-05-22,0.40333300828933716,0.4041669964790344,0.3889999985694885,0.4000000059604645,0.3658776581287384,734886000,0.0,0.0
2006-05-23,0.4083330035209656,0.41783300042152405,0.39399999380111694,0.3956669867038727,0.3619142472743988,532314000,0.0,0.0
2006-05-24,0.399167001247406,0.41266700625419617,0.3901669979095459,0.40083301067352295,0.3666396141052246,579522000,0.0,0.0
2006-05-25,0.4083330035209656,0.4143329858779907,0.39649999141693115,0.39866700768470764,0.3646583557128906,423666000,0.0,0.0
2006-05-26,0.40016698837280273,0.4028330147266388,0.3953329920768738,0.3995000123977661,0.3654201328754425,294642000,0.0,0.0
2006-05-30,0.40016698837280273,0.4003329873085022,0.38266700506210327,0.38283300399780273,0.35017505288124084,448788000,0.0,0.0
2006-05-31,0.3880000114440918,0.3916670083999634,0.3806670010089874,0.382999986410141,0.3503279387950897,598422000,0.0,0.0
2006-06-01,0.3873330056667328,0.40299999713897705,0.38133299350738525,0.40299999713897705,0.3686217963695526,537126000,0.0,0.0
2006-06-02,0.40950000286102295,0.4115000069141388,0.39316698908805847,0.39716699719429016,0.36328625679016113,673710000,0.0,0.0
2006-06-05,0.39500001072883606,0.40233299136161804,0.3793329894542694,0.3804999887943268,0.34804102778434753,581052000,0.0,0.0
2006-06-06,0.38533300161361694,0.38566699624061584,0.36000001430511475,0.3703329861164093,0.3387414216995239,824130000,0.0,0.0
2006-06-07,0.374332994222641,0.375,0.36083298921585083,0.36366701126098633,0.3326440751552582,565380000,0.0,0.0
2006-06-08,0.359499990940094,0.3641670048236847,0.34266701340675354,0.3569999933242798,0.32654574513435364,730572000,0.0,0.0
2006-06-09,0.3616670072078705,0.3678329885005951,0.35283300280570984,0.3558329939842224,0.3254782557487488,433824000,0.0,0.0
2006-06-12,0.3496670126914978,0.3543330132961273,0.3341670036315918,0.33616700768470764,0.3074900805950165,463230000,0.0,0.0
2006-06-13,0.335999995470047,0.342833012342453,0.32783299684524536,0.3310000002384186,0.30276376008987427,532548000,0.0,0.0
2006-06-14,0.3330000042915344,0.3416669964790344,0.3294999897480011,0.3406670093536377,0.3116060793399811,480492000,0.0,0.0
2006-06-15,0.35316699743270874,0.3716669976711273,0.35033300518989563,0.37049999833106995,0.3388941287994385,837336000,0.0,0.0
2006-06-16,0.36800000071525574,0.36899998784065247,0.35749998688697815,0.3610000014305115,0.33020448684692383,503448000,0.0,0.0
2006-06-19,0.36500000953674316,0.36683300137519836,0.3493329882621765,0.35016700625419617,0.3202956020832062,388044000,0.0,0.0
2006-06-20,0.34049999713897705,0.35249999165534973,0.3391669988632202,0.344666987657547,0.31526488065719604,535818000,0.0,0.0
2006-06-21,0.3431670069694519,0.3540000021457672,0.3431670069694519,0.34850001335144043,0.3187708258628845,441174000,0.0,0.0
2006-06-22,0.3523330092430115,0.3533329963684082,0.335999995470047,0.33833301067352295,0.3094712197780609,532338000,0.0,0.0
2006-06-23,0.33766698837280273,0.34549999237060547,0.3345000147819519,0.3384999930858612,0.3096238076686859,335202000,0.0,0.0
2006-06-26,0.33799999952316284,0.3416669964790344,0.33366701006889343,0.335332989692688,0.30672699213027954,281736000,0.0,0.0
2006-06-27,0.33733299374580383,0.33766698837280273,0.32016700506210327,0.3246670067310333,0.29697084426879883,608514000,0.0,0.0
2006-06-28,0.32716700434684753,0.3479999899864197,0.3186669945716858,0.34266701340675354,0.3134355843067169,833376000,0.0,0.0
2006-06-29,0.33333298563957214,0.35816699266433716,0.33216699957847595,0.35816699266433716,0.3276132643222809,687666000,0.0,0.0
2006-06-30,0.3616670072078705,0.36733299493789673,0.352167010307312,0.3548330068588257,0.3245636522769928,468240000,0.0,0.0
2006-07-03,0.3630000054836273,0.36333298683166504,0.35749998688697815,0.36000001430511475,0.32928985357284546,174696000,0.0,0.0
2006-07-05,0.3543330132961273,0.35749998688697815,0.34383299946784973,0.34383299946784973,0.3145020306110382,459708000,0.0,0.0
2006-07-06,0.34383299946784973,0.3471669852733612,0.32966700196266174,0.3331669867038727,0.3047459125518799,470634000,0.0,0.0
2006-07-07,0.33550000190734863,0.33616700768470764,0.31916698813438416,0.32283300161361694,0.2952933609485626,541230000,0.0,0.0
2006-07-10,0.3236669898033142,0.32600000500679016,0.3059999942779541,0.3088330030441284,0.2824876606464386,449922000,0.0,0.0
2006-07-11,0.3078329861164093,0.32033300399780273,0.30333301424980164,0.31916698813438416,0.29194021224975586,600582000,0.0,0.0
2006-07-12,0.3179999887943268,0.32166698575019836,0.3034999966621399,0.3038330078125,0.27791425585746765,461034000,0.0,0.0
2006-07-13,0.2991670072078705,0.3066670000553131,0.2944999933242798,0.29600000381469727,0.2707494795322418,540582000,0.0,0.0
2006-07-14,0.30149999260902405,0.3031669855117798,0.2861669957637787,0.2944999933242798,0.2693774104118347,572148000,0.0,0.0
2006-07-17,0.29316699504852295,0.3001669943332672,0.29166701436042786,0.29683300852775574,0.27151140570640564,502806000,0.0,0.0
2006-07-18,0.3070000112056732,0.3161669969558716,0.29600000381469727,0.31299999356269836,0.28629928827285767,979332000,0.0,0.0
2006-07-19,0.31166699528694153,0.33066698908805847,0.3093329966068268,0.32666701078414917,0.2988004684448242,1055550000,0.0,0.0
2006-07-20,0.33250001072883606,0.33833301067352295,0.3196670114994049,0.32016700506210327,0.2928548753261566,505602000,0.0,0.0
2006-07-21,0.3093329966068268,0.3106670081615448,0.2938329875469208,0.2961669862270355,0.27090224623680115,633918000,0.0,0.0
2006-07-24,0.3071669936180115,0.3334999978542328,0.30550000071525574,0.32600000500679016,0.29819032549858093,983178000,0.0,0.0
2006-07-25,0.33000001311302185,0.3409999907016754,0.3251670002937317,0.3375000059604645,0.3087093234062195,574104000,0.0,0.0
2006-07-26,0.3375000059604645,0.34150001406669617,0.32749998569488525,0.3375000059604645,0.3087093234062195,495318000,0.0,0.0
2006-07-27,0.3418329954147339,0.3558329939842224,0.33616700768470764,0.34233298897743225,0.31312987208366394,694338000,0.0,0.0
2006-07-28,0.3511669933795929,0.3785000145435333,0.34916698932647705,0.3778330087661743,0.3456015884876251,815298000,0.0,0.0
2006-07-31,0.3738330006599426,0.37766700983047485,0.36800000071525574,0.36899998784065247,0.33752208948135376,594762000,0.0,0.0
2006-08-01,0.3644999861717224,0.3651669919490814,0.3474999964237213,0.35416701436042786,0.3239544928073883,600966000,0.0,0.0
2006-08-02,0.3619999885559082,0.38316699862480164,0.3611670136451721,0.38133299350738525,0.34880298376083374,756774000,0.0,0.0
2006-08-03,0.3799999952316284,0.41566699743270874,0.3746669888496399,0.405333012342453,0.37075573205947876,890568000,0.0,0.0
2006-08-04,0.41600000858306885,0.41666701436042786,0.3894999921321869,0.39983299374580383,0.3657248020172119,818232000,0.0,0.0
2006-08-07,0.39283299446105957,0.40016698837280273,0.38749998807907104,0.3951669931411743,0.3614569306373596,436146000,0.0,0.0
2006-08-08,0.39833301305770874,0.41416698694229126,0.3973329961299896,0.4056670069694519,0.3710611164569855,619806000,0.0,0.0
2006-08-09,0.4136669933795929,0.42500001192092896,0.4025000035762787,0.40549999475479126,0.37090831995010376,584706000,0.0,0.0
2006-08-10,0.4009999930858612,0.4050000011920929,0.3941670060157776,0.40266698598861694,0.3683170974254608,1072140000,0.0,0.0
2006-08-11,0.37333300709724426,0.40016698837280273,0.3720000088214874,0.38999998569488525,0.35673069953918457,1603272000,0.0,0.0
2006-08-14,0.3948329985141754,0.3988330066204071,0.3858329951763153,0.3880000114440918,0.35490134358406067,809412000,0.0,0.0
2006-08-15,0.39800000190734863,0.42750000953674316,0.3941670060157776,0.4253329932689667,0.3890494406223297,902172000,0.0,0.0
2006-08-16,0.4276669919490814,0.4576669931411743,0.41666701436042786,0.45583298802375793,0.41694769263267517,1029246000,0.0,0.0
2006-08-17,0.4501670002937317,0.4620000123977661,0.44416698813438416,0.4486669898033142,0.410393089056015,814224000,0.0,0.0
2006-08-18,0.44916701316833496,0.45833298563957214,0.4334999918937683,0.4560000002384186,0.41710060834884644,665898000,0.0,0.0
2006-08-21,0.44916701316833496,0.44999998807907104,0.438167005777359,0.43916699290275574,0.4017033874988556,500220000,0.0,0.0
2006-08-22,0.4378330111503601,0.45066699385643005,0.4375,0.43849998712539673,0.4010933041572571,473928000,0.0,0.0
2006-08-23,0.4418329894542694,0.44633299112319946,0.4284999966621399,0.438167005777359,0.40078869462013245,485412000,0.0,0.0
2006-08-24,0.4393329918384552,0.4449999928474426,0.43233299255371094,0.44266700744628906,0.40490490198135376,260802000,0.0,0.0
2006-08-25,0.4393329918384552,0.44916701316833496,0.4350000023841858,0.44133299589157104,0.40368467569351196,238314000,0.0,0.0
2006-08-28,0.4486669898033142,0.46950000524520874,0.44783300161361694,0.45649999380111694,0.41755789518356323,764562000,0.0,0.0
2006-08-29,0.46083301305770874,0.4793330132961273,0.45750001072883606,0.477167010307312,0.43646180629730225,727962000,0.0,0.0
2006-08-30,0.4798330068588257,0.492000013589859,0.4786669909954071,0.4869999885559082,0.44545599818229675,681564000,0.0,0.0
2006-08-31,0.48583298921585083,0.4880000054836273,0.4746670126914978,0.485166996717453,0.4437792897224426,511278000,0.0,0.0
2006-09-01,0.4779999852180481,0.48183301091194153,0.46299999952316284,0.46483299136161804,0.4251798689365387,605742000,0.0,0.0
2006-09-05,0.4663330018520355,0.4768329858779907,0.4595000147819519,0.4749999940395355,0.434479683637619,549354000,0.0,0.0
2006-09-06,0.4666669964790344,0.46733298897743225,0.44999998807907104,0.4511669874191284,0.4126797318458557,493572000,0.0,0.0
2006-09-07,0.44383299350738525,0.4703330099582672,0.4390000104904175,0.4601669907569885,0.4209120571613312,742836000,0.0,0.0
2006-09-08,0.4675000011920929,0.46950000524520874,0.4514999985694885,0.461667001247406,0.42228394746780396,447978000,0.0,0.0
2006-09-11,0.4513329863548279,0.47416698932647705,0.4461669921875,0.46883299946784973,0.4288386404514313,598266000,0.0,0.0
2006-09-12,0.4666669964790344,0.4841670095920563,0.46549999713897705,0.4811669886112213,0.4401206374168396,498432000,0.0,0.0
2006-09-13,0.4823330044746399,0.4913330078125,0.4808329939842224,0.48500001430511475,0.4436265826225281,476286000,0.0,0.0
2006-09-14,0.4826669991016388,0.4916670024394989,0.4768329858779907,0.48316699266433716,0.4419499933719635,428814000,0.0,0.0
2006-09-15,0.4848330020904541,0.4950000047683716,0.48249998688697815,0.49266698956489563,0.4506394565105438,649764000,0.0,0.0
2006-09-18,0.49399998784065247,0.5121669769287109,0.4925000071525574,0.5113329887390137,0.46771323680877686,793896000,0.0,0.0
2006-09-19,0.5080000162124634,0.511667013168335,0.4938330054283142,0.49799999594688416,0.4555175304412842,708054000,0.0,0.0
2006-09-20,0.5044999718666077,0.5168330073356628,0.5034999847412109,0.5161669850349426,0.4721347689628601,511884000,0.0,0.0
2006-09-21,0.5156670212745667,0.5208330154418945,0.5071669816970825,0.5120000243186951,0.46832340955734253,539106000,0.0,0.0
2006-09-22,0.5105000138282776,0.5136669874191284,0.49116700887680054,0.4968329966068268,0.4544500708580017,653334000,0.0,0.0
2006-09-25,0.5043330192565918,0.5168330073356628,0.4906669855117798,0.5146669745445251,0.47076258063316345,684486000,0.0,0.0
2006-09-26,0.5141670107841492,0.515500009059906,0.49733299016952515,0.503832995891571,0.46085309982299805,516120000,0.0,0.0
2006-09-27,0.5023329854011536,0.5183330178260803,0.4975000023841858,0.5023329854011536,0.4594809114933014,578142000,0.0,0.0
2006-09-28,0.4826669991016388,0.49483299255371094,0.4805000126361847,0.4928329885005951,0.4507913589477539,647346000,0.0,0.0
2006-09-29,0.49616700410842896,0.5,0.49050000309944153,0.4931670129299164,0.4510969817638397,373890000,0.0,0.0
2006-10-02,0.49083301424980164,0.49399998784065247,0.47666698694229126,0.48066699504852295,0.4396633207798004,647442000,0.0,0.0
2006-10-03,0.47166699171066284,0.47533300518989563,0.46116700768470764,0.47166699171066284,0.4314309358596802,907692000,0.0,0.0
2006-10-04,0.47233301401138306,0.5181670188903809,0.47099998593330383,0.5180000066757202,0.47381162643432617,1460382000,0.0,0.0
2006-10-05,0.515999972820282,0.521166980266571,0.5019999742507935,0.5033329725265503,0.4603956639766693,662682000,0.0,0.0
2006-10-06,0.5041670203208923,0.5208330154418945,0.5026670098304749,0.515500009059906,0.4715248644351959,593610000,0.0,0.0
2006-10-09,0.5143330097198486,0.5554999709129333,0.5128329992294312,0.5486670136451721,0.5018625855445862,932304000,0.0,0.0
2006-10-10,0.5458329916000366,0.5479999780654907,0.5299999713897705,0.5361670255661011,0.49042871594429016,624648000,0.0,0.0
2006-10-11,0.5333330035209656,0.5486670136451721,0.5251669883728027,0.5391669869422913,0.4931730628013611,481944000,0.0,0.0
2006-10-12,0.5421670079231262,0.5525000095367432,0.5335000157356262,0.541333019733429,0.49515414237976074,414720000,0.0,0.0
2006-10-13,0.5394999980926514,0.5659999847412109,0.5306670069694519,0.5628330111503601,0.514819860458374,584190000,0.0,0.0
2006-10-16,0.5646669864654541,0.5738329887390137,0.5518329739570618,0.5618330240249634,0.5139052867889404,478968000,0.0,0.0
2006-10-17,0.5526670217514038,0.5565000176429749,0.5350000262260437,0.5403329730033875,0.49423933029174805,526506000,0.0,0.0
2006-10-18,0.5483329892158508,0.5541669726371765,0.5221670269966125,0.5260000228881836,0.4811290502548218,822750000,0.0,0.0
2006-10-19,0.5239999890327454,0.5400000214576721,0.5198330283164978,0.5360000133514404,0.49027594923973083,473040000,0.0,0.0
2006-10-20,0.540166974067688,0.5404999852180481,0.5221670269966125,0.5298330187797546,0.48463496565818787,359478000,0.0,0.0
2006-10-23,0.5286669731140137,0.5414999723434448,0.5249999761581421,0.5263329744338989,0.48143354058265686,280248000,0.0,0.0
2006-10-24,0.5273330211639404,0.5476670265197754,0.525833010673523,0.5416669845581055,0.495459645986557,519288000,0.0,0.0
2006-10-25,0.5468329787254333,0.5550000071525574,0.5376669764518738,0.5466669797897339,0.5000332593917847,389436000,0.0,0.0
2006-10-26,0.5479999780654907,0.5658329725265503,0.5479999780654907,0.5640000104904175,0.5158873796463013,366690000,0.0,0.0
2006-10-27,0.5640000104904175,0.5764999985694885,0.5333330035209656,0.539667010307312,0.4936302602291107,566988000,0.0,0.0
2006-10-30,0.5433329939842224,0.5558329820632935,0.5375000238418579,0.5461670160293579,0.4995756447315216,479592000,0.0,0.0
2006-10-31,0.5581669807434082,0.5811669826507568,0.5553330183029175,0.5811669826507568,0.5315901041030884,996174000,0.0,0.0
2006-11-01,0.5734999775886536,0.5788329839706421,0.5283330082893372,0.5363330245018005,0.49058055877685547,1176540000,0.0,0.0
2006-11-02,0.5388330221176147,0.5504999756813049,0.5253329873085022,0.5326669812202454,0.48722735047340393,862944000,0.0,0.0
2006-11-03,0.5386670231819153,0.5440000295639038,0.5299999713897705,0.5433329939842224,0.49698352813720703,548070000,0.0,0.0
2006-11-06,0.5448330044746399,0.5673329830169678,0.5379999876022339,0.5598329901695251,0.5120759606361389,739602000,0.0,0.0
2006-11-07,0.5640000104904175,0.5743330121040344,0.5608329772949219,0.5683330297470093,0.5198506712913513,553254000,0.0,0.0
2006-11-08,0.5643330216407776,0.583666980266571,0.5630000233650208,0.5766670107841492,0.5274739265441895,648324000,0.0,0.0
2006-11-09,0.5885000228881836,0.6033329963684082,0.5831670165061951,0.5881670117378235,0.5379928350448608,1207758000,0.0,0.0
2006-11-10,0.5831670165061951,0.5860000252723694,0.559499979019165,0.5740000009536743,0.5250343084335327,1317192000,0.0,0.0
2006-11-13,0.5751670002937317,0.6016669869422913,0.574999988079071,0.6000000238418579,0.5488163828849792,852282000,0.0,0.0
2006-11-14,0.597832977771759,0.6071670055389404,0.5849999785423279,0.6060000061988831,0.5543047189712524,628530000,0.0,0.0
2006-11-15,0.6041669845581055,0.612500011920929,0.5926669836044312,0.5960000157356262,0.5451576113700867,491892000,0.0,0.0
2006-11-16,0.5985000133514404,0.6058329939842224,0.5933330059051514,0.6036670207977295,0.5521705150604248,457182000,0.0,0.0
2006-11-17,0.5995000004768372,0.6069999933242798,0.5958330035209656,0.6053329706192017,0.5536944270133972,361608000,0.0,0.0
2006-11-20,0.597832977771759,0.6143329739570618,0.5933330059051514,0.6110000014305115,0.5588781833648682,608634000,0.0,0.0
2006-11-21,0.6128330230712891,0.6138330101966858,0.5973330140113831,0.6014999747276306,0.550188422203064,387384000,0.0,0.0
2006-11-22,0.6036670207977295,0.612500011920929,0.6004999876022339,0.6118329763412476,0.5596400499343872,240258000,0.0,0.0
2006-11-24,0.6088330149650574,0.617667019367218,0.6033329963684082,0.6163330078125,0.5637561082839966,144336000,0.0,0.0
2006-11-27,0.6126670241355896,0.6208329796791077,0.5843330025672913,0.5885000228881836,0.5382974743843079,585294000,0.0,0.0
2006-11-28,0.5864999890327454,0.6048330068588257,0.5773329734802246,0.5995000004768372,0.5483590364456177,480966000,0.0,0.0
2006-11-29,0.6050000190734863,0.6156669855117798,0.602666974067688,0.6083329916000366,0.5564385056495667,579792000,0.0,0.0
2006-11-30,0.6083329916000366,0.6215000152587891,0.6010000109672546,0.6165000200271606,0.5639086961746216,583632000,0.0,0.0
2006-12-01,0.6096670031547546,0.6104999780654907,0.5870000123977661,0.5923330187797546,0.5418035387992859,785010000,0.0,0.0
2006-12-04,0.6000000238418579,0.6240000128746033,0.597832977771759,0.6163330078125,0.5637561082839966,621570000,0.0,0.0
2006-12-05,0.6098330020904541,0.6134999990463257,0.6031669974327087,0.6100000143051147,0.5579636096954346,663354000,0.0,0.0
2006-12-06,0.6119999885559082,0.6119999885559082,0.600832998752594,0.6091669797897339,0.5572012066841125,478242000,0.0,0.0
2006-12-07,0.6091669797897339,0.612500011920929,0.5891669988632202,0.5945000052452087,0.5437857508659363,486894000,0.0,0.0
2006-12-08,0.5901669859886169,0.6006669998168945,0.5816670060157776,0.5924999713897705,0.5419561862945557,564858000,0.0,0.0
2006-12-11,0.5926669836044312,0.6098330020904541,0.5913329720497131,0.602666974067688,0.5512558817863464,515484000,0.0,0.0
2006-12-12,0.5981670022010803,0.6001669764518738,0.5885000228881836,0.5964999794960022,0.5456150770187378,568116000,0.0,0.0
2006-12-13,0.6013330221176147,0.6083329916000366,0.6013330221176147,0.6035000085830688,0.5520179271697998,491952000,0.0,0.0
2006-12-14,0.6083329916000366,0.6218330264091492,0.6078330278396606,0.6141669750213623,0.5617748498916626,715380000,0.0,0.0
2006-12-15,0.618166983127594,0.625,0.6143329739570618,0.625,0.5716836452484131,746094000,0.0,0.0
2006-12-18,0.6256669759750366,0.6433330178260803,0.6253330111503601,0.6358330249786377,0.5815926790237427,688356000,0.0,0.0
2006-12-19,0.6276670098304749,0.6483330130577087,0.6268330216407776,0.6449999809265137,0.5899776816368103,545622000,0.0,0.0
2006-12-20,0.6416670083999634,0.6493330001831055,0.6371669769287109,0.6376670002937317,0.5832700729370117,306594000,0.0,0.0
2006-12-21,0.6411669850349426,0.6430000066757202,0.625,0.6321669816970825,0.5782393217086792,367920000,0.0,0.0
2006-12-22,0.6311669945716858,0.6333330273628235,0.6141669750213623,0.6171669960021973,0.5645191669464111,370170000,0.0,0.0
2006-12-26,0.6205000281333923,0.6259999871253967,0.6144999861717224,0.6169999837875366,0.5643661022186279,228192000,0.0,0.0
2006-12-27,0.6196669936180115,0.6273329854011536,0.6196669936180115,0.6251670122146606,0.5718366503715515,264954000,0.0,0.0
2006-12-28,0.6258329749107361,0.6265000104904175,0.6178330183029175,0.6206669807434082,0.567720353603363,213912000,0.0,0.0
2006-12-29,0.6206669807434082,0.6336669921875,0.6161670088768005,0.616832971572876,0.564213216304779,386094000,0.0,0.0
2007-01-03,0.6178330183029175,0.6253330111503601,0.5798329710960388,0.6013330221176147,0.5500357747077942,1154820000,0.0,0.0
2007-01-04,0.599166989326477,0.6013330221176147,0.5838329792022705,0.5985000133514404,0.5474445819854736,797298000,0.0,0.0
2007-01-05,0.5843330025672913,0.586667001247406,0.5569999814033508,0.5609999895095825,0.5131434798240662,1243344000,0.0,0.0
2007-01-08,0.5630000233650208,0.5759999752044678,0.5533329844474792,0.5651670098304749,0.516954779624939,657270000,0.0,0.0
2007-01-09,0.5659999847412109,0.569832980632782,0.5534999966621399,0.5541669726371765,0.5068931579589844,764166000,0.0,0.0
2007-01-10,0.5483329892158508,0.586667001247406,0.5400000214576721,0.5814999938011169,0.5318944454193115,1108746000,0.0,0.0
2007-01-11,0.5814999938011169,0.5860000252723694,0.569832980632782,0.5793330073356628,0.5299123525619507,924504000,0.0,0.0
2007-01-12,0.570667028427124,0.5895000100135803,0.5680000185966492,0.5871670246124268,0.5370782613754272,698190000,0.0,0.0
2007-01-16,0.5916669964790344,0.5920000076293945,0.5814999938011169,0.5881670117378235,0.5379928350448608,711864000,0.0,0.0
2007-01-17,0.5799999833106995,0.5835000276565552,0.5736669898033142,0.5758330225944519,0.5267109274864197,707934000,0.0,0.0
2007-01-18,0.5708330273628235,0.5708330273628235,0.5210000276565552,0.5281670093536377,0.48311111330986023,1501638000,0.0,0.0
2007-01-19,0.5224999785423279,0.5423330068588257,0.5188329815864563,0.5313330292701721,0.4860072135925293,942606000,0.0,0.0
2007-01-22,0.5363330245018005,0.5450000166893005,0.5293329954147339,0.5313330292701721,0.4860072135925293,730644000,0.0,0.0
2007-01-23,0.5288329720497131,0.5400000214576721,0.5189999938011169,0.531499981880188,0.48615992069244385,630354000,0.0,0.0
2007-01-24,0.538332998752594,0.555167019367218,0.5358330011367798,0.5479999780654907,0.501252293586731,685722000,0.0,0.0
2007-01-25,0.5529999732971191,0.5550000071525574,0.5261669754981995,0.5288329720497131,0.4837203025817871,616284000,0.0,0.0
2007-01-26,0.5333330035209656,0.5385000109672546,0.5149999856948853,0.5245000123977661,0.479757159948349,829584000,0.0,0.0
2007-01-29,0.5221670269966125,0.5224999785423279,0.4984999895095825,0.503000020980835,0.46009114384651184,1258284000,0.0,0.0
2007-01-30,0.5063329935073853,0.515999972820282,0.5018330216407776,0.5126670002937317,0.46893349289894104,636174000,0.0,0.0
2007-01-31,0.5101670026779175,0.5156670212745667,0.503832995891571,0.5108330249786377,0.46725592017173767,467976000,0.0,0.0
2007-02-01,0.5059999823570251,0.5199999809265137,0.5049999952316284,0.5173329710960388,0.47320130467414856,650898000,0.0,0.0
2007-02-02,0.5201669931411743,0.5333330035209656,0.5158330202102661,0.5308330059051514,0.4855498671531677,586590000,0.0,0.0
2007-02-05,0.5333330035209656,0.5440000295639038,0.5325000286102295,0.5394999980926514,0.4934777319431305,579906000,0.0,0.0
2007-02-06,0.5516669750213623,0.5656669735908508,0.5435000061988831,0.558667004108429,0.5110092163085938,775386000,0.0,0.0
2007-02-07,0.5631669759750366,0.581833004951477,0.5598329901695251,0.5805000066757202,0.5309798717498779,761058000,0.0,0.0
2007-02-08,0.5716670155525208,0.5811669826507568,0.5666670203208923,0.5730000138282776,0.5241195559501648,726276000,0.0,0.0
2007-02-09,0.5758330225944519,0.5806670188903809,0.5419999957084656,0.5441669821739197,0.4977464973926544,937956000,0.0,0.0
2007-02-12,0.5481669902801514,0.5680000185966492,0.5423330068588257,0.5561670064926147,0.5087227821350098,789360000,0.0,0.0
2007-02-13,0.5651670098304749,0.5711669921875,0.559499979019165,0.5666670203208923,0.5183269381523132,849732000,0.0,0.0
2007-02-14,0.5716670155525208,0.574999988079071,0.5578330159187317,0.5591670274734497,0.5114668607711792,1081848000,0.0,0.0
2007-02-15,0.5588330030441284,0.5653330087661743,0.5534999966621399,0.5625,0.5145155787467957,488682000,0.0,0.0
2007-02-16,0.5601670145988464,0.5608329772949219,0.5436670184135437,0.5453330278396606,0.49881282448768616,915060000,0.0,0.0
2007-02-20,0.5461670160293579,0.5531669855117798,0.5423330068588257,0.5501670241355896,0.5032343864440918,625578000,0.0,0.0
2007-02-21,0.5456669926643372,0.5515000224113464,0.5364999771118164,0.5419999957084656,0.4957640469074249,655332000,0.0,0.0
2007-02-22,0.5504999756813049,0.5593330264091492,0.5441669821739197,0.5454999804496765,0.49896544218063354,655452000,0.0,0.0
2007-02-23,0.5506669878959656,0.5509999990463257,0.5440000295639038,0.5441669821739197,0.4977464973926544,403050000,0.0,0.0
2007-02-26,0.5456669926643372,0.5498329997062683,0.5350000262260437,0.5358330011367798,0.49012330174446106,494070000,0.0,0.0
2007-02-27,0.5299999713897705,0.5425000190734863,0.5188329815864563,0.5196670293807983,0.47533631324768066,714630000,0.0,0.0
2007-02-28,0.5181670188903809,0.5278329849243164,0.5118330121040344,0.5166670083999634,0.4725921154022217,780048000,0.0,0.0
2007-03-01,0.5055000185966492,0.5198330283164978,0.4988330006599426,0.5103330016136169,0.4667986333370209,837228000,0.0,0.0
2007-03-02,0.5058330297470093,0.5120000243186951,0.49516698718070984,0.49616700410842896,0.45384106040000916,682728000,0.0,0.0
2007-03-05,0.48750001192092896,0.4971669912338257,0.4776670038700104,0.4793330132961273,0.4384431540966034,663558000,0.0,0.0
2007-03-06,0.4898329973220825,0.5131670236587524,0.4878329932689667,0.5076670050621033,0.4643600285053253,805974000,0.0,0.0
2007-03-07,0.5051670074462891,0.5074999928474426,0.49116700887680054,0.49333301186561584,0.4512486755847931,811656000,0.0,0.0
2007-03-08,0.5036669969558716,0.519333004951477,0.5033329725265503,0.5136669874191284,0.46984827518463135,770622000,0.0,0.0
2007-03-09,0.5208330154418945,0.5266669988632202,0.5026670098304749,0.5084999799728394,0.46512192487716675,555306000,0.0,0.0
2007-03-12,0.5026670098304749,0.5128329992294312,0.5019999742507935,0.5055000185966492,0.4623779058456421,428010000,0.0,0.0
2007-03-13,0.5003330111503601,0.5033329725265503,0.483832985162735,0.4841670095920563,0.44286465644836426,617070000,0.0,0.0
2007-03-14,0.4855000078678131,0.48833298683166504,0.46733298897743225,0.48183301091194153,0.4407297968864441,971610000,0.0,0.0
2007-03-15,0.48066699504852295,0.48500001430511475,0.469666987657547,0.47699999809265137,0.4363090991973877,655752000,0.0,0.0
2007-03-16,0.4773330092430115,0.47816699743270874,0.46916699409484863,0.4724999964237213,0.432192862033844,525648000,0.0,0.0
2007-03-19,0.4749999940395355,0.48249998688697815,0.4733330011367798,0.47483301162719727,0.43432697653770447,461508000,0.0,0.0
2007-03-20,0.4733330011367798,0.4841670095920563,0.4706670045852661,0.4724999964237213,0.432192862033844,656490000,0.0,0.0
2007-03-21,0.4916670024394989,0.507332980632782,0.4823330044746399,0.49950000643730164,0.4568895697593689,1268376000,0.0,0.0
2007-03-22,0.5,0.5134999752044678,0.49766701459884644,0.5105000138282776,0.4669512212276459,810954000,0.0,0.0
2007-03-23,0.5066670179367065,0.5156670212745667,0.5011669993400574,0.5048329830169678,0.46176767349243164,524640000,0.0,0.0
2007-03-26,0.5051670074462891,0.5099999904632568,0.4966669976711273,0.5058330297470093,0.4626823961734772,447336000,0.0,0.0
2007-03-27,0.5046669840812683,0.505666971206665,0.49583300948143005,0.4963330030441284,0.4539927840232849,469020000,0.0,0.0
2007-03-28,0.49216699600219727,0.4963330030441284,0.4860000014305115,0.48683300614356995,0.4453032910823822,459504000,0.0,0.0
2007-03-29,0.4941670000553131,0.49483299255371094,0.47049999237060547,0.4783329963684082,0.43752846121788025,719016000,0.0,0.0
2007-03-30,0.4848330020904541,0.48833298683166504,0.477167010307312,0.4796670079231262,0.43874847888946533,581244000,0.0,0.0
2007-04-02,0.47850000858306885,0.48249998688697815,0.47133299708366394,0.47916701436042786,0.438291072845459,400830000,0.0,0.0
2007-04-03,0.47916701436042786,0.484499990940094,0.4728330075740814,0.4773330092430115,0.4366135895252228,473724000,0.0,0.0
2007-04-04,0.47666698694229126,0.4805000126361847,0.4749999940395355,0.47633299231529236,0.4356990456581116,361692000,0.0,0.0
2007-04-05,0.4783329963684082,0.515500009059906,0.4783329963684082,0.5149999856948853,0.4710674583911896,1332900000,0.0,0.0
2007-04-09,0.5149999856948853,0.5208330154418945,0.5046669840812683,0.505666971206665,0.4625304937362671,640950000,0.0,0.0
2007-04-10,0.5049999952316284,0.5108330249786377,0.49950000643730164,0.5005000233650208,0.457804411649704,794220000,0.0,0.0
2007-04-11,0.5015000104904175,0.5065000057220459,0.4898329973220825,0.49149999022483826,0.4495721459388733,810150000,0.0,0.0
2007-04-12,0.4888330101966858,0.5070000290870667,0.48566699028015137,0.5055000185966492,0.4623779058456421,743640000,0.0,0.0
2007-04-13,0.503832995891571,0.5106670260429382,0.49766701459884644,0.5096669793128967,0.4661894142627716,638694000,0.0,0.0
2007-04-16,0.5083330273628235,0.5121669769287109,0.5005000233650208,0.5070000290870667,0.4637499153614044,671838000,0.0,0.0
2007-04-17,0.5198330283164978,0.5316669940948486,0.5093330144882202,0.5118330121040344,0.46817052364349365,1059108000,0.0,0.0
2007-04-18,0.5109999775886536,0.5226669907569885,0.5083330273628235,0.5181670188903809,0.4739641547203064,683802000,0.0,0.0
2007-04-19,0.5139999985694885,0.5283330082893372,0.512499988079071,0.5253329873085022,0.48051905632019043,568056000,0.0,0.0
2007-04-20,0.5329999923706055,0.5333330035209656,0.5245000123977661,0.531499981880188,0.48615992069244385,590052000,0.0,0.0
2007-04-23,0.5289999842643738,0.5299999713897705,0.5213329792022705,0.522832989692688,0.478232204914093,595272000,0.0,0.0
2007-04-24,0.5316669940948486,0.5473330020904541,0.5281670093536377,0.5425000190734863,0.49622175097465515,1028088000,0.0,0.0
2007-04-25,0.5416669845581055,0.5548329949378967,0.5391669869422913,0.5518329739570618,0.5047580003738403,509640000,0.0,0.0
2007-04-26,0.5518329739570618,0.5628330111503601,0.5468329787254333,0.558667004108429,0.5110092163085938,500070000,0.0,0.0
2007-04-27,0.556833028793335,0.5630000233650208,0.5423330068588257,0.5511670112609863,0.5041492581367493,554058000,0.0,0.0
2007-04-30,0.558667004108429,0.5656669735908508,0.5479999780654907,0.5481669902801514,0.5014051198959351,563388000,0.0,0.0
2007-05-01,0.5581669807434082,0.5618330240249634,0.5494999885559082,0.5540000200271606,0.5067404508590698,544554000,0.0,0.0
2007-05-02,0.556833028793335,0.5591670274734497,0.5446670055389404,0.5475000143051147,0.5007949471473694,659658000,0.0,0.0
2007-05-03,0.5526670217514038,0.5615000128746033,0.5516669750213623,0.5578330159187317,0.5102466940879822,500250000,0.0,0.0
2007-05-04,0.5608329772949219,0.5646669864654541,0.5554999709129333,0.5618330240249634,0.5139052867889404,405246000,0.0,0.0
2007-05-07,0.5699999928474426,0.5763329863548279,0.550000011920929,0.5506669878959656,0.5036917328834534,557100000,0.0,0.0
2007-05-08,0.5473330020904541,0.5561670064926147,0.536666989326477,0.5548329949378967,0.5075024962425232,737100000,0.0,0.0
2007-05-09,0.550832986831665,0.5605000257492065,0.5444999933242798,0.5573329925537109,0.509789228439331,417870000,0.0,0.0
2007-05-10,0.5596669912338257,0.5669999718666077,0.5421670079231262,0.546999990940094,0.500337541103363,802584000,0.0,0.0
2007-05-11,0.5764999985694885,0.5913329720497131,0.5676670074462891,0.5856670141220093,0.5357060432434082,1530630000,0.0,0.0
2007-05-14,0.5833330154418945,0.5888329744338989,0.5743330121040344,0.5798329710960388,0.5303699374198914,731568000,0.0,0.0
2007-05-15,0.5814999938011169,0.5849999785423279,0.5733330249786377,0.5746669769287109,0.5256444215774536,621360000,0.0,0.0
2007-05-16,0.5751670002937317,0.5820000171661377,0.5641670227050781,0.5820000171661377,0.5323519110679626,523104000,0.0,0.0
2007-05-17,0.5803329944610596,0.5833330154418945,0.5690000057220459,0.5723329782485962,0.5235097408294678,443664000,0.0,0.0
2007-05-18,0.5766670107841492,0.585332989692688,0.5718330144882202,0.583666980266571,0.5338767170906067,604266000,0.0,0.0
2007-05-21,0.5820000171661377,0.6000000238418579,0.5791670083999634,0.5855000019073486,0.5355532765388489,645768000,0.0,0.0
2007-05-22,0.5860000252723694,0.593999981880188,0.5764999985694885,0.5886669754981995,0.5384501218795776,401736000,0.0,0.0
2007-05-23,0.5889999866485596,0.5924999713897705,0.5713329911231995,0.5730000138282776,0.5241195559501648,448248000,0.0,0.0
2007-05-24,0.5756670236587524,0.5773329734802246,0.550000011920929,0.5523329973220825,0.5052156448364258,607800000,0.0,0.0
2007-05-25,0.5563330054283142,0.5638329982757568,0.5546669960021973,0.5609999895095825,0.5131434798240662,308976000,0.0,0.0
2007-05-29,0.558667004108429,0.5688329935073853,0.5569999814033508,0.5669999718666077,0.5186313986778259,316242000,0.0,0.0
2007-05-30,0.5603330135345459,0.5683330297470093,0.5533329844474792,0.5683330297470093,0.5198506712913513,331650000,0.0,0.0
2007-05-31,0.5724999904632568,0.5808330178260803,0.569832980632782,0.5773329734802246,0.5280831456184387,481572000,0.0,0.0
2007-06-01,0.5838329792022705,0.5924999713897705,0.5803329944610596,0.5813329815864563,0.5317416191101074,429084000,0.0,0.0
2007-06-04,0.5759999752044678,0.5878329873085022,0.5736669898033142,0.5845000147819519,0.5346388220787048,322002000,0.0,0.0
2007-06-05,0.5861669778823853,0.6028329730033875,0.5851669907569885,0.6018329858779907,0.5504928827285767,698586000,0.0,0.0
2007-06-06,0.5976669788360596,0.6159999966621399,0.5951669812202454,0.6063330173492432,0.5546090602874756,950736000,0.0,0.0
2007-06-07,0.6035000085830688,0.612500011920929,0.5996670126914978,0.5998330116271973,0.5486636757850647,791862000,0.0,0.0
2007-06-08,0.5948330163955688,0.6100000143051147,0.5874999761581421,0.6091669797897339,0.5572012066841125,533268000,0.0,0.0
2007-06-11,0.6091669797897339,0.6150000095367432,0.6058329939842224,0.6113330125808716,0.5591827630996704,434634000,0.0,0.0
2007-06-12,0.6081669926643372,0.6166669726371765,0.6046670079231262,0.6050000190734863,0.5533900260925293,526770000,0.0,0.0
2007-06-13,0.6116669774055481,0.6196669936180115,0.603833019733429,0.6194999814033508,0.5666529536247253,587232000,0.0,0.0
2007-06-14,0.6166669726371765,0.6328330039978027,0.6158329844474792,0.6305000185966492,0.5767145752906799,508548000,0.0,0.0
2007-06-15,0.6376670002937317,0.6641669869422913,0.637499988079071,0.6591669917106628,0.6029361486434937,1081998000,0.0,0.0
2007-06-18,0.6658329963684082,0.668166995048523,0.6541669964790344,0.659500002861023,0.603240966796875,685662000,0.0,0.0
2007-06-19,0.6553329825401306,0.665166974067688,0.650833010673523,0.6636670231819153,0.6070523262023926,491952000,0.0,0.0
2007-06-20,0.6666669845581055,0.6700000166893005,0.6598330140113831,0.6643329858779907,0.6076613664627075,822792000,0.0,0.0
2007-06-21,0.6771669983863831,0.7221670150756836,0.671999990940094,0.7163329720497131,0.6552256345748901,1297326000,0.0,0.0
2007-06-22,0.7166669964790344,0.7311670184135437,0.7058330178260803,0.7269999980926514,0.6649824380874634,882618000,0.0,0.0
2007-06-25,0.7066670060157776,0.7239999771118164,0.7001670002937317,0.7078329920768738,0.6474505662918091,819702000,0.0,0.0
2007-06-26,0.7059999704360962,0.7080000042915344,0.6733329892158508,0.675000011920929,0.617418646812439,868482000,0.0,0.0
2007-06-27,0.675000011920929,0.6940000057220459,0.6716669797897339,0.693166971206665,0.6340358257293701,613140000,0.0,0.0
2007-06-28,0.6951670050621033,0.7073330283164978,0.6883329749107361,0.6998329758644104,0.6401329636573792,597534000,0.0,0.0
2007-06-29,0.7045000195503235,0.7046669721603394,0.6881669759750366,0.6884999871253967,0.6297670602798462,516570000,0.0,0.0
2007-07-02,0.6983330249786377,0.7174999713897705,0.6961669921875,0.7171670198440552,0.6559885740280151,563850000,0.0,0.0
2007-07-03,0.7166669964790344,0.7239999771118164,0.7108330130577087,0.7183330059051514,0.6570549607276917,238770000,0.0,0.0
2007-07-05,0.718500018119812,0.7283329963684082,0.7149999737739563,0.7260000109672546,0.6640679240226746,373290000,0.0,0.0
2007-07-06,0.7250000238418579,0.7323330044746399,0.7236670255661011,0.7294999957084656,0.6672693490982056,282720000,0.0,0.0
2007-07-09,0.7321670055389404,0.7541670203208923,0.7319999933242798,0.7506669759750366,0.6866306662559509,536784000,0.0,0.0
2007-07-10,0.7468330264091492,0.762499988079071,0.7388330101966858,0.7580000162124634,0.6933380961418152,552654000,0.0,0.0
2007-07-11,0.7578330039978027,0.7630000114440918,0.7441669702529907,0.7546669840812683,0.6902891397476196,582612000,0.0,0.0
2007-07-12,0.7599999904632568,0.7699999809265137,0.7546669840812683,0.7691670060157776,0.7035526037216187,438732000,0.0,0.0
2007-07-13,0.7670000195503235,0.7761669754981995,0.7636669874191284,0.7645000219345093,0.6992836594581604,372630000,0.0,0.0
2007-07-16,0.7651669979095459,0.781499981880188,0.7649999856948853,0.7783330082893372,0.7119365930557251,541710000,0.0,0.0
2007-07-17,0.781499981880188,0.7971670031547546,0.7743330001831055,0.7749999761581421,0.7088876962661743,643812000,0.0,0.0
2007-07-18,0.7638329863548279,0.7661669850349426,0.7458329796791077,0.7608330249786377,0.6959294080734253,550656000,0.0,0.0
2007-07-19,0.7716670036315918,0.7754999995231628,0.7546669840812683,0.7599999904632568,0.6951672434806824,407376000,0.0,0.0
2007-07-20,0.7649999856948853,0.7676669955253601,0.7480000257492065,0.7516670227050781,0.6875451803207397,505650000,0.0,0.0
2007-07-23,0.7490000128746033,0.7746670246124268,0.7473329901695251,0.7591670155525208,0.6944053173065186,360474000,0.0,0.0
2007-07-24,0.7561669945716858,0.762499988079071,0.734499990940094,0.7391669750213623,0.6761114001274109,457560000,0.0,0.0
2007-07-25,0.7393329739570618,0.7498329877853394,0.7186669707298279,0.7356669902801514,0.6729102730751038,437196000,0.0,0.0
2007-07-26,0.7278329730033875,0.7496669888496399,0.7179999947547913,0.7393329739570618,0.6762635707855225,710268000,0.0,0.0
2007-07-27,0.737500011920929,0.7714999914169312,0.7371670007705688,0.737500011920929,0.6745868921279907,615480000,0.0,0.0
2007-07-30,0.7401670217514038,0.7593330144882202,0.7400000095367432,0.758167028427124,0.6934908032417297,538158000,0.0,0.0
2007-07-31,0.7881669998168945,0.7988330125808716,0.761667013168335,0.7626670002937317,0.6976069211959839,711492000,0.0,0.0
2007-08-01,0.7516670227050781,0.7701669931411743,0.7216669917106628,0.7570000290870667,0.692423403263092,705828000,0.0,0.0
2007-08-02,0.7656670212745667,0.7663329839706421,0.7434999942779541,0.7536669969558716,0.6893747448921204,468606000,0.0,0.0
2007-08-03,0.7511669993400574,0.7566670179367065,0.708666980266571,0.7089999914169312,0.6485179662704468,623412000,0.0,0.0
2007-08-06,0.7149999737739563,0.7203329801559448,0.6949999928474426,0.7149999737739563,0.6540063619613647,524724000,0.0,0.0
2007-08-07,0.7149999737739563,0.7381669878959656,0.7055000066757202,0.7263330221176147,0.6643725633621216,565764000,0.0,0.0
2007-08-08,0.7394999861717224,0.7825000286102295,0.7338330149650574,0.7598329782485962,0.6950145959854126,660744000,0.0,0.0
2007-08-09,0.7649999856948853,0.7900000214576721,0.7475000023841858,0.7688329815864563,0.7032468318939209,1251834000,0.0,0.0
2007-08-10,0.7058330178260803,0.7381669878959656,0.6898329854011536,0.7331669926643372,0.6706234812736511,1141014000,0.0,0.0
2007-08-13,0.7390000224113464,0.7440000176429749,0.7099999785423279,0.7251669764518738,0.6633059978485107,700410000,0.0,0.0
2007-08-14,0.7301669716835022,0.7649999856948853,0.7279999852180481,0.7533329725265503,0.6890692114830017,1092174000,0.0,0.0
2007-08-15,0.7493330240249634,0.7599999904632568,0.7204999923706055,0.7214999794960022,0.6599517464637756,695142000,0.0,0.0
2007-08-16,0.7143329977989197,0.7195000052452087,0.675000011920929,0.7095000147819519,0.6489754319190979,780030000,0.0,0.0
2007-08-17,0.7291669845581055,0.7519999742507935,0.7064999938011169,0.7513329982757568,0.6872397661209106,728712000,0.0,0.0
2007-08-20,0.7518330216407776,0.7599999904632568,0.7391669750213623,0.7483329772949219,0.6844958066940308,519684000,0.0,0.0
2007-08-21,0.7528330087661743,0.7948330044746399,0.7416669726371765,0.7888330221176147,0.7215407490730286,715338000,0.0,0.0
2007-08-22,0.8088330030441284,0.8115000128746033,0.7925000190734863,0.806833028793335,0.738005518913269,566154000,0.0,0.0
2007-08-23,0.8106669783592224,0.8201670050621033,0.796500027179718,0.800000011920929,0.7317553162574768,667986000,0.0,0.0
2007-08-24,0.7976670265197754,0.805666983127594,0.7918329834938049,0.8041669726371765,0.7355666756629944,361644000,0.0,0.0
2007-08-27,0.8041669726371765,0.8308330178260803,0.8004999756813049,0.8223329782485962,0.7521831393241882,635946000,0.0,0.0
2007-08-28,0.824999988079071,0.8283330202102661,0.7703329920768738,0.7721670269966125,0.7062966227531433,560022000,0.0,0.0
2007-08-29,0.788332998752594,0.8169999718666077,0.786666989326477,0.8159999847412109,0.7463904619216919,538560000,0.0,0.0
2007-08-30,0.8081669807434082,0.8314999938011169,0.8078330159187317,0.8113330006599426,0.7421214580535889,465660000,0.0,0.0
2007-08-31,0.8283330202102661,0.8558329939842224,0.8238329887390137,0.852666974067688,0.7799296379089355,720834000,0.0,0.0
2007-09-04,0.8565000295639038,0.8826670050621033,0.8431670069694519,0.8790000081062317,0.8040159344673157,683268000,0.0,0.0
2007-09-05,0.8751670122146606,0.8999999761581421,0.8716670274734497,0.8723329901695251,0.797917902469635,656274000,0.0,0.0
2007-09-06,0.883167028427124,0.8911669850349426,0.8725000023841858,0.8761669993400574,0.801424503326416,425496000,0.0,0.0
2007-09-07,0.8518329858779907,0.8606669902801514,0.8278329968452454,0.8441669940948486,0.7721545696258545,602304000,0.0,0.0
2007-09-10,0.862500011920929,0.8774999976158142,0.8395000100135803,0.8464999794960022,0.7742882966995239,872112000,0.0,0.0
2007-09-11,0.8567500114440918,0.8709999918937683,0.8477500081062317,0.8644999861717224,0.7907530069351196,405424000,0.0,1.5
2007-09-12,0.8737499713897705,0.878000020980835,0.8220000267028809,0.8305000066757202,0.7596533894538879,554452000,0.0,0.0
2007-09-13,0.8462499976158142,0.8472499847412109,0.8247500061988831,0.8307499885559082,0.7598819732666016,452864000,0.0,0.0
2007-09-14,0.8224999904632568,0.8234999775886536,0.8037499785423279,0.8062499761581421,0.7374720573425293,487308000,0.0,0.0
2007-09-17,0.8075000047683716,0.8159999847412109,0.7957500219345093,0.8044999837875366,0.7358712553977966,374828000,0.0,0.0
2007-09-18,0.8130000233650208,0.887499988079071,0.8117499947547913,0.875,0.8003571629524231,844740000,0.0,0.0
2007-09-19,0.8830000162124634,0.8999999761581421,0.8504999876022339,0.859000027179718,0.7857219576835632,521360000,0.0,0.0
2007-09-20,0.859499990940094,0.8687499761581421,0.8445000052452087,0.8539999723434448,0.7811486721038818,324172000,0.0,0.0
2007-09-21,0.862500011920929,0.875,0.8539999723434448,0.8622499704360962,0.7886949181556702,457532000,0.0,0.0
2007-09-24,0.8675000071525574,0.8974999785423279,0.8612499833106995,0.8842499852180481,0.8088181614875793,456360000,0.0,0.0
2007-09-25,0.8790000081062317,0.8992499709129333,0.8765000104904175,0.8955000042915344,0.8191085457801819,360748000,0.0,0.0
2007-09-26,0.8999999761581421,0.918749988079071,0.8977500200271606,0.9167500138282776,0.8385459780693054,518032000,0.0,0.0
2007-09-27,0.9254999756813049,0.9300000071525574,0.9097499847412109,0.9194999933242798,0.8410611748695374,378280000,0.0,0.0
2007-09-28,0.925000011920929,0.9282500147819519,0.9039999842643738,0.906000018119812,0.8287127017974854,404292000,0.0,0.0
2007-10-01,0.9137499928474426,0.9487500190734863,0.9127500057220459,0.9442499876022339,0.8636996746063232,398200000,0.0,0.0
2007-10-02,0.9419999718666077,0.9437500238418579,0.921500027179718,0.9352499842643738,0.8554675579071045,284960000,0.0,0.0
2007-10-03,0.918749988079071,0.918749988079071,0.8807500004768372,0.8955000042915344,0.8191085457801819,467196000,0.0,0.0
2007-10-04,0.8945000171661377,0.9047499895095825,0.8687499761581421,0.8995000123977661,0.822767436504364,378976000,0.0,0.0
2007-10-05,0.9137499928474426,0.9282500147819519,0.9039999842643738,0.9232500195503235,0.8444912433624268,344840000,0.0,0.0
2007-10-08,0.9297500252723694,0.9397500157356262,0.918749988079071,0.9382500052452087,0.8582120537757874,252484000,0.0,0.0
2007-10-09,0.9382500052452087,0.9424999952316284,0.9079999923706055,0.921750009059906,0.843119204044342,403008000,0.0,0.0
2007-10-10,0.9279999732971191,0.9279999732971191,0.9004999995231628,0.9227499961853027,0.8440340161323547,389136000,0.0,0.0
2007-10-11,0.9142500162124634,0.9257500171661377,0.871749997138977,0.8817499876022339,0.8065314888954163,529104000,0.0,0.0
2007-10-12,0.8914999961853027,0.903249979019165,0.8777499794960022,0.903249979019165,0.8261975049972534,409952000,0.0,0.0
2007-10-15,0.90625,0.921500027179718,0.9020000100135803,0.9097499847412109,0.8321428894996643,355900000,0.0,0.0
2007-10-16,0.9087499976158142,0.934249997138977,0.9054999947547913,0.9179999828338623,0.8396891355514526,276360000,0.0,0.0
2007-10-17,0.9537500143051147,0.9912499785423279,0.952750027179718,0.9884999990463257,0.9041748642921448,717944000,0.0,0.0
2007-10-18,0.9852499961853027,0.9917500019073486,0.9605000019073486,0.9877499938011169,0.9034889936447144,340620000,0.0,0.0
2007-10-19,0.9854999780654907,0.9860000014305115,0.934499979019165,0.9347500205039978,0.8550102114677429,505768000,0.0,0.0
2007-10-22,0.9287499785423279,0.9810000061988831,0.9212499856948853,0.9789999723434448,0.8954854011535645,537656000,0.0,0.0
2007-10-23,0.9917500019073486,0.9917500019073486,0.9570000171661377,0.9837499856948853,0.8998301029205322,294292000,0.0,0.0
2007-10-24,0.9624999761581421,0.9624999761581421,0.9037500023841858,0.9505000114440918,0.8694166541099548,565500000,0.0,0.0
2007-10-25,0.9212499856948853,0.9300000071525574,0.8397499918937683,0.8675000071525574,0.7934969067573547,806192000,0.0,0.0
2007-10-26,0.8949999809265137,0.9010000228881836,0.8475000262260437,0.8600000143051147,0.7866371870040894,616580000,0.0,0.0
2007-10-29,0.8305000066757202,0.84375,0.8140000104904175,0.8397499918937683,0.7681141495704651,813896000,0.0,0.0
2007-10-30,0.8464999794960022,0.8882499933242798,0.8324999809265137,0.8705000281333923,0.7962411642074585,525212000,0.0,0.0
2007-10-31,0.8757500052452087,0.8849999904632568,0.8485000133514404,0.8845000267028809,0.8090465664863586,455188000,0.0,0.0
2007-11-01,0.8707500100135803,0.9022499918937683,0.8587499856948853,0.8845000267028809,0.8090465664863586,587236000,0.0,0.0
2007-11-02,0.8967499732971191,0.925000011920929,0.8842499852180481,0.9185000061988831,0.8401464819908142,491844000,0.0,0.0
2007-11-05,0.9107499718666077,0.940500020980835,0.9049999713897705,0.9185000061988831,0.8401464819908142,436636000,0.0,0.0
2007-11-06,0.9272500276565552,0.9549999833106995,0.9229999780654907,0.9474999904632568,0.8666725158691406,554620000,0.0,0.0
2007-11-07,0.9470000267028809,0.9507499933242798,0.8949999809265137,0.9024999737739563,0.8255113363265991,546768000,0.0,0.0
2007-11-08,0.893750011920929,0.9100000262260437,0.8202499747276306,0.8460000157356262,0.773831307888031,996824000,0.0,0.0
2007-11-09,0.8637499809265137,0.8700000047683716,0.8162500262260437,0.8339999914169312,0.7628546357154846,871056000,0.0,0.0
2007-11-12,0.8337500095367432,0.8397499918937683,0.7507500052452087,0.7507500052452087,0.68670654296875,715732000,0.0,0.0
2007-11-13,0.7630000114440918,0.8177499771118164,0.7507500052452087,0.8169999718666077,0.7473052144050598,726696000,0.0,0.0
2007-11-14,0.8377500176429749,0.8457499742507935,0.800000011920929,0.8042500019073486,0.7356427311897278,666720000,0.0,0.0
2007-11-15,0.7990000247955322,0.8065000176429749,0.7749999761581421,0.7935000061988831,0.7258095145225525,496436000,0.0,0.0
2007-11-16,0.800000011920929,0.8134999871253967,0.7935000061988831,0.8112499713897705,0.7420456409454346,423592000,0.0,0.0
2007-11-19,0.7997499704360962,0.8037499785423279,0.7522500157356262,0.7565000057220459,0.6919659972190857,568412000,0.0,0.0
2007-11-20,0.7707499861717224,0.7720000147819519,0.7277500033378601,0.7507500052452087,0.68670654296875,622628000,0.0,0.0
2007-11-21,0.7350000143051147,0.7605000138282776,0.7327499985694885,0.7427499890327454,0.6793888211250305,648452000,0.0,0.0
2007-11-23,0.7480000257492065,0.7587500214576721,0.7384999990463257,0.7555000185966492,0.6910514831542969,141976000,0.0,0.0
2007-11-26,0.7549999952316284,0.7705000042915344,0.7365000247955322,0.7379999756813049,0.6750441789627075,385896000,0.0,0.0
2007-11-27,0.7484999895095825,0.7720000147819519,0.7427499890327454,0.7697499990463257,0.7040858864784241,458856000,0.0,0.0
2007-11-28,0.7940000295639038,0.8322499990463257,0.7902500033378601,0.8212500214576721,0.7511926889419556,574548000,0.0,0.0
2007-11-29,0.8199999928474426,0.8525000214576721,0.8165000081062317,0.828000009059906,0.7573667764663696,489084000,0.0,0.0
2007-11-30,0.8550000190734863,0.8550000190734863,0.7860000133514404,0.7885000109672546,0.721235990524292,652656000,0.0,0.0
2007-12-03,0.800000011920929,0.8147500157356262,0.7877500057220459,0.800000011920929,0.7317553162574768,490688000,0.0,0.0
2007-12-04,0.8034999966621399,0.8062499761581421,0.7837499976158142,0.7992500066757202,0.7310692071914673,371712000,0.0,0.0
2007-12-05,0.8297500014305115,0.856249988079071,0.8195000290870667,0.840749979019165,0.7690290808677673,666704000,0.0,0.0
2007-12-06,0.8387500047683716,0.8604999780654907,0.831250011920929,0.8577499985694885,0.7845788598060608,371152000,0.0,0.0
2007-12-07,0.8612499833106995,0.8622499704360962,0.8382499814033508,0.847000002861023,0.7747460603713989,320292000,0.0,0.0
2007-12-10,0.8497499823570251,0.8662499785423279,0.8472499847412109,0.856249988079071,0.7832068800926208,336360000,0.0,0.0
2007-12-11,0.8744999766349792,0.890500009059906,0.8552500009536743,0.8572499752044678,0.7841213941574097,582436000,0.0,0.0
2007-12-12,0.8934999704360962,0.9022499918937683,0.8694999814033508,0.8867499828338623,0.8111048340797424,617504000,0.0,0.0
2007-12-13,0.8759999871253967,0.8817499876022339,0.8370000123977661,0.862500011920929,0.7889236211776733,500364000,0.0,0.0
2007-12-14,0.8585000038146973,0.8862500190734863,0.8527500033378601,0.8767499923706055,0.8019581437110901,354016000,0.0,0.0
2007-12-17,0.8675000071525574,0.8757500052452087,0.8299999833106995,0.8320000171661377,0.7610256671905518,507408000,0.0,0.0
2007-12-18,0.8447499871253967,0.862500011920929,0.8362500071525574,0.8532500267028809,0.7804625034332275,396896000,0.0,0.0
2007-12-19,0.8502500057220459,0.8692499995231628,0.846750020980835,0.8612499833106995,0.7877804040908813,253536000,0.0,0.0
2007-12-20,0.875,0.8812500238418579,0.8567500114440918,0.8792499899864197,0.8042446970939636,279940000,0.0,0.0
2007-12-21,0.8897500038146973,0.8974999785423279,0.8709999918937683,0.8790000081062317,0.8040159344673157,433408000,0.0,0.0
2007-12-24,0.8855000138282776,0.8987500071525574,0.8790000081062317,0.8945000171661377,0.8181939125061035,104008000,0.0,0.0
2007-12-26,0.8962500095367432,0.906499981880188,0.887499988079071,0.906499981880188,0.8291702270507812,215340000,0.0,0.0
2007-12-27,0.9049999713897705,0.9100000262260437,0.8762500286102295,0.8784999847412109,0.8035587072372437,241368000,0.0,0.0
2007-12-28,0.8769999742507935,0.887499988079071,0.8622499704360962,0.8697500228881836,0.7955552339553833,262064000,0.0,0.0
2007-12-31,0.8627499938011169,0.8784999847412109,0.8502500057220459,0.8504999876022339,0.7779473066329956,276236000,0.0,0.0
2008-01-02,0.8529999852180481,0.856249988079071,0.8140000104904175,0.8252500295639038,0.7548511028289795,483964000,0.0,0.0
2008-01-03,0.8299999833106995,0.8464999794960022,0.815750002861023,0.8187500238418579,0.7489060759544373,475308000,0.0,0.0
2008-01-04,0.7942500114440918,0.7982500195503235,0.7450000047683716,0.75,0.6860204935073853,736092000,0.0,0.0
2008-01-07,0.7549999952316284,0.7612500190734863,0.6587499976158142,0.6725000143051147,0.6151320338249207,1006800000,0.0,0.0
2008-01-08,0.6762499809265137,0.7322499752044678,0.6604999899864197,0.6867499947547913,0.6281660199165344,1106956000,0.0,0.0
2008-01-09,0.6959999799728394,0.7225000262260437,0.6857500076293945,0.7222499847412109,0.6606376767158508,741036000,0.0,0.0
2008-01-10,0.7024999856948853,0.718500018119812,0.6932500004768372,0.7072499990463257,0.646917462348938,554432000,0.0,0.0
2008-01-11,0.690500020980835,0.7049999833106995,0.6712499856948853,0.6762499809265137,0.6185616254806519,572612000,0.0,0.0
2008-01-14,0.6862499713897705,0.7222499847412109,0.6752499938011169,0.7212499976158142,0.6597232222557068,539188000,0.0,0.0
2008-01-15,0.6937500238418579,0.7020000219345093,0.656499981880188,0.6682500243186951,0.6112443208694458,725692000,0.0,0.0
2008-01-16,0.6262500286102295,0.6340000033378601,0.5789999961853027,0.5927500128746033,0.5421847105026245,1464472000,0.0,0.0
2008-01-17,0.6019999980926514,0.6179999709129333,0.5809999704360962,0.5824999809265137,0.532809317111969,1133900000,0.0,0.0
2008-01-18,0.5842499732971191,0.6242499947547913,0.5630000233650208,0.6209999918937683,0.5680249333381653,920428000,0.0,0.0
2008-01-22,0.5617499947547913,0.6044999957084656,0.5582500100135803,0.5899999737739563,0.5396694540977478,709092000,0.0,0.0
2008-01-23,0.5659999847412109,0.6184999942779541,0.5605000257492065,0.6007500290870667,0.5495023131370544,929880000,0.0,0.0
2008-01-24,0.612500011920929,0.6470000147819519,0.6067500114440918,0.6467499732971191,0.5915784239768982,597092000,0.0,0.0
2008-01-25,0.671500027179718,0.6865000128746033,0.6207500100135803,0.6237499713897705,0.5705402493476868,688012000,0.0,0.0
2008-01-28,0.6215000152587891,0.6277499794960022,0.6029999852180481,0.6162499785423279,0.5636802315711975,577608000,0.0,0.0
2008-01-29,0.6272500157356262,0.6377500295639038,0.6110000014305115,0.6352499723434448,0.5810595154762268,414484000,0.0,0.0
2008-01-30,0.625,0.6392499804496765,0.6117500066757202,0.6297500133514404,0.5760284066200256,530476000,0.0,0.0
2008-01-31,0.6159999966621399,0.6262500286102295,0.5957499742507935,0.6147500276565552,0.5623082518577576,588708000,0.0,0.0
2008-02-01,0.6134999990463257,0.675000011920929,0.6082500219345093,0.671500027179718,0.6142169237136841,593104000,0.0,0.0
2008-02-04,0.6859999895095825,0.6897500157356262,0.6470000147819519,0.6504999995231628,0.5950081944465637,565128000,0.0,0.0
2008-02-05,0.637499988079071,0.6377500295639038,0.609499990940094,0.609749972820282,0.5577347278594971,494928000,0.0,0.0
2008-02-06,0.6162499785423279,0.6332499980926514,0.5964999794960022,0.6077499985694885,0.555905282497406,557380000,0.0,0.0
2008-02-07,0.5902500152587891,0.6309999823570251,0.5774999856948853,0.6137499809265137,0.5613935589790344,664128000,0.0,0.0
2008-02-08,0.6079999804496765,0.6294999718666077,0.6000000238418579,0.624750018119812,0.5714551210403442,393932000,0.0,0.0
2008-02-11,0.6299999952316284,0.640250027179718,0.6225000023841858,0.6267499923706055,0.5732844471931458,503732000,0.0,0.0
2008-02-12,0.6362500190734863,0.6589999794960022,0.6327499747276306,0.6499999761581421,0.594551146030426,609688000,0.0,0.0
2008-02-13,0.6549999713897705,0.6775000095367432,0.6480000019073486,0.6754999756813049,0.6178759336471558,742312000,0.0,0.0
2008-02-14,0.6557499766349792,0.65625,0.5637500286102295,0.5652499794960022,0.5170308351516724,2184296000,0.0,0.0
2008-02-15,0.5630000233650208,0.578249990940094,0.5477499961853027,0.5567499995231628,0.50925612449646,817364000,0.0,0.0
2008-02-19,0.5669999718666077,0.5680000185966492,0.543749988079071,0.5485000014305115,0.5017096400260925,558608000,0.0,0.0
2008-02-20,0.5325000286102295,0.5525000095367432,0.5302500128746033,0.5444999933242798,0.49805086851119995,759016000,0.0,0.0
2008-02-21,0.550000011920929,0.5527499914169312,0.5289999842643738,0.5322499871253967,0.4868457615375519,644272000,0.0,0.0
2008-02-22,0.5364999771118164,0.5590000152587891,0.5325000286102295,0.5580000281333923,0.5103994011878967,723052000,0.0,0.0
2008-02-25,0.5575000047683716,0.5640000104904175,0.5429999828338623,0.5577499866485596,0.5101706981658936,671784000,0.0,0.0
2008-02-26,0.5544999837875366,0.5709999799728394,0.5460000038146973,0.5625,0.5145155787467957,565420000,0.0,0.0
2008-02-27,0.5597500205039978,0.5757499933242798,0.5562499761581421,0.5712500214576721,0.522519052028656,537816000,0.0,0.0
2008-02-28,0.5662500262260437,0.5672500133514404,0.5497499704360962,0.5497499704360962,0.5028529763221741,503608000,0.0,0.0
2008-02-29,0.5407500267028809,0.5479999780654907,0.5325000286102295,0.5347499847412109,0.48913249373435974,540576000,0.0,0.0
2008-03-03,0.5339999794960022,0.5377500057220459,0.5214999914169312,0.5285000205039978,0.48341572284698486,449028000,0.0,0.0
2008-03-04,0.5249999761581421,0.5260000228881836,0.5027499794960022,0.5232499837875366,0.4786134958267212,778888000,0.0,0.0
2008-03-05,0.528249979019165,0.5417500138282776,0.5227500200271606,0.5292500257492065,0.4841017425060272,644656000,0.0,0.0
2008-03-06,0.5227500200271606,0.5262500047683716,0.49524998664855957,0.4959999918937683,0.45368826389312744,1075284000,0.0,0.0
2008-03-07,0.4869999885559082,0.5080000162124634,0.4749999940395355,0.48875001072883606,0.44705674052238464,767500000,0.0,0.0
2008-03-10,0.4827499985694885,0.48875001072883606,0.46000000834465027,0.460750013589859,0.4214453101158142,776100000,0.0,0.0
2008-03-11,0.4749999940395355,0.4807499945163727,0.4560000002384186,0.47600001096725464,0.4353943467140198,857940000,0.0,0.0
2008-03-12,0.4805000126361847,0.48475000262260437,0.45899999141693115,0.46299999952316284,0.4235033392906189,743320000,0.0,0.0
2008-03-13,0.4557499885559082,0.49950000643730164,0.453000009059906,0.4925000071525574,0.45048683881759644,1220528000,0.0,0.0
2008-03-14,0.4950000047683716,0.49549999833106995,0.4544999897480011,0.4580000042915344,0.4189298748970032,1154972000,0.0,0.0
2008-03-17,0.43799999356269836,0.4620000123977661,0.43274998664855957,0.4465000033378601,0.40841084718704224,800952000,0.0,0.0
2008-03-18,0.4569999873638153,0.4749999940395355,0.4440000057220459,0.4742499887943268,0.4337936341762543,1075256000,0.0,0.0
2008-03-19,0.4632500112056732,0.46974998712539673,0.4415000081062317,0.4415000081062317,0.4038374125957489,880476000,0.0,0.0
2008-03-20,0.4467499852180481,0.46399998664855957,0.4387499988079071,0.46299999952316284,0.4235033392906189,633460000,0.0,0.0
2008-03-24,0.47325000166893005,0.5034999847412109,0.4715000092983246,0.5007500052452087,0.4580330550670624,887440000,0.0,0.0
2008-03-25,0.503000020980835,0.5174999833106995,0.49825000762939453,0.5080000162124634,0.4646645784378052,735388000,0.0,0.0
2008-03-26,0.5012500286102295,0.5047500133514404,0.48625001311302185,0.49175000190734863,0.4498008191585541,721652000,0.0,0.0
2008-03-27,0.484250009059906,0.49799999594688416,0.476749986410141,0.48475000262260437,0.4433979392051697,601308000,0.0,0.0
2008-03-28,0.4934999942779541,0.5047500133514404,0.4884999990463257,0.492000013589859,0.4500293731689453,561788000,0.0,0.0
2008-03-31,0.4972499907016754,0.5065000057220459,0.4884999990463257,0.4947499930858612,0.4525449275970459,569992000,0.0,0.0
2008-04-01,0.5095000267028809,0.5262500047683716,0.5022500157356262,0.5249999761581421,0.4802144765853882,676872000,0.0,0.0
2008-04-02,0.5264999866485596,0.5264999866485596,0.5049999952316284,0.5090000033378601,0.46557924151420593,616536000,0.0,0.0
2008-04-03,0.5047500133514404,0.5055000185966492,0.48475000262260437,0.49950000643730164,0.4568895697593689,841984000,0.0,0.0
2008-04-04,0.4894999861717224,0.492000013589859,0.46825000643730164,0.46950000524520874,0.42944878339767456,1535528000,0.0,0.0
2008-04-07,0.48100000619888306,0.4880000054836273,0.47699999809265137,0.4807499945163727,0.4397391378879547,729496000,0.0,0.0
2008-04-08,0.4749999940395355,0.4934999942779541,0.4749999940395355,0.4779999852180481,0.4372238516807556,639476000,0.0,0.0
2008-04-09,0.48350000381469727,0.4925000071525574,0.4790000021457672,0.48750001192092896,0.4459134340286255,675232000,0.0,0.0
2008-04-10,0.49274998903274536,0.5127500295639038,0.48225000500679016,0.4970000088214874,0.4546028971672058,1092184000,0.0,0.0
2008-04-11,0.48750001192092896,0.49050000309944153,0.46024999022483826,0.4632500112056732,0.4237320125102997,1106280000,0.0,0.0
2008-04-14,0.46149998903274536,0.4625000059604645,0.4449999928474426,0.4477500021457672,0.40955427289009094,780004000,0.0,0.0
2008-04-15,0.44999998807907104,0.4547500014305115,0.4402500092983246,0.453000009059906,0.4143563508987427,439916000,0.0,0.0
2008-04-16,0.4702500104904175,0.47699999809265137,0.4620000123977661,0.47099998593330383,0.43082088232040405,646836000,0.0,0.0
2008-04-17,0.4492500126361847,0.4662500023841858,0.4490000009536743,0.4645000100135803,0.42487531900405884,596968000,0.0,0.0
2008-04-18,0.47874999046325684,0.4830000102519989,0.4690000116825104,0.4754999876022339,0.4349370002746582,573540000,0.0,0.0
2008-04-21,0.4717499911785126,0.5,0.4717499911785126,0.49674999713897705,0.4543742835521698,679892000,0.0,0.0
2008-04-22,0.48774999380111694,0.49300000071525574,0.47699999809265137,0.48750001192092896,0.4459134340286255,587668000,0.0,0.0
2008-04-23,0.49424999952316284,0.5164999961853027,0.48774999380111694,0.5109999775886536,0.4674086272716522,1020496000,0.0,0.0
2008-04-24,0.5139999985694885,0.5164999961853027,0.49125000834465027,0.4987500011920929,0.4562036395072937,655764000,0.0,0.0
2008-04-25,0.5034999847412109,0.5049999952316284,0.48774999380111694,0.5037500262260437,0.46077725291252136,552208000,0.0,0.0
2008-04-28,0.5015000104904175,0.5090000033378601,0.49274998903274536,0.4947499930858612,0.4525449275970459,535700000,0.0,0.0
2008-04-29,0.4892500042915344,0.5112500190734863,0.4892500042915344,0.5049999952316284,0.4619205594062805,573408000,0.0,0.0
2008-04-30,0.5109999775886536,0.5192499756813049,0.5074999928474426,0.5137500166893005,0.46992403268814087,1068320000,0.0,0.0
2008-05-01,0.5199999809265137,0.5387499928474426,0.5174999833106995,0.5375000238418579,0.4916480779647827,1014624000,0.0,0.0
2008-05-02,0.5522500276565552,0.5630000233650208,0.5440000295639038,0.5630000233650208,0.5149728059768677,1131016000,0.0,0.0
2008-05-05,0.559249997138977,0.5617499947547913,0.5477499961853027,0.5490000247955322,0.5021671056747437,943392000,0.0,0.0
2008-05-06,0.5475000143051147,0.5644999742507935,0.5389999747276306,0.5632500052452087,0.5152014493942261,729036000,0.0,0.0
2008-05-07,0.5647500157356262,0.5722500085830688,0.5454999804496765,0.5502499938011169,0.5033106207847595,715632000,0.0,0.0
2008-05-08,0.5544999837875366,0.5562499761581421,0.5252500176429749,0.5487499833106995,0.5019381046295166,1360000000,0.0,0.0
2008-05-09,0.5502499938011169,0.5857499837875366,0.5492500066757202,0.5632500052452087,0.5152014493942261,2030352000,0.0,0.0
2008-05-12,0.5705000162124634,0.5705000162124634,0.5417500138282776,0.547249972820282,0.5005662441253662,1006652000,0.0,0.0
2008-05-13,0.550000011920929,0.550000011920929,0.5320000052452087,0.5360000133514404,0.49027594923973083,854108000,0.0,0.0
2008-05-14,0.5427500009536743,0.5659999847412109,0.5360000133514404,0.5517500042915344,0.5046824216842651,751148000,0.0,0.0
2008-05-15,0.5504999756813049,0.597000002861023,0.5479999780654907,0.5945000052452087,0.5437857508659363,1165464000,0.0,0.0
2008-05-16,0.6044999957084656,0.6115000247955322,0.590749979019165,0.6102499961853027,0.5581920742988586,1091556000,0.0,0.0
2008-05-19,0.6104999780654907,0.6327499747276306,0.5932499766349792,0.5975000262260437,0.5465295910835266,1158532000,0.0,0.0
2008-05-20,0.581250011920929,0.5879999995231628,0.5752500295639038,0.5820000171661377,0.5323519110679626,771404000,0.0,0.0
2008-05-21,0.5835000276565552,0.6060000061988831,0.5759999752044678,0.5772500038146973,0.5280070900917053,1066660000,0.0,0.0
2008-05-22,0.5855000019073486,0.5960000157356262,0.5762500166893005,0.5912500023841858,0.5408126711845398,693108000,0.0,0.0
2008-05-23,0.5902500152587891,0.5950000286102295,0.5692499876022339,0.577750027179718,0.5284647345542908,802672000,0.0,0.0
2008-05-27,0.5787500143051147,0.5847499966621399,0.5677499771118164,0.5839999914169312,0.5341813564300537,832856000,0.0,0.0
2008-05-28,0.6000000238418579,0.6014999747276306,0.5827500224113464,0.5895000100135803,0.5392119884490967,751736000,0.0,0.0
2008-05-29,0.5897499918937683,0.590749979019165,0.5772500038146973,0.5879999995231628,0.5378403067588806,693460000,0.0,0.0
2008-05-30,0.6047499775886536,0.6194999814033508,0.6029999852180481,0.6175000071525574,0.5648236274719238,830244000,0.0,0.0
2008-06-02,0.6175000071525574,0.624750018119812,0.6107500195503235,0.6200000047683716,0.5671103596687317,734660000,0.0,0.0
2008-06-03,0.621999979019165,0.6230000257492065,0.5917500257492065,0.5989999771118164,0.5479016900062561,840696000,0.0,0.0
2008-06-04,0.5857499837875366,0.6072499752044678,0.5824999809265137,0.6060000061988831,0.5543047189712524,831724000,0.0,0.0
2008-06-05,0.6269999742507935,0.6337500214576721,0.6142500042915344,0.6212499737739563,0.5682535767555237,827860000,0.0,0.0
2008-06-06,0.6137499809265137,0.6144999861717224,0.5979999899864197,0.6014999747276306,0.550188422203064,784876000,0.0,0.0
2008-06-09,0.5979999899864197,0.606249988079071,0.5802500247955322,0.5922499895095825,0.541727602481842,637916000,0.0,0.0
2008-06-10,0.5762500166893005,0.5770000219345093,0.5534999966621399,0.5572500228881836,0.5097132325172424,1225208000,0.0,0.0
2008-06-11,0.5572500228881836,0.5707499980926514,0.5304999947547913,0.53125,0.4859310984611511,999428000,0.0,0.0
2008-06-12,0.5432500243186951,0.5537499785423279,0.5299999713897705,0.534500002861023,0.4889041483402252,825992000,0.0,0.0
2008-06-13,0.5352500081062317,0.5414999723434448,0.5170000195503235,0.5327500104904175,0.48730334639549255,705748000,0.0,0.0
2008-06-16,0.5270000100135803,0.5320000052452087,0.5212500095367432,0.5254999995231628,0.4806716740131378,630496000,0.0,0.0
2008-06-17,0.5329999923706055,0.5332499742507935,0.5115000009536743,0.5127500295639038,0.4690093994140625,687912000,0.0,0.0
2008-06-18,0.5074999928474426,0.5249999761581421,0.4894999861717224,0.49775001406669617,0.45528894662857056,1065272000,0.0,0.0
2008-06-19,0.5005000233650208,0.5074999928474426,0.484499990940094,0.4964999854564667,0.45414572954177856,784928000,0.0,0.0
2008-06-20,0.4855000078678131,0.49950000643730164,0.48524999618530273,0.49399998784065247,0.4518589377403259,741008000,0.0,0.0
2008-06-23,0.49775001406669617,0.49825000762939453,0.4794999957084656,0.48374998569488525,0.44248318672180176,776616000,0.0,0.0
2008-06-24,0.48100000619888306,0.5112500190734863,0.48100000619888306,0.4997499883174896,0.45711836218833923,1078928000,0.0,0.0
2008-06-25,0.5074999928474426,0.5112500190734863,0.4945000112056732,0.5024999976158142,0.45963385701179504,900976000,0.0,0.0
2008-06-26,0.48750001192092896,0.49125000834465027,0.476749986410141,0.476749986410141,0.4360803961753845,845532000,0.0,0.0
2008-06-27,0.47874999046325684,0.48475000262260437,0.46775001287460327,0.4819999933242798,0.44088247418403625,584140000,0.0,0.0
2008-06-30,0.476500004529953,0.4807499945163727,0.4647499918937683,0.46799999475479126,0.428076833486557,653940000,0.0,0.0
2008-07-01,0.4625000059604645,0.46924999356269836,0.45399999618530273,0.46875,0.42876291275024414,881464000,0.0,0.0
2008-07-02,0.46650001406669617,0.46950000524520874,0.44999998807907104,0.4507499933242798,0.41229844093322754,763196000,0.0,0.0
2008-07-03,0.3244999945163727,0.328249990940094,0.3100000023841858,0.3122499883174896,0.2856132388114929,2987520000,0.0,0.0
2008-07-07,0.31700000166893005,0.3190000057220459,0.2939999997615814,0.30250000953674316,0.27669501304626465,2202692000,0.0,0.0
2008-07-08,0.304500013589859,0.31200000643730164,0.29499998688697815,0.3007499873638153,0.275094211101532,1805288000,0.0,0.0
2008-07-09,0.30149999260902405,0.3059999942779541,0.2955000102519989,0.2955000102519989,0.2702920138835907,1413168000,0.0,0.0
2008-07-10,0.296999990940094,0.3005000054836273,0.289249986410141,0.29475000500679016,0.26960599422454834,1056992000,0.0,0.0
2008-07-11,0.2887499928474426,0.29899999499320984,0.28299999237060547,0.2917500138282776,0.2668619453907013,807760000,0.0,0.0
2008-07-14,0.2939999997615814,0.29624998569488525,0.27649998664855957,0.2784999907016754,0.254742294549942,882316000,0.0,0.0
2008-07-15,0.2759999930858612,0.28725001215934753,0.26750001311302185,0.2815000116825104,0.25748640298843384,1122484000,0.0,0.0
2008-07-16,0.2824999988079071,0.2904999852180481,0.2747499942779541,0.28299999237060547,0.2588583827018738,1034392000,0.0,0.0
2008-07-17,0.2874999940395355,0.2874999940395355,0.27300000190734863,0.2840000092983246,0.2597731351852417,862080000,0.0,0.0
2008-07-18,0.28200000524520874,0.29074999690055847,0.27399998903274536,0.289000004529953,0.2643465995788574,899720000,0.0,0.0
2008-07-21,0.29350000619888306,0.29774999618530273,0.28824999928474426,0.29074999690055847,0.26594722270965576,571636000,0.0,0.0
2008-07-22,0.2879999876022339,0.289249986410141,0.27900001406669617,0.28450000286102295,0.2602304220199585,555924000,0.0,0.0
2008-07-23,0.2865000069141388,0.29600000381469727,0.2852500081062317,0.2930000126361847,0.2680054306983948,594876000,0.0,0.0
2008-07-24,0.28999999165534973,0.2927500009536743,0.2750000059604645,0.2757500112056732,0.2522267997264862,705628000,0.0,0.0
2008-07-25,0.2784999907016754,0.28999999165534973,0.27274999022483826,0.289000004529953,0.2643465995788574,1039600000,0.0,0.0
2008-07-28,0.2852500081062317,0.29774999618530273,0.2840000092983246,0.28824999928474426,0.2636605203151703,734808000,0.0,0.0
2008-07-29,0.2887499928474426,0.2985000014305115,0.2854999899864197,0.29124999046325684,0.2664046585559845,764636000,0.0,0.0
2008-07-30,0.296999990940094,0.29750001430511475,0.28049999475479126,0.28700000047683716,0.26251715421676636,588492000,0.0,0.0
2008-07-31,0.2862499952316284,0.29225000739097595,0.28299999237060547,0.28600001335144043,0.2616025507450104,487236000,0.0,0.0
2008-08-01,0.2784999907016754,0.27950000762939453,0.26750001311302185,0.2709999978542328,0.24788202345371246,881060000,0.0,0.0
2008-08-04,0.2709999978542328,0.27250000834465027,0.26374998688697815,0.2644999921321869,0.2419365644454956,522052000,0.0,0.0
2008-08-05,0.2694999873638153,0.2797499895095825,0.26649999618530273,0.2797499895095825,0.25588569045066833,685844000,0.0,0.0
2008-08-06,0.28049999475479126,0.28975000977516174,0.27149999141693115,0.28725001215934753,0.26274585723876953,814864000,0.0,0.0
2008-08-07,0.2847500145435333,0.29750001430511475,0.27950000762939453,0.2827500104904175,0.258629709482193,819232000,0.0,0.0
2008-08-08,0.2849999964237213,0.2874999940395355,0.27399998903274536,0.2750000059604645,0.2515408992767334,853764000,0.0,0.0
2008-08-11,0.2770000100135803,0.2874999940395355,0.2759999930858612,0.28075000643730164,0.2568003535270691,1196436000,0.0,0.0
2008-08-12,0.28299999237060547,0.2837499976158142,0.27274999022483826,0.27674999833106995,0.2531416714191437,1410868000,0.0,0.0
2008-08-13,0.29875001311302185,0.3109999895095825,0.2915000021457672,0.30649998784065247,0.28035372495651245,2095260000,0.0,0.0
2008-08-14,0.30425000190734863,0.3372499942779541,0.30425000190734863,0.32499998807907104,0.297275573015213,1635304000,0.0,0.0
2008-08-15,0.3307499885559082,0.3345000147819519,0.3217499852180481,0.3240000009536743,0.29636073112487793,777652000,0.0,0.0
2008-08-18,0.32624998688697815,0.3334999978542328,0.3227500021457672,0.3305000066757202,0.3023063540458679,893968000,0.0,0.0
2008-08-19,0.32374998927116394,0.3375000059604645,0.32374998927116394,0.33550000190734863,0.3068799674510956,1014140000,0.0,0.0
2008-08-20,0.34049999713897705,0.3529999852180481,0.33799999952316284,0.35199999809265137,0.3219722807407379,1143692000,0.0,0.0
2008-08-21,0.34575000405311584,0.34850001335144043,0.3334999978542328,0.34049999713897705,0.31145337224006653,1021560000,0.0,0.0
2008-08-22,0.34299999475479126,0.34700000286102295,0.3330000042915344,0.3402499854564667,0.3112246096134186,459264000,0.0,0.0
2008-08-25,0.3382500112056732,0.3462499976158142,0.33425000309944153,0.33524999022483826,0.3066510856151581,471600000,0.0,0.0
2008-08-26,0.3370000123977661,0.3372499942779541,0.32374998927116394,0.32725000381469727,0.2993336319923401,613112000,0.0,0.0
2008-08-27,0.31975001096725464,0.33375000953674316,0.3167499899864197,0.3297500014305115,0.3016204833984375,454620000,0.0,0.0
2008-08-28,0.33024999499320984,0.33375000953674316,0.3252499997615814,0.32850000262260437,0.3004768490791321,365192000,0.0,0.0
2008-08-29,0.3240000009536743,0.32499998807907104,0.3149999976158142,0.3160000145435333,0.2890433669090271,516004000,0.0,0.0
2008-09-02,0.32124999165534973,0.3240000009536743,0.30375000834465027,0.30799999833106995,0.28172582387924194,693928000,0.0,0.0
2008-09-03,0.30375000834465027,0.3050000071525574,0.2887499928474426,0.2915000021457672,0.2666333317756653,714856000,0.0,0.0
2008-09-04,0.28824999928474426,0.29124999046325684,0.28575000166893005,0.2874999940395355,0.2629745602607727,716128000,0.0,0.0
2008-09-05,0.2849999964237213,0.29249998927116394,0.2847500145435333,0.2917500138282776,0.2668619453907013,791100000,0.0,0.0
2008-09-08,0.2944999933242798,0.2944999933242798,0.2750000059604645,0.2797499895095825,0.25588569045066833,1314840000,0.0,0.0
2008-09-09,0.2787500023841858,0.2957499921321869,0.2692500054836273,0.27024999260902405,0.24719607830047607,1098296000,0.0,0.0
2008-09-10,0.273499995470047,0.27900001406669617,0.26875001192092896,0.2705000042915344,0.24742470681667328,644284000,0.0,0.0
2008-09-11,0.2549999952316284,0.2630000114440918,0.24899999797344208,0.2574999928474426,0.2355337291955948,1066976000,0.0,0.0
2008-09-12,0.2552500069141388,0.25699999928474426,0.24025000631809235,0.25475001335144043,0.23301829397678375,1209200000,0.0,0.0
2008-09-15,0.24574999511241913,0.24950000643730164,0.22949999570846558,0.23250000178813934,0.2126663625240326,863984000,0.0,0.0
2008-09-16,0.22425000369548798,0.24150000512599945,0.2199999988079071,0.2397499978542328,0.21929791569709778,1240840000,0.0,0.0
2008-09-17,0.2342499941587448,0.2554999887943268,0.23199999332427979,0.25,0.22867347300052643,1392580000,0.0,0.0
2008-09-18,0.2529999911785126,0.2854999899864197,0.2524999976158142,0.2722499966621399,0.24902543425559998,1611060000,0.0,0.0
2008-09-19,0.2852500081062317,0.2874999940395355,0.27250000834465027,0.2852500081062317,0.2609163522720337,1107344000,0.0,0.0
2008-09-22,0.28299999237060547,0.29124999046325684,0.2777499854564667,0.27924999594688416,0.255428284406662,700072000,0.0,0.0
2008-09-23,0.2770000100135803,0.28725001215934753,0.27024999260902405,0.27125000953674316,0.24811087548732758,821468000,0.0,0.0
2008-09-24,0.26774999499320984,0.2867499887943268,0.26625001430511475,0.28125,0.2572577893733978,866036000,0.0,0.0
2008-09-25,0.28125,0.29350000619888306,0.27649998664855957,0.2867499887943268,0.26228848099708557,588328000,0.0,0.0
2008-09-26,0.2797499895095825,0.2942500114440918,0.2745000123977661,0.29225000739097595,0.2673194110393524,646852000,0.0,0.0
2008-09-29,0.28450000286102295,0.2879999876022339,0.25,0.2524999976158142,0.23096027970314026,975240000,0.0,0.0
2008-09-30,0.2565000057220459,0.27024999260902405,0.2537499964237213,0.26774999499320984,0.24490931630134583,659044000,0.0,0.0
2008-10-01,0.26374998688697815,0.2685000002384186,0.2554999887943268,0.2602500021457672,0.23804906010627747,557208000,0.0,0.0
2008-10-02,0.2619999945163727,0.2619999945163727,0.23199999332427979,0.23325000703334808,0.21335238218307495,787728000,0.0,0.0
2008-10-03,0.2370000034570694,0.24375000596046448,0.22425000369548798,0.22574999928474426,0.20649214088916779,915828000,0.0,0.0
2008-10-06,0.2150000035762787,0.21549999713897705,0.18275000154972076,0.19625000655651093,0.17950870096683502,1677440000,0.0,0.0
2008-10-07,0.2032500058412552,0.20374999940395355,0.17949999868869781,0.1809999942779541,0.16555966436862946,1059984000,0.0,0.0
2008-10-08,0.1745000034570694,0.19550000131130219,0.17274999618530273,0.1847500056028366,0.16898973286151886,1219456000,0.0,0.0
2008-10-09,0.1914999932050705,0.19425000250339508,0.17100000381469727,0.17299999296665192,0.15824206173419952,909636000,0.0,0.0
2008-10-10,0.15800000727176666,0.18324999511241913,0.15700000524520874,0.17024999856948853,0.15572668612003326,1200252000,0.0,0.0
2008-10-13,0.1847500056028366,0.20149999856948853,0.18250000476837158,0.20125000178813934,0.18408221006393433,916536000,0.0,0.0
2008-10-14,0.20874999463558197,0.20999999344348907,0.1912499964237213,0.1967500001192093,0.1799660325050354,1209012000,0.0,0.0
2008-10-15,0.19550000131130219,0.1965000033378601,0.17550000548362732,0.17550000548362732,0.16052883863449097,854064000,0.0,0.0
2008-10-16,0.18074999749660492,0.19349999725818634,0.17249999940395355,0.19249999523162842,0.17607860267162323,1019820000,0.0,0.0
2008-10-17,0.18700000643730164,0.20225000381469727,0.1835000067949295,0.1912499964237213,0.1749352663755417,839416000,0.0,0.0
2008-10-20,0.1977500021457672,0.1992499977350235,0.1902499943971634,0.19499999284744263,0.17836534976959229,595764000,0.0,0.0
2008-10-21,0.1912499964237213,0.19325000047683716,0.17900000512599945,0.18000000715255737,0.16464492678642273,659116000,0.0,0.0
2008-10-22,0.17749999463558197,0.1850000023841858,0.16850000619888306,0.1732500046491623,0.1584707796573639,600996000,0.0,0.0
2008-10-23,0.17274999618530273,0.1770000010728836,0.15649999678134918,0.16349999606609344,0.14955244958400726,832192000,0.0,0.0
2008-10-24,0.15000000596046448,0.17374999821186066,0.14925000071525574,0.1652500033378601,0.15115317702293396,798336000,0.0,0.0
2008-10-27,0.16425000131130219,0.18449999392032623,0.1589999943971634,0.17425000667572021,0.15938541293144226,698936000,0.0,0.0
2008-10-28,0.1835000067949295,0.20074999332427979,0.18025000393390656,0.2004999965429306,0.1833961009979248,849920000,0.0,0.0
2008-10-29,0.1992499977350235,0.2199999988079071,0.19824999570846558,0.2070000022649765,0.1893416941165924,977284000,0.0,0.0
2008-10-30,0.21875,0.2199999988079071,0.20250000059604645,0.21574999392032623,0.19734521210193634,657176000,0.0,0.0
2008-10-31,0.20900000631809235,0.22325000166893005,0.2084999978542328,0.21899999678134918,0.20031799376010895,608672000,0.0,0.0
2008-11-03,0.22374999523162842,0.2277500033378601,0.20749999582767487,0.210999995470047,0.19300046563148499,723924000,0.0,0.0
2008-11-04,0.21825000643730164,0.22450000047683716,0.21250000596046448,0.22450000047683716,0.20534884929656982,619560000,0.0,0.0
2008-11-05,0.2162500023841858,0.2224999964237213,0.21275000274181366,0.21275000274181366,0.1946011483669281,787620000,0.0,0.0
2008-11-06,0.20024999976158142,0.20774999260902405,0.1899999976158142,0.19050000607967377,0.17424920201301575,797936000,0.0,0.0
2008-11-07,0.21699999272823334,0.22675000131130219,0.20250000059604645,0.21799999475479126,0.19940327107906342,1132068000,0.0,0.0
2008-11-10,0.22624999284744263,0.22750000655651093,0.1992499977350235,0.20399999618530273,0.18659761548042297,576396000,0.0,0.0
2008-11-11,0.20100000500679016,0.20250000059604645,0.19300000369548798,0.19499999284744263,0.17836534976959229,576484000,0.0,0.0
2008-11-12,0.1889999955892563,0.19349999725818634,0.18125000596046448,0.1835000067949295,0.16784638166427612,646092000,0.0,0.0
2008-11-13,0.17499999701976776,0.19875000417232513,0.17149999737739563,0.19850000739097595,0.18156681954860687,797228000,0.0,0.0
2008-11-14,0.19050000607967377,0.1914999932050705,0.1784999966621399,0.17925000190734863,0.16395892202854156,741024000,0.0,0.0
2008-11-17,0.17749999463558197,0.1822499930858612,0.17374999821186066,0.17550000548362732,0.16052883863449097,388224000,0.0,0.0
2008-11-18,0.17900000512599945,0.18000000715255737,0.164000004529953,0.16975000500679016,0.1552692949771881,564488000,0.0,0.0
2008-11-19,0.16824999451637268,0.17249999940395355,0.1550000011920929,0.15575000643730164,0.1424635648727417,500220000,0.0,0.0
2008-11-20,0.15449999272823334,0.16224999725818634,0.1457500010728836,0.14749999344348907,0.13491736352443695,847036000,0.0,0.0
2008-11-21,0.1522500067949295,0.15950000286102295,0.14374999701976776,0.15950000286102295,0.14589372277259827,599064000,0.0,0.0
2008-11-24,0.1692499965429306,0.1720000058412552,0.1599999964237213,0.17000000178813934,0.1554979681968689,600308000,0.0,0.0
2008-11-25,0.17749999463558197,0.17800000309944153,0.16975000500679016,0.17475000023841858,0.15984278917312622,528256000,0.0,0.0
2008-11-26,0.1717499941587448,0.19075000286102295,0.17075000703334808,0.1902499943971634,0.17402051389217377,600792000,0.0,0.0
2008-11-28,0.18725000321865082,0.1899999976158142,0.18424999713897705,0.18674999475479126,0.17081907391548157,175248000,0.0,0.0
2008-12-01,0.17925000190734863,0.1809999942779541,0.1704999953508377,0.17075000703334808,0.15618403255939484,547112000,0.0,0.0
2008-12-02,0.17399999499320984,0.18250000476837158,0.1717499941587448,0.18025000393390656,0.16487360000610352,479988000,0.0,0.0
2008-12-03,0.1732500046491623,0.18975000083446503,0.1717499941587448,0.18950000405311584,0.1733345240354538,584632000,0.0,0.0
2008-12-04,0.18574999272823334,0.19499999284744263,0.17274999618530273,0.1770000010728836,0.1619008332490921,466292000,0.0,0.0
2008-12-05,0.17149999737739563,0.1847500056028366,0.16850000619888306,0.18400000035762787,0.1683037281036377,438484000,0.0,0.0
2008-12-08,0.1875,0.1912499964237213,0.17374999821186066,0.17800000309944153,0.16281557083129883,707992000,0.0,0.0
2008-12-09,0.1757500022649765,0.20225000381469727,0.17374999821186066,0.195250004529953,0.1785939782857895,829760000,0.0,0.0
2008-12-10,0.19900000095367432,0.21875,0.19574999809265137,0.21375000476837158,0.19551584124565125,961124000,0.0,0.0
2008-12-11,0.21250000596046448,0.2199999988079071,0.20225000381469727,0.20475000143051147,0.18728356063365936,582700000,0.0,0.0
2008-12-12,0.19875000417232513,0.2162500023841858,0.19474999606609344,0.2150000035762787,0.19665929675102234,679268000,0.0,0.0
2008-12-15,0.2162500023841858,0.2175000011920929,0.20125000178813934,0.20800000429153442,0.19025641679763794,476996000,0.0,0.0
2008-12-16,0.20999999344348907,0.2224999964237213,0.20800000429153442,0.22200000286102295,0.20306208729743958,521940000,0.0,0.0
2008-12-17,0.21799999475479126,0.23624999821186066,0.2150000035762787,0.2329999953508377,0.2131236493587494,674180000,0.0,0.0
2008-12-18,0.23149999976158142,0.23225000500679016,0.20874999463558197,0.21150000393390656,0.19345782697200775,550808000,0.0,0.0
2008-12-19,0.21424999833106995,0.2224999964237213,0.2122499942779541,0.21299999952316284,0.1948297768831253,593120000,0.0,0.0
2008-12-22,0.2162500023841858,0.21674999594688416,0.1927500069141388,0.2004999965429306,0.1833961009979248,522464000,0.0,0.0
2008-12-23,0.2017499953508377,0.20600000023841858,0.19474999606609344,0.1977500021457672,0.18088075518608093,377452000,0.0,0.0
2008-12-24,0.19374999403953552,0.19850000739097595,0.1889999955892563,0.19300000369548798,0.17653599381446838,146616000,0.0,0.0
2008-12-26,0.19300000369548798,0.19550000131130219,0.18250000476837158,0.18774999678134918,0.17173384130001068,226156000,0.0,0.0
2008-12-29,0.1902499943971634,0.19374999403953552,0.17800000309944153,0.19374999403953552,0.17722192406654358,460168000,0.0,0.0
2008-12-30,0.19625000655651093,0.20350000262260437,0.19175000488758087,0.2004999965429306,0.1833961009979248,409860000,0.0,0.0
2008-12-31,0.1979999989271164,0.20675000548362732,0.19449999928474426,0.2017499953508377,0.18453949689865112,441580000,0.0,0.0
2009-01-02,0.2017499953508377,0.21924999356269836,0.20100000500679016,0.21774999797344208,0.19917462766170502,497124000,0.0,0.0
2009-01-05,0.21525000035762787,0.22675000131130219,0.21375000476837158,0.22175000607967377,0.2028334140777588,705736000,0.0,0.0
2009-01-06,0.22824999690055847,0.2357500046491623,0.22325000166893005,0.2292499989271164,0.20969361066818237,657904000,0.0,0.0
2009-01-07,0.2240000069141388,0.2240000069141388,0.20774999260902405,0.21549999713897705,0.19711655378341675,870096000,0.0,0.0
2009-01-08,0.21275000274181366,0.21275000274181366,0.19699999690055847,0.20999999344348907,0.19208574295043945,1014496000,0.0,0.0
2009-01-09,0.20999999344348907,0.20999999344348907,0.1977500021457672,0.19824999570846558,0.1813381016254425,761352000,0.0,0.0
2009-01-12,0.19824999570846558,0.1992499977350235,0.1875,0.1902499943971634,0.17402051389217377,645532000,0.0,0.0
2009-01-13,0.1837500035762787,0.19850000739097595,0.18025000393390656,0.1912499964237213,0.1749352663755417,1824424000,0.0,0.0
2009-01-14,0.18449999392032623,0.18674999475479126,0.18000000715255737,0.18275000154972076,0.16716034710407257,974908000,0.0,0.0
2009-01-15,0.1837500035762787,0.19224999845027924,0.18000000715255737,0.18925000727176666,0.173105850815773,998204000,0.0,0.0
2009-01-16,0.19449999928474426,0.20149999856948853,0.18825000524520874,0.19975000619888306,0.18271006643772125,831324000,0.0,0.0
2009-01-20,0.1992499977350235,0.20000000298023224,0.17874999344348907,0.18025000393390656,0.16487360000610352,705788000,0.0,0.0
2009-01-21,0.1837500035762787,0.1902499943971634,0.1770000010728836,0.1889999955892563,0.17287716269493103,648472000,0.0,0.0
2009-01-22,0.18299999833106995,0.19050000607967377,0.17874999344348907,0.18549999594688416,0.16967575252056122,547656000,0.0,0.0
2009-01-23,0.18025000393390656,0.19850000739097595,0.18000000715255737,0.1927500069141388,0.1763073056936264,633616000,0.0,0.0
2009-01-26,0.19374999403953552,0.20499999821186066,0.19050000607967377,0.1992499977350235,0.18225276470184326,581748000,0.0,0.0
2009-01-27,0.20250000059604645,0.21250000596046448,0.2017499953508377,0.210999995470047,0.19300046563148499,725300000,0.0,0.0
2009-01-28,0.21850000321865082,0.22325000166893005,0.21150000393390656,0.21975000202655792,0.20100398361682892,723752000,0.0,0.0
2009-01-29,0.21250000596046448,0.2150000035762787,0.20600000023841858,0.2070000022649765,0.1893416941165924,413128000,0.0,0.0
2009-01-30,0.20550000667572021,0.210999995470047,0.19625000655651093,0.19875000417232513,0.18179546296596527,506760000,0.0,0.0
2009-02-02,0.19574999809265137,0.21175000071525574,0.19474999606609344,0.2094999998807907,0.19162841141223907,577992000,0.0,0.0
2009-02-03,0.20999999344348907,0.21375000476837158,0.20424999296665192,0.21199999749660492,0.19391517341136932,396948000,0.0,0.0
2009-02-04,0.21250000596046448,0.22875000536441803,0.21250000596046448,0.21799999475479126,0.19940327107906342,779232000,0.0,0.0
2009-02-05,0.2122499942779541,0.23649999499320984,0.20999999344348907,0.23399999737739563,0.2140384167432785,919192000,0.0,0.0
2009-02-06,0.23475000262260437,0.24824999272823334,0.23074999451637268,0.24674999713897705,0.2257007658481598,1157880000,0.0,0.0
2009-02-09,0.24574999511241913,0.24924999475479126,0.23675000667572021,0.2434999942779541,0.22272799909114838,716128000,0.0,0.0
2009-02-10,0.24324999749660492,0.24650000035762787,0.22849999368190765,0.2329999953508377,0.2131236493587494,1129664000,0.0,0.0
2009-02-11,0.21449999511241913,0.22224999964237213,0.1965000033378601,0.20374999940395355,0.1863688826560974,1983400000,0.0,0.0
2009-02-12,0.1992499977350235,0.20925000309944153,0.1965000033378601,0.20800000429153442,0.19025641679763794,1024020000,0.0,0.0
2009-02-13,0.2032500058412552,0.21025000512599945,0.2017499953508377,0.20774999260902405,0.19002769887447357,764304000,0.0,0.0
2009-02-17,0.20000000298023224,0.20475000143051147,0.19499999284744263,0.19574999809265137,0.17905129492282867,779576000,0.0,0.0
2009-02-18,0.19574999809265137,0.20749999582767487,0.19550000131130219,0.20100000500679016,0.18385349214076996,646252000,0.0,0.0
2009-02-19,0.20499999821186066,0.20675000548362732,0.18549999594688416,0.18549999594688416,0.16967575252056122,743988000,0.0,0.0
2009-02-20,0.18299999833106995,0.19325000047683716,0.18125000596046448,0.1902499943971634,0.17402051389217377,770056000,0.0,0.0
2009-02-23,0.19349999725818634,0.19449999928474426,0.18025000393390656,0.18150000274181366,0.16601698100566864,679548000,0.0,0.0
2009-02-24,0.18250000476837158,0.1979999989271164,0.1822499930858612,0.1977500021457672,0.18088075518608093,659524000,0.0,0.0
2009-02-25,0.19724999368190765,0.20600000023841858,0.19050000607967377,0.20000000298023224,0.1829388290643692,702360000,0.0,0.0
2009-02-26,0.2070000022649765,0.2134999930858612,0.20399999618530273,0.20649999380111694,0.18888433277606964,1117556000,0.0,0.0
2009-02-27,0.20125000178813934,0.21175000071525574,0.19975000619888306,0.2070000022649765,0.1893416941165924,755444000,0.0,0.0
2009-03-02,0.20200000703334808,0.20624999701976776,0.1887499988079071,0.18950000405311584,0.1733345240354538,700064000,0.0,0.0
2009-03-03,0.19300000369548798,0.2045000046491623,0.18674999475479126,0.19699999690055847,0.18019473552703857,1041372000,0.0,0.0
2009-03-04,0.20225000381469727,0.2175000011920929,0.2004999965429306,0.21150000393390656,0.19345782697200775,1108668000,0.0,0.0
2009-03-05,0.2084999978542328,0.21699999272823334,0.20550000667572021,0.20649999380111694,0.18888433277606964,955252000,0.0,0.0
2009-03-06,0.20649999380111694,0.2172500044107437,0.20374999940395355,0.2097499966621399,0.1918570101261139,974756000,0.0,0.0
2009-03-09,0.2082500010728836,0.2240000069141388,0.2070000022649765,0.20749999582767487,0.18979902565479279,682768000,0.0,0.0
2009-03-10,0.2150000035762787,0.23025000095367432,0.21299999952316284,0.22624999284744263,0.20694950222969055,1254800000,0.0,0.0
2009-03-11,0.22624999284744263,0.29624998569488525,0.2224999964237213,0.23250000178813934,0.2126663625240326,864916000,0.0,0.0
2009-03-12,0.2317499965429306,0.2487500011920929,0.22875000536441803,0.2462500035762787,0.22524341940879822,1604604000,0.0,0.0
2009-03-13,0.24275000393390656,0.2485000044107437,0.23874999582767487,0.24500000476837158,0.2241000533103943,1195156000,0.0,0.0
2009-03-16,0.2475000023841858,0.24774999916553497,0.23350000381469727,0.23549999296665192,0.21541044116020203,699344000,0.0,0.0
2009-03-17,0.23624999821186066,0.24774999916553497,0.23325000703334808,0.2472500056028366,0.22615809738636017,1005384000,0.0,0.0
2009-03-18,0.2434999942779541,0.26225000619888306,0.24324999749660492,0.2549999952316284,0.23324701189994812,1359560000,0.0,0.0
2009-03-19,0.2567499876022339,0.2567499876022339,0.2502500116825104,0.25200000405311584,0.2305029034614563,822648000,0.0,0.0
2009-03-20,0.25575000047683716,0.25600001215934753,0.2317499965429306,0.2382500022649765,0.2179258167743683,1093672000,0.0,0.0
2009-03-23,0.24574999511241913,0.25600001215934753,0.24025000631809235,0.2554999887943268,0.2337043136358261,816048000,0.0,0.0
2009-03-24,0.24924999475479126,0.2515000104904175,0.24324999749660492,0.24449999630451202,0.22364270687103271,1114868000,0.0,0.0
2009-03-25,0.25200000405311584,0.25999999046325684,0.23899999260902405,0.2485000044107437,0.2273014485836029,1243852000,0.0,0.0
2009-03-26,0.2524999976158142,0.2644999921321869,0.24975000321865082,0.2639999985694885,0.2414792776107788,1333664000,0.0,0.0
2009-03-27,0.26124998927116394,0.26774999499320984,0.2574999928474426,0.2615000009536743,0.23919248580932617,731892000,0.0,0.0
2009-03-30,0.2515000104904175,0.25475001335144043,0.24124999344348907,0.2447499930858612,0.2238713502883911,780052000,0.0,0.0
2009-03-31,0.2485000044107437,0.2524999976158142,0.2447499930858612,0.24650000035762787,0.22547201812267303,805272000,0.0,0.0
2009-04-01,0.2434999942779541,0.2549999952316284,0.2342499941587448,0.2527500092983246,0.23118895292282104,887920000,0.0,0.0
2009-04-02,0.26225000619888306,0.2692500054836273,0.25850000977516174,0.2644999921321869,0.2419365644454956,1002860000,0.0,0.0
2009-04-03,0.26475000381469727,0.2837499976158142,0.2602500021457672,0.28299999237060547,0.2588583827018738,1003208000,0.0,0.0
2009-04-06,0.2782500088214874,0.2862499952316284,0.2745000123977661,0.2837499976158142,0.25954434275627136,887288000,0.0,0.0
2009-04-07,0.2782500088214874,0.28125,0.2722499966621399,0.27399998903274536,0.2506261467933655,607804000,0.0,0.0
2009-04-08,0.2770000100135803,0.28600001335144043,0.2747499942779541,0.2852500081062317,0.2609163522720337,731652000,0.0,0.0
2009-04-09,0.29249998927116394,0.3019999861717224,0.2902500033378601,0.3009999990463257,0.275322824716568,904412000,0.0,0.0
2009-04-13,0.29725000262260437,0.29750001430511475,0.2847500145435333,0.29124999046325684,0.2664046585559845,767628000,0.0,0.0
2009-04-14,0.28725001215934753,0.30000001192092896,0.28600001335144043,0.2930000126361847,0.2680054306983948,711960000,0.0,0.0
2009-04-15,0.2827500104904175,0.28600001335144043,0.27274999022483826,0.2847500145435333,0.26045915484428406,1045368000,0.0,0.0
2009-04-16,0.28999999165534973,0.2955000102519989,0.27900001406669617,0.2919999957084656,0.26709067821502686,1038772000,0.0,0.0
2009-04-17,0.2919999957084656,0.296750009059906,0.2849999964237213,0.2939999997615814,0.2689201533794403,695764000,0.0,0.0
2009-04-20,0.2827500104904175,0.2852500081062317,0.2747499942779541,0.2762500047683716,0.25268426537513733,590660000,0.0,0.0
2009-04-21,0.27250000834465027,0.28700000047683716,0.2685000002384186,0.27549999952316284,0.2519981861114502,932184000,0.0,0.0
2009-04-22,0.27300000190734863,0.2952499985694885,0.2685000002384186,0.2837499976158142,0.25954434275627136,916404000,0.0,0.0
2009-04-23,0.2865000069141388,0.289000004529953,0.2705000042915344,0.27924999594688416,0.255428284406662,753952000,0.0,0.0
2009-04-24,0.28200000524520874,0.2877500057220459,0.27524998784065247,0.28575000166893005,0.2613738179206848,759508000,0.0,0.0
2009-04-27,0.28200000524520874,0.28999999165534973,0.2737500071525574,0.27549999952316284,0.2519981861114502,787024000,0.0,0.0
2009-04-28,0.2720000147819519,0.28200000524520874,0.2694999873638153,0.2762500047683716,0.25268426537513733,634392000,0.0,0.0
2009-04-29,0.2775000035762787,0.2787500023841858,0.26875001192092896,0.2720000147819519,0.24879682064056396,859668000,0.0,0.0
2009-04-30,0.2772499918937683,0.29499998688697815,0.2750000059604645,0.28700000047683716,0.26251715421676636,1110276000,0.0,0.0
2009-05-01,0.2862499952316284,0.2985000014305115,0.28600001335144043,0.2917500138282776,0.2668619453907013,840548000,0.0,0.0
2009-05-04,0.296750009059906,0.3097499907016754,0.2927500009536743,0.3075000047683716,0.28126832842826843,927704000,0.0,0.0
2009-05-05,0.3007499873638153,0.30274999141693115,0.2887499928474426,0.29499998688697815,0.2698347270488739,837076000,0.0,0.0
2009-05-06,0.2982499897480011,0.3009999990463257,0.28325000405311584,0.289000004529953,0.2643465995788574,935088000,0.0,0.0
2009-05-07,0.2955000102519989,0.2955000102519989,0.2644999921321869,0.2682499885559082,0.2453666627407074,1289196000,0.0,0.0
2009-05-08,0.26249998807907104,0.26249998807907104,0.2277500033378601,0.23125000298023224,0.21152298152446747,2930564000,0.0,0.0
2009-05-11,0.22750000655651093,0.24150000512599945,0.22550000250339508,0.2357500046491623,0.21563906967639923,1038596000,0.0,0.0
2009-05-12,0.2409999966621399,0.2409999966621399,0.2199999988079071,0.22450000047683716,0.20534884929656982,1201384000,0.0,0.0
2009-05-13,0.22300000488758087,0.22425000369548798,0.2082500010728836,0.20999999344348907,0.19208574295043945,1305608000,0.0,0.0
2009-05-14,0.2097499966621399,0.2175000011920929,0.2082500010728836,0.21299999952316284,0.1948297768831253,1017864000,0.0,0.0
2009-05-15,0.21449999511241913,0.22599999606609344,0.21199999749660492,0.21850000321865082,0.19986063241958618,780308000,0.0,0.0
2009-05-18,0.2240000069141388,0.23325000703334808,0.22349999845027924,0.2317499965429306,0.21198038756847382,938320000,0.0,0.0
2009-05-19,0.23325000703334808,0.23899999260902405,0.22949999570846558,0.23624999821186066,0.216096431016922,859768000,0.0,0.0
2009-05-20,0.24050000309944153,0.2562499940395355,0.2395000010728836,0.24324999749660492,0.22249935567378998,1309436000,0.0,0.0
2009-05-21,0.24025000631809235,0.24500000476837158,0.23499999940395355,0.24175000190734863,0.22112730145454407,965600000,0.0,0.0
2009-05-22,0.24175000190734863,0.24899999797344208,0.23725000023841858,0.24549999833106995,0.22455742955207825,718260000,0.0,0.0
2009-05-26,0.24324999749660492,0.2607499957084656,0.2407499998807907,0.25874999165534973,0.23667709529399872,865540000,0.0,0.0
2009-05-27,0.2574999928474426,0.2669999897480011,0.2549999952316284,0.2592499852180481,0.23713448643684387,814152000,0.0,0.0
2009-05-28,0.2632499933242798,0.26499998569488525,0.2515000104904175,0.2627499997615814,0.2403358370065689,995288000,0.0,0.0
2009-05-29,0.2630000114440918,0.26350000500679016,0.25174999237060547,0.2607499957084656,0.23850643634796143,834232000,0.0,0.0
2009-06-01,0.26374998688697815,0.2750000059604645,0.2627499997615814,0.273499995470047,0.2501687705516815,1022764000,0.0,0.0
2009-06-02,0.273499995470047,0.27950000762939453,0.26625001430511475,0.27125000953674316,0.24811087548732758,907984000,0.0,0.0
2009-06-03,0.26774999499320984,0.26875001192092896,0.2562499940395355,0.2627499997615814,0.2403358370065689,735688000,0.0,0.0
2009-06-04,0.26350000500679016,0.27274999022483826,0.2632499933242798,0.2722499966621399,0.24902543425559998,673180000,0.0,0.0
2009-06-05,0.2772499918937683,0.2772499918937683,0.26750001311302185,0.2707499861717224,0.24765338003635406,559992000,0.0,0.0
2009-06-08,0.26875001192092896,0.27300000190734863,0.26249998807907104,0.2692500054836273,0.2462814450263977,473948000,0.0,0.0
2009-06-09,0.27300000190734863,0.28700000047683716,0.2709999978542328,0.2840000092983246,0.2597731351852417,725032000,0.0,0.0
2009-06-10,0.2854999899864197,0.29475000500679016,0.27924999594688416,0.2930000126361847,0.2680054306983948,833320000,0.0,0.0
2009-06-11,0.29374998807907104,0.3050000071525574,0.2874999940395355,0.289249986410141,0.2645752429962158,835156000,0.0,0.0
2009-06-12,0.2849999964237213,0.2887499928474426,0.2784999907016754,0.2877500057220459,0.26320314407348633,595000000,0.0,0.0
2009-06-15,0.2824999988079071,0.2862499952316284,0.27799999713897705,0.28299999237060547,0.2588583827018738,445164000,0.0,0.0
2009-06-16,0.28299999237060547,0.2865000069141388,0.27125000953674316,0.27524998784065247,0.251769483089447,594912000,0.0,0.0
2009-06-17,0.27950000762939453,0.2847500145435333,0.26875001192092896,0.28200000524520874,0.25794368982315063,799016000,0.0,0.0
2009-06-18,0.2809999883174896,0.2862499952316284,0.273499995470047,0.27649998664855957,0.2529129385948181,566376000,0.0,0.0
2009-06-19,0.27924999594688416,0.2865000069141388,0.2757500112056732,0.27950000762939453,0.2556570768356323,747564000,0.0,0.0
2009-06-22,0.28049999475479126,0.28049999475479126,0.2627499997615814,0.26374998688697815,0.24125051498413086,574864000,0.0,0.0
2009-06-23,0.26625001430511475,0.2667500078678131,0.25224998593330383,0.26249998807907104,0.2401072382926941,589764000,0.0,0.0
2009-06-24,0.265749990940094,0.2775000035762787,0.265749990940094,0.27125000953674316,0.24811087548732758,515096000,0.0,0.0
2009-06-25,0.26875001192092896,0.28600001335144043,0.26600000262260437,0.2854999899864197,0.26114514470100403,870444000,0.0,0.0
2009-06-26,0.2842499911785126,0.2902500033378601,0.28174999356269836,0.289249986410141,0.2645752429962158,513956000,0.0,0.0
2009-06-29,0.28999999165534973,0.2944999933242798,0.2862499952316284,0.289249986410141,0.2645752429962158,510056000,0.0,0.0
2009-06-30,0.28824999928474426,0.29225000739097595,0.2770000100135803,0.28224998712539673,0.2581724226474762,589844000,0.0,0.0
2009-07-01,0.2840000092983246,0.28725001215934753,0.2787500023841858,0.28349998593330383,0.25931569933891296,696420000,0.0,0.0
2009-07-02,0.27425000071525574,0.2777499854564667,0.26875001192092896,0.27250000834465027,0.24925416707992554,552312000,0.0,0.0
2009-07-06,0.2722499966621399,0.27250000834465027,0.2592499852180481,0.26374998688697815,0.24125051498413086,752456000,0.0,0.0
2009-07-07,0.26475000381469727,0.26625001430511475,0.2515000104904175,0.25224998593330383,0.2307315617799759,1072996000,0.0,0.0
2009-07-08,0.2537499964237213,0.25450000166893005,0.24275000393390656,0.2527500092983246,0.23118895292282104,1205860000,0.0,0.0
2009-07-09,0.25699999928474426,0.26249998807907104,0.2562499940395355,0.25824999809265137,0.23621977865695953,714564000,0.0,0.0
2009-07-10,0.25824999809265137,0.26100000739097595,0.2527500092983246,0.2592499852180481,0.23713448643684387,520008000,0.0,0.0
2009-07-13,0.2644999921321869,0.2644999921321869,0.2487500011920929,0.26225000619888306,0.2398785799741745,556012000,0.0,0.0
2009-07-14,0.2642500102519989,0.26875001192092896,0.26124998927116394,0.26774999499320984,0.24490931630134583,452568000,0.0,0.0
2009-07-15,0.2775000035762787,0.2842499911785126,0.2750000059604645,0.2787500023841858,0.25497087836265564,1022808000,0.0,0.0
2009-07-16,0.28174999356269836,0.2942500114440918,0.28025001287460327,0.2932499945163727,0.26823416352272034,952076000,0.0,0.0
2009-07-17,0.2932499945163727,0.30274999141693115,0.2902500033378601,0.3017500042915344,0.2760089635848999,850356000,0.0,0.0
2009-07-20,0.30425000190734863,0.3087500035762787,0.30024999380111694,0.30550000071525574,0.2794390916824341,782756000,0.0,0.0
2009-07-21,0.304749995470047,0.3059999942779541,0.29225000739097595,0.2992500066757202,0.2737222909927368,941296000,0.0,0.0
2009-07-22,0.2932499945163727,0.3095000088214874,0.29124999046325684,0.30674999952316284,0.2805825173854828,600908000,0.0,0.0
2009-07-23,0.3072499930858612,0.32600000500679016,0.30399999022483826,0.32499998807907104,0.297275573015213,1046120000,0.0,0.0
2009-07-24,0.3149999976158142,0.32499998807907104,0.31299999356269836,0.3240000009536743,0.29636073112487793,650592000,0.0,0.0
2009-07-27,0.32100000977516174,0.33024999499320984,0.3179999887943268,0.3255000114440918,0.2977328598499298,677484000,0.0,0.0
2009-07-28,0.3232499957084656,0.3294999897480011,0.320499986410141,0.32600000500679016,0.29819032549858093,563180000,0.0,0.0
2009-07-29,0.32225000858306885,0.3242500126361847,0.3162499964237213,0.31949999928474426,0.29224473237991333,373972000,0.0,0.0
2009-07-30,0.32499998807907104,0.3292500078678131,0.3192499876022339,0.32199999690055847,0.2945314645767212,468444000,0.0,0.0
2009-07-31,0.32199999690055847,0.32774999737739563,0.31450000405311584,0.3232499957084656,0.29567480087280273,541560000,0.0,0.0
2009-08-03,0.3310000002384186,0.335750013589859,0.32475000619888306,0.3319999873638153,0.30367839336395264,471900000,0.0,0.0
2009-08-04,0.32624998688697815,0.3400000035762787,0.3257499933242798,0.33425000309944153,0.3057365119457245,695380000,0.0,0.0
2009-08-05,0.3322499990463257,0.3375000059604645,0.328249990940094,0.33500000834465027,0.30642256140708923,610768000,0.0,0.0
2009-08-06,0.3362500071525574,0.3422499895095825,0.32600000500679016,0.328000009059906,0.30001959204673767,957588000,0.0,0.0
2009-08-07,0.34575000405311584,0.3557499945163727,0.33799999952316284,0.34275001287460327,0.31351137161254883,1401872000,0.0,0.0
2009-08-10,0.3452500104904175,0.3502500057220459,0.3294999897480011,0.33149999380111694,0.3032210171222687,693312000,0.0,0.0
2009-08-11,0.3292500078678131,0.33425000309944153,0.32199999690055847,0.32374998927116394,0.2961322069168091,481884000,0.0,0.0
2009-08-12,0.3240000009536743,0.33924999833106995,0.32374998927116394,0.335750013589859,0.30710846185684204,634940000,0.0,0.0
2009-08-13,0.3382500112056732,0.34700000286102295,0.3322499990463257,0.34575000405311584,0.3162554204463959,564028000,0.0,0.0
2009-08-14,0.3452500104904175,0.34575000405311584,0.3310000002384186,0.33550000190734863,0.3068799674510956,427148000,0.0,0.0
2009-08-17,0.3252499997615814,0.32624998688697815,0.3179999887943268,0.3215000033378601,0.2940741181373596,465032000,0.0,0.0
2009-08-18,0.3215000033378601,0.3370000123977661,0.32124999165534973,0.3332499861717224,0.30482178926467896,636200000,0.0,0.0
2009-08-19,0.328249990940094,0.33149999380111694,0.32499998807907104,0.3294999897480011,0.3013916611671448,552996000,0.0,0.0
2009-08-20,0.328000009059906,0.3440000116825104,0.32725000381469727,0.3425000011920929,0.31328272819519043,819840000,0.0,0.0
2009-08-21,0.3452500104904175,0.3487499952316284,0.3382500112056732,0.34825000166893005,0.3185422420501709,607324000,0.0,0.0
2009-08-24,0.3462499976158142,0.3499999940395355,0.33649998903274536,0.3384999930858612,0.3096238076686859,461456000,0.0,0.0
2009-08-25,0.3402499854564667,0.3449999988079071,0.3345000147819519,0.34150001406669617,0.3123680651187897,444088000,0.0,0.0
2009-08-26,0.3407500088214874,0.3462499976158142,0.3395000100135803,0.34549999237060547,0.31602680683135986,434308000,0.0,0.0
2009-08-27,0.34700000286102295,0.351749986410141,0.34325000643730164,0.3502500057220459,0.3203716278076172,551072000,0.0,0.0
2009-08-28,0.35975000262260437,0.37575000524520874,0.359250009059906,0.3682500123977661,0.3368360102176666,883992000,0.0,0.0
2009-08-31,0.36399999260902405,0.3657500147819519,0.3582499921321869,0.3630000054836273,0.3320339620113373,431796000,0.0,0.0
2009-09-01,0.36274999380111694,0.37299999594688416,0.3487499952316284,0.35074999928474426,0.3208288550376892,736856000,0.0,0.0
2009-09-02,0.3512499928474426,0.359250009059906,0.3492499887943268,0.3557499945163727,0.3254023492336273,404656000,0.0,0.0
2009-09-03,0.3557499945163727,0.3647499978542328,0.35475000739097595,0.3642500042915344,0.3331773281097412,534020000,0.0,0.0
2009-09-04,0.36274999380111694,0.3802500069141388,0.36274999380111694,0.3777500092983246,0.34552574157714844,513048000,0.0,0.0
2009-09-08,0.3804999887943268,0.3882499933242798,0.3774999976158142,0.3882499933242798,0.3551298677921295,549712000,0.0,0.0
2009-09-09,0.38749998807907104,0.3997499942779541,0.38199999928474426,0.39899998903274536,0.3649629056453705,571684000,0.0,0.0
2009-09-10,0.40024998784065247,0.41225001215934753,0.3957499861717224,0.4117499887943268,0.37662532925605774,607952000,0.0,0.0
2009-09-11,0.41075000166893005,0.41225001215934753,0.4050000011920929,0.40799999237060547,0.37319523096084595,712732000,0.0,0.0
2009-09-14,0.4020000100135803,0.40525001287460327,0.39774999022483826,0.4012500047683716,0.36702102422714233,490516000,0.0,0.0
2009-09-15,0.4050000011920929,0.41449999809265137,0.4012500047683716,0.40950000286102295,0.3745671212673187,546136000,0.0,0.0
2009-09-16,0.40849998593330383,0.4092499911785126,0.39250001311302185,0.398499995470047,0.3645055294036865,707064000,0.0,0.0
2009-09-17,0.39750000834465027,0.39750000834465027,0.37424999475479126,0.38100001215934753,0.3484984040260315,923096000,0.0,0.0
2009-09-18,0.38475000858306885,0.38749998807907104,0.3774999976158142,0.3804999887943268,0.34804102778434753,604740000,0.0,0.0
2009-09-21,0.37599998712539673,0.3852500021457672,0.37275001406669617,0.3787499964237213,0.34644028544425964,588776000,0.0,0.0
2009-09-22,0.3815000057220459,0.38374999165534973,0.3765000104904175,0.37950000166893005,0.3471263349056244,361388000,0.0,0.0
2009-09-23,0.3817499876022339,0.38499999046325684,0.37299999594688416,0.3734999895095825,0.34163814783096313,478936000,0.0,0.0
2009-09-24,0.37975001335144043,0.37975001335144043,0.367249995470047,0.3684999942779541,0.33706486225128174,552876000,0.0,0.0
2009-09-25,0.36649999022483826,0.3682500123977661,0.35975000262260437,0.36250001192092896,0.33157652616500854,377556000,0.0,0.0
2009-09-28,0.36375001072883606,0.3799999952316284,0.36375001072883606,0.3707500100135803,0.33912286162376404,467708000,0.0,0.0
2009-09-29,0.37299999594688416,0.3774999976158142,0.3632499873638153,0.36399999260902405,0.33294862508773804,470928000,0.0,0.0
2009-09-30,0.3714999854564667,0.3802500069141388,0.3632499873638153,0.37575000524520874,0.34369632601737976,875956000,0.0,0.0
2009-10-01,0.37450000643730164,0.37450000643730164,0.3487499952316284,0.3490000069141388,0.3192281424999237,999960000,0.0,0.0
2009-10-02,0.34549999237060547,0.35374999046325684,0.3434999883174896,0.3462499976158142,0.31671273708343506,612476000,0.0,0.0
2009-10-05,0.3499999940395355,0.3512499928474426,0.3384999930858612,0.34450000524520874,0.31511205434799194,754276000,0.0,0.0
2009-10-06,0.3487499952316284,0.35624998807907104,0.3462499976158142,0.3502500057220459,0.3203716278076172,761272000,0.0,0.0
2009-10-07,0.3477500081062317,0.351500004529953,0.34375,0.3474999964237213,0.31785616278648376,459608000,0.0,0.0
2009-10-08,0.34950000047683716,0.3504999876022339,0.3372499942779541,0.34975001215934753,0.319914311170578,1241524000,0.0,0.0
2009-10-09,0.3477500081062317,0.35475000739097595,0.3472500145435333,0.3542500138282776,0.324030339717865,618540000,0.0,0.0
2009-10-12,0.34825000166893005,0.3569999933242798,0.3479999899864197,0.3502500057220459,0.3203716278076172,499008000,0.0,0.0
2009-10-13,0.35225000977516174,0.35624998807907104,0.34575000405311584,0.3490000069141388,0.3192281424999237,602124000,0.0,0.0
2009-10-14,0.36250001192092896,0.36250001192092896,0.3467499911785126,0.34850001335144043,0.3187708258628845,1101948000,0.0,0.0
2009-10-15,0.3479999899864197,0.3512499928474426,0.335999995470047,0.3382500112056732,0.30939537286758423,1092196000,0.0,0.0
2009-10-16,0.33399999141693115,0.33500000834465027,0.3244999945163727,0.3305000066757202,0.3023063540458679,1018832000,0.0,0.0
2009-10-19,0.3332499861717224,0.3452500104904175,0.3305000066757202,0.3425000011920929,0.31328272819519043,695588000,0.0,0.0
2009-10-20,0.34825000166893005,0.35074999928474426,0.3400000035762787,0.34275001287460327,0.31351137161254883,660180000,0.0,0.0
2009-10-21,0.34150001406669617,0.3467499911785126,0.33274999260902405,0.3345000147819519,0.3059651851654053,503956000,0.0,0.0
2009-10-22,0.33274999260902405,0.3384999930858612,0.3269999921321869,0.33675000071525574,0.3080233037471771,379328000,0.0,0.0
2009-10-23,0.3412500023841858,0.3412500023841858,0.3267500102519989,0.32875001430511475,0.30070561170578003,429528000,0.0,0.0
2009-10-26,0.33125001192092896,0.3362500071525574,0.3227500021457672,0.3244999945163727,0.29681819677352905,481652000,0.0,0.0
2009-10-27,0.3230000138282776,0.32774999737739563,0.31025001406669617,0.31349998712539673,0.28675660490989685,591836000,0.0,0.0
2009-10-28,0.30649998784065247,0.31349998712539673,0.29899999499320984,0.3005000054836273,0.27486562728881836,773632000,0.0,0.0
2009-10-29,0.30524998903274536,0.3152500092983246,0.30250000953674316,0.3137499988079071,0.2869851589202881,637100000,0.0,0.0
2009-10-30,0.3122499883174896,0.31349998712539673,0.29750001430511475,0.29899999499320984,0.2734934389591217,604144000,0.0,0.0
2009-11-02,0.2985000014305115,0.3082500100135803,0.2932499945163727,0.3017500042915344,0.2760089635848999,593136000,0.0,0.0
2009-11-03,0.2919999957084656,0.3017500042915344,0.289000004529953,0.30024999380111694,0.2746368646621704,876472000,0.0,0.0
2009-11-04,0.30250000953674316,0.3057500123977661,0.2982499897480011,0.2994999885559082,0.27395084500312805,916840000,0.0,0.0
2009-11-05,0.30300000309944153,0.3097499907016754,0.3019999861717224,0.30674999952316284,0.2805825173854828,955156000,0.0,0.0
2009-11-06,0.32600000500679016,0.335750013589859,0.32199999690055847,0.32899999618530273,0.30093449354171753,1641112000,0.0,0.0
2009-11-09,0.3334999978542328,0.3412500023841858,0.3332499861717224,0.33649998903274536,0.3077944815158844,818124000,0.0,0.0
2009-11-10,0.33774998784065247,0.33774998784065247,0.3240000009536743,0.328249990940094,0.30024823546409607,781472000,0.0,0.0
2009-11-11,0.33375000953674316,0.34549999237060547,0.3332499861717224,0.3375000059604645,0.3087093234062195,871512000,0.0,0.0
2009-11-12,0.34049999713897705,0.3462499976158142,0.33550000190734863,0.33649998903274536,0.3077944815158844,505864000,0.0,0.0
2009-11-13,0.3362500071525574,0.3407500088214874,0.3347499966621399,0.33899998664855957,0.31008127331733704,388524000,0.0,0.0
2009-11-16,0.34200000762939453,0.3477500081062317,0.3402499854564667,0.34375,0.31442615389823914,402820000,0.0,0.0
2009-11-17,0.3440000116825104,0.3440000116825104,0.33675000071525574,0.34325000643730164,0.31396880745887756,350124000,0.0,0.0
2009-11-18,0.3400000035762787,0.3412500023841858,0.3322499990463257,0.33799999952316284,0.30916649103164673,455516000,0.0,0.0
2009-11-19,0.3307499885559082,0.3307499885559082,0.31850001215934753,0.3244999945163727,0.29681819677352905,833840000,0.0,0.0
2009-11-20,0.31700000166893005,0.3240000009536743,0.3162499964237213,0.32249999046325684,0.29498884081840515,426748000,0.0,0.0
2009-11-23,0.32725000381469727,0.3332499861717224,0.32350000739097595,0.32499998807907104,0.297275573015213,390924000,0.0,0.0
2009-11-24,0.32350000739097595,0.3257499933242798,0.3177500069141388,0.3230000138282776,0.2954462170600891,418504000,0.0,0.0
2009-11-25,0.3267500102519989,0.33125001192092896,0.3244999945163727,0.3267500102519989,0.2988761365413666,441760000,0.0,0.0
2009-11-27,0.3149999976158142,0.32350000739097595,0.31325000524520874,0.31975001096725464,0.2924734055995941,279932000,0.0,0.0
2009-11-30,0.32100000977516174,0.3267500102519989,0.3174999952316284,0.3264999985694885,0.2986476421356201,509836000,0.0,0.0
2009-12-01,0.328249990940094,0.33675000071525574,0.3264999985694885,0.3330000042915344,0.30459314584732056,461936000,0.0,0.0
2009-12-02,0.33375000953674316,0.34375,0.3317500054836273,0.34299999475479126,0.313740074634552,602292000,0.0,0.0
2009-12-03,0.34700000286102295,0.35324999690055847,0.3452500104904175,0.34575000405311584,0.3162554204463959,660036000,0.0,0.0
2009-12-04,0.35225000977516174,0.3580000102519989,0.3467499911785126,0.3564999997615814,0.3260885179042816,824564000,0.0,0.0
2009-12-07,0.39625000953674316,0.4112499952316284,0.3774999976158142,0.4022499918937683,0.3679356276988983,2732184000,0.0,0.0
2009-12-08,0.3957499861717224,0.39750000834465027,0.3804999887943268,0.382750004529953,0.3500990569591522,1075512000,0.0,0.0
2009-12-09,0.3867500126361847,0.39524999260902405,0.382999986410141,0.3922500014305115,0.35878878831863403,671588000,0.0,0.0
2009-12-10,0.39500001072883606,0.39750000834465027,0.3840000033378601,0.3852500021457672,0.35238590836524963,417012000,0.0,0.0
2009-12-11,0.38850000500679016,0.3889999985694885,0.3792499899864197,0.3802500069141388,0.3478124439716339,416744000,0.0,0.0
2009-12-14,0.3857499957084656,0.3930000066757202,0.3815000057220459,0.3917500078678131,0.3583313524723053,405488000,0.0,0.0
2009-12-15,0.3889999985694885,0.39774999022483826,0.3880000114440918,0.39125001430511475,0.3578740358352661,446152000,0.0,0.0
2009-12-16,0.40525001287460327,0.4272499978542328,0.40299999713897705,0.42274999618530273,0.38668692111968994,1683400000,0.0,0.0
2009-12-17,0.42399999499320984,0.43700000643730164,0.41449999809265137,0.4207499921321869,0.38485753536224365,1016132000,0.0,0.0
2009-12-18,0.4242500066757202,0.4257499873638153,0.4154999852180481,0.4205000102519989,0.3846288323402405,812828000,0.0,0.0
2009-12-21,0.4230000078678131,0.4372499883174896,0.42250001430511475,0.43549999594688416,0.39834925532341003,427792000,0.0,0.0
2009-12-22,0.43549999594688416,0.4514999985694885,0.4350000023841858,0.44699999690055847,0.40886810421943665,793044000,0.0,0.0
2009-12-23,0.45124998688697815,0.4544999897480011,0.445499986410141,0.453249990940094,0.4145851135253906,442196000,0.0,0.0
2009-12-24,0.4544999897480011,0.45524999499320984,0.4505000114440918,0.45225000381469727,0.4136703908443451,136812000,0.0,0.0
2009-12-28,0.4514999985694885,0.4555000066757202,0.4404999911785126,0.4449999928474426,0.4070388376712799,465760000,0.0,0.0
2009-12-29,0.44350001215934753,0.4517500102519989,0.4424999952316284,0.4505000114440918,0.4120696783065796,475848000,0.0,0.0
2009-12-30,0.4547500014305115,0.46950000524520874,0.4514999985694885,0.46674999594688416,0.4269334673881531,704008000,0.0,0.0
2009-12-31,0.46775001287460327,0.4737499952316284,0.46650001406669617,0.46700000762939453,0.42716217041015625,700340000,0.0,0.0
2010-01-04,0.46274998784065247,0.46549999713897705,0.45274999737739563,0.4622499942779541,0.4228173494338989,800204000,0.0,0.0
2010-01-05,0.46050000190734863,0.4740000069141388,0.46050000190734863,0.4690000116825104,0.42899149656295776,728648000,0.0,0.0
2010-01-06,0.46875,0.4729999899864197,0.46424999833106995,0.47200000286102295,0.431735634803772,649168000,0.0,0.0
2010-01-07,0.46950000524520874,0.4715000092983246,0.45925000309944153,0.46274998784065247,0.42327478528022766,547792000,0.0,0.0
2010-01-08,0.45899999141693115,0.46700000762939453,0.45625001192092896,0.4637500047683716,0.4241894483566284,478168000,0.0,0.0
2010-01-11,0.4662500023841858,0.46825000643730164,0.4507499933242798,0.4572499990463257,0.418243944644928,556612000,0.0,0.0
2010-01-12,0.4505000114440918,0.45225000381469727,0.4322499930858612,0.4417499899864197,0.4040660262107849,627432000,0.0,0.0
2010-01-13,0.44475001096725464,0.4492500126361847,0.42750000953674316,0.4477500021457672,0.40955427289009094,508868000,0.0,0.0
2010-01-14,0.44225001335144043,0.445499986410141,0.4332500100135803,0.44075000286102295,0.403151273727417,608524000,0.0,0.0
2010-01-15,0.4375,0.4412499964237213,0.421999990940094,0.42774999141693115,0.39126038551330566,818192000,0.0,0.0
2010-01-19,0.4244999885559082,0.43849998712539673,0.4232499897480011,0.43575000762939453,0.3985779285430908,545328000,0.0,0.0
2010-01-20,0.43024998903274536,0.43575000762939453,0.4244999885559082,0.4339999854564667,0.3969772160053253,719728000,0.0,0.0
2010-01-21,0.4337500035762787,0.4415000081062317,0.42225000262260437,0.42625001072883606,0.38988837599754333,608632000,0.0,0.0
2010-01-22,0.42124998569488525,0.42899999022483826,0.4090000092983246,0.4115000069141388,0.3763965964317322,1067916000,0.0,0.0
2010-01-25,0.4182499945163727,0.42649999260902405,0.4152500033378601,0.41850000619888306,0.3827996253967285,643676000,0.0,0.0
2010-01-26,0.4165000021457672,0.4192500114440918,0.4050000011920929,0.40525001287460327,0.3706797659397125,714636000,0.0,0.0
2010-01-27,0.4050000011920929,0.4177500009536743,0.40049999952316284,0.41624999046325684,0.38074126839637756,812504000,0.0,0.0
2010-01-28,0.4194999933242798,0.42100000381469727,0.39649999141693115,0.4022499918937683,0.3679356276988983,687764000,0.0,0.0
2010-01-29,0.40674999356269836,0.4112499952316284,0.3787499964237213,0.38475000858306885,0.3519286513328552,774700000,0.0,0.0
2010-02-01,0.38624998927116394,0.41499999165534973,0.382999986410141,0.414249986410141,0.37891197204589844,949832000,0.0,0.0
2010-02-02,0.4127500057220459,0.42375001311302185,0.4115000069141388,0.41850000619888306,0.3827996253967285,849812000,0.0,0.0
2010-02-03,0.41475000977516174,0.42375001311302185,0.4127500057220459,0.421999990940094,0.38600093126296997,562296000,0.0,0.0
2010-02-04,0.4182499945163727,0.4182499945163727,0.3930000066757202,0.39750000834465027,0.36359092593193054,783480000,0.0,0.0
2010-02-05,0.3970000147819519,0.4065000116825104,0.38999998569488525,0.40549999475479126,0.37090831995010376,604856000,0.0,0.0
2010-02-08,0.40424999594688416,0.41449999809265137,0.39675000309944153,0.4047499895095825,0.3702223598957062,445160000,0.0,0.0
2010-02-09,0.4112499952316284,0.41324999928474426,0.39750000834465027,0.40149998664855957,0.3672495484352112,930144000,0.0,0.0
2010-02-10,0.40400001406669617,0.4129999876022339,0.4012500047683716,0.4092499911785126,0.3743385970592499,535828000,0.0,0.0
2010-02-11,0.41574999690055847,0.4325000047683716,0.4127500057220459,0.42800000309944153,0.3914889991283417,695980000,0.0,0.0
2010-02-12,0.42500001192092896,0.4424999952316284,0.4202499985694885,0.4337500035762787,0.39674845337867737,780212000,0.0,0.0
2010-02-16,0.43950000405311584,0.44350001215934753,0.43424999713897705,0.4417499899864197,0.4040660262107849,457024000,0.0,0.0
2010-02-17,0.44725000858306885,0.44749999046325684,0.4332500100135803,0.44600000977516174,0.40795350074768066,876560000,0.0,0.0
2010-02-18,0.42149999737739563,0.42375001311302185,0.40525001287460327,0.4167500138282776,0.3811987340450287,1515508000,0.0,0.0
2010-02-19,0.41499999165534973,0.4194999933242798,0.4124999940395355,0.41449999809265137,0.3791406452655792,510548000,0.0,0.0
2010-02-22,0.41624999046325684,0.42250001430511475,0.4124999940395355,0.4152500033378601,0.37982669472694397,458084000,0.0,0.0
2010-02-23,0.4165000021457672,0.4182499945163727,0.4009999930858612,0.40525001287460327,0.3706797659397125,489764000,0.0,0.0
2010-02-24,0.4087499976158142,0.4177500009536743,0.4074999988079071,0.4137499928474426,0.3784545660018921,445868000,0.0,0.0
2010-02-25,0.40424999594688416,0.41100001335144043,0.39399999380111694,0.4099999964237213,0.37502455711364746,576972000,0.0,0.0
2010-02-26,0.40799999237060547,0.41100001335144043,0.4025000035762787,0.4050000011920929,0.3704509735107422,393396000,0.0,0.0
2010-03-01,0.40525001287460327,0.4232499897480011,0.4020000100135803,0.42124998569488525,0.38531482219696045,555868000,0.0,0.0
2010-03-02,0.42500001192092896,0.43024998903274536,0.4180000126361847,0.42100000381469727,0.3850860595703125,538648000,0.0,0.0
2010-03-03,0.4235000014305115,0.4257499873638153,0.41225001215934753,0.41574999690055847,0.38028407096862793,399300000,0.0,0.0
2010-03-04,0.41749998927116394,0.4207499921321869,0.4112499952316284,0.4165000021457672,0.38097018003463745,557396000,0.0,0.0
2010-03-05,0.41350001096725464,0.4322499930858612,0.41350001096725464,0.42925000190734863,0.39263248443603516,632832000,0.0,0.0
2010-03-08,0.429500013589859,0.4307500123977661,0.42124998569488525,0.4230000078678131,0.3869156539440155,439312000,0.0,0.0
2010-03-09,0.4272499978542328,0.4429999887943268,0.4269999861717224,0.4387499988079071,0.40132206678390503,830832000,0.0,0.0
2010-03-10,0.4375,0.44449999928474426,0.4372499883174896,0.43974998593330383,0.4022366404533386,418520000,0.0,0.0
2010-03-11,0.4362500011920929,0.4377500116825104,0.42800000309944153,0.429749995470047,0.3930896818637848,540660000,0.0,0.0
2010-03-12,0.4345000088214874,0.43575000762939453,0.42899999022483826,0.4312500059604645,0.39446181058883667,520352000,0.0,0.0
2010-03-15,0.4307500123977661,0.4350000023841858,0.42500001192092896,0.42899999022483826,0.39240387082099915,358904000,0.0,0.0
2010-03-16,0.42875000834465027,0.4465000033378601,0.4284999966621399,0.4440000057220459,0.40612417459487915,664988000,0.0,0.0
2010-03-17,0.4465000033378601,0.4584999978542328,0.4465000033378601,0.45249998569488525,0.4138990044593811,651168000,0.0,0.0
2010-03-18,0.453249990940094,0.453249990940094,0.4325000047683716,0.43650001287460327,0.39926400780677795,740964000,0.0,0.0
2010-03-19,0.4429999887943268,0.4442499876022339,0.4257499873638153,0.4312500059604645,0.39446181058883667,584612000,0.0,0.0
2010-03-22,0.4257499873638153,0.4399999976158142,0.4257499873638153,0.43825000524520874,0.4008648097515106,435336000,0.0,0.0
2010-03-23,0.4415000081062317,0.4494999945163727,0.43849998712539673,0.44725000858306885,0.40909695625305176,493612000,0.0,0.0
2010-03-24,0.44350001215934753,0.44475001096725464,0.43149998784065247,0.4322499930858612,0.3953765034675598,436252000,0.0,0.0
2010-03-25,0.43849998712539673,0.4412499964237213,0.4325000047683716,0.4334999918937683,0.39651980996131897,495184000,0.0,0.0
2010-03-26,0.4372499883174896,0.4417499899864197,0.4300000071525574,0.4334999918937683,0.39651980996131897,344676000,0.0,0.0
2010-03-29,0.4362500011920929,0.4399999976158142,0.43024998903274536,0.4390000104904175,0.40155062079429626,394456000,0.0,0.0
2010-03-30,0.4440000057220459,0.44624999165534973,0.4332500100135803,0.44075000286102295,0.403151273727417,324104000,0.0,0.0
2010-03-31,0.4390000104904175,0.4410000145435333,0.43274998664855957,0.4350000023841858,0.39789196848869324,389840000,0.0,0.0
2010-04-01,0.43700000643730164,0.44200000166893005,0.4259999990463257,0.43050000071525574,0.39377573132514954,339664000,0.0,0.0
2010-04-05,0.4332500100135803,0.4377500116825104,0.43274998664855957,0.43700000643730164,0.39972126483917236,413636000,0.0,0.0
2010-04-06,0.43149998784065247,0.4325000047683716,0.41874998807907104,0.42625001072883606,0.38988837599754333,809260000,0.0,0.0
2010-04-07,0.4235000014305115,0.4362500011920929,0.41999998688697815,0.42899999022483826,0.39240387082099915,817468000,0.0,0.0
2010-04-08,0.42625001072883606,0.429500013589859,0.41975000500679016,0.421999990940094,0.38600093126296997,1037600000,0.0,0.0
2010-04-09,0.42100000381469727,0.42625001072883606,0.41874998807907104,0.4247500002384186,0.3885163366794586,817572000,0.0,0.0
2010-04-12,0.42524999380111694,0.43424999713897705,0.4244999885559082,0.4325000047683716,0.39560508728027344,546460000,0.0,0.0
2010-04-13,0.43424999713897705,0.4429999887943268,0.4325000047683716,0.4415000081062317,0.4038374125957489,648696000,0.0,0.0
2010-04-14,0.45100000500679016,0.453249990940094,0.4399999976158142,0.44699999690055847,0.40886810421943665,900720000,0.0,0.0
2010-04-15,0.44850000739097595,0.453000009059906,0.4440000057220459,0.4502499997615814,0.41184109449386597,957596000,0.0,0.0
2010-04-16,0.4320000112056732,0.4337500035762787,0.4169999957084656,0.42649999260902405,0.39011698961257935,1917736000,0.0,0.0
2010-04-19,0.4232499897480011,0.4257499873638153,0.4102500081062317,0.4244999885559082,0.38828757405281067,1094492000,0.0,0.0
2010-04-20,0.42750000953674316,0.4320000112056732,0.4205000102519989,0.4259999990463257,0.3896595537662506,678188000,0.0,0.0
2010-04-21,0.4282500147819519,0.42875000834465027,0.4099999964237213,0.41499999165534973,0.37959805130958557,895908000,0.0,0.0
2010-04-22,0.40825000405311584,0.4180000126361847,0.4025000035762787,0.4167500138282776,0.3811987340450287,656932000,0.0,0.0
2010-04-23,0.4154999852180481,0.4165000021457672,0.4037500023841858,0.41100001335144043,0.3759393095970154,752916000,0.0,0.0
2010-04-26,0.4115000069141388,0.41999998688697815,0.41075000166893005,0.41499999165534973,0.37959805130958557,491092000,0.0,0.0
2010-04-27,0.41200000047683716,0.41624999046325684,0.4020000100135803,0.4032500088214874,0.3688504099845886,606704000,0.0,0.0
2010-04-28,0.40299999713897705,0.4097500145435333,0.3957499861717224,0.40400001406669617,0.3695363998413086,672164000,0.0,0.0
2010-04-29,0.40525001287460327,0.4167500138282776,0.39925000071525574,0.41624999046325684,0.38074126839637756,987128000,0.0,0.0
2010-04-30,0.4112499952316284,0.41200000047683716,0.39250001311302185,0.39274999499320984,0.3592459559440613,1068048000,0.0,0.0
2010-05-03,0.3947499990463257,0.3970000147819519,0.3824999928474426,0.38850000500679016,0.35535869002342224,1078972000,0.0,0.0
2010-05-04,0.3824999928474426,0.38324999809265137,0.3632499873638153,0.3687500059604645,0.33729344606399536,1311376000,0.0,0.0
2010-05-05,0.36125001311302185,0.37174999713897705,0.3580000102519989,0.36250001192092896,0.33157652616500854,1330840000,0.0,0.0
2010-05-06,0.36000001430511475,0.3675000071525574,0.32600000500679016,0.35499998927116394,0.3247164785861969,1002888000,0.0,0.0
2010-05-07,0.3582499921321869,0.3582499921321869,0.33649998903274536,0.3490000069141388,0.3192281424999237,1153712000,0.0,0.0
2010-05-10,0.3700000047683716,0.37450000643730164,0.36000001430511475,0.36399999260902405,0.33294862508773804,979156000,0.0,0.0
2010-05-11,0.3605000078678131,0.367249995470047,0.35725000500679016,0.36000001430511475,0.32928985357284546,829124000,0.0,0.0
2010-05-12,0.36250001192092896,0.36899998784065247,0.36024999618530273,0.367000013589859,0.33569276332855225,901236000,0.0,0.0
2010-05-13,0.36550000309944153,0.38225001096725464,0.36274999380111694,0.36625000834465027,0.3350067138671875,1252000000,0.0,0.0
2010-05-14,0.34150001406669617,0.3425000011920929,0.3149999976158142,0.3240000009536743,0.29636073112487793,2493068000,0.0,0.0
2010-05-17,0.3244999945163727,0.32875001430511475,0.31450000405311584,0.32475000619888306,0.29704686999320984,856060000,0.0,0.0
2010-05-18,0.32749998569488525,0.3294999897480011,0.3122499883174896,0.3140000104904175,0.28721389174461365,674112000,0.0,0.0
2010-05-19,0.3125,0.31949999928474426,0.31025001406669617,0.3190000057220459,0.29178744554519653,826520000,0.0,0.0
2010-05-20,0.3097499907016754,0.3190000057220459,0.30024999380111694,0.31150001287460327,0.2849271297454834,1129136000,0.0,0.0
2010-05-21,0.30250000953674316,0.3269999921321869,0.30250000953674316,0.31825000047683716,0.29110145568847656,1069600000,0.0,0.0
2010-05-24,0.31725001335144043,0.32100000977516174,0.30799999833106995,0.3089999854564667,0.28264039754867554,664564000,0.0,0.0
2010-05-25,0.2992500066757202,0.3187499940395355,0.29624998569488525,0.31725001335144043,0.29018670320510864,966652000,0.0,0.0
2010-05-26,0.33000001311302185,0.3362500071525574,0.3177500069141388,0.3187499940395355,0.2915588319301605,995028000,0.0,0.0
2010-05-27,0.3267500102519989,0.3375000059604645,0.32600000500679016,0.3375000059604645,0.3087093234062195,713560000,0.0,0.0
2010-05-28,0.3370000123977661,0.3370000123977661,0.32350000739097595,0.32850000262260437,0.3004768490791321,545116000,0.0,0.0
2010-06-01,0.3240000009536743,0.32774999737739563,0.31424999237060547,0.31450000405311584,0.28767117857933044,527492000,0.0,0.0
2010-06-02,0.3149999976158142,0.31850001215934753,0.31299999356269836,0.3179999887943268,0.2908726930618286,649088000,0.0,0.0
2010-06-03,0.31150001287460327,0.31825000047683716,0.31049999594688416,0.3174999952316284,0.2904154062271118,586360000,0.0,0.0
2010-06-04,0.3082500100135803,0.3137499988079071,0.3007499873638153,0.30250000953674316,0.27669501304626465,671456000,0.0,0.0
2010-06-07,0.30375000834465027,0.3057500123977661,0.2862499952316284,0.2874999940395355,0.2629745602607727,577248000,0.0,0.0
2010-06-08,0.2862499952316284,0.2862499952316284,0.2722499966621399,0.27950000762939453,0.2556570768356323,967636000,0.0,0.0
2010-06-09,0.2809999883174896,0.28850001096725464,0.27175000309944153,0.27274999022483826,0.24948272109031677,697152000,0.0,0.0
2010-06-10,0.2782500088214874,0.2849999964237213,0.2775000035762787,0.2837499976158142,0.25954434275627136,611768000,0.0,0.0
2010-06-11,0.28075000643730164,0.2915000021457672,0.2800000011920929,0.2902500033378601,0.26548993587493896,442104000,0.0,0.0
2010-06-14,0.2944999933242798,0.29499998688697815,0.28325000405311584,0.2840000092983246,0.2597731351852417,375080000,0.0,0.0
2010-06-15,0.28725001215934753,0.2994999885559082,0.2867499887943268,0.2980000078678131,0.27257880568504333,528632000,0.0,0.0
2010-06-16,0.29600000381469727,0.29875001311302185,0.2902500033378601,0.2942500114440918,0.26914873719215393,366480000,0.0,0.0
2010-06-17,0.304500013589859,0.3062500059604645,0.2939999997615814,0.30550000071525574,0.2794390916824341,859068000,0.0,0.0
2010-06-18,0.3072499930858612,0.3112500011920929,0.3050000071525574,0.3075000047683716,0.28126832842826843,932832000,0.0,0.0
2010-06-21,0.3140000104904175,0.31474998593330383,0.29750001430511475,0.30024999380111694,0.2746368646621704,579836000,0.0,0.0
2010-06-22,0.30399999022483826,0.30774998664855957,0.2874999940395355,0.289000004529953,0.2643465995788574,818164000,0.0,0.0
2010-06-23,0.2917500138282776,0.2952499985694885,0.28349998593330383,0.29225000739097595,0.2673194110393524,614060000,0.0,0.0
2010-06-24,0.2904999852180481,0.2919999957084656,0.27674999833106995,0.2777499854564667,0.2540563642978668,725028000,0.0,0.0
2010-06-25,0.2797499895095825,0.2800000011920929,0.27250000834465027,0.2770000100135803,0.2533702254295349,507220000,0.0,0.0
2010-06-28,0.27900001406669617,0.2815000116825104,0.27250000834465027,0.2775000035762787,0.25382766127586365,372008000,0.0,0.0
2010-06-29,0.27149999141693115,0.27175000309944153,0.2602500021457672,0.2619999945163727,0.23964978754520416,660808000,0.0,0.0
2010-06-30,0.26249998807907104,0.26524999737739563,0.2552500069141388,0.2552500069141388,0.23347561061382294,623072000,0.0,0.0
2010-07-01,0.25600001215934753,0.26124998927116394,0.24824999272823334,0.25949999690055847,0.23736312985420227,737008000,0.0,0.0
2010-07-02,0.2605000138282776,0.26100000739097595,0.2475000023841858,0.2562499940395355,0.23439031839370728,737096000,0.0,0.0
2010-07-06,0.2552500069141388,0.26350000500679016,0.2512499988079071,0.2535000145435333,0.2318749576807022,712020000,0.0,0.0
2010-07-07,0.25450000166893005,0.2672500014305115,0.2540000081062317,0.265749990940094,0.24307996034622192,608412000,0.0,0.0
2010-07-08,0.26750001311302185,0.26774999499320984,0.25450000166893005,0.257750004529953,0.23576243221759796,783272000,0.0,0.0
2010-07-09,0.2590000033378601,0.2605000138282776,0.2554999887943268,0.25874999165534973,0.23667709529399872,571516000,0.0,0.0
2010-07-12,0.25874999165534973,0.2667500078678131,0.25850000977516174,0.26350000500679016,0.24102184176445007,565396000,0.0,0.0
2010-07-13,0.26774999499320984,0.2747499942779541,0.26625001430511475,0.27300000190734863,0.2497115582227707,723316000,0.0,0.0
2010-07-14,0.2849999964237213,0.28700000047683716,0.27175000309944153,0.2757500112056732,0.2522267997264862,1355664000,0.0,0.0
2010-07-15,0.2759999930858612,0.2762500047683716,0.26475000381469727,0.2680000066757202,0.24513797461986542,953088000,0.0,0.0
2010-07-16,0.2680000066757202,0.26875001192092896,0.2502500116825104,0.2512499988079071,0.22981692850589752,1288604000,0.0,0.0
2010-07-19,0.25475001335144043,0.26249998807907104,0.2529999911785126,0.2615000009536743,0.23919248580932617,798440000,0.0,0.0
2010-07-20,0.25475001335144043,0.2694999873638153,0.2524999976158142,0.2680000066757202,0.24513797461986542,1160988000,0.0,0.0
2010-07-21,0.2705000042915344,0.2707499861717224,0.2567499876022339,0.2592499852180481,0.23713448643684387,624940000,0.0,0.0
2010-07-22,0.2619999945163727,0.26625001430511475,0.2605000138282776,0.26350000500679016,0.24102184176445007,462612000,0.0,0.0
2010-07-23,0.2632499933242798,0.26350000500679016,0.2565000057220459,0.2590000033378601,0.23690581321716309,817604000,0.0,0.0
2010-07-26,0.25824999809265137,0.26475000381469727,0.2542499899864197,0.26374998688697815,0.24125051498413086,683548000,0.0,0.0
2010-07-27,0.2644999921321869,0.26499998569488525,0.25824999809265137,0.2615000009536743,0.23919248580932617,683472000,0.0,0.0
2010-07-28,0.25725001096725464,0.2617500126361847,0.2524999976158142,0.25325000286102295,0.23164626955986023,1320808000,0.0,0.0
2010-07-29,0.23499999940395355,0.23999999463558197,0.22675000131130219,0.22824999690055847,0.20877894759178162,2664476000,0.0,0.0
2010-07-30,0.226500004529953,0.23375000059604645,0.22300000488758087,0.22975000739097595,0.21015095710754395,984288000,0.0,0.0
2010-08-02,0.23375000059604645,0.23475000262260437,0.22849999368190765,0.22949999570846558,0.20992228388786316,917020000,0.0,0.0
2010-08-03,0.2277500033378601,0.2280000001192093,0.22175000607967377,0.22349999845027924,0.20443405210971832,955444000,0.0,0.0
2010-08-04,0.22550000250339508,0.23375000059604645,0.22450000047683716,0.2329999953508377,0.2131236493587494,855496000,0.0,0.0
2010-08-05,0.23375000059604645,0.23649999499320984,0.22949999570846558,0.23600000143051147,0.215867817401886,800504000,0.0,0.0
2010-08-06,0.23499999940395355,0.24124999344348907,0.2329999953508377,0.23874999582767487,0.21838323771953583,739904000,0.0,0.0
2010-08-09,0.24124999344348907,0.24150000512599945,0.23524999618530273,0.2409999966621399,0.22044123709201813,466456000,0.0,0.0
2010-08-10,0.2370000034570694,0.23749999701976776,0.23000000417232513,0.23100000619888306,0.21129430830478668,772560000,0.0,0.0
2010-08-11,0.22624999284744263,0.22624999284744263,0.2212499976158142,0.22200000286102295,0.20306208729743958,796148000,0.0,0.0
2010-08-12,0.21799999475479126,0.2290000021457672,0.2162500023841858,0.2240000069141388,0.20489148795604706,1343584000,0.0,0.0
2010-08-13,0.23125000298023224,0.23800000548362732,0.23074999451637268,0.23475000262260437,0.21472439169883728,1797392000,0.0,0.0
2010-08-16,0.23149999976158142,0.23624999821186066,0.22574999928474426,0.22875000536441803,0.209236279129982,814008000,0.0,0.0
2010-08-17,0.23100000619888306,0.23600000143051147,0.22875000536441803,0.2317499965429306,0.21198038756847382,481224000,0.0,0.0
2010-08-18,0.23100000619888306,0.23499999940395355,0.22949999570846558,0.2329999953508377,0.2131236493587494,352920000,0.0,0.0
2010-08-19,0.23549999296665192,0.24774999916553497,0.2342499941587448,0.24699999392032623,0.22592946887016296,1615100000,0.0,0.0
2010-08-20,0.24525000154972076,0.2552500069141388,0.24500000476837158,0.24924999475479126,0.22798751294612885,1305308000,0.0,0.0
2010-08-23,0.25,0.2562499940395355,0.2447499930858612,0.24549999833106995,0.22455742955207825,748620000,0.0,0.0
2010-08-24,0.23749999701976776,0.24549999833106995,0.2370000034570694,0.24300000071525574,0.2222706526517868,641332000,0.0,0.0
2010-08-25,0.24025000631809235,0.25,0.23899999260902405,0.24799999594688416,0.22684413194656372,757532000,0.0,0.0
2010-08-26,0.2512499988079071,0.2540000081062317,0.24500000476837158,0.24500000476837158,0.2241000533103943,657596000,0.0,0.0
2010-08-27,0.24650000035762787,0.2549999952316284,0.24025000631809235,0.2529999911785126,0.23141759634017944,1060416000,0.0,0.0
2010-08-30,0.25,0.25200000405311584,0.2409999966621399,0.2409999966621399,0.22044123709201813,602804000,0.0,0.0
2010-08-31,0.23749999701976776,0.24500000476837158,0.23250000178813934,0.23325000703334808,0.21335238218307495,931488000,0.0,0.0
2010-09-01,0.23675000667572021,0.2397499978542328,0.23375000059604645,0.23499999940395355,0.21495306491851807,851440000,0.0,0.0
2010-09-02,0.2357500046491623,0.23999999463558197,0.23350000381469727,0.23925000429153442,0.21884052455425262,596292000,0.0,0.0
2010-09-03,0.24500000476837158,0.24824999272823334,0.24199999868869781,0.2475000023841858,0.22638677060604095,566484000,0.0,0.0
2010-09-07,0.24674999713897705,0.2554999887943268,0.2462500035762787,0.24975000321865082,0.22844478487968445,899820000,0.0,0.0
2010-09-08,0.2502500116825104,0.25975000858306885,0.2475000023841858,0.257999986410141,0.2359910011291504,1224156000,0.0,0.0
2010-09-09,0.26124998927116394,0.2615000009536743,0.2512499988079071,0.25450000166893005,0.23278962075710297,697748000,0.0,0.0
2010-09-10,0.2562499940395355,0.25699999928474426,0.24950000643730164,0.25174999237060547,0.2302742600440979,609292000,0.0,0.0
2010-09-13,0.2562499940395355,0.2692500054836273,0.2562499940395355,0.26600000262260437,0.2433086335659027,1015792000,0.0,0.0
2010-09-14,0.26374998688697815,0.2669999897480011,0.26124998927116394,0.26350000500679016,0.24102184176445007,698536000,0.0,0.0
2010-09-15,0.26100000739097595,0.2642500102519989,0.2574999928474426,0.2639999985694885,0.2414792776107788,555572000,0.0,0.0
2010-09-16,0.2605000138282776,0.26649999618530273,0.2605000138282776,0.2642500102519989,0.24170786142349243,365280000,0.0,0.0
2010-09-17,0.2667500078678131,0.2669999897480011,0.2630000114440918,0.26374998688697815,0.24125051498413086,416884000,0.0,0.0
2010-09-20,0.26374998688697815,0.26875001192092896,0.26124998927116394,0.26774999499320984,0.24490931630134583,443168000,0.0,0.0
2010-09-21,0.26625001430511475,0.2867499887943268,0.26625001430511475,0.28224998712539673,0.2581724226474762,1779624000,0.0,0.0
2010-09-22,0.28125,0.28725001215934753,0.27950000762939453,0.2847500145435333,0.26045915484428406,999996000,0.0,0.0
2010-09-23,0.2879999876022339,0.2994999885559082,0.2854999899864197,0.2904999852180481,0.26571857929229736,1240872000,0.0,0.0
2010-09-24,0.296999990940094,0.3075000047683716,0.29475000500679016,0.30649998784065247,0.28035372495651245,1086976000,0.0,0.0
2010-09-27,0.3087500035762787,0.3089999854564667,0.29600000381469727,0.30000001192092896,0.2744081914424896,999504000,0.0,0.0
2010-09-28,0.30024999380111694,0.3034999966621399,0.2939999997615814,0.2992500066757202,0.2737222909927368,723192000,0.0,0.0
2010-09-29,0.29649999737739563,0.3057500123977661,0.29374998807907104,0.296999990940094,0.2716641426086426,974904000,0.0,0.0
2010-09-30,0.3007499873638153,0.30425000190734863,0.28949999809265137,0.2919999957084656,0.26709067821502686,787632000,0.0,0.0
2010-10-01,0.29624998569488525,0.296750009059906,0.2815000116825104,0.2837499976158142,0.25954434275627136,999120000,0.0,0.0
2010-10-04,0.2809999883174896,0.28575000166893005,0.27524998784065247,0.2809999883174896,0.2570289969444275,749500000,0.0,0.0
2010-10-05,0.28700000047683716,0.2874999940395355,0.28224998712539673,0.28299999237060547,0.2588583827018738,753588000,0.0,0.0
2010-10-06,0.28299999237060547,0.2842499911785126,0.2667500078678131,0.2694999873638153,0.24650998413562775,1057604000,0.0,0.0
2010-10-07,0.2707499861717224,0.2709999978542328,0.25949999690055847,0.26750001311302185,0.24468064308166504,761488000,0.0,0.0
2010-10-08,0.26649999618530273,0.2737500071525574,0.2627499997615814,0.27149999141693115,0.2483394294977188,706932000,0.0,0.0
2010-10-11,0.27274999022483826,0.2750000059604645,0.26899999380111694,0.27024999260902405,0.24719607830047607,442680000,0.0,0.0
2010-10-12,0.2680000066757202,0.27674999833106995,0.265749990940094,0.27549999952316284,0.2519981861114502,605208000,0.0,0.0
2010-10-13,0.2800000011920929,0.2874999940395355,0.2770000100135803,0.28349998593330383,0.25931569933891296,968732000,0.0,0.0
2010-10-14,0.2837499976158142,0.2842499911785126,0.2777499854564667,0.27900001406669617,0.25519970059394836,599172000,0.0,0.0
2010-10-15,0.28349998593330383,0.2867499887943268,0.27900001406669617,0.28224998712539673,0.2581724226474762,639940000,0.0,0.0
2010-10-18,0.2824999988079071,0.2852500081062317,0.2775000035762787,0.2840000092983246,0.2597731351852417,448156000,0.0,0.0
2010-10-19,0.2777499854564667,0.2842499911785126,0.27549999952316284,0.28224998712539673,0.2581724226474762,866136000,0.0,0.0
2010-10-20,0.2824999988079071,0.28999999165534973,0.2775000035762787,0.28224998712539673,0.2581724226474762,763532000,0.0,0.0
2010-10-21,0.2824999988079071,0.28299999237060547,0.27300000190734863,0.2772499918937683,0.2535989284515381,1014428000,0.0,0.0
2010-10-22,0.27900001406669617,0.29725000262260437,0.2759999930858612,0.29499998688697815,0.2698347270488739,1322676000,0.0,0.0
2010-10-25,0.29725000262260437,0.30000001192092896,0.2944999933242798,0.29774999618530273,0.27235016226768494,673136000,0.0,0.0
2010-10-26,0.2942500114440918,0.30125001072883606,0.2917500138282776,0.296750009059906,0.2714354991912842,675248000,0.0,0.0
2010-10-27,0.2939999997615814,0.3019999861717224,0.2932499945163727,0.3009999990463257,0.275322824716568,496796000,0.0,0.0
2010-10-28,0.3050000071525574,0.3059999942779541,0.2985000014305115,0.30125001072883606,0.27555161714553833,704448000,0.0,0.0
2010-10-29,0.3007499873638153,0.30375000834465027,0.29750001430511475,0.3005000054836273,0.27486562728881836,554664000,0.0,0.0
2010-11-01,0.30250000953674316,0.3072499930858612,0.2985000014305115,0.3009999990463257,0.275322824716568,473920000,0.0,0.0
2010-11-02,0.3022499978542328,0.3122499883174896,0.3005000054836273,0.3072499930858612,0.2810397744178772,581036000,0.0,0.0
2010-11-03,0.30924999713897705,0.31150001287460327,0.30125001072883606,0.3095000088214874,0.28309786319732666,671748000,0.0,0.0
2010-11-04,0.3125,0.31575000286102295,0.3095000088214874,0.3100000023841858,0.28355517983436584,700016000,0.0,0.0
2010-11-05,0.3122499883174896,0.3179999887943268,0.31075000762939453,0.3152500092983246,0.28835728764533997,735116000,0.0,0.0
2010-11-08,0.3149999976158142,0.3192499876022339,0.3125,0.3165000081062317,0.28950071334838867,605156000,0.0,0.0
2010-11-09,0.3165000081062317,0.3190000057220459,0.31299999356269836,0.31474998593330383,0.28789979219436646,633964000,0.0,0.0
2010-11-10,0.31700000166893005,0.31850001215934753,0.3125,0.31850001215934753,0.291329950094223,521016000,0.0,0.0
2010-11-11,0.3109999895095825,0.320499986410141,0.30674999952316284,0.3152500092983246,0.28835728764533997,1089980000,0.0,0.0
2010-11-12,0.32725000381469727,0.34200000762939453,0.3257499933242798,0.33149999380111694,0.3032210171222687,2142560000,0.0,0.0
2010-11-15,0.3330000042915344,0.33774998784065247,0.3267500102519989,0.32749998569488525,0.29956233501434326,733548000,0.0,0.0
2010-11-16,0.32199999690055847,0.3264999985694885,0.31725001335144043,0.3177500069141388,0.2906440496444702,739356000,0.0,0.0
2010-11-17,0.3174999952316284,0.3267500102519989,0.31450000405311584,0.3230000138282776,0.2954462170600891,551764000,0.0,0.0
2010-11-18,0.32725000381469727,0.3362500071525574,0.32725000381469727,0.3330000042915344,0.30459314584732056,993120000,0.0,0.0
2010-11-19,0.3322499990463257,0.3449999988079071,0.3317500054836273,0.34375,0.31442615389823914,716484000,0.0,0.0
2010-11-22,0.34150001406669617,0.34599998593330383,0.3384999930858612,0.3440000116825104,0.31465470790863037,462668000,0.0,0.0
2010-11-23,0.3400000035762787,0.3434999883174896,0.3334999978542328,0.335999995470047,0.3073371648788452,457832000,0.0,0.0
2010-11-24,0.3395000100135803,0.34549999237060547,0.33924999833106995,0.34424999356269836,0.3148835301399231,397784000,0.0,0.0
2010-11-26,0.3440000116825104,0.34599998593330383,0.3400000035762787,0.3400000035762787,0.3109959363937378,143104000,0.0,0.0
2010-11-29,0.3384999930858612,0.3449999988079071,0.3370000123977661,0.34375,0.31442615389823914,468192000,0.0,0.0
2010-11-30,0.3384999930858612,0.34200000762939453,0.33399999141693115,0.3402499854564667,0.3112246096134186,720936000,0.0,0.0
2010-12-01,0.34700000286102295,0.35749998688697815,0.3465000092983246,0.3552500009536743,0.32494503259658813,626536000,0.0,0.0
2010-12-02,0.3552500009536743,0.3617500066757202,0.35499998927116394,0.359499990940094,0.3288324475288391,529316000,0.0,0.0
2010-12-03,0.3577499985694885,0.3697499930858612,0.3569999933242798,0.3697499930858612,0.33820822834968567,606044000,0.0,0.0
2010-12-06,0.3709999918937683,0.37174999713897705,0.36125001311302185,0.36274999380111694,0.3318053185939789,438424000,0.0,0.0
2010-12-07,0.3712500035762787,0.38324999809265137,0.37049999833106995,0.37450000643730164,0.3425529897212982,1026812000,0.0,0.0
2010-12-08,0.37400001287460327,0.3817499876022339,0.3712500035762787,0.3777500092983246,0.34552574157714844,613252000,0.0,0.0
2010-12-09,0.3687500059604645,0.37400001287460327,0.3634999990463257,0.3714999854564667,0.33980876207351685,942408000,0.0,0.0
2010-12-10,0.3714999854564667,0.37724998593330383,0.37049999833106995,0.3737500011920929,0.34186697006225586,451900000,0.0,0.0
2010-12-13,0.3752500116825104,0.37599998712539673,0.3632499873638153,0.3642500042915344,0.3331773281097412,609108000,0.0,0.0
2010-12-14,0.3712500035762787,0.3779999911785126,0.3642500042915344,0.3647499978542328,0.3336346745491028,755160000,0.0,0.0
2010-12-15,0.36550000309944153,0.3700000047683716,0.35624998807907104,0.3567500114440918,0.32631710171699524,624176000,0.0,0.0
2010-12-16,0.3605000078678131,0.36250001192092896,0.35624998807907104,0.35725000500679016,0.3267744481563568,631872000,0.0,0.0
2010-12-17,0.35749998688697815,0.36125001311302185,0.35324999690055847,0.359250009059906,0.3286038637161255,593156000,0.0,0.0
2010-12-20,0.3605000078678131,0.3622500002384186,0.35749998688697815,0.3577499985694885,0.32723188400268555,344088000,0.0,0.0
2010-12-21,0.36125001311302185,0.37174999713897705,0.3610000014305115,0.37174999713897705,0.3400375247001648,466952000,0.0,0.0
2010-12-22,0.3709999918937683,0.3762499988079071,0.3675000071525574,0.37575000524520874,0.34369632601737976,477988000,0.0,0.0
2010-12-23,0.37575000524520874,0.37575000524520874,0.3714999854564667,0.37299999594688416,0.34118086099624634,273784000,0.0,0.0
2010-12-27,0.3720000088214874,0.3777500092983246,0.36524999141693115,0.375,0.3430102467536926,255500000,0.0,0.0
2010-12-28,0.375,0.3774999976158142,0.3712500035762787,0.3734999895095825,0.34163814783096313,194260000,0.0,0.0
2010-12-29,0.37325000762939453,0.3762499988079071,0.3700000047683716,0.3734999895095825,0.34163814783096313,177660000,0.0,0.0
2010-12-30,0.37299999594688416,0.37700000405311584,0.37174999713897705,0.3747499883174896,0.34278157353401184,174488000,0.0,0.0
2010-12-31,0.375,0.3855000138282776,0.37450000643730164,0.38499999046325684,0.35215720534324646,391252000,0.0,0.0
2011-01-03,0.3880000114440918,0.39925000071525574,0.38749998807907104,0.3955000042915344,0.36176151037216187,817448000,0.0,0.0
2011-01-04,0.39625000953674316,0.39800000190734863,0.3855000138282776,0.3942500054836273,0.360617995262146,651384000,0.0,0.0
2011-01-05,0.40149998664855957,0.42500001192092896,0.39750000834465027,0.4244999885559082,0.38828757405281067,1428216000,0.0,0.0
2011-01-06,0.43549999594688416,0.48350000381469727,0.43424999713897705,0.4832499921321869,0.44202592968940735,3493312000,0.0,0.0
2011-01-07,0.4777500033378601,0.49825000762939453,0.46700000762939453,0.49674999713897705,0.4543742835521698,2579984000,0.0,0.0
2011-01-10,0.48774999380111694,0.5167499780654907,0.48399999737739563,0.515749990940094,0.47175344824790955,1750348000,0.0,0.0
2011-01-11,0.5227500200271606,0.5277500152587891,0.49674999713897705,0.5077499747276306,0.464435875415802,2711088000,0.0,0.0
2011-01-12,0.5080000162124634,0.5842499732971191,0.5062500238418579,0.5837500095367432,0.5339526534080505,3431896000,0.0,0.0
2011-01-13,0.5774999856948853,0.5960000157356262,0.559499979019165,0.5847499966621399,0.5348672866821289,2695192000,0.0,0.0
2011-01-14,0.5747500061988831,0.5995000004768372,0.5712500214576721,0.5897499918937683,0.539440929889679,1595352000,0.0,0.0
2011-01-18,0.5817499756813049,0.5857499837875366,0.5617499947547913,0.5759999752044678,0.526863694190979,1813348000,0.0,0.0
2011-01-19,0.5762500166893005,0.5899999737739563,0.5590000152587891,0.5602499842643738,0.5124573707580566,1197896000,0.0,0.0
2011-01-20,0.5547500252723694,0.5640000104904175,0.5447499752044678,0.5607500076293945,0.5129147171974182,1111408000,0.0,0.0
2011-01-21,0.5667499899864197,0.5747500061988831,0.5544999837875366,0.5554999709129333,0.5081127285957336,739244000,0.0,0.0
2011-01-24,0.5809999704360962,0.6262500286102295,0.5745000243186951,0.6182500123977661,0.5655097365379333,2056900000,0.0,0.0
2011-01-25,0.6154999732971191,0.621999979019165,0.5952500104904175,0.5992500185966492,0.5481303930282593,1086856000,0.0,0.0
2011-01-26,0.6054999828338623,0.625,0.6012499928474426,0.6134999990463257,0.5611650347709656,1074660000,0.0,0.0
2011-01-27,0.6222500205039978,0.6237499713897705,0.6000000238418579,0.6117500066757202,0.5595641732215881,657396000,0.0,0.0
2011-01-28,0.6132500171661377,0.6234999895095825,0.5799999833106995,0.593999981880188,0.5433282852172852,1094796000,0.0,0.0
2011-01-31,0.5950000286102295,0.606249988079071,0.5852500200271606,0.5979999899864197,0.5469868779182434,750160000,0.0,0.0
2011-02-01,0.6032500267028809,0.6162499785423279,0.5992500185966492,0.6117500066757202,0.5595641732215881,654104000,0.0,0.0
2011-02-02,0.6082500219345093,0.6542500257492065,0.6082500219345093,0.6395000219345093,0.5849468111991882,1606616000,0.0,0.0
2011-02-03,0.640500009059906,0.640500009059906,0.6137499809265137,0.6274999976158142,0.5739703178405762,1030776000,0.0,0.0
2011-02-04,0.6362500190734863,0.6467499732971191,0.6337500214576721,0.6417499780654907,0.5870048403739929,872900000,0.0,0.0
2011-02-07,0.6330000162124634,0.6357499957084656,0.6127499938011169,0.6150000095367432,0.5625366568565369,934236000,0.0,0.0
2011-02-08,0.6157500147819519,0.6197500228881836,0.593999981880188,0.596750020980835,0.545843780040741,1076584000,0.0,0.0
2011-02-09,0.5989999771118164,0.6050000190734863,0.5715000033378601,0.5822499990463257,0.532580554485321,1277520000,0.0,0.0
2011-02-10,0.5692499876022339,0.5802500247955322,0.5649999976158142,0.5705000162124634,0.5218327045440674,1042352000,0.0,0.0
2011-02-11,0.5684999823570251,0.6052500009536743,0.559249997138977,0.5867499709129333,0.5366966128349304,1359276000,0.0,0.0
2011-02-14,0.59375,0.612500011920929,0.5755000114440918,0.577750027179718,0.5284647345542908,1287828000,0.0,0.0
2011-02-15,0.5787500143051147,0.5807499885559082,0.5612499713897705,0.5637500286102295,0.5156586170196533,886980000,0.0,0.0
2011-02-16,0.5712500214576721,0.5927500128746033,0.5692499876022339,0.5845000147819519,0.5346388220787048,1318364000,0.0,0.0
2011-02-17,0.5680000185966492,0.6502500176429749,0.5652499794960022,0.6420000195503235,0.5872335433959961,3470096000,0.0,0.0
2011-02-18,0.6384999752044678,0.6487500071525574,0.6307500004768372,0.640749990940094,0.5860901474952698,1394412000,0.0,0.0
2011-02-22,0.6197500228881836,0.6215000152587891,0.578249990940094,0.5802500247955322,0.5307512879371643,1396648000,0.0,0.0
2011-02-23,0.5802500247955322,0.5857499837875366,0.5444999933242798,0.5527499914169312,0.5055971741676331,1491604000,0.0,0.0
2011-02-24,0.5554999709129333,0.5759999752044678,0.5515000224113464,0.5662500262260437,0.5179456472396851,1246120000,0.0,0.0
2011-02-25,0.5814999938011169,0.5874999761581421,0.5734999775886536,0.578000009059906,0.5286931991577148,775652000,0.0,0.0
2011-02-28,0.5874999761581421,0.5877500176429749,0.5534999966621399,0.5665000081062317,0.518174409866333,903696000,0.0,0.0
2011-03-01,0.5674999952316284,0.5747500061988831,0.5412499904632568,0.5412499904632568,0.49507829546928406,988448000,0.0,0.0
2011-03-02,0.5404999852180481,0.5507500171661377,0.5062500238418579,0.518750011920929,0.47449761629104614,1718140000,0.0,0.0
2011-03-03,0.5307499766349792,0.5337499976158142,0.5059999823570251,0.5217499732971191,0.47724151611328125,1593704000,0.0,0.0
2011-03-04,0.5222499966621399,0.5274999737739563,0.5132499933242798,0.5189999938011169,0.47472625970840454,959760000,0.0,0.0
2011-03-07,0.5227500200271606,0.5245000123977661,0.4987500011920929,0.5117499828338623,0.46809467673301697,1019140000,0.0,0.0
2011-03-08,0.5172500014305115,0.5199999809265137,0.4779999852180481,0.48875001072883606,0.44705674052238464,1947184000,0.0,0.0
2011-03-09,0.4872500002384186,0.492000013589859,0.4742499887943268,0.47850000858306885,0.43768104910850525,1318976000,0.0,0.0
2011-03-10,0.4675000011920929,0.47099998593330383,0.44749999046325684,0.4480000138282776,0.4097829759120941,1722736000,0.0,0.0
2011-03-11,0.4517500102519989,0.4637500047683716,0.4415000081062317,0.45124998688697815,0.41275566816329956,1486832000,0.0,0.0
2011-03-14,0.4547500014305115,0.4662500023841858,0.44749999046325684,0.45500001311302185,0.41618573665618896,1003360000,0.0,0.0
2011-03-15,0.43274998664855957,0.4490000009536743,0.42524999380111694,0.4415000081062317,0.4038374125957489,1256280000,0.0,0.0
2011-03-16,0.4375,0.45875000953674316,0.4325000047683716,0.43825000524520874,0.4008648097515106,1476520000,0.0,0.0
2011-03-17,0.44999998807907104,0.4507499933242798,0.4300000071525574,0.4465000033378601,0.40841084718704224,1238516000,0.0,0.0
2011-03-18,0.45350000262260437,0.45500001311302185,0.4399999976158142,0.4404999911785126,0.40292271971702576,886960000,0.0,0.0
2011-03-21,0.44999998807907104,0.4544999897480011,0.43950000405311584,0.4440000057220459,0.40612417459487915,751832000,0.0,0.0
2011-03-22,0.4427500069141388,0.44699999690055847,0.43424999713897705,0.4362500011920929,0.3990353047847748,718332000,0.0,0.0
2011-03-23,0.43549999594688416,0.4465000033378601,0.4259999990463257,0.445250004529953,0.4072674512863159,782396000,0.0,0.0
2011-03-24,0.4547500014305115,0.48625001311302185,0.45375001430511475,0.4807499945163727,0.4397391378879547,1780592000,0.0,0.0
2011-03-25,0.48500001430511475,0.48625001311302185,0.4650000035762787,0.4657500088214874,0.42601868510246277,1196392000,0.0,0.0
2011-03-28,0.476749986410141,0.4909999966621399,0.4724999964237213,0.4830000102519989,0.4417971968650818,1204284000,0.0,0.0
2011-03-29,0.4830000102519989,0.48475000262260437,0.4727500081062317,0.4792500138282776,0.43836700916290283,715764000,0.0,0.0
2011-03-30,0.4830000102519989,0.48500001430511475,0.45524999499320984,0.4612500071525574,0.421902596950531,1176320000,0.0,0.0
2011-03-31,0.4620000123977661,0.46700000762939453,0.453000009059906,0.46149998903274536,0.4221312701702118,655112000,0.0,0.0
2011-04-01,0.4675000011920929,0.46799999475479126,0.44874998927116394,0.45500001311302185,0.41618573665618896,850072000,0.0,0.0
2011-04-04,0.45500001311302185,0.45625001192092896,0.43549999594688416,0.4387499988079071,0.40132206678390503,924328000,0.0,0.0
2011-04-05,0.445250004529953,0.44874998927116394,0.43849998712539673,0.43950000405311584,0.40200796723365784,821076000,0.0,0.0
2011-04-06,0.4427500069141388,0.44325000047683716,0.43274998664855957,0.43650001287460327,0.39926400780677795,856984000,0.0,0.0
2011-04-07,0.4375,0.45524999499320984,0.43575000762939453,0.45249998569488525,0.4138990044593811,1021208000,0.0,0.0
2011-04-08,0.4560000002384186,0.4560000002384186,0.4375,0.4387499988079071,0.40132206678390503,746552000,0.0,0.0
2011-04-11,0.4404999911785126,0.4427500069141388,0.4282500147819519,0.43299999833106995,0.3960624933242798,546208000,0.0,0.0
2011-04-12,0.42875000834465027,0.4372499883174896,0.4207499921321869,0.43424999713897705,0.39720579981803894,840756000,0.0,0.0
2011-04-13,0.4387499988079071,0.4467499852180481,0.4332500100135803,0.4440000057220459,0.40612417459487915,749588000,0.0,0.0
2011-04-14,0.4399999976158142,0.46299999952316284,0.4375,0.46274998784065247,0.42327478528022766,1254704000,0.0,0.0
2011-04-15,0.45925000309944153,0.47350001335144043,0.4569999873638153,0.46775001287460327,0.42784807085990906,969720000,0.0,0.0
2011-04-18,0.4567500054836273,0.4597499966621399,0.4449999928474426,0.45225000381469727,0.4136703908443451,743584000,0.0,0.0
2011-04-19,0.45249998569488525,0.4542500078678131,0.43825000524520874,0.4505000114440918,0.4120696783065796,659860000,0.0,0.0
2011-04-20,0.46700000762939453,0.4737499952316284,0.4567500054836273,0.46424999833106995,0.4246467053890228,650516000,0.0,0.0
2011-04-21,0.46924999356269836,0.4722500145435333,0.4620000123977661,0.46299999952316284,0.4235033392906189,421300000,0.0,0.0
2011-04-25,0.4650000035762787,0.4779999852180481,0.4647499918937683,0.4702500104904175,0.4301348030567169,619612000,0.0,0.0
2011-04-26,0.4742499887943268,0.4872500002384186,0.46950000524520874,0.48249998688697815,0.4413398206233978,676000000,0.0,0.0
2011-04-27,0.48500001430511475,0.48500001430511475,0.4724999964237213,0.48249998688697815,0.4413398206233978,450004000,0.0,0.0
2011-04-28,0.48249998688697815,0.4975000023841858,0.47699999809265137,0.48774999380111694,0.4461421072483063,684000000,0.0,0.0
2011-04-29,0.4909999966621399,0.5109999775886536,0.49024999141693115,0.5,0.45734694600105286,836000000,0.0,0.0
2011-05-02,0.5105000138282776,0.5107499957084656,0.4907500147819519,0.4932500123977661,0.4511728882789612,613824000,0.0,0.0
2011-05-03,0.48750001192092896,0.48899999260902405,0.4637500047683716,0.46974998712539673,0.42967748641967773,808000000,0.0,0.0
2011-05-04,0.4712499976158142,0.476500004529953,0.45750001072883606,0.4662500023841858,0.42647606134414673,639356000,0.0,0.0
2011-05-05,0.4625000059604645,0.47200000286102295,0.45625001192092896,0.46650001406669617,0.4267047643661499,544000000,0.0,0.0
2011-05-06,0.4762499928474426,0.48750001192092896,0.4724999964237213,0.4830000102519989,0.4417971968650818,841080000,0.0,0.0
2011-05-09,0.484499990940094,0.4962500035762787,0.4832499921321869,0.4937500059604645,0.4516301453113556,706328000,0.0,0.0
2011-05-10,0.49775001406669617,0.49825000762939453,0.4894999861717224,0.4945000112056732,0.45231619477272034,690976000,0.0,0.0
2011-05-11,0.4970000088214874,0.5019999742507935,0.49000000953674316,0.49674999713897705,0.4543742835521698,616000000,0.0,0.0
2011-05-12,0.4950000047683716,0.5130000114440918,0.4937500059604645,0.512499988079071,0.46878063678741455,1224000000,0.0,0.0
2011-05-13,0.47999998927116394,0.48124998807907104,0.453000009059906,0.45649999380111694,0.41755789518356323,2025192000,0.0,0.0
2011-05-16,0.45524999499320984,0.45625001192092896,0.44225001335144043,0.4424999952316284,0.40475213527679443,728188000,0.0,0.0
2011-05-17,0.4410000145435333,0.4412499964237213,0.42800000309944153,0.44075000286102295,0.403151273727417,1420364000,0.0,0.0
2011-05-18,0.4424999952316284,0.4547500014305115,0.4410000145435333,0.45100000500679016,0.41252708435058594,658844000,0.0,0.0
2011-05-19,0.4544999897480011,0.4547500014305115,0.4377500116825104,0.44449999928474426,0.40658143162727356,650884000,0.0,0.0
2011-05-20,0.44350001215934753,0.453249990940094,0.4415000081062317,0.45225000381469727,0.4136703908443451,575820000,0.0,0.0
2011-05-23,0.44574999809265137,0.45500001311302185,0.4399999976158142,0.4517500102519989,0.41321298480033875,588000000,0.0,0.0
2011-05-24,0.45399999618530273,0.4717499911785126,0.45274999737739563,0.45350000262260437,0.4148138165473938,720372000,0.0,0.0
2011-05-25,0.45124998688697815,0.4620000123977661,0.4467499852180481,0.45899999141693115,0.4198445677757263,545312000,0.0,0.0
2011-05-26,0.45899999141693115,0.47450000047683716,0.45774999260902405,0.47049999237060547,0.43036356568336487,706436000,0.0,0.0
2011-05-27,0.4724999964237213,0.4882499873638153,0.47200000286102295,0.48750001192092896,0.4459134340286255,658824000,0.0,0.0
2011-05-31,0.4970000088214874,0.5012500286102295,0.48500001430511475,0.5009999871253967,0.4582616090774536,1200716000,0.0,0.0
2011-06-01,0.4987500011920929,0.49950000643730164,0.47749999165534973,0.47850000858306885,0.43768104910850525,762208000,0.0,0.0
2011-06-02,0.4792500138282776,0.4827499985694885,0.47049999237060547,0.4762499928474426,0.43562307953834534,607592000,0.0,0.0
2011-06-03,0.47075000405311584,0.4749999940395355,0.45925000309944153,0.46149998903274536,0.4221312701702118,549300000,0.0,0.0
2011-06-06,0.460750013589859,0.4650000035762787,0.45124998688697815,0.4517500102519989,0.41321298480033875,435988000,0.0,0.0
2011-06-07,0.45524999499320984,0.45774999260902405,0.4494999945163727,0.4514999985694885,0.41298428177833557,433956000,0.0,0.0
2011-06-08,0.4492500126361847,0.4519999921321869,0.43575000762939453,0.43924999237060547,0.4017793536186218,569288000,0.0,0.0
2011-06-09,0.4390000104904175,0.4399999976158142,0.41850000619888306,0.43424999713897705,0.39720579981803894,741632000,0.0,0.0
2011-06-10,0.4350000023841858,0.4377500116825104,0.4244999885559082,0.42800000309944153,0.3914889991283417,493548000,0.0,0.0
2011-06-13,0.42800000309944153,0.4334999918937683,0.421999990940094,0.42500001192092896,0.3887450695037842,574760000,0.0,0.0
2011-06-14,0.42875000834465027,0.43799999356269836,0.4267500042915344,0.4284999966621399,0.39194634556770325,534576000,0.0,0.0
2011-06-15,0.42274999618530273,0.42524999380111694,0.4104999899864197,0.4192500114440918,0.38348549604415894,935916000,0.0,0.0
2011-06-16,0.4194999933242798,0.4259999990463257,0.3987500071525574,0.4047499895095825,0.3702223598957062,1024908000,0.0,0.0
2011-06-17,0.40950000286102295,0.4097500145435333,0.382750004529953,0.39524999260902405,0.3615328371524811,1467884000,0.0,0.0
2011-06-20,0.3917500078678131,0.4000000059604645,0.38749998807907104,0.390500009059906,0.357187956571579,745960000,0.0,0.0
2011-06-21,0.3919999897480011,0.4020000100135803,0.3882499933242798,0.39899998903274536,0.3649629056453705,704276000,0.0,0.0
2011-06-22,0.39625000953674316,0.40149998664855957,0.39274999499320984,0.3935000002384186,0.3599320650100708,651720000,0.0,0.0
2011-06-23,0.38850000500679016,0.40799999237060547,0.38499999046325684,0.40525001287460327,0.3706797659397125,744024000,0.0,0.0
2011-06-24,0.4032500088214874,0.40674999356269836,0.39100000262260437,0.3935000002384186,0.3599320650100708,529052000,0.0,0.0
2011-06-27,0.3935000002384186,0.3959999978542328,0.3714999854564667,0.3852500021457672,0.35238590836524963,1142152000,0.0,0.0
2011-06-28,0.3852500021457672,0.3919999897480011,0.3824999928474426,0.38749998807907104,0.35444384813308716,692200000,0.0,0.0
2011-06-29,0.38999998569488525,0.39750000834465027,0.3765000104904175,0.3935000002384186,0.3599320650100708,960544000,0.0,0.0
2011-06-30,0.3944999873638153,0.4027499854564667,0.38850000500679016,0.398499995470047,0.3645055294036865,652300000,0.0,0.0
2011-07-01,0.398499995470047,0.40525001287460327,0.390500009059906,0.4037500023841858,0.36930766701698303,540804000,0.0,0.0
2011-07-05,0.4032500088214874,0.40700000524520874,0.3935000002384186,0.3970000147819519,0.36313363909721375,535296000,0.0,0.0
2011-07-06,0.39675000309944153,0.39750000834465027,0.3869999945163727,0.3917500078678131,0.3583313524723053,529580000,0.0,0.0
2011-07-07,0.39375001192092896,0.3957499861717224,0.38624998927116394,0.3932499885559082,0.35970354080200195,986136000,0.0,0.0
2011-07-08,0.3877499997615814,0.390500009059906,0.3824999928474426,0.3857499957084656,0.35284316539764404,619516000,0.0,0.0
2011-07-11,0.3785000145435333,0.3799999952316284,0.3712500035762787,0.3722499907016754,0.34049493074417114,714388000,0.0,0.0
2011-07-12,0.37049999833106995,0.37400001287460327,0.3610000014305115,0.367249995470047,0.3359212577342987,867604000,0.0,0.0
2011-07-13,0.3722499907016754,0.3747499883174896,0.3630000054836273,0.36649999022483826,0.3352353870868683,634368000,0.0,0.0
2011-07-14,0.36800000071525574,0.37024998664855957,0.3502500057220459,0.35199999809265137,0.3219722807407379,1088996000,0.0,0.0
2011-07-15,0.3540000021457672,0.35624998807907104,0.3452500104904175,0.35249999165534973,0.3224295973777771,827736000,0.0,0.0
2011-07-18,0.34975001215934753,0.351749986410141,0.34049999713897705,0.3449999988079071,0.3155694305896759,818200000,0.0,0.0
2011-07-19,0.34599998593330383,0.35624998807907104,0.34599998593330383,0.3555000126361847,0.32517382502555847,602224000,0.0,0.0
2011-07-20,0.3567500114440918,0.35874998569488525,0.3499999940395355,0.35100001096725464,0.32105767726898193,662956000,0.0,0.0
2011-07-21,0.351500004529953,0.3700000047683716,0.3462499976158142,0.3675000071525574,0.33615002036094666,1143420000,0.0,0.0
2011-07-22,0.3707500100135803,0.3762499988079071,0.3659999966621399,0.375,0.3430102467536926,737192000,0.0,0.0
2011-07-25,0.36924999952316284,0.3707500100135803,0.36375001072883606,0.36899998784065247,0.33752208948135376,566920000,0.0,0.0
2011-07-26,0.35850000381469727,0.3675000071525574,0.35475000739097595,0.36000001430511475,0.32928985357284546,698276000,0.0,0.0
2011-07-27,0.35499998927116394,0.3567500114440918,0.34549999237060547,0.3465000092983246,0.3169415593147278,652212000,0.0,0.0
2011-07-28,0.3452500104904175,0.3529999852180481,0.3397499918937683,0.34575000405311584,0.3162554204463959,648176000,0.0,0.0
2011-07-29,0.3422499895095825,0.3490000069141388,0.34049999713897705,0.34575000405311584,0.3162554204463959,677656000,0.0,0.0
2011-08-01,0.35374999046325684,0.36524999141693115,0.35074999928474426,0.3642500042915344,0.3331773281097412,1019620000,0.0,0.0
2011-08-02,0.3617500066757202,0.38449999690055847,0.3605000078678131,0.3605000078678131,0.32974720001220703,1356432000,0.0,0.0
2011-08-03,0.36125001311302185,0.3714999854564667,0.3577499985694885,0.37024998664855957,0.33866560459136963,765236000,0.0,0.0
2011-08-04,0.3634999990463257,0.3634999990463257,0.33500000834465027,0.33500000834465027,0.30642256140708923,979732000,0.0,0.0
2011-08-05,0.34275001287460327,0.34700000286102295,0.3149999976158142,0.32374998927116394,0.2961322069168091,1270588000,0.0,0.0
2011-08-08,0.30799999833106995,0.3190000057220459,0.29624998569488525,0.2982499897480011,0.2728075385093689,1084180000,0.0,0.0
2011-08-09,0.30399999022483826,0.32374998927116394,0.30000001192092896,0.3232499957084656,0.29567480087280273,1329832000,0.0,0.0
2011-08-10,0.3137499988079071,0.3227500021457672,0.30674999952316284,0.3084999918937683,0.28218305110931396,1140052000,0.0,0.0
2011-08-11,0.3084999918937683,0.3397499918937683,0.3084999918937683,0.33524999022483826,0.3066510856151581,1078792000,0.0,0.0
2011-08-12,0.3709999918937683,0.3714999854564667,0.3167499899864197,0.32199999690055847,0.2945314645767212,3195784000,0.0,0.0
2011-08-15,0.3252499997615814,0.33500000834465027,0.32350000739097595,0.33425000309944153,0.3057365119457245,864152000,0.0,0.0
2011-08-16,0.3305000066757202,0.33500000834465027,0.3187499940395355,0.32475000619888306,0.29704686999320984,716868000,0.0,0.0
2011-08-17,0.3257499933242798,0.33125001192092896,0.3160000145435333,0.320250004529953,0.2929306924343109,553328000,0.0,0.0
2011-08-18,0.3057500123977661,0.3087500035762787,0.29499998688697815,0.2985000014305115,0.27303609251976013,802564000,0.0,0.0
2011-08-19,0.29350000619888306,0.3097499907016754,0.29124999046325684,0.2932499945163727,0.26823416352272034,761332000,0.0,0.0
2011-08-22,0.30149999260902405,0.3050000071525574,0.2952499985694885,0.2985000014305115,0.27303609251976013,611876000,0.0,0.0
2011-08-23,0.3057500123977661,0.3310000002384186,0.30524998903274536,0.3307499885559082,0.3025350570678711,938312000,0.0,0.0
2011-08-24,0.33000001311302185,0.3310000002384186,0.3174999952316284,0.32600000500679016,0.29819032549858093,687500000,0.0,0.0
2011-08-25,0.31949999928474426,0.3252499997615814,0.31150001287460327,0.31200000643730164,0.28538450598716736,690968000,0.0,0.0
2011-08-26,0.31075000762939453,0.32850000262260437,0.30524998903274536,0.3252499997615814,0.29750409722328186,732660000,0.0,0.0
2011-08-29,0.3345000147819519,0.33524999022483826,0.3267500102519989,0.33399999141693115,0.3055078685283661,601528000,0.0,0.0
2011-08-30,0.3317500054836273,0.34474998712539673,0.3294999897480011,0.34200000762939453,0.31282538175582886,684760000,0.0,0.0
2011-08-31,0.34450000524520874,0.3479999899864197,0.33000001311302185,0.33274999260902405,0.30436447262763977,705808000,0.0,0.0
2011-09-01,0.3372499942779541,0.34450000524520874,0.3317500054836273,0.3319999873638153,0.30367839336395264,762312000,0.0,0.0
2011-09-02,0.3244999945163727,0.32899999618530273,0.320499986410141,0.3230000138282776,0.2954462170600891,471356000,0.0,0.0
2011-09-06,0.3125,0.33024999499320984,0.3095000088214874,0.3294999897480011,0.3013916611671448,696248000,0.0,0.0
2011-09-07,0.35624998807907104,0.3659999966621399,0.3465000092983246,0.35624998807907104,0.3258597254753113,1606620000,0.0,0.0
2011-09-08,0.3527500033378601,0.36125001311302185,0.3487499952316284,0.3544999957084656,0.3242589831352234,880164000,0.0,0.0
2011-09-09,0.351500004529953,0.3610000014305115,0.3440000116825104,0.34700000286102295,0.31739890575408936,869828000,0.0,0.0
2011-09-12,0.3422499895095825,0.3582499921321869,0.3422499895095825,0.3552500009536743,0.32494503259658813,916480000,0.0,0.0
2011-09-13,0.3582499921321869,0.36500000953674316,0.3527500033378601,0.3632499873638153,0.3322626054286957,853836000,0.0,0.0
2011-09-14,0.37275001406669617,0.3867500126361847,0.3725000023841858,0.38199999928474426,0.3494131565093994,1547192000,0.0,0.0
2011-09-15,0.390500009059906,0.39250001311302185,0.3840000033378601,0.38749998807907104,0.35444384813308716,752908000,0.0,0.0
2011-09-16,0.3882499933242798,0.4025000035762787,0.38449999690055847,0.3865000009536743,0.3535291850566864,1391588000,0.0,0.0
2011-09-19,0.3799999952316284,0.382750004529953,0.3687500059604645,0.3785000145435333,0.346211701631546,968204000,0.0,0.0
2011-09-20,0.38324999809265137,0.38475000858306885,0.367000013589859,0.3687500059604645,0.33729344606399536,792436000,0.0,0.0
2011-09-21,0.3707500100135803,0.37724998593330383,0.36149999499320984,0.3617500066757202,0.33089059591293335,715252000,0.0,0.0
2011-09-22,0.3474999964237213,0.3479999899864197,0.33125001192092896,0.33774998784065247,0.3089379668235779,1314632000,0.0,0.0
2011-09-23,0.335750013589859,0.3544999957084656,0.33375000953674316,0.34474998712539673,0.3153407573699951,1011440000,0.0,0.0
2011-09-26,0.3490000069141388,0.3499999940395355,0.33000001311302185,0.34549999237060547,0.31602680683135986,972124000,0.0,0.0
2011-09-27,0.3542500138282776,0.35725000500679016,0.34325000643730164,0.34599998593330383,0.31648412346839905,781388000,0.0,0.0
2011-09-28,0.3467499911785126,0.3555000126361847,0.33000001311302185,0.33550000190734863,0.3068799674510956,1236532000,0.0,0.0
2011-09-29,0.34150001406669617,0.3472500145435333,0.3187499940395355,0.32725000381469727,0.2993336319923401,866416000,0.0,0.0
2011-09-30,0.32199999690055847,0.32374998927116394,0.3122499883174896,0.3127500116825104,0.28607049584388733,677784000,0.0,0.0
2011-10-03,0.3087500035762787,0.31850001215934753,0.2952499985694885,0.2952499985694885,0.2700634002685547,949896000,0.0,0.0
2011-10-04,0.2879999876022339,0.32249999046325684,0.2867499887943268,0.32249999046325684,0.29498884081840515,1361548000,0.0,0.0
2011-10-05,0.3217499852180481,0.3370000123977661,0.3152500092983246,0.33399999141693115,0.3055078685283661,856708000,0.0,0.0
2011-10-06,0.335750013589859,0.34825000166893005,0.33524999022483826,0.3472500145435333,0.31762751936912537,773192000,0.0,0.0
2011-10-07,0.3487499952316284,0.35899999737739563,0.34150001406669617,0.35374999046325684,0.32357290387153625,806976000,0.0,0.0
2011-10-10,0.35975000262260437,0.3695000112056732,0.35899999737739563,0.3695000112056732,0.3379794657230377,534376000,0.0,0.0
2011-10-11,0.36649999022483826,0.3725000023841858,0.3642500042915344,0.36550000309944153,0.33432069420814514,816080000,0.0,0.0
2011-10-12,0.3725000023841858,0.37275001406669617,0.36500000953674316,0.36524999141693115,0.3340919613838196,612064000,0.0,0.0
2011-10-13,0.3634999990463257,0.38725000619888306,0.36250001192092896,0.3865000009536743,0.3535291850566864,854832000,0.0,0.0
2011-10-14,0.3932499885559082,0.3972499966621399,0.38350000977516174,0.3930000066757202,0.3594748377799988,702452000,0.0,0.0
2011-10-17,0.38850000500679016,0.38850000500679016,0.3714999854564667,0.3734999895095825,0.34163814783096313,611780000,0.0,0.0
2011-10-18,0.3714999854564667,0.3880000114440918,0.36924999952316284,0.3869999945163727,0.3539866507053375,590916000,0.0,0.0
2011-10-19,0.38749998807907104,0.3942500054836273,0.37825000286102295,0.3792499899864197,0.34689775109291077,557568000,0.0,0.0
2011-10-20,0.36899998784065247,0.37049999833106995,0.34599998593330383,0.36024999618530273,0.32951855659484863,990308000,0.0,0.0
2011-10-21,0.3647499978542328,0.3707500100135803,0.35600000619888306,0.3619999885559082,0.3311193287372589,628428000,0.0,0.0
2011-10-24,0.3634999990463257,0.3812499940395355,0.36274999380111694,0.37549999356269836,0.34346768260002136,535256000,0.0,0.0
2011-10-25,0.37024998664855957,0.37325000762939453,0.3605000078678131,0.36125001311302185,0.33043327927589417,577996000,0.0,0.0
2011-10-26,0.3682500123977661,0.37024998664855957,0.35499998927116394,0.36550000309944153,0.33432069420814514,503116000,0.0,0.0
2011-10-27,0.3790000081062317,0.38499999046325684,0.37049999833106995,0.3812499940395355,0.34872710704803467,577732000,0.0,0.0
2011-10-28,0.3779999911785126,0.3935000002384186,0.37700000405311584,0.38999998569488525,0.35673069953918457,490156000,0.0,0.0
2011-10-31,0.3774999976158142,0.37975001335144043,0.3700000047683716,0.3700000047683716,0.33843672275543213,519984000,0.0,0.0
2011-11-01,0.3564999997615814,0.35749998688697815,0.3479999899864197,0.351500004529953,0.3215148448944092,790824000,0.0,0.0
2011-11-02,0.35499998927116394,0.3567500114440918,0.3382500112056732,0.34549999237060547,0.31602680683135986,961608000,0.0,0.0
2011-11-03,0.3492499887943268,0.367000013589859,0.3400000035762787,0.36625000834465027,0.3350067138671875,749372000,0.0,0.0
2011-11-04,0.3630000054836273,0.37174999713897705,0.35725000500679016,0.37049999833106995,0.3388941287994385,654840000,0.0,0.0
2011-11-07,0.36774998903274536,0.37400001287460327,0.36000001430511475,0.3684999942779541,0.33706486225128174,613536000,0.0,0.0
2011-11-08,0.37325000762939453,0.3792499899864197,0.367249995470047,0.37700000405311584,0.34483975172042847,549728000,0.0,0.0
2011-11-09,0.3682500123977661,0.37299999594688416,0.3564999997615814,0.3580000102519989,0.32746049761772156,532244000,0.0,0.0
2011-11-10,0.36675000190734863,0.37049999833106995,0.3527500033378601,0.3617500066757202,0.33089059591293335,990484000,0.0,0.0
2011-11-11,0.3720000088214874,0.3774999976158142,0.351749986410141,0.37450000643730164,0.3425529897212982,1751560000,0.0,0.0
2011-11-14,0.37450000643730164,0.37825000286102295,0.36625000834465027,0.367249995470047,0.3359212577342987,500292000,0.0,0.0
2011-11-15,0.36375001072883606,0.3747499883174896,0.36274999380111694,0.3720000088214874,0.34026622772216797,505660000,0.0,0.0
2011-11-16,0.36500000953674316,0.3747499883174896,0.3632499873638153,0.3644999861717224,0.33340585231781006,512420000,0.0,0.0
2011-11-17,0.36375001072883606,0.3647499978542328,0.3449999988079071,0.351500004529953,0.3215148448944092,657504000,0.0,0.0
2011-11-18,0.35350000858306885,0.35350000858306885,0.34450000524520874,0.34825000166893005,0.3185422420501709,501352000,0.0,0.0
2011-11-21,0.34275001287460327,0.36924999952316284,0.3375000059604645,0.3657500147819519,0.33454933762550354,1330788000,0.0,0.0
2011-11-22,0.3697499930858612,0.3790000081062317,0.36774998903274536,0.37700000405311584,0.34483975172042847,1287480000,0.0,0.0
2011-11-23,0.37299999594688416,0.37575000524520874,0.3607499897480011,0.3610000014305115,0.33020448684692383,825340000,0.0,0.0
2011-11-25,0.35624998807907104,0.3644999861717224,0.3499999940395355,0.35100001096725464,0.32105767726898193,406620000,0.0,0.0
2011-11-28,0.36250001192092896,0.3762499988079071,0.36250001192092896,0.3707500100135803,0.33912286162376404,690616000,0.0,0.0
2011-11-29,0.37024998664855957,0.3774999976158142,0.36675000190734863,0.37275001406669617,0.3409522473812103,623440000,0.0,0.0
2011-11-30,0.3840000033378601,0.3917500078678131,0.38075000047683716,0.390749990940094,0.35741665959358215,730324000,0.0,0.0
2011-12-01,0.38749998807907104,0.39649999141693115,0.3857499957084656,0.3955000042915344,0.36176151037216187,529760000,0.0,0.0
2011-12-02,0.3997499942779541,0.4012500047683716,0.3892500102519989,0.3930000066757202,0.3594748377799988,546464000,0.0,0.0
2011-12-05,0.3995000123977661,0.4000000059604645,0.38374999165534973,0.3869999945163727,0.3539866507053375,644696000,0.0,0.0
2011-12-06,0.3892500102519989,0.38999998569488525,0.3774999976158142,0.3815000057220459,0.3489556908607483,573832000,0.0,0.0
2011-12-07,0.3790000081062317,0.38199999928474426,0.3712500035762787,0.3792499899864197,0.34689775109291077,510016000,0.0,0.0
2011-12-08,0.37549999356269836,0.3817499876022339,0.3659999966621399,0.367249995470047,0.3359212577342987,491488000,0.0,0.0
2011-12-09,0.3644999861717224,0.37549999356269836,0.359499990940094,0.3725000023841858,0.3407234251499176,555840000,0.0,0.0
2011-12-12,0.3644999861717224,0.3659999966621399,0.3564999997615814,0.3632499873638153,0.3322626054286957,573208000,0.0,0.0
2011-12-13,0.36800000071525574,0.3725000023841858,0.35100001096725464,0.35324999690055847,0.32311567664146423,516596000,0.0,0.0
2011-12-14,0.3502500057220459,0.35225000977516174,0.335750013589859,0.3395000100135803,0.3105385899543762,636020000,0.0,0.0
2011-12-15,0.3452500104904175,0.3474999964237213,0.335750013589859,0.33649998903274536,0.3077944815158844,435148000,0.0,0.0
2011-12-16,0.33924999833106995,0.34575000405311584,0.3362500071525574,0.33774998784065247,0.3089379668235779,619116000,0.0,0.0
2011-12-19,0.33924999833106995,0.34325000643730164,0.32774999737739563,0.32899999618530273,0.30093449354171753,463276000,0.0,0.0
2011-12-20,0.33649998903274536,0.3487499952316284,0.33649998903274536,0.3474999964237213,0.31785616278648376,445208000,0.0,0.0
2011-12-21,0.34549999237060547,0.3492499887943268,0.3362500071525574,0.34299999475479126,0.313740074634552,548424000,0.0,0.0
2011-12-22,0.3440000116825104,0.35874998569488525,0.3440000116825104,0.3577499985694885,0.32723188400268555,576560000,0.0,0.0
2011-12-23,0.359499990940094,0.36000001430511475,0.3512499928474426,0.3542500138282776,0.324030339717865,248948000,0.0,0.0
2011-12-27,0.3527500033378601,0.3569999933242798,0.3504999876022339,0.351500004529953,0.3215148448944092,195712000,0.0,0.0
2011-12-28,0.351500004529953,0.35225000977516174,0.3425000011920929,0.34275001287460327,0.31351137161254883,233960000,0.0,0.0
2011-12-29,0.3462499976158142,0.3499999940395355,0.3412500023841858,0.3492499887943268,0.3194568455219269,211112000,0.0,0.0
2011-12-30,0.3479999899864197,0.351749986410141,0.34599998593330383,0.3465000092983246,0.3169415593147278,186956000,0.0,0.0
2012-01-03,0.35749998688697815,0.36000001430511475,0.3502500057220459,0.35100001096725464,0.32105767726898193,468044000,0.0,0.0
2012-01-04,0.3512499928474426,0.3564999997615814,0.3479999899864197,0.35499998927116394,0.3247164785861969,347372000,0.0,0.0
2012-01-05,0.35324999690055847,0.3695000112056732,0.351749986410141,0.36774998903274536,0.33637866377830505,563548000,0.0,0.0
2012-01-06,0.3675000071525574,0.36774998903274536,0.359250009059906,0.3634999990463257,0.3324912190437317,533252000,0.0,0.0
2012-01-09,0.36375001072883606,0.37049999833106995,0.3610000014305115,0.3634999990463257,0.3324912190437317,508244000,0.0,0.0
2012-01-10,0.36899998784065247,0.36924999952316284,0.359499990940094,0.3619999885559082,0.3311193287372589,546328000,0.0,0.0
2012-01-11,0.35874998569488525,0.3619999885559082,0.35324999690055847,0.35475000739097595,0.32448771595954895,484272000,0.0,0.0
2012-01-12,0.3555000126361847,0.3557499945163727,0.34474998712539673,0.35249999165534973,0.3224295973777771,652364000,0.0,0.0
2012-01-13,0.3499999940395355,0.35074999928474426,0.34150001406669617,0.34325000643730164,0.31396880745887756,504300000,0.0,0.0
2012-01-17,0.34850001335144043,0.34850001335144043,0.3375000059604645,0.33799999952316284,0.30916649103164673,627176000,0.0,0.0
2012-01-18,0.34450000524520874,0.35225000977516174,0.34275001287460327,0.34950000047683716,0.31968557834625244,632676000,0.0,0.0
2012-01-19,0.35249999165534973,0.359250009059906,0.3487499952316284,0.35874998569488525,0.32814642786979675,608312000,0.0,0.0
2012-01-20,0.3582499921321869,0.36250001192092896,0.3542500138282776,0.3555000126361847,0.32517382502555847,546272000,0.0,0.0
2012-01-23,0.3557499945163727,0.36550000309944153,0.3512499928474426,0.36524999141693115,0.3340919613838196,562792000,0.0,0.0
2012-01-24,0.36274999380111694,0.375,0.36250001192092896,0.3734999895095825,0.34163814783096313,730920000,0.0,0.0
2012-01-25,0.3634999990463257,0.3722499907016754,0.3529999852180481,0.3712500035762787,0.3395802676677704,1274152000,0.0,0.0
2012-01-26,0.37674999237060547,0.38100001215934753,0.3657500147819519,0.36774998903274536,0.33637866377830505,799672000,0.0,0.0
2012-01-27,0.36550000309944153,0.3747499883174896,0.36250001192092896,0.37275001406669617,0.3409522473812103,449996000,0.0,0.0
2012-01-30,0.36625000834465027,0.37174999713897705,0.3607499897480011,0.3700000047683716,0.33843672275543213,399076000,0.0,0.0
2012-01-31,0.3709999918937683,0.3712500035762787,0.36274999380111694,0.36924999952316284,0.33775079250335693,357900000,0.0,0.0
2012-02-01,0.3734999895095825,0.3774999976158142,0.3682500123977661,0.37325000762939453,0.34140950441360474,428020000,0.0,0.0
2012-02-02,0.3752500116825104,0.38874998688697815,0.3714999854564667,0.38725000619888306,0.3542153835296631,696236000,0.0,0.0
2012-02-03,0.3930000066757202,0.3987500071525574,0.3922500014305115,0.3955000042915344,0.36176151037216187,495232000,0.0,0.0
2012-02-06,0.3935000002384186,0.39399999380111694,0.3889999985694885,0.39250001311302185,0.35901740193367004,278868000,0.0,0.0
2012-02-07,0.3930000066757202,0.3957499861717224,0.3865000009536743,0.3935000002384186,0.3599320650100708,410296000,0.0,0.0
2012-02-08,0.3935000002384186,0.4154999852180481,0.39149999618530273,0.4077500104904175,0.3729664087295532,847612000,0.0,0.0
2012-02-09,0.4127500057220459,0.41499999165534973,0.40674999356269836,0.4074999988079071,0.3727377653121948,561944000,0.0,0.0
2012-02-10,0.4034999907016754,0.4050000011920929,0.39524999260902405,0.39750000834465027,0.36359092593193054,440268000,0.0,0.0
2012-02-13,0.4074999988079071,0.4090000092983246,0.3955000042915344,0.4037500023841858,0.36930766701698303,610668000,0.0,0.0
2012-02-14,0.4037500023841858,0.40950000286102295,0.40024998784065247,0.4059999883174896,0.3713657855987549,453756000,0.0,0.0
2012-02-15,0.4097500145435333,0.42250001430511475,0.4032500088214874,0.40424999594688416,0.36976492404937744,1110856000,0.0,0.0
2012-02-16,0.3765000104904175,0.41449999809265137,0.375,0.4112499952316284,0.37616798281669617,1888588000,0.0,0.0
2012-02-17,0.4115000069141388,0.414249986410141,0.39250001311302185,0.39625000953674316,0.3624475598335266,1020360000,0.0,0.0
2012-02-21,0.3959999978542328,0.40799999237060547,0.39524999260902405,0.398250013589859,0.3642770051956177,518176000,0.0,0.0
2012-02-22,0.39625000953674316,0.4059999883174896,0.39500001072883606,0.3955000042915344,0.36176151037216187,492432000,0.0,0.0
2012-02-23,0.39625000953674316,0.4000000059604645,0.38999998569488525,0.39774999022483826,0.36381953954696655,323968000,0.0,0.0
2012-02-24,0.39899998903274536,0.3995000123977661,0.3930000066757202,0.3947499990463257,0.3610754609107971,366668000,0.0,0.0
2012-02-27,0.38975000381469727,0.39149999618530273,0.3812499940395355,0.3867500126361847,0.3537580072879791,745268000,0.0,0.0
2012-02-28,0.3867500126361847,0.39125001430511475,0.3792499899864197,0.38324999809265137,0.35055655241012573,699884000,0.0,0.0
2012-02-29,0.38449999690055847,0.39100000262260437,0.3785000145435333,0.3787499964237213,0.34644028544425964,689196000,0.0,0.0
2012-03-01,0.3802500069141388,0.3857499957084656,0.3787499964237213,0.3812499940395355,0.34872710704803467,449944000,0.0,0.0
2012-03-02,0.3799999952316284,0.38999998569488525,0.3799999952316284,0.38449999690055847,0.35169991850852966,684076000,0.0,0.0
2012-03-05,0.3817499876022339,0.3824999928474426,0.3687500059604645,0.3714999854564667,0.33980876207351685,514848000,0.0,0.0
2012-03-06,0.367249995470047,0.37024998664855957,0.36149999499320984,0.36800000071525574,0.3366074562072754,471400000,0.0,0.0
2012-03-07,0.3700000047683716,0.37174999713897705,0.36500000953674316,0.37024998664855957,0.33866560459136963,441984000,0.0,0.0
2012-03-08,0.3712500035762787,0.3752500116825104,0.36924999952316284,0.3714999854564667,0.33980876207351685,430852000,0.0,0.0
2012-03-09,0.3725000023841858,0.3752500116825104,0.3684999942779541,0.37049999833106995,0.3388941287994385,367836000,0.0,0.0
2012-03-12,0.3720000088214874,0.37450000643730164,0.36375001072883606,0.3647499978542328,0.3336346745491028,299948000,0.0,0.0
2012-03-13,0.36625000834465027,0.37174999713897705,0.3644999861717224,0.3697499930858612,0.33820822834968567,553288000,0.0,0.0
2012-03-14,0.3697499930858612,0.37049999833106995,0.3580000102519989,0.359250009059906,0.3286038637161255,735708000,0.0,0.0
2012-03-15,0.36024999618530273,0.36649999022483826,0.35899999737739563,0.3644999861717224,0.33340585231781006,382380000,0.0,0.0
2012-03-16,0.3647499978542328,0.36649999022483826,0.36274999380111694,0.36500000953674316,0.33386334776878357,428340000,0.0,0.0
2012-03-19,0.367000013589859,0.3687500059604645,0.3642500042915344,0.3659999966621399,0.3347781002521515,405400000,0.0,0.0
2012-03-20,0.36399999260902405,0.36399999260902405,0.3567500114440918,0.36000001430511475,0.32928985357284546,449616000,0.0,0.0
2012-03-21,0.36000001430511475,0.3647499978542328,0.35600000619888306,0.36149999499320984,0.33066192269325256,467840000,0.0,0.0
2012-03-22,0.35874998569488525,0.36399999260902405,0.3577499985694885,0.3610000014305115,0.33020448684692383,425372000,0.0,0.0
2012-03-23,0.36000001430511475,0.3647499978542328,0.35749998688697815,0.36375001072883606,0.33271998167037964,315456000,0.0,0.0
2012-03-26,0.367249995470047,0.3697499930858612,0.36375001072883606,0.36800000071525574,0.3366074562072754,288600000,0.0,0.0
2012-03-27,0.3695000112056732,0.375,0.3687500059604645,0.37049999833106995,0.3388941287994385,419968000,0.0,0.0
2012-03-28,0.3752500116825104,0.3840000033378601,0.3725000023841858,0.3790000081062317,0.3466690480709076,892448000,0.0,0.0
2012-03-29,0.3785000145435333,0.38374999165534973,0.3737500011920929,0.38075000047683716,0.3482697904109955,372700000,0.0,0.0
2012-03-30,0.3840000033378601,0.38725000619888306,0.3785000145435333,0.38499999046325684,0.35215720534324646,527240000,0.0,0.0
2012-04-02,0.3840000033378601,0.38725000619888306,0.3777500092983246,0.38324999809265137,0.35055655241012573,407776000,0.0,0.0
2012-04-03,0.38600000739097595,0.3865000009536743,0.375,0.37700000405311584,0.34483975172042847,430476000,0.0,0.0
2012-04-04,0.3712500035762787,0.37599998712539673,0.36399999260902405,0.36625000834465027,0.3350067138671875,495896000,0.0,0.0
2012-04-05,0.36675000190734863,0.3712500035762787,0.3644999861717224,0.3657500147819519,0.33454933762550354,369424000,0.0,0.0
2012-04-09,0.36000001430511475,0.3622500002384186,0.3540000021457672,0.3610000014305115,0.33020448684692383,365504000,0.0,0.0
2012-04-10,0.359499990940094,0.3644999861717224,0.35225000977516174,0.3540000021457672,0.3238016664981842,470360000,0.0,0.0
2012-04-11,0.35874998569488525,0.36625000834465027,0.35749998688697815,0.35850000381469727,0.32791784405708313,372960000,0.0,0.0
2012-04-12,0.35899999737739563,0.36899998784065247,0.35749998688697815,0.367000013589859,0.33569276332855225,384868000,0.0,0.0
2012-04-13,0.36375001072883606,0.3657500147819519,0.35374999046325684,0.3540000021457672,0.3238016664981842,311324000,0.0,0.0
2012-04-16,0.3564999997615814,0.35749998688697815,0.3440000116825104,0.34975001215934753,0.319914311170578,463468000,0.0,0.0
2012-04-17,0.35074999928474426,0.35499998927116394,0.3492499887943268,0.3504999876022339,0.3206002414226532,460696000,0.0,0.0
2012-04-18,0.34825000166893005,0.3499999940395355,0.3425000011920929,0.3467499911785126,0.31717008352279663,400764000,0.0,0.0
2012-04-19,0.3422499895095825,0.3552500009536743,0.3397499918937683,0.34150001406669617,0.3123680651187897,667188000,0.0,0.0
2012-04-20,0.3434999883174896,0.34450000524520874,0.33399999141693115,0.3347499966621399,0.3061937987804413,509592000,0.0,0.0
2012-04-23,0.32899999618530273,0.3322499990463257,0.3227500021457672,0.3307499885559082,0.3025350570678711,706244000,0.0,0.0
2012-04-24,0.3317500054836273,0.3345000147819519,0.3187499940395355,0.320499986410141,0.29315951466560364,730440000,0.0,0.0
2012-04-25,0.3252499997615814,0.3294999897480011,0.3192499876022339,0.3269999921321869,0.2991048991680145,727112000,0.0,0.0
2012-04-26,0.3267500102519989,0.33000001311302185,0.3244999945163727,0.32725000381469727,0.2993336319923401,539208000,0.0,0.0
2012-04-27,0.3267500102519989,0.32875001430511475,0.32100000977516174,0.3244999945163727,0.29681819677352905,475356000,0.0,0.0
2012-04-30,0.3227500021457672,0.3267500102519989,0.320499986410141,0.32499998807907104,0.297275573015213,262268000,0.0,0.0
2012-05-01,0.3232499957084656,0.33425000309944153,0.3232499957084656,0.3307499885559082,0.3025350570678711,408680000,0.0,0.0
2012-05-02,0.3294999897480011,0.3307499885559082,0.31949999928474426,0.32124999165534973,0.2938455045223236,684008000,0.0,0.0
2012-05-03,0.32199999690055847,0.3240000009536743,0.3137499988079071,0.31575000286102295,0.2888146936893463,419536000,0.0,0.0
2012-05-04,0.3137499988079071,0.3154999911785126,0.30649998784065247,0.30649998784065247,0.28035372495651245,545092000,0.0,0.0
2012-05-07,0.31200000643730164,0.31725001335144043,0.30924999713897705,0.31174999475479126,0.28515586256980896,604440000,0.0,0.0
2012-05-08,0.3089999854564667,0.31349998712539673,0.3034999966621399,0.31150001287460327,0.2849271297454834,462312000,0.0,0.0
2012-05-09,0.3059999942779541,0.3152500092983246,0.30300000309944153,0.3127500116825104,0.28607049584388733,520608000,0.0,0.0
2012-05-10,0.31575000286102295,0.3162499964237213,0.30550000071525574,0.31049999594688416,0.28401246666908264,597092000,0.0,0.0
2012-05-11,0.3362500071525574,0.34200000762939453,0.32899999618530273,0.33024999499320984,0.30207765102386475,1435140000,0.0,0.0
2012-05-14,0.32749998569488525,0.3332499861717224,0.32074999809265137,0.328249990940094,0.30024823546409607,437472000,0.0,0.0
2012-05-15,0.328249990940094,0.33550000190734863,0.32350000739097595,0.32499998807907104,0.297275573015213,599940000,0.0,0.0
2012-05-16,0.3255000114440918,0.3292500078678131,0.3174999952316284,0.31850001215934753,0.291329950094223,470484000,0.0,0.0
2012-05-17,0.31975001096725464,0.3227500021457672,0.3162499964237213,0.3162499964237213,0.2892720699310303,335364000,0.0,0.0
2012-05-18,0.31700000166893005,0.31850001215934753,0.3005000054836273,0.3019999861717224,0.27623772621154785,567288000,0.0,0.0
2012-05-21,0.30250000953674316,0.3087500035762787,0.3005000054836273,0.3072499930858612,0.2810397744178772,416260000,0.0,0.0
2012-05-22,0.3070000112056732,0.3075000047683716,0.29899999499320984,0.3034999966621399,0.27760955691337585,410140000,0.0,0.0
2012-05-23,0.30024999380111694,0.31150001287460327,0.2957499921321869,0.3109999895095825,0.2844698429107666,496000000,0.0,0.0
2012-05-24,0.3127500116825104,0.31325000524520874,0.3005000054836273,0.30274999141693115,0.27692368626594543,520420000,0.0,0.0
2012-05-25,0.30250000953674316,0.3125,0.30250000953674316,0.3100000023841858,0.28355517983436584,391752000,0.0,0.0
2012-05-29,0.3149999976158142,0.3199999928474426,0.3137499988079071,0.3179999887943268,0.2908726930618286,310000000,0.0,0.0
2012-05-30,0.31450000405311584,0.3167499899864197,0.3087500035762787,0.31424999237060547,0.28744256496429443,379792000,0.0,0.0
2012-05-31,0.31424999237060547,0.3154999911785126,0.30674999952316284,0.31075000762939453,0.2842411696910858,358192000,0.0,0.0
2012-06-01,0.30425000190734863,0.3072499930858612,0.29899999499320984,0.2994999885559082,0.27395084500312805,440984000,0.0,0.0
2012-06-04,0.3009999990463257,0.30274999141693115,0.29074999690055847,0.2932499945163727,0.26823416352272034,432856000,0.0,0.0
2012-06-05,0.2917500138282776,0.30250000953674316,0.2917500138282776,0.3017500042915344,0.2760089635848999,365224000,0.0,0.0
2012-06-06,0.30399999022483826,0.31049999594688416,0.3017500042915344,0.3097499907016754,0.28332647681236267,368968000,0.0,0.0
2012-06-07,0.31424999237060547,0.3160000145435333,0.296999990940094,0.29725000262260437,0.27189287543296814,526780000,0.0,0.0
2012-06-08,0.2982499897480011,0.30399999022483826,0.29774999618530273,0.30300000309944153,0.2771523594856262,370308000,0.0,0.0
2012-06-11,0.3127500116825104,0.31825000047683716,0.3057500123977661,0.30649998784065247,0.28035372495651245,839080000,0.0,0.0
2012-06-12,0.3100000023841858,0.31575000286102295,0.3095000088214874,0.3127500116825104,0.28607049584388733,496128000,0.0,0.0
2012-06-13,0.3125,0.31325000524520874,0.30300000309944153,0.304500013589859,0.27852433919906616,494276000,0.0,0.0
2012-06-14,0.30399999022483826,0.30649998784065247,0.29774999618530273,0.3007499873638153,0.275094211101532,589884000,0.0,0.0
2012-06-15,0.30300000309944153,0.3075000047683716,0.30024999380111694,0.3072499930858612,0.2810397744178772,385288000,0.0,0.0
2012-06-18,0.3050000071525574,0.3125,0.30250000953674316,0.3100000023841858,0.28355517983436584,304424000,0.0,0.0
2012-06-19,0.3227500021457672,0.335750013589859,0.32124999165534973,0.3310000002384186,0.30276376008987427,960476000,0.0,0.0
2012-06-20,0.33425000309944153,0.3425000011920929,0.3322499990463257,0.3362500071525574,0.3075660169124603,972720000,0.0,0.0
2012-06-21,0.335999995470047,0.335999995470047,0.320250004529953,0.32100000977516174,0.29361677169799805,516376000,0.0,0.0
2012-06-22,0.32499998807907104,0.32875001430511475,0.320499986410141,0.32499998807907104,0.297275573015213,865360000,0.0,0.0
2012-06-25,0.3252499997615814,0.32624998688697815,0.31349998712539673,0.31474998593330383,0.28789979219436646,494616000,0.0,0.0
2012-06-26,0.3165000081062317,0.320499986410141,0.31200000643730164,0.31825000047683716,0.29110145568847656,437152000,0.0,0.0
2012-06-27,0.31850001215934753,0.3307499885559082,0.31850001215934753,0.32850000262260437,0.3004768490791321,506064000,0.0,0.0
2012-06-28,0.3255000114440918,0.3330000042915344,0.3227500021457672,0.3310000002384186,0.30276376008987427,545896000,0.0,0.0
2012-06-29,0.3387500047683716,0.3462499976158142,0.3384999930858612,0.34549999237060547,0.31602680683135986,616508000,0.0,0.0
2012-07-02,0.3472500145435333,0.3474999964237213,0.3334999978542328,0.3362500071525574,0.3075660169124603,581684000,0.0,0.0
2012-07-03,0.3362500071525574,0.34575000405311584,0.335999995470047,0.3449999988079071,0.3155694305896759,219284000,0.0,0.0
2012-07-05,0.34275001287460327,0.34424999356269836,0.3362500071525574,0.34150001406669617,0.3123680651187897,280076000,0.0,0.0
2012-07-06,0.33899998664855957,0.3400000035762787,0.33125001192092896,0.33500000834465027,0.30642256140708923,382760000,0.0,0.0
2012-07-09,0.3330000042915344,0.3345000147819519,0.32774999737739563,0.3305000066757202,0.3023063540458679,306336000,0.0,0.0
2012-07-10,0.3269999921321869,0.33675000071525574,0.3179999887943268,0.320499986410141,0.29315951466560364,512028000,0.0,0.0
2012-07-11,0.3215000033378601,0.3255000114440918,0.3137499988079071,0.3152500092983246,0.28835728764533997,485216000,0.0,0.0
2012-07-12,0.31174999475479126,0.3122499883174896,0.3072499930858612,0.3100000023841858,0.28355517983436584,472160000,0.0,0.0
2012-07-13,0.31025001406669617,0.3154999911785126,0.3082500100135803,0.3140000104904175,0.28721389174461365,324260000,0.0,0.0
2012-07-16,0.31200000643730164,0.3174999952316284,0.3089999854564667,0.3149999976158142,0.28812867403030396,334460000,0.0,0.0
2012-07-17,0.3160000145435333,0.3177500069141388,0.30399999022483826,0.30924999713897705,0.2828691899776459,447476000,0.0,0.0
2012-07-18,0.3084999918937683,0.3310000002384186,0.3070000112056732,0.3264999985694885,0.2986476421356201,616008000,0.0,0.0
2012-07-19,0.32875001430511475,0.33399999141693115,0.3264999985694885,0.3297500014305115,0.3016204833984375,403036000,0.0,0.0
2012-07-20,0.32774999737739563,0.33000001311302185,0.3167499899864197,0.320250004529953,0.2929306924343109,451000000,0.0,0.0
2012-07-23,0.31174999475479126,0.3267500102519989,0.3082500100135803,0.3244999945163727,0.29681819677352905,451584000,0.0,0.0
2012-07-24,0.32499998807907104,0.3269999921321869,0.31725001335144043,0.32100000977516174,0.29361677169799805,351164000,0.0,0.0
2012-07-25,0.3199999928474426,0.3305000066757202,0.31850001215934753,0.32725000381469727,0.2993336319923401,415044000,0.0,0.0
2012-07-26,0.3332499861717224,0.3370000123977661,0.32624998688697815,0.32875001430511475,0.30070561170578003,338440000,0.0,0.0
2012-07-27,0.33000001311302185,0.33799999952316284,0.32749998569488525,0.3370000123977661,0.3082519471645355,376516000,0.0,0.0
2012-07-30,0.3370000123977661,0.3412500023841858,0.3305000066757202,0.3332499861717224,0.30482178926467896,363552000,0.0,0.0
2012-07-31,0.3332499861717224,0.34325000643730164,0.33274999260902405,0.3384999930858612,0.3096238076686859,387788000,0.0,0.0
2012-08-01,0.34049999713897705,0.34375,0.3332499861717224,0.3347499966621399,0.3061937987804413,335912000,0.0,0.0
2012-08-02,0.3330000042915344,0.3409999907016754,0.32749998569488525,0.335999995470047,0.3073371648788452,367912000,0.0,0.0
2012-08-03,0.3412500023841858,0.3465000092983246,0.3332499861717224,0.34299999475479126,0.313740074634552,326548000,0.0,0.0
2012-08-06,0.3462499976158142,0.35199999809265137,0.34575000405311584,0.3502500057220459,0.3203716278076172,360324000,0.0,0.0
2012-08-07,0.3544999957084656,0.35749998688697815,0.351749986410141,0.35374999046325684,0.32357290387153625,407340000,0.0,0.0
2012-08-08,0.35350000858306885,0.359499990940094,0.35249999165534973,0.3557499945163727,0.3254023492336273,517064000,0.0,0.0
2012-08-09,0.35624998807907104,0.3684999942779541,0.3557499945163727,0.36774998903274536,0.33637866377830505,822300000,0.0,0.0
2012-08-10,0.3774999976158142,0.3804999887943268,0.3607499897480011,0.36550000309944153,0.33432069420814514,1278744000,0.0,0.0
2012-08-13,0.3659999966621399,0.37049999833106995,0.3644999861717224,0.37024998664855957,0.33866560459136963,447244000,0.0,0.0
2012-08-14,0.3714999854564667,0.3720000088214874,0.3632499873638153,0.3647499978542328,0.3336346745491028,388828000,0.0,0.0
2012-08-15,0.3659999966621399,0.36899998784065247,0.36024999618530273,0.3619999885559082,0.3311193287372589,594404000,0.0,0.0
2012-08-16,0.36524999141693115,0.3707500100135803,0.36399999260902405,0.3695000112056732,0.3379794657230377,371008000,0.0,0.0
2012-08-17,0.3695000112056732,0.3695000112056732,0.3630000054836273,0.36625000834465027,0.3350067138671875,309864000,0.0,0.0
2012-08-20,0.36500000953674316,0.36675000190734863,0.3607499897480011,0.36625000834465027,0.3350067138671875,314392000,0.0,0.0
2012-08-21,0.3675000071525574,0.3697499930858612,0.36149999499320984,0.36524999141693115,0.3340919613838196,340248000,0.0,0.0
2012-08-22,0.3630000054836273,0.3675000071525574,0.3617500066757202,0.3659999966621399,0.3347781002521515,313556000,0.0,0.0
2012-08-23,0.36524999141693115,0.36550000309944153,0.35624998807907104,0.3577499985694885,0.32723188400268555,379040000,0.0,0.0
2012-08-24,0.3577499985694885,0.36675000190734863,0.3569999933242798,0.36500000953674316,0.33386334776878357,347724000,0.0,0.0
2012-08-27,0.3647499978542328,0.3657500147819519,0.35850000381469727,0.35874998569488525,0.32814642786979675,340944000,0.0,0.0
2012-08-28,0.35600000619888306,0.3607499897480011,0.3552500009536743,0.35725000500679016,0.3267744481563568,310764000,0.0,0.0
2012-08-29,0.3569999933242798,0.36024999618530273,0.35624998807907104,0.3580000102519989,0.32746049761772156,250412000,0.0,0.0
2012-08-30,0.35725000500679016,0.35850000381469727,0.34950000047683716,0.3512499928474426,0.32128629088401794,307488000,0.0,0.0
2012-08-31,0.35374999046325684,0.35624998807907104,0.3472500145435333,0.35074999928474426,0.3208288550376892,485064000,0.0,0.0
2012-09-04,0.3449999988079071,0.3462499976158142,0.32875001430511475,0.3319999873638153,0.30367839336395264,694452000,0.0,0.0
2012-09-05,0.3332499861717224,0.33799999952316284,0.3294999897480011,0.3330000042915344,0.30459314584732056,480256000,0.0,0.0
2012-09-06,0.33550000190734863,0.35225000977516174,0.33524999022483826,0.34325000643730164,0.31396880745887756,657296000,0.0,0.0
2012-09-07,0.3345000147819519,0.3372499942779541,0.32374998927116394,0.33500000834465027,0.30642256140708923,781064000,0.0,0.0
2012-09-10,0.33425000309944153,0.33899998664855957,0.33125001192092896,0.3319999873638153,0.30367839336395264,371108000,0.0,0.0
2012-09-11,0.3317500054836273,0.3412500023841858,0.3305000066757202,0.335999995470047,0.3073371648788452,382808000,0.0,0.0
2012-09-12,0.3387500047683716,0.34150001406669617,0.33550000190734863,0.3397499918937683,0.31076720356941223,322608000,0.0,0.0
2012-09-13,0.34275001287460327,0.3440000116825104,0.33550000190734863,0.34200000762939453,0.31282538175582886,433836000,0.0,0.0
2012-09-14,0.34174999594688416,0.35199999809265137,0.34174999594688416,0.34599998593330383,0.31648412346839905,339468000,0.0,0.0
2012-09-17,0.3467499911785126,0.3467499911785126,0.33274999260902405,0.33649998903274536,0.3077944815158844,493348000,0.0,0.0
2012-09-18,0.33274999260902405,0.34275001287460327,0.33250001072883606,0.3387500047683716,0.30985262989997864,359952000,0.0,0.0
2012-09-19,0.3395000100135803,0.3474999964237213,0.33550000190734863,0.34275001287460327,0.31351137161254883,451936000,0.0,0.0
2012-09-20,0.34200000762939453,0.34375,0.3375000059604645,0.3402499854564667,0.3112246096134186,320596000,0.0,0.0
2012-09-21,0.3407500088214874,0.34375,0.3395000100135803,0.34174999594688416,0.3125966787338257,340136000,0.0,0.0
2012-09-24,0.3362500071525574,0.34200000762939453,0.335750013589859,0.34150001406669617,0.3123680651187897,357832000,0.0,0.0
2012-09-25,0.34599998593330383,0.3474999964237213,0.3347499966621399,0.33524999022483826,0.3066510856151581,481544000,0.0,0.0
2012-09-26,0.33399999141693115,0.33425000309944153,0.3255000114440918,0.3294999897480011,0.3013916611671448,436812000,0.0,0.0
2012-09-27,0.33024999499320984,0.33250001072883606,0.32749998569488525,0.3319999873638153,0.30367839336395264,558888000,0.0,0.0
2012-09-28,0.3305000066757202,0.3382500112056732,0.32624998688697815,0.3334999978542328,0.30505046248435974,485508000,0.0,0.0
2012-10-01,0.33500000834465027,0.3370000123977661,0.3267500102519989,0.328000009059906,0.30001959204673767,504236000,0.0,0.0
2012-10-02,0.33024999499320984,0.33024999499320984,0.3255000114440918,0.3292500078678131,0.3011629581451416,295492000,0.0,0.0
2012-10-03,0.33000001311302185,0.3310000002384186,0.3242500126361847,0.32600000500679016,0.29819032549858093,430872000,0.0,0.0
2012-10-04,0.3267500102519989,0.3425000011920929,0.32499998807907104,0.34049999713897705,0.31145337224006653,502608000,0.0,0.0
2012-10-05,0.34150001406669617,0.3449999988079071,0.33125001192092896,0.33250001072883606,0.3041357100009918,483068000,0.0,0.0
2012-10-08,0.33125001192092896,0.33274999260902405,0.3267500102519989,0.3292500078678131,0.3011629581451416,240596000,0.0,0.0
2012-10-09,0.32875001430511475,0.3297500014305115,0.32124999165534973,0.32225000858306885,0.2947601079940796,366360000,0.0,0.0
2012-10-10,0.32074999809265137,0.32225000858306885,0.3154999911785126,0.3167499899864197,0.28972920775413513,326568000,0.0,0.0
2012-10-11,0.31975001096725464,0.32074999809265137,0.3160000145435333,0.31850001215934753,0.291329950094223,320516000,0.0,0.0
2012-10-12,0.3162499964237213,0.3187499940395355,0.3137499988079071,0.31575000286102295,0.2888146936893463,260696000,0.0,0.0
2012-10-15,0.3162499964237213,0.3199999928474426,0.3125,0.31975001096725464,0.2924734055995941,249580000,0.0,0.0
2012-10-16,0.32249999046325684,0.33000001311302185,0.31949999928474426,0.32899999618530273,0.30093449354171753,367696000,0.0,0.0
2012-10-17,0.32499998807907104,0.328000009059906,0.3217499852180481,0.3264999985694885,0.2986476421356201,391752000,0.0,0.0
2012-10-18,0.3257499933242798,0.3257499933242798,0.320250004529953,0.3215000033378601,0.2940741181373596,254772000,0.0,0.0
2012-10-19,0.3167499899864197,0.3190000057220459,0.3009999990463257,0.30274999141693115,0.27692368626594543,709412000,0.0,0.0
2012-10-22,0.30399999022483826,0.3057500123977661,0.296750009059906,0.2992500066757202,0.2737222909927368,480840000,0.0,0.0
2012-10-23,0.29649999737739563,0.31025001406669617,0.2957499921321869,0.3082500100135803,0.2819543480873108,573948000,0.0,0.0
2012-10-24,0.31025001406669617,0.31150001287460327,0.30125001072883606,0.30425000190734863,0.27829569578170776,332916000,0.0,0.0
2012-10-25,0.30674999952316284,0.3100000023841858,0.3032500147819519,0.304500013589859,0.27852433919906616,307356000,0.0,0.0
2012-10-26,0.3050000071525574,0.30674999952316284,0.30125001072883606,0.30125001072883606,0.27555161714553833,389376000,0.0,0.0
2012-10-31,0.30250000953674316,0.3050000071525574,0.29875001311302185,0.2994999885559082,0.27395084500312805,347112000,0.0,0.0
2012-11-01,0.3009999990463257,0.3140000104904175,0.3007499873638153,0.3137499988079071,0.2869851589202881,473220000,0.0,0.0
2012-11-02,0.31700000166893005,0.3174999952316284,0.31025001406669617,0.3122499883174896,0.2856132388114929,256700000,0.0,0.0
2012-11-05,0.31150001287460327,0.3267500102519989,0.31150001287460327,0.3255000114440918,0.2977328598499298,444840000,0.0,0.0
2012-11-06,0.32624998688697815,0.32624998688697815,0.31975001096725464,0.3252499997615814,0.29750409722328186,350804000,0.0,0.0
2012-11-07,0.3227500021457672,0.32475000619888306,0.3137499988079071,0.3152500092983246,0.28835728764533997,324620000,0.0,0.0
2012-11-08,0.3187499940395355,0.3269999921321869,0.3162499964237213,0.31700000166893005,0.28995802998542786,839024000,0.0,0.0
2012-11-09,0.3187499940395355,0.32249999046325684,0.30375000834465027,0.304749995470047,0.2787528932094574,846280000,0.0,0.0
2012-11-12,0.30524998903274536,0.30649998784065247,0.29499998688697815,0.2980000078678131,0.27257880568504333,643624000,0.0,0.0
2012-11-13,0.29649999737739563,0.3032500147819519,0.2955000102519989,0.2957499921321869,0.2705208361148834,492120000,0.0,0.0
2012-11-14,0.29750001430511475,0.3005000054836273,0.28824999928474426,0.28850001096725464,0.2638891637325287,619300000,0.0,0.0
2012-11-15,0.2902500033378601,0.29774999618530273,0.2877500057220459,0.28975000977516174,0.26503264904022217,466688000,0.0,0.0
2012-11-16,0.28975000977516174,0.29074999690055847,0.2787500023841858,0.28450000286102295,0.2602304220199585,624552000,0.0,0.0
2012-11-19,0.28975000977516174,0.29350000619888306,0.2862499952316284,0.29249998927116394,0.2675480544567108,404092000,0.0,0.0
2012-11-20,0.28949999809265137,0.29074999690055847,0.2842499911785126,0.28725001215934753,0.26444104313850403,336976000,0.001875,0.0
2012-11-21,0.28725001215934753,0.29624998569488525,0.28700000047683716,0.2955000102519989,0.2720358967781067,422312000,0.0,0.0
2012-11-23,0.296750009059906,0.3009999990463257,0.2952499985694885,0.29750001430511475,0.27387717366218567,276932000,0.0,0.0
2012-11-26,0.2980000078678131,0.3034999966621399,0.29750001430511475,0.30274999141693115,0.27871033549308777,364600000,0.0,0.0
2012-11-27,0.30149999260902405,0.3084999918937683,0.29899999499320984,0.30399999022483826,0.2798609137535095,451404000,0.0,0.0
2012-11-28,0.30274999141693115,0.30799999833106995,0.29899999499320984,0.30649998784065247,0.28216245770454407,398332000,0.0,0.0
2012-11-29,0.3070000112056732,0.3084999918937683,0.30000001192092896,0.3009999990463257,0.2770991623401642,488688000,0.0,0.0
2012-11-30,0.3007499873638153,0.30300000309944153,0.29750001430511475,0.2992500066757202,0.2754881978034973,460504000,0.0,0.0
2012-12-03,0.30300000309944153,0.30300000309944153,0.2930000126361847,0.29374998807907104,0.27042481303215027,391380000,0.0,0.0
2012-12-04,0.2942500114440918,0.30300000309944153,0.29249998927116394,0.30250000953674316,0.2784801125526428,528068000,0.0,0.0
2012-12-05,0.30000001192092896,0.3019999861717224,0.29475000500679016,0.29899999499320984,0.2752579152584076,633024000,0.0,0.0
2012-12-06,0.2982499897480011,0.30149999260902405,0.29725000262260437,0.2994999885559082,0.2757183015346527,412896000,0.0,0.0
2012-12-07,0.2997500002384186,0.30125001072883606,0.2955000102519989,0.29899999499320984,0.2752579152584076,338288000,0.0,0.0
2012-12-10,0.29899999499320984,0.3112500011920929,0.2982499897480011,0.3089999854564667,0.28446388244628906,513644000,0.0,0.0
2012-12-11,0.3100000023841858,0.320250004529953,0.30924999713897705,0.3162499964237213,0.29113832116127014,816724000,0.0,0.0
2012-12-12,0.31725001335144043,0.3190000057220459,0.31174999475479126,0.31299999356269836,0.28814637660980225,399404000,0.0,0.0
2012-12-13,0.3125,0.3192499876022339,0.31025001406669617,0.31325000524520874,0.28837648034095764,377556000,0.0,0.0
2012-12-14,0.31450000405311584,0.3179999887943268,0.3122499883174896,0.31474998593330383,0.28975728154182434,338660000,0.0,0.0
2012-12-17,0.3140000104904175,0.31575000286102295,0.3087500035762787,0.31349998712539673,0.2886066436767578,445232000,0.0,0.0
2012-12-18,0.31349998712539673,0.3174999952316284,0.3125,0.3140000104904175,0.289066880941391,416436000,0.0,0.0
2012-12-19,0.3162499964237213,0.3199999928474426,0.3149999976158142,0.3162499964237213,0.29113832116127014,458544000,0.0,0.0
2012-12-20,0.3174999952316284,0.3177500069141388,0.3125,0.3160000145435333,0.2909080684185028,334332000,0.0,0.0
2012-12-21,0.31174999475479126,0.31174999475479126,0.30524998903274536,0.3087500035762787,0.28423377871513367,462172000,0.0,0.0
2012-12-24,0.3084999918937683,0.3095000088214874,0.30524998903274536,0.3062500059604645,0.2819322347640991,127376000,0.0,0.0
2012-12-26,0.30550000071525574,0.31049999594688416,0.304749995470047,0.3059999942779541,0.2817022502422333,196740000,0.0,0.0
2012-12-27,0.30649998784065247,0.3070000112056732,0.3005000054836273,0.30399999022483826,0.2798609137535095,299804000,0.0,0.0
2012-12-28,0.30125001072883606,0.3072499930858612,0.3007499873638153,0.30250000953674316,0.2784801125526428,220600000,0.0,0.0
2012-12-31,0.30149999260902405,0.30774998664855957,0.3007499873638153,0.30649998784065247,0.28216245770454407,326460000,0.0,0.0
2013-01-02,0.3140000104904175,0.31825000047683716,0.3127500116825104,0.3179999887943268,0.29274919629096985,478836000,0.0,0.0
2013-01-03,0.3179999887943268,0.3217499852180481,0.31450000405311584,0.31825000047683716,0.29297947883605957,298888000,0.0,0.0
2013-01-04,0.3187499940395355,0.3297500014305115,0.3177500069141388,0.32875001430511475,0.3026457130908966,524968000,0.0,0.0
2013-01-07,0.32850000262260437,0.3294999897480011,0.31700000166893005,0.3192499876022339,0.2939000129699707,610732000,0.0,0.0
2013-01-08,0.3199999928474426,0.32100000977516174,0.3100000023841858,0.3122499883174896,0.2874559462070465,466424000,0.0,0.0
2013-01-09,0.31474998593330383,0.3162499964237213,0.3032500147819519,0.30524998903274536,0.2810116410255432,695020000,0.0,0.0
2013-01-10,0.30799999833106995,0.3095000088214874,0.30399999022483826,0.3057500123977661,0.28147196769714355,506368000,0.0,0.0
2013-01-11,0.3070000112056732,0.3072499930858612,0.3022499978542328,0.30524998903274536,0.2810116410255432,513172000,0.0,0.0
2013-01-14,0.3072499930858612,0.3072499930858612,0.30149999260902405,0.3050000071525574,0.2807815670967102,305684000,0.0,0.0
2013-01-15,0.3034999966621399,0.3034999966621399,0.29774999618530273,0.2994999885559082,0.2757183015346527,375888000,0.0,0.0
2013-01-16,0.29899999499320984,0.304749995470047,0.29899999499320984,0.3022499978542328,0.27824997901916504,337376000,0.0,0.0
2013-01-17,0.3032500147819519,0.3075000047683716,0.30250000953674316,0.3062500059604645,0.2819322347640991,580736000,0.0,0.0
2013-01-18,0.3062500059604645,0.3062500059604645,0.3005000054836273,0.30425000190734863,0.2800911068916321,397088000,0.0,0.0
2013-01-22,0.30399999022483826,0.30674999952316284,0.30125001072883606,0.30274999141693115,0.27871033549308777,308224000,0.0,0.0
2013-01-23,0.30375000834465027,0.30399999022483826,0.30000001192092896,0.3032500147819519,0.27917057275772095,421808000,0.0,0.0
2013-01-24,0.3022499978542328,0.3059999942779541,0.3007499873638153,0.304749995470047,0.2805514335632324,396980000,0.0,0.0
2013-01-25,0.30524998903274536,0.31049999594688416,0.30375000834465027,0.31025001406669617,0.2856147289276123,393920000,0.0,0.0
2013-01-28,0.31174999475479126,0.31725001335144043,0.3109999895095825,0.3152500092983246,0.2902175784111023,422492000,0.0,0.0
2013-01-29,0.3140000104904175,0.31474998593330383,0.3072499930858612,0.3084999918937683,0.2840036153793335,388872000,0.0,0.0
2013-01-30,0.3087500035762787,0.31299999356269836,0.3070000112056732,0.30799999833106995,0.28354331851005554,287592000,0.0,0.0
2013-01-31,0.30799999833106995,0.31150001287460327,0.304500013589859,0.30649998784065247,0.28216245770454407,470544000,0.0,0.0
2013-02-01,0.3089999854564667,0.31025001406669617,0.30649998784065247,0.30924999713897705,0.2846941351890564,288816000,0.0,0.0
2013-02-04,0.3075000047683716,0.3137499988079071,0.30375000834465027,0.30399999022483826,0.2798609137535095,511744000,0.0,0.0
2013-02-05,0.30550000071525574,0.3127500116825104,0.304500013589859,0.3109999895095825,0.2863050699234009,367296000,0.0,0.0
2013-02-06,0.3034999966621399,0.3109999895095825,0.3017500042915344,0.3084999918937683,0.2840036153793335,530688000,0.0,0.0
2013-02-07,0.3075000047683716,0.3100000023841858,0.30425000190734863,0.3072499930858612,0.2828528583049774,440000000,0.0,0.0
2013-02-08,0.30924999713897705,0.31174999475479126,0.3072499930858612,0.30924999713897705,0.2846941351890564,307232000,0.0,0.0
2013-02-11,0.31174999475479126,0.3160000145435333,0.3087500035762787,0.3127500116825104,0.2879160940647125,408308000,0.0,0.0
2013-02-12,0.3100000023841858,0.31424999237060547,0.3095000088214874,0.31075000762939453,0.28607502579689026,277804000,0.0,0.0
2013-02-13,0.3109999895095825,0.3167499899864197,0.3082500100135803,0.30924999713897705,0.2846941351890564,856396000,0.0,0.0
2013-02-14,0.3050000071525574,0.31850001215934753,0.30125001072883606,0.31825000047683716,0.29297947883605957,882096000,0.0,0.0
2013-02-15,0.3174999952316284,0.31975001096725464,0.3112500011920929,0.31825000047683716,0.29297947883605957,733860000,0.0,0.0
2013-02-19,0.31850001215934753,0.3187499940395355,0.31200000643730164,0.3140000104904175,0.289066880941391,433552000,0.0,0.0
2013-02-20,0.3149999976158142,0.3199999928474426,0.3084999918937683,0.3095000088214874,0.2849242389202118,713012000,0.0,0.0
2013-02-21,0.3089999854564667,0.3125,0.30649998784065247,0.3072499930858612,0.2828528583049774,580408000,0.0,0.0
2013-02-22,0.30924999713897705,0.31325000524520874,0.3075000047683716,0.31299999356269836,0.28814637660980225,370148000,0.0,0.0
2013-02-25,0.3137499988079071,0.3162499964237213,0.3070000112056732,0.3075000047683716,0.2830830514431,644444000,0.0,0.0
2013-02-26,0.3062500059604645,0.3109999895095825,0.30524998903274536,0.30924999713897705,0.2864406108856201,487504000,0.001875,0.0
2013-02-27,0.30924999713897705,0.31725001335144043,0.3084999918937683,0.3149999976158142,0.29176655411720276,476980000,0.0,0.0
2013-02-28,0.3140000104904175,0.32124999165534973,0.3127500116825104,0.3165000081062317,0.2931559085845947,591392000,0.0,0.0
2013-03-01,0.31424999237060547,0.3187499940395355,0.31150001287460327,0.3177500069141388,0.29431378841400146,389396000,0.0,0.0
2013-03-04,0.3154999911785126,0.31949999928474426,0.31299999356269836,0.3165000081062317,0.2931559085845947,353680000,0.0,0.0
2013-03-05,0.31825000047683716,0.320499986410141,0.3167499899864197,0.3199999928474426,0.29639774560928345,366168000,0.0,0.0
2013-03-06,0.32199999690055847,0.32499998807907104,0.31825000047683716,0.31975001096725464,0.29616621136665344,342928000,0.0,0.0
2013-03-07,0.3215000033378601,0.32475000619888306,0.31725001335144043,0.3190000057220459,0.2954716086387634,314824000,0.0,0.0
2013-03-08,0.31975001096725464,0.32199999690055847,0.31825000047683716,0.320499986410141,0.29686087369918823,246464000,0.0,0.0
2013-03-11,0.31725001335144043,0.3187499940395355,0.31474998593330383,0.3174999952316284,0.29408231377601624,299748000,0.0,0.0
2013-03-12,0.31700000166893005,0.31949999928474426,0.3140000104904175,0.31850001215934753,0.29500842094421387,310856000,0.0,0.0
2013-03-13,0.31850001215934753,0.3240000009536743,0.3154999911785126,0.31850001215934753,0.29500842094421387,485840000,0.0,0.0
2013-03-14,0.320499986410141,0.3215000033378601,0.3167499899864197,0.3187499940395355,0.2952399253845215,383304000,0.0,0.0
2013-03-15,0.3187499940395355,0.3187499940395355,0.31474998593330383,0.3160000145435333,0.29269295930862427,355776000,0.0,0.0
2013-03-18,0.3140000104904175,0.3167499899864197,0.31150001287460327,0.3137499988079071,0.290608674287796,298312000,0.0,0.0
2013-03-19,0.3140000104904175,0.3154999911785126,0.3095000088214874,0.31174999475479126,0.2887563407421112,355480000,0.0,0.0
2013-03-20,0.31474998593330383,0.3165000081062317,0.31200000643730164,0.3154999911785126,0.2922298312187195,340588000,0.0,0.0
2013-03-21,0.3137499988079071,0.31424999237060547,0.3100000023841858,0.31049999594688416,0.2875984311103821,339032000,0.0,0.0
2013-03-22,0.31150001287460327,0.31325000524520874,0.31025001406669617,0.31200000643730164,0.2889878451824188,232476000,0.0,0.0
2013-03-25,0.3137499988079071,0.3140000104904175,0.30799999833106995,0.31025001406669617,0.2873670160770416,362076000,0.0,0.0
2013-03-26,0.3109999895095825,0.3127500116825104,0.3097499907016754,0.3125,0.2894509434700012,232540000,0.0,0.0
2013-03-27,0.3112500011920929,0.3179999887943268,0.31049999594688416,0.3162499964237213,0.29292428493499756,254944000,0.0,0.0
2013-03-28,0.3154999911785126,0.32100000977516174,0.31325000524520874,0.32074999809265137,0.297092467546463,349276000,0.0,0.0
2013-04-01,0.3199999928474426,0.3199999928474426,0.30799999833106995,0.31025001406669617,0.2873670160770416,442828000,0.0,0.0
2013-04-02,0.31049999594688416,0.3112500011920929,0.3050000071525574,0.3070000112056732,0.28435659408569336,371524000,0.0,0.0
2013-04-03,0.30649998784065247,0.3082500100135803,0.3009999990463257,0.3032500147819519,0.28088322281837463,353156000,0.0,0.0
2013-04-04,0.3022499978542328,0.3072499930858612,0.30125001072883606,0.3062500059604645,0.28366196155548096,294676000,0.0,0.0
2013-04-05,0.3017500042915344,0.31150001287460327,0.3009999990463257,0.31150001287460327,0.28852471709251404,551352000,0.0,0.0
2013-04-08,0.31174999475479126,0.31174999475479126,0.3050000071525574,0.31075000762939453,0.2878301441669464,326660000,0.0,0.0
2013-04-09,0.3109999895095825,0.3179999887943268,0.3087500035762787,0.31575000286102295,0.2924613058567047,380584000,0.0,0.0
2013-04-10,0.3160000145435333,0.32124999165534973,0.3152500092983246,0.32074999809265137,0.297092467546463,384688000,0.0,0.0
2013-04-11,0.3162499964237213,0.32124999165534973,0.3075000047683716,0.3192499876022339,0.2957029342651367,969220000,0.0,0.0
2013-04-12,0.32074999809265137,0.3307499885559082,0.3179999887943268,0.32725000381469727,0.30311304330825806,770548000,0.0,0.0
2013-04-15,0.32624998688697815,0.32725000381469727,0.31850001215934753,0.320499986410141,0.29686087369918823,430420000,0.0,0.0
2013-04-16,0.32350000739097595,0.32624998688697815,0.3217499852180481,0.3240000009536743,0.30010277032852173,468844000,0.0,0.0
2013-04-17,0.3215000033378601,0.3244999945163727,0.3177500069141388,0.31975001096725464,0.29616621136665344,532948000,0.0,0.0
2013-04-18,0.320499986410141,0.32249999046325684,0.31349998712539673,0.31349998712539673,0.2903771698474884,402548000,0.0,0.0
2013-04-19,0.31325000524520874,0.3152500092983246,0.30924999713897705,0.31424999237060547,0.29107189178466797,303028000,0.0,0.0
2013-04-22,0.3140000104904175,0.3174999952316284,0.31150001287460327,0.31474998593330383,0.29153501987457275,245568000,0.0,0.0
2013-04-23,0.3174999952316284,0.32624998688697815,0.31700000166893005,0.3230000138282776,0.29917648434638977,376948000,0.0,0.0
2013-04-24,0.3240000009536743,0.33675000071525574,0.32374998927116394,0.33399999141693115,0.3093651533126831,556556000,0.0,0.0
2013-04-25,0.335750013589859,0.3375000059604645,0.33274999260902405,0.33675000071525574,0.3119123876094818,353224000,0.0,0.0
2013-04-26,0.3362500071525574,0.33675000071525574,0.3334999978542328,0.33524999022483826,0.3105228841304779,324332000,0.0,0.0
2013-04-29,0.335750013589859,0.34049999713897705,0.33425000309944153,0.33924999833106995,0.3142278790473938,269712000,0.0,0.0
2013-04-30,0.3400000035762787,0.34424999356269836,0.33774998784065247,0.34424999356269836,0.31885918974876404,276712000,0.0,0.0
2013-05-01,0.34424999356269836,0.3465000092983246,0.3400000035762787,0.3412500023841858,0.3160804510116577,341316000,0.0,0.0
2013-05-02,0.3409999907016754,0.3462499976158142,0.33899998664855957,0.3452500104904175,0.319785475730896,323480000,0.0,0.0
2013-05-03,0.3474999964237213,0.3492499887943268,0.34549999237060547,0.3467499911785126,0.3211747407913208,293864000,0.0,0.0
2013-05-06,0.3467499911785126,0.3487499952316284,0.34375,0.34575000405311584,0.3202485144138336,217116000,0.0,0.0
2013-05-07,0.34575000405311584,0.3465000092983246,0.33799999952316284,0.3412500023841858,0.3160804510116577,448068000,0.0,0.0
2013-05-08,0.34174999594688416,0.34950000047683716,0.34049999713897705,0.3474999964237213,0.32186949253082275,334032000,0.0,0.0
2013-05-09,0.3412500023841858,0.3492499887943268,0.3407500088214874,0.3477500081062317,0.322100967168808,566800000,0.0,0.0
2013-05-10,0.35499998927116394,0.36500000953674316,0.35499998927116394,0.3634999990463257,0.33668938279151917,861136000,0.0,0.0
2013-05-13,0.3610000014305115,0.36250001192092896,0.3544999957084656,0.35600000619888306,0.3297426998615265,289812000,0.0,0.0
2013-05-14,0.36024999618530273,0.3642500042915344,0.3567500114440918,0.36125001311302185,0.33460527658462524,454140000,0.0,0.0
2013-05-15,0.359499990940094,0.3687500059604645,0.359499990940094,0.3675000071525574,0.34039437770843506,313172000,0.0,0.0
2013-05-16,0.367000013589859,0.3707500100135803,0.3644999861717224,0.3657500147819519,0.3387734889984131,308368000,0.0,0.0
2013-05-17,0.3675000071525574,0.37424999475479126,0.3647499978542328,0.37174999713897705,0.3443308174610138,312116000,0.0,0.0
2013-05-20,0.37024998664855957,0.3725000023841858,0.36899998784065247,0.3709999918937683,0.3436361849308014,236380000,0.0,0.0
2013-05-21,0.3712500035762787,0.37450000643730164,0.367000013589859,0.37299999594688416,0.3472435176372528,357784000,0.001875,0.0
2013-05-22,0.37450000643730164,0.37450000643730164,0.35850000381469727,0.36000001430511475,0.3351411819458008,480404000,0.0,0.0
2013-05-23,0.3557499945163727,0.367000013589859,0.35475000739097595,0.3657500147819519,0.340494304895401,393884000,0.0,0.0
2013-05-24,0.36375001072883606,0.36675000190734863,0.359499990940094,0.3634999990463257,0.3383995592594147,283304000,0.0,0.0
2013-05-28,0.36625000834465027,0.367249995470047,0.35975000262260437,0.3632499873638153,0.33816689252853394,279300000,0.0,0.0
2013-05-29,0.3610000014305115,0.3632499873638153,0.359499990940094,0.3610000014305115,0.33607226610183716,335052000,0.0,0.0
2013-05-30,0.3605000078678131,0.3695000112056732,0.359499990940094,0.3657500147819519,0.340494304895401,284504000,0.0,0.0
2013-05-31,0.36375001072883606,0.36899998784065247,0.3617500066757202,0.3617500066757202,0.3367704749107361,577508000,0.0,0.0
2013-06-03,0.3622500002384186,0.36500000953674316,0.35374999046325684,0.36125001311302185,0.33630499243736267,444468000,0.0,0.0
2013-06-04,0.3634999990463257,0.3700000047683716,0.359499990940094,0.3617500066757202,0.3367704749107361,363676000,0.0,0.0
2013-06-05,0.36125001311302185,0.36399999260902405,0.3529999852180481,0.3540000021457672,0.32955560088157654,464520000,0.0,0.0
2013-06-06,0.3540000021457672,0.35899999737739563,0.35374999046325684,0.35624998807907104,0.3316502869129181,341044000,0.0,0.0
2013-06-07,0.35874998569488525,0.3634999990463257,0.35725000500679016,0.36125001311302185,0.33630499243736267,274584000,0.0,0.0
2013-06-10,0.36024999618530273,0.3632499873638153,0.3582499921321869,0.3610000014305115,0.33607226610183716,224148000,0.0,0.0
2013-06-11,0.35624998807907104,0.36125001311302185,0.3542500138282776,0.3542500138282776,0.32978832721710205,296336000,0.0,0.0
2013-06-12,0.35600000619888306,0.35899999737739563,0.3492499887943268,0.3512499928474426,0.3269955515861511,312588000,0.0,0.0
2013-06-13,0.3499999940395355,0.3610000014305115,0.34975001215934753,0.359250009059906,0.3344430923461914,236256000,0.0,0.0
2013-06-14,0.3605000078678131,0.3610000014305115,0.35624998807907104,0.35874998569488525,0.33397769927978516,236012000,0.0,0.0
2013-06-17,0.36149999499320984,0.36550000309944153,0.359499990940094,0.3622500002384186,0.3372359871864319,255336000,0.0,0.0
2013-06-18,0.36399999260902405,0.36800000071525574,0.3569999933242798,0.36000001430511475,0.3351411819458008,486772000,0.0,0.0
2013-06-19,0.3632499873638153,0.3869999945163727,0.3619999885559082,0.3709999918937683,0.3453817665576935,1159588000,0.0,0.0
2013-06-20,0.36800000071525574,0.3684999942779541,0.35850000381469727,0.3610000014305115,0.33607226610183716,628696000,0.0,0.0
2013-06-21,0.3630000054836273,0.3642500042915344,0.3544999957084656,0.3605000078678131,0.33560678362846375,714228000,0.0,0.0
2013-06-24,0.3552500009536743,0.35975000262260437,0.3477500081062317,0.3529999852180481,0.3286246061325073,580772000,0.0,0.0
2013-06-25,0.3567500114440918,0.35749998688697815,0.351749986410141,0.3555000126361847,0.33095207810401917,457360000,0.0,0.0
2013-06-26,0.359499990940094,0.36000001430511475,0.35199999809265137,0.35350000858306885,0.3290901184082031,579752000,0.0,0.0
2013-06-27,0.3544999957084656,0.35499998927116394,0.3465000092983246,0.3502500057220459,0.3260646164417267,808036000,0.0,0.0
2013-06-28,0.3502500057220459,0.3544999957084656,0.34575000405311584,0.35100001096725464,0.3267628252506256,431536000,0.0,0.0
2013-07-01,0.35350000858306885,0.3542500138282776,0.3502500057220459,0.35249999165534973,0.3281591236591339,199524000,0.0,0.0
2013-07-02,0.3504999876022339,0.35749998688697815,0.3490000069141388,0.35225000977516174,0.3279264271259308,256392000,0.0,0.0
2013-07-03,0.3492499887943268,0.35749998688697815,0.3492499887943268,0.35324999690055847,0.328857421875,140388000,0.0,0.0
2013-07-05,0.3542500138282776,0.3567500114440918,0.35199999809265137,0.35600000619888306,0.33141759037971497,184684000,0.0,0.0
2013-07-08,0.3569999933242798,0.35874998569488525,0.35225000977516174,0.3542500138282776,0.32978832721710205,262084000,0.0,0.0
2013-07-09,0.35499998927116394,0.3582499921321869,0.3540000021457672,0.35600000619888306,0.33141759037971497,157364000,0.0,0.0
2013-07-10,0.35600000619888306,0.3617500066757202,0.35499998927116394,0.3607499897480011,0.33583956956863403,208468000,0.0,0.0
2013-07-11,0.36274999380111694,0.36625000834465027,0.3619999885559082,0.3657500147819519,0.340494304895401,239832000,0.0,0.0
2013-07-12,0.36500000953674316,0.3695000112056732,0.36375001072883606,0.3659999966621399,0.34072697162628174,216360000,0.0,0.0
2013-07-15,0.36675000190734863,0.36675000190734863,0.359499990940094,0.36524999141693115,0.34002870321273804,201332000,0.0,0.0
2013-07-16,0.36675000190734863,0.36924999952316284,0.36500000953674316,0.367249995470047,0.3418906331062317,162560000,0.0,0.0
2013-07-17,0.367249995470047,0.3684999942779541,0.3642500042915344,0.36524999141693115,0.34002870321273804,166100000,0.0,0.0
2013-07-18,0.3647499978542328,0.3659999966621399,0.35899999737739563,0.36375001072883606,0.33863240480422974,344488000,0.0,0.0
2013-07-19,0.36149999499320984,0.3632499873638153,0.35225000977516174,0.35600000619888306,0.33141759037971497,480532000,0.0,0.0
2013-07-22,0.35874998569488525,0.3619999885559082,0.3542500138282776,0.3557499945163727,0.3311848044395447,292384000,0.0,0.0
2013-07-23,0.36024999618530273,0.36024999618530273,0.35350000858306885,0.3552500009536743,0.3307192623615265,246792000,0.0,0.0
2013-07-24,0.35850000381469727,0.359499990940094,0.35475000739097595,0.3552500009536743,0.3307192623615265,284252000,0.0,0.0
2013-07-25,0.35499998927116394,0.36125001311302185,0.35249999165534973,0.3564999997615814,0.33188295364379883,243320000,0.0,0.0
2013-07-26,0.35225000977516174,0.35725000500679016,0.35225000977516174,0.35499998927116394,0.330486536026001,227360000,0.0,0.0
2013-07-29,0.3542500138282776,0.35874998569488525,0.35324999690055847,0.3542500138282776,0.32978832721710205,179540000,0.0,0.0
2013-07-30,0.3555000126361847,0.36500000953674316,0.3552500009536743,0.36024999618530273,0.33537405729293823,266076000,0.0,0.0
2013-07-31,0.35850000381469727,0.3644999861717224,0.3582499921321869,0.3610000014305115,0.33607226610183716,270160000,0.0,0.0
2013-08-01,0.3622500002384186,0.36675000190734863,0.3580000102519989,0.3659999966621399,0.34072697162628174,277648000,0.0,0.0
2013-08-02,0.36524999141693115,0.3697499930858612,0.36274999380111694,0.36899998784065247,0.34351983666419983,209628000,0.0,0.0
2013-08-05,0.36800000071525574,0.3720000088214874,0.3659999966621399,0.3707500100135803,0.34514907002449036,185188000,0.0,0.0
2013-08-06,0.3709999918937683,0.37174999713897705,0.3644999861717224,0.36524999141693115,0.34002870321273804,206608000,0.0,0.0
2013-08-07,0.3632499873638153,0.3687500059604645,0.3630000054836273,0.36500000953674316,0.3397960960865021,244380000,0.0,0.0
2013-08-08,0.367000013589859,0.36924999952316284,0.36274999380111694,0.3675000071525574,0.342123419046402,345696000,0.0,0.0
2013-08-09,0.3529999852180481,0.36774998903274536,0.3527500033378601,0.3622500002384186,0.3372359871864319,906224000,0.0,0.0
2013-08-12,0.3474999964237213,0.3644999861717224,0.32774999737739563,0.359250009059906,0.3344430923461914,257568000,0.0,0.0
2013-08-13,0.35975000262260437,0.3619999885559082,0.35749998688697815,0.3605000078678131,0.33560678362846375,197468000,0.0,0.0
2013-08-14,0.35975000262260437,0.3779999911785126,0.359499990940094,0.37575000524520874,0.34980371594429016,828508000,0.0,0.0
2013-08-15,0.37174999713897705,0.3812499940395355,0.37024998664855957,0.37825000286102295,0.35213106870651245,723616000,0.0,0.0
2013-08-16,0.3774999976158142,0.38499999046325684,0.37674999237060547,0.37975001335144043,0.3535275459289551,660456000,0.0,0.0
2013-08-19,0.3774999976158142,0.3787499964237213,0.3734999895095825,0.3737500011920929,0.34794172644615173,393432000,0.0,0.0
2013-08-20,0.37174999713897705,0.3762499988079071,0.3712500035762787,0.3737500011920929,0.3496960699558258,234192000,0.001875,0.0
2013-08-21,0.3714999854564667,0.3762499988079071,0.37049999833106995,0.3720000088214874,0.3480587601661682,261540000,0.0,0.0
2013-08-22,0.37174999713897705,0.3774999976158142,0.37174999713897705,0.37400001287460327,0.3499301075935364,129016000,0.0,0.0
2013-08-23,0.37450000643730164,0.3774999976158142,0.37325000762939453,0.37400001287460327,0.3499301075935364,245120000,0.0,0.0
2013-08-26,0.37424999475479126,0.37575000524520874,0.37325000762939453,0.3747499883174896,0.3506317734718323,300152000,0.0,0.0
2013-08-27,0.3712500035762787,0.3737500011920929,0.3687500059604645,0.3700000047683716,0.3461875915527344,277464000,0.0,0.0
2013-08-28,0.3707500100135803,0.3734999895095825,0.3684999942779541,0.3700000047683716,0.3461875915527344,318824000,0.0,0.0
2013-08-29,0.3687500059604645,0.37275001406669617,0.36774998903274536,0.36924999952316284,0.34548577666282654,276216000,0.0,0.0
2013-08-30,0.3695000112056732,0.37049999833106995,0.367000013589859,0.3687500059604645,0.3450179994106293,378120000,0.0,0.0
2013-09-03,0.3697499930858612,0.37424999475479126,0.36675000190734863,0.36899998784065247,0.3452518880367279,284680000,0.0,0.0
2013-09-04,0.36899998784065247,0.3747499883174896,0.3684999942779541,0.3725000023841858,0.34852656722068787,222080000,0.0,0.0
2013-09-05,0.3709999918937683,0.375,0.3707500100135803,0.3734999895095825,0.3494621813297272,174904000,0.0,0.0
2013-09-06,0.3737500011920929,0.37575000524520874,0.36924999952316284,0.3720000088214874,0.3480587601661682,226756000,0.0,0.0
2013-09-09,0.375,0.37825000286102295,0.37400001287460327,0.37825000286102295,0.3539064824581146,246408000,0.0,0.0
2013-09-10,0.38100001215934753,0.3865000009536743,0.3792499899864197,0.38624998927116394,0.36139175295829773,292132000,0.0,0.0
2013-09-11,0.3857499957084656,0.39375001192092896,0.382999986410141,0.39274999499320984,0.3674733638763428,396164000,0.0,0.0
2013-09-12,0.390749990940094,0.39750000834465027,0.390749990940094,0.39250001311302185,0.367239385843277,303808000,0.0,0.0
2013-09-13,0.39375001192092896,0.39675000309944153,0.39100000262260437,0.39500001072883606,0.36957868933677673,159696000,0.0,0.0
2013-09-16,0.398250013589859,0.4009999930858612,0.39375001192092896,0.39524999260902405,0.3698124885559082,231412000,0.0,0.0
2013-09-17,0.39675000309944153,0.3997499942779541,0.39500001072883606,0.39649999141693115,0.37098202109336853,168608000,0.0,0.0
2013-09-18,0.39675000309944153,0.4009999930858612,0.3947499990463257,0.4000000059604645,0.3742567002773285,268168000,0.0,0.0
2013-09-19,0.40174999833106995,0.4025000035762787,0.39649999141693115,0.398250013589859,0.3726193904876709,227572000,0.0,0.0
2013-09-20,0.39925000071525574,0.40174999833106995,0.39399999380111694,0.3947499990463257,0.36934471130371094,356036000,0.0,0.0
2013-09-23,0.3944999873638153,0.39774999022483826,0.38874998688697815,0.39100000262260437,0.3658360540866852,271244000,0.0,0.0
2013-09-24,0.39125001430511475,0.39399999380111694,0.3889999985694885,0.39250001311302185,0.367239385843277,229732000,0.0,0.0
2013-09-25,0.3917500078678131,0.3959999978542328,0.38999998569488525,0.3930000066757202,0.367707222700119,233156000,0.0,0.0
2013-09-26,0.39399999380111694,0.3947499990463257,0.3894999921321869,0.3917500078678131,0.3665376901626587,148816000,0.0,0.0
2013-09-27,0.38874998688697815,0.3919999897480011,0.38725000619888306,0.3894999921321869,0.3644324839115143,151920000,0.0,0.0
2013-09-30,0.3855000138282776,0.3917500078678131,0.38324999809265137,0.3889999985694885,0.36396464705467224,226640000,0.0,0.0
2013-10-01,0.3894999921321869,0.39125001430511475,0.3865000009536743,0.38874998688697815,0.3637307286262512,226976000,0.0,0.0
2013-10-02,0.38475000858306885,0.38999998569488525,0.38475000858306885,0.38850000500679016,0.363496869802475,162036000,0.0,0.0
2013-10-03,0.38874998688697815,0.3922500014305115,0.382750004529953,0.38449999690055847,0.35975441336631775,436768000,0.0,0.0
2013-10-04,0.3840000033378601,0.3930000066757202,0.382999986410141,0.38975000381469727,0.36466658115386963,246228000,0.0,0.0
2013-10-07,0.3882499933242798,0.39250001311302185,0.38624998927116394,0.38975000381469727,0.36466658115386963,169952000,0.0,0.0
2013-10-08,0.38874998688697815,0.3942500054836273,0.38350000977516174,0.3865000009536743,0.361625611782074,290712000,0.0,0.0
2013-10-09,0.3889999985694885,0.3892500102519989,0.3785000145435333,0.3804999887943268,0.35601162910461426,275860000,0.0,0.0
2013-10-10,0.38324999809265137,0.3857499957084656,0.3804999887943268,0.38475000858306885,0.3599883019924164,223484000,0.0,0.0
2013-10-11,0.3787499964237213,0.38350000977516174,0.3774999976158142,0.3815000057220459,0.3569473922252655,213704000,0.0,0.0
2013-10-14,0.3804999887943268,0.38725000619888306,0.3804999887943268,0.38725000619888306,0.3623274564743042,166628000,0.0,0.0
2013-10-15,0.38725000619888306,0.3894999921321869,0.38499999046325684,0.3852500021457672,0.36045604944229126,208820000,0.0,0.0
2013-10-16,0.38749998807907104,0.39149999618530273,0.3869999945163727,0.38999998569488525,0.3649003505706787,210072000,0.0,0.0
2013-10-17,0.3869999945163727,0.3917500078678131,0.3869999945163727,0.390749990940094,0.36560219526290894,213324000,0.0,0.0
2013-10-18,0.38999998569488525,0.39649999141693115,0.38850000500679016,0.39524999260902405,0.3698124885559082,255068000,0.0,0.0
2013-10-21,0.4000000059604645,0.40024998784065247,0.39500001072883606,0.39625000953674316,0.3707481622695923,195008000,0.0,0.0
2013-10-22,0.39625000953674316,0.39649999141693115,0.390749990940094,0.3942500054836273,0.36887678503990173,179452000,0.0,0.0
2013-10-23,0.3935000002384186,0.3935000002384186,0.38624998927116394,0.38749998807907104,0.3625612258911133,252216000,0.0,0.0
2013-10-24,0.38850000500679016,0.39100000262260437,0.3840000033378601,0.38475000858306885,0.3599883019924164,236436000,0.0,0.0
2013-10-25,0.3867500126361847,0.3869999945163727,0.37975001335144043,0.38100001215934753,0.3564794957637787,330492000,0.0,0.0
2013-10-28,0.3804999887943268,0.38225001096725464,0.375,0.3802500069141388,0.35577791929244995,394024000,0.0,0.0
2013-10-29,0.37975001335144043,0.3815000057220459,0.3762499988079071,0.38075000047683716,0.35624563694000244,387952000,0.0,0.0
2013-10-30,0.38199999928474426,0.38374999165534973,0.37724998593330383,0.3804999887943268,0.35601162910461426,204032000,0.0,0.0
2013-10-31,0.38100001215934753,0.38374999165534973,0.3790000081062317,0.37975001335144043,0.3553100526332855,293368000,0.0,0.0
2013-11-01,0.3817499876022339,0.38324999809265137,0.3787499964237213,0.3815000057220459,0.3569473922252655,206136000,0.0,0.0
2013-11-04,0.382750004529953,0.382750004529953,0.3697499930858612,0.37049999833106995,0.34665539860725403,410264000,0.0,0.0
2013-11-05,0.3682500123977661,0.37174999713897705,0.3642500042915344,0.3700000047683716,0.3461875915527344,422368000,0.0,0.0
2013-11-06,0.3700000047683716,0.37275001406669617,0.36625000834465027,0.3725000023841858,0.34852656722068787,198044000,0.0,0.0
2013-11-07,0.3712500035762787,0.3722499907016754,0.3630000054836273,0.36375001072883606,0.3403397500514984,553076000,0.0,0.0
2013-11-08,0.375,0.39024999737739563,0.3734999895095825,0.3889999985694885,0.36396464705467224,734532000,0.0,0.0
2013-11-11,0.38749998807907104,0.3932499885559082,0.3867500126361847,0.3922500014305115,0.36700546741485596,297624000,0.0,0.0
2013-11-12,0.39399999380111694,0.39625000953674316,0.38850000500679016,0.3930000066757202,0.367707222700119,316032000,0.0,0.0
2013-11-13,0.3919999897480011,0.4037500023841858,0.39125001430511475,0.4037500023841858,0.37776538729667664,332792000,0.0,0.0
2013-11-14,0.4025000035762787,0.40799999237060547,0.4022499918937683,0.40549999475479126,0.37940284609794617,307980000,0.0,0.0
2013-11-15,0.40700000524520874,0.4074999988079071,0.40024998784065247,0.40424999594688416,0.3782333433628082,450332000,0.0,0.0
2013-11-18,0.3955000042915344,0.39899998903274536,0.3935000002384186,0.3944999873638153,0.3691107928752899,316948000,0.0,0.0
2013-11-19,0.390500009059906,0.39399999380111694,0.3855000138282776,0.38600000739097595,0.36311373114585876,206716000,0.002125,0.0
2013-11-20,0.38624998927116394,0.38725000619888306,0.37950000166893005,0.3802500069141388,0.35770469903945923,204776000,0.0,0.0
2013-11-21,0.38075000047683716,0.3840000033378601,0.3790000081062317,0.38324999809265137,0.36052677035331726,213568000,0.0,0.0
2013-11-22,0.38374999165534973,0.38374999165534973,0.3787499964237213,0.37950000166893005,0.356999009847641,158668000,0.0,0.0
2013-11-25,0.37950000166893005,0.3882499933242798,0.37950000166893005,0.3877499997615814,0.36476001143455505,248208000,0.0,0.0
2013-11-26,0.3919999897480011,0.39524999260902405,0.3894999921321869,0.39100000262260437,0.36781731247901917,753176000,0.0,0.0
2013-11-27,0.390749990940094,0.39375001192092896,0.3882499933242798,0.39250001311302185,0.3692282438278198,181272000,0.0,0.0
2013-11-29,0.39250001311302185,0.3935000002384186,0.38749998807907104,0.38999998569488525,0.3668765723705292,116964000,0.0,0.0
2013-12-02,0.38850000500679016,0.39649999141693115,0.3877499997615814,0.39375001192092896,0.3704042136669159,373872000,0.0,0.0
2013-12-03,0.39375001192092896,0.39899998903274536,0.39100000262260437,0.3935000002384186,0.37016910314559937,290560000,0.0,0.0
2013-12-04,0.39250001311302185,0.3997499942779541,0.39149999618530273,0.39899998903274536,0.37534305453300476,493176000,0.0,0.0
2013-12-05,0.3997499942779541,0.3997499942779541,0.3919999897480011,0.39250001311302185,0.3692282438278198,271812000,0.0,0.0
2013-12-06,0.3972499966621399,0.3972499966621399,0.3857499957084656,0.3867500126361847,0.3638191819190979,281000000,0.0,0.0
2013-12-09,0.3867500126361847,0.3880000114440918,0.37950000166893005,0.3802500069141388,0.35770469903945923,385220000,0.0,0.0
2013-12-10,0.3802500069141388,0.390749990940094,0.37975001335144043,0.3889999985694885,0.3659358620643616,524268000,0.0,0.0
2013-12-11,0.38975000381469727,0.39024999737739563,0.38449999690055847,0.3852500021457672,0.362408310174942,414156000,0.0,0.0
2013-12-12,0.3840000033378601,0.38600000739097595,0.37700000405311584,0.3777500092983246,0.3553527891635895,258724000,0.0,0.0
2013-12-13,0.3785000145435333,0.3812499940395355,0.375,0.37549999356269836,0.35323628783226013,184588000,0.0,0.0
2013-12-16,0.37575000524520874,0.3792499899864197,0.37549999356269836,0.37599998712539673,0.3537067770957947,237620000,0.0,0.0
2013-12-17,0.37575000524520874,0.3787499964237213,0.3725000023841858,0.3777500092983246,0.3553527891635895,274104000,0.0,0.0
2013-12-18,0.3785000145435333,0.38374999165534973,0.3737500011920929,0.382999986410141,0.3602915108203888,426232000,0.0,0.0
2013-12-19,0.3824999928474426,0.38499999046325684,0.3799999952316284,0.38449999690055847,0.36170271039009094,258544000,0.0,0.0
2013-12-20,0.3852500021457672,0.39250001311302185,0.3842499852180481,0.3922500014305115,0.3689931035041809,382080000,0.0,0.0
2013-12-23,0.3944999873638153,0.39774999022483826,0.39125001430511475,0.3944999873638153,0.3711097836494446,168568000,0.0,0.0
2013-12-24,0.39675000309944153,0.39675000309944153,0.39149999618530273,0.3955000042915344,0.37205055356025696,79600000,0.0,0.0
2013-12-26,0.3970000147819519,0.398250013589859,0.390749990940094,0.3917500078678131,0.3685227930545807,168920000,0.0,0.0
2013-12-27,0.39375001192092896,0.3947499990463257,0.39149999618530273,0.39399999380111694,0.37063947319984436,210976000,0.0,0.0
2013-12-30,0.3942500054836273,0.3995000123977661,0.39375001192092896,0.39925000071525574,0.3755781352519989,248180000,0.0,0.0
2013-12-31,0.4000000059604645,0.4025000035762787,0.39750000834465027,0.40049999952316284,0.3767540454864502,235776000,0.0,0.0
2014-01-02,0.39800000190734863,0.3995000123977661,0.3930000066757202,0.39649999141693115,0.3729912340641022,260092000,0.0,0.0
2014-01-03,0.3972499966621399,0.39800000190734863,0.390500009059906,0.3917500078678131,0.3685227930545807,259332000,0.0,0.0
2014-01-06,0.3957499861717224,0.4000000059604645,0.3919999897480011,0.3970000147819519,0.3734615445137024,409492000,0.0,0.0
2014-01-07,0.4009999930858612,0.4050000011920929,0.398250013589859,0.4034999907016754,0.37957605719566345,333288000,0.0,0.0
2014-01-08,0.4050000011920929,0.41100001335144043,0.4034999907016754,0.4090000092983246,0.384750097990036,308192000,0.0,0.0
2014-01-09,0.4027499854564667,0.4034999907016754,0.39250001311302185,0.39375001192092896,0.3704042136669159,292172000,0.0,0.0
2014-01-10,0.39500001072883606,0.39774999022483826,0.38975000381469727,0.3932499885559082,0.36993396282196045,218492000,0.0,0.0
2014-01-13,0.3932499885559082,0.3957499861717224,0.38324999809265137,0.3840000033378601,0.36123228073120117,243332000,0.0,0.0
2014-01-14,0.38600000739097595,0.39675000309944153,0.3842499852180481,0.3959999978542328,0.3725208044052124,241828000,0.0,0.0
2014-01-15,0.39774999022483826,0.40174999833106995,0.3959999978542328,0.40024998784065247,0.3765188753604889,175044000,0.0,0.0
2014-01-16,0.40024998784065247,0.4022499918937683,0.398499995470047,0.40149998664855957,0.37769463658332825,220652000,0.0,0.0
2014-01-17,0.40149998664855957,0.40625,0.3972499966621399,0.3997499942779541,0.37604856491088867,340400000,0.0,0.0
2014-01-21,0.40024998784065247,0.4037500023841858,0.3970000147819519,0.4012500047683716,0.37745949625968933,246076000,0.0,0.0
2014-01-22,0.4020000100135803,0.4025000035762787,0.3959999978542328,0.4007500112056732,0.3769891858100891,337940000,0.0,0.0
2014-01-23,0.3995000123977661,0.4037500023841858,0.39625000953674316,0.39925000071525574,0.3755781352519989,185028000,0.0,0.0
2014-01-24,0.3959999978542328,0.39750000834465027,0.3889999985694885,0.3889999985694885,0.3659358620643616,246696000,0.0,0.0
2014-01-27,0.3889999985694885,0.3944999873638153,0.3842499852180481,0.3865000009536743,0.36358410120010376,233812000,0.0,0.0
2014-01-28,0.3857499957084656,0.390500009059906,0.3842499852180481,0.39024999737739563,0.36711177229881287,167996000,0.0,0.0
2014-01-29,0.38874998688697815,0.39100000262260437,0.38624998927116394,0.3865000009536743,0.36358410120010376,162944000,0.0,0.0
2014-01-30,0.38874998688697815,0.39375001192092896,0.38749998807907104,0.3930000066757202,0.3696986138820648,202896000,0.0,0.0
2014-01-31,0.38749998807907104,0.3947499990463257,0.38725000619888306,0.39250001311302185,0.3692282438278198,335348000,0.0,0.0
2014-02-03,0.39524999260902405,0.3957499861717224,0.3857499957084656,0.38725000619888306,0.36428964138031006,431728000,0.0,0.0
2014-02-04,0.3869999945163727,0.39024999737739563,0.38499999046325684,0.3894999921321869,0.3664061725139618,280692000,0.0,0.0
2014-02-05,0.3867500126361847,0.3880000114440918,0.382999986410141,0.38600000739097595,0.36311373114585876,214676000,0.0,0.0
2014-02-06,0.3865000009536743,0.3919999897480011,0.38600000739097595,0.39100000262260437,0.36781731247901917,168380000,0.0,0.0
2014-02-07,0.3919999897480011,0.3972499966621399,0.38850000500679016,0.39675000309944153,0.3732263445854187,157248000,0.0,0.0
2014-02-10,0.39625000953674316,0.4032500088214874,0.3959999978542328,0.39800000190734863,0.3744022846221924,324372000,0.0,0.0
2014-02-11,0.40024998784065247,0.40724998712539673,0.398250013589859,0.40625,0.3821631073951721,235384000,0.0,0.0
2014-02-12,0.4074999988079071,0.42375001311302185,0.4074999988079071,0.4207499921321869,0.3958033323287964,744528000,0.0,0.0
2014-02-13,0.4312500059604645,0.43650001287460327,0.42375001311302185,0.4339999854564667,0.4082677662372589,902836000,0.0,0.0
2014-02-14,0.4300000071525574,0.44874998927116394,0.429749995470047,0.4477500021457672,0.42120254039764404,817536000,0.0,0.0
2014-02-18,0.4480000138282776,0.4494999945163727,0.4437499940395355,0.44749999046325684,0.42096737027168274,428988000,0.0,0.0
2014-02-19,0.44749999046325684,0.45750001072883606,0.445499986410141,0.45350000262260437,0.4266115128993988,450340000,0.0,0.0
2014-02-20,0.4544999897480011,0.47049999237060547,0.45375001430511475,0.46950000524520874,0.44166284799575806,398088000,0.0,0.0
2014-02-21,0.46875,0.47475001215934753,0.46299999952316284,0.4659999907016754,0.4383704662322998,451052000,0.0,0.0
2014-02-24,0.4650000035762787,0.4762499928474426,0.460750013589859,0.4727500081062317,0.4447202682495117,403112000,0.0,0.0
2014-02-25,0.4699999988079071,0.47200000286102295,0.4634999930858612,0.4684999883174896,0.44271212816238403,242184000,0.002125,0.0
2014-02-26,0.4675000011920929,0.47450000047683716,0.4662500023841858,0.46775001287460327,0.44200336933135986,360884000,0.0,0.0
2014-02-27,0.46775001287460327,0.4724999964237213,0.4612500071525574,0.4625000059604645,0.4370424747467041,388848000,0.0,0.0
2014-02-28,0.46000000834465027,0.4645000100135803,0.45274999737739563,0.4595000147819519,0.43420761823654175,321692000,0.0,0.0
2014-03-03,0.4492500126361847,0.4572499990463257,0.445250004529953,0.4572499990463257,0.432081401348114,375948000,0.0,0.0
2014-03-04,0.4595000147819519,0.4650000035762787,0.45875000953674316,0.4620000123977661,0.43657001852989197,260344000,0.0,0.0
2014-03-05,0.46149998903274536,0.4662500023841858,0.4595000147819519,0.4659999907016754,0.4403497278690338,241472000,0.0,0.0
2014-03-06,0.46674999594688416,0.46924999356269836,0.45875000953674316,0.4595000147819519,0.43420761823654175,290144000,0.0,0.0
2014-03-07,0.46149998903274536,0.4622499942779541,0.4555000066757202,0.45899999141693115,0.4337351322174072,268452000,0.0,0.0
2014-03-10,0.45750001072883606,0.4595000147819519,0.4502499997615814,0.45225000381469727,0.4273567497730255,300888000,0.0,0.0
2014-03-11,0.4544999897480011,0.460750013589859,0.453000009059906,0.4567500054836273,0.4316089153289795,297220000,0.0,0.0
2014-03-12,0.4544999897480011,0.460750013589859,0.45274999737739563,0.4580000042915344,0.4327901601791382,239428000,0.0,0.0
2014-03-13,0.45899999141693115,0.460750013589859,0.4412499964237213,0.44350001215934753,0.4190882742404938,385172000,0.0,0.0
2014-03-14,0.4390000104904175,0.4494999945163727,0.4390000104904175,0.445499986410141,0.4209781885147095,460048000,0.0,0.0
2014-03-17,0.4467499852180481,0.44999998807907104,0.4449999928474426,0.445499986410141,0.4209781885147095,299656000,0.0,0.0
2014-03-18,0.44725000858306885,0.45899999141693115,0.445250004529953,0.4560000002384186,0.4309002459049225,293904000,0.0,0.0
2014-03-19,0.4595000147819519,0.4727500081062317,0.4582499861717224,0.46399998664855957,0.4384598433971405,366168000,0.0,0.0
2014-03-20,0.46149998903274536,0.46825000643730164,0.4595000147819519,0.46424999833106995,0.43869614601135254,191800000,0.0,0.0
2014-03-21,0.46825000643730164,0.47200000286102295,0.460999995470047,0.4634999930858612,0.43798738718032837,566116000,0.0,0.0
2014-03-24,0.4637500047683716,0.4675000011920929,0.4544999897480011,0.4612500071525574,0.43586117029190063,306096000,0.0,0.0
2014-03-25,0.4662500023841858,0.46674999594688416,0.45774999260902405,0.4612500071525574,0.43586117029190063,304424000,0.0,0.0
2014-03-26,0.46549999713897705,0.4742499887943268,0.4467499852180481,0.4507499933242798,0.4259391725063324,557756000,0.0,0.0
2014-03-27,0.44975000619888306,0.45350000262260437,0.43974998593330383,0.44475001096725464,0.4202694594860077,540728000,0.0,0.0
2014-03-28,0.4440000057220459,0.4502499997615814,0.4427500069141388,0.44749999046325684,0.42286816239356995,398820000,0.0,0.0
2014-03-31,0.4482499957084656,0.45225000381469727,0.445250004529953,0.4477500021457672,0.42310434579849243,273404000,0.0,0.0
2014-04-01,0.4620000123977661,0.4717499911785126,0.45649999380111694,0.4662500023841858,0.440586119890213,656272000,0.0,0.0
2014-04-02,0.4662500023841858,0.4672499895095825,0.4612500071525574,0.4632500112056732,0.4377512037754059,239948000,0.0,0.0
2014-04-03,0.46424999833106995,0.4794999957084656,0.46399998664855957,0.46825000643730164,0.4424760341644287,599548000,0.0,0.0
2014-04-04,0.47075000405311584,0.47350001335144043,0.4517500102519989,0.45375001430511475,0.4287741482257843,368032000,0.0,0.0
2014-04-07,0.45399999618530273,0.46399998664855957,0.4514999985694885,0.45524999499320984,0.4301915168762207,428576000,0.0,0.0
2014-04-08,0.45524999499320984,0.4727500081062317,0.4544999897480011,0.4715000092983246,0.44554707407951355,470692000,0.0,0.0
2014-04-09,0.4737499952316284,0.4777500033378601,0.4672499895095825,0.47099998593330383,0.4450746178627014,421968000,0.0,0.0
2014-04-10,0.4690000116825104,0.4754999876022339,0.4580000042915344,0.4595000147819519,0.43420761823654175,372748000,0.0,0.0
2014-04-11,0.4560000002384186,0.46299999952316284,0.44699999690055847,0.453000009059906,0.42806535959243774,353112000,0.0,0.0
2014-04-14,0.4560000002384186,0.4597499966621399,0.453000009059906,0.4580000042915344,0.4327901601791382,290184000,0.0,0.0
2014-04-15,0.4584999978542328,0.4637500047683716,0.45399999618530273,0.4612500071525574,0.43586117029190063,304636000,0.0,0.0
2014-04-16,0.4634999930858612,0.46399998664855957,0.45649999380111694,0.4622499942779541,0.4368063509464264,235136000,0.0,0.0
2014-04-17,0.46050000190734863,0.46825000643730164,0.4595000147819519,0.46399998664855957,0.4384598433971405,153532000,0.0,0.0
2014-04-21,0.46424999833106995,0.4690000116825104,0.4612500071525574,0.46775001287460327,0.44200336933135986,117004000,0.0,0.0
2014-04-22,0.4684999883174896,0.47475001215934753,0.4659999907016754,0.4717499911785126,0.4457832872867584,255120000,0.0,0.0
2014-04-23,0.4724999964237213,0.47850000858306885,0.4717499911785126,0.47725000977516174,0.450980544090271,261580000,0.0,0.0
2014-04-24,0.4805000126361847,0.48649999499320984,0.4805000126361847,0.4814999997615814,0.45499661564826965,391492000,0.0,0.0
2014-04-25,0.4805000126361847,0.48500001430511475,0.4672499895095825,0.46825000643730164,0.4424760341644287,313600000,0.0,0.0
2014-04-28,0.47200000286102295,0.47450000047683716,0.46050000190734863,0.4662500023841858,0.440586119890213,226788000,0.0,0.0
2014-04-29,0.46799999475479126,0.4690000116825104,0.4620000123977661,0.4672499895095825,0.4415310323238373,171300000,0.0,0.0
2014-04-30,0.46650001406669617,0.46700000762939453,0.460750013589859,0.46175000071525574,0.43633362650871277,305740000,0.0,0.0
2014-05-01,0.46875,0.46974998712539673,0.46050000190734863,0.46424999833106995,0.43869614601135254,198104000,0.0,0.0
2014-05-02,0.46650001406669617,0.46650001406669617,0.4580000042915344,0.460750013589859,0.43538886308670044,156376000,0.0,0.0
2014-05-05,0.46024999022483826,0.46924999356269836,0.4597499966621399,0.4657500088214874,0.4401135742664337,239260000,0.0,0.0
2014-05-06,0.4702500104904175,0.4742499887943268,0.45500001311302185,0.45625001192092896,0.4311365485191345,416188000,0.0,0.0
2014-05-07,0.45625001192092896,0.46050000190734863,0.4517500102519989,0.4567500054836273,0.4316089153289795,293900000,0.0,0.0
2014-05-08,0.45500001311302185,0.46974998712539673,0.45274999737739563,0.4625000059604645,0.4370424747467041,432728000,0.0,0.0
2014-05-09,0.44850000739097595,0.45274999737739563,0.4427500069141388,0.45124998688697815,0.4264117181301117,539532000,0.0,0.0
2014-05-12,0.45225000381469727,0.46549999713897705,0.4519999921321869,0.4645000100135803,0.43893247842788696,299856000,0.0,0.0
2014-05-13,0.4582499861717224,0.4657500088214874,0.4555000066757202,0.4569999873638153,0.43184515833854675,221104000,0.0,0.0
2014-05-14,0.4572499990463257,0.45899999141693115,0.45225000381469727,0.45249998569488525,0.42759284377098083,214320000,0.0,0.0
2014-05-15,0.4514999985694885,0.45399999618530273,0.445499986410141,0.44999998807907104,0.4252304136753082,325896000,0.0,0.0
2014-05-16,0.4465000033378601,0.45225000381469727,0.4465000033378601,0.4490000009536743,0.4242856204509735,283960000,0.0,0.0
2014-05-19,0.45375001430511475,0.4659999907016754,0.4517500102519989,0.4634999930858612,0.43798738718032837,360076000,0.0,0.0
2014-05-20,0.46149998903274536,0.46274998784065247,0.45375001430511475,0.4560000002384186,0.4328850209712982,256200000,0.002125,0.0
2014-05-21,0.45774999260902405,0.46175000071525574,0.453249990940094,0.4560000002384186,0.4328850209712982,216712000,0.0,0.0
2014-05-22,0.45500001311302185,0.46050000190734863,0.45500001311302185,0.4580000042915344,0.4347834885120392,130364000,0.0,0.0
2014-05-23,0.46050000190734863,0.4645000100135803,0.45774999260902405,0.4622499942779541,0.438818097114563,182656000,0.0,0.0
2014-05-27,0.4650000035762787,0.47049999237060547,0.4634999930858612,0.47049999237060547,0.4466499090194702,209680000,0.0,0.0
2014-05-28,0.4722500145435333,0.47749999165534973,0.46775001287460327,0.47450000047683716,0.4504469633102417,224676000,0.0,0.0
2014-05-29,0.4742499887943268,0.47824999690055847,0.4727500081062317,0.4737499952316284,0.4497351348400116,171884000,0.0,0.0
2014-05-30,0.4737499952316284,0.4762499928474426,0.4712499976158142,0.4749999940395355,0.45092180371284485,239128000,0.0,0.0
2014-06-02,0.476500004529953,0.4794999957084656,0.46950000524520874,0.47350001335144043,0.4494977593421936,181500000,0.0,0.0
2014-06-03,0.47450000047683716,0.4749999940395355,0.4652499854564667,0.4715000092983246,0.4475991725921631,243212000,0.0,0.0
2014-06-04,0.4702500104904175,0.4754999876022339,0.4699999988079071,0.47200000286102295,0.44807377457618713,161236000,0.0,0.0
2014-06-05,0.4727500081062317,0.4754999876022339,0.4699999988079071,0.4740000069141388,0.4499724209308624,188696000,0.0,0.0
2014-06-06,0.4762499928474426,0.47999998927116394,0.47450000047683716,0.47574999928474426,0.4516337811946869,161052000,0.0,0.0
2014-06-09,0.4752500057220459,0.4807499945163727,0.47200000286102295,0.4762499928474426,0.45210838317871094,247456000,0.0,0.0
2014-06-10,0.47450000047683716,0.48100000619888306,0.4724999964237213,0.47874999046325684,0.45448169112205505,217608000,0.0,0.0
2014-06-11,0.47699999809265137,0.48625001311302185,0.47699999809265137,0.48500001430511475,0.460414856672287,266228000,0.0,0.0
2014-06-12,0.48500001430511475,0.49024999141693115,0.4807499945163727,0.4880000054836273,0.4632628560066223,337148000,0.0,0.0
2014-06-13,0.49300000071525574,0.4932500123977661,0.48374998569488525,0.4884999990463257,0.4637375473976135,227852000,0.0,0.0
2014-06-16,0.48625001311302185,0.49024999141693115,0.4827499985694885,0.4869999885559082,0.46231353282928467,198620000,0.0,0.0
2014-06-17,0.48750001192092896,0.492249995470047,0.48500001430511475,0.49024999141693115,0.46539872884750366,157608000,0.0,0.0
2014-06-18,0.48899999260902405,0.492000013589859,0.484499990940094,0.4897499978542328,0.46492403745651245,215536000,0.0,0.0
2014-06-19,0.4807499945163727,0.4832499921321869,0.4749999940395355,0.47850000858306885,0.4542444348335266,474592000,0.0,0.0
2014-06-20,0.47975000739097595,0.4814999997615814,0.46950000524520874,0.47325000166893005,0.44926050305366516,353148000,0.0,0.0
2014-06-23,0.46700000762939453,0.46799999475479126,0.46149998903274536,0.46775001287460327,0.4440391957759857,414200000,0.0,0.0
2014-06-24,0.46700000762939453,0.47075000405311584,0.4584999978542328,0.46050000190734863,0.4371567964553833,275780000,0.0,0.0
2014-06-25,0.46175000071525574,0.46549999713897705,0.45750001072883606,0.4652499854564667,0.4416659474372864,215420000,0.0,0.0
2014-06-26,0.4652499854564667,0.46549999713897705,0.45750001072883606,0.45899999141693115,0.4357328414916992,256908000,0.0,0.0
2014-06-27,0.4584999978542328,0.4622499942779541,0.4557499885559082,0.4595000147819519,0.43620750308036804,302820000,0.0,0.0
2014-06-30,0.45774999260902405,0.4647499918937683,0.45774999260902405,0.4634999930858612,0.4400045871734619,180512000,0.0,0.0
2014-07-01,0.46299999952316284,0.4715000092983246,0.46149998903274536,0.46875,0.4449886381626129,321180000,0.0,0.0
2014-07-02,0.46700000762939453,0.4690000116825104,0.46424999833106995,0.46700000762939453,0.4433274269104004,179284000,0.0,0.0
2014-07-03,0.46274998784065247,0.4724999964237213,0.46274998784065247,0.4712499976158142,0.4473617970943451,136892000,0.0,0.0
2014-07-07,0.47200000286102295,0.4722500145435333,0.46674999594688416,0.4675000011920929,0.4438018798828125,127496000,0.0,0.0
2014-07-08,0.4662500023841858,0.46825000643730164,0.45925000309944153,0.4637500047683716,0.44024205207824707,221940000,0.0,0.0
2014-07-09,0.46775001287460327,0.47975000739097595,0.46424999833106995,0.4777500033378601,0.45353227853775024,387668000,0.0,0.0
2014-07-10,0.46875,0.47725000977516174,0.4650000035762787,0.4752500057220459,0.4511590301990509,266308000,0.0,0.0
2014-07-11,0.47574999928474426,0.4777500033378601,0.4740000069141388,0.4762499928474426,0.45210838317871094,191188000,0.0,0.0
2014-07-14,0.47824999690055847,0.48350000381469727,0.476500004529953,0.48225000500679016,0.45780426263809204,272636000,0.0,0.0
2014-07-15,0.4830000102519989,0.4855000078678131,0.47975000739097595,0.484250009059906,0.45970287919044495,395440000,0.0,0.0
2014-07-16,0.48625001311302185,0.49000000953674316,0.48100000619888306,0.48374998569488525,0.4592282474040985,319728000,0.0,0.0
2014-07-17,0.47824999690055847,0.48750001192092896,0.47824999690055847,0.48249998688697815,0.45804157853126526,324832000,0.0,0.0
2014-07-18,0.4724999964237213,0.4762499928474426,0.46024999022483826,0.460999995470047,0.43763139843940735,567816000,0.0,0.0
2014-07-21,0.45925000309944153,0.46700000762939453,0.45925000309944153,0.4637500047683716,0.44024205207824707,243364000,0.0,0.0
2014-07-22,0.4672499895095825,0.46974998712539673,0.460750013589859,0.46175000071525574,0.4383433759212494,298816000,0.0,0.0
2014-07-23,0.4620000123977661,0.4622499942779541,0.4514999985694885,0.4519999921321869,0.42908763885498047,297352000,0.0,0.0
2014-07-24,0.4544999897480011,0.4557499885559082,0.4494999945163727,0.45274999737739563,0.4297996163368225,254576000,0.0,0.0
2014-07-25,0.45124998688697815,0.45225000381469727,0.4440000057220459,0.44475001096725464,0.4222050607204437,266132000,0.0,0.0
2014-07-28,0.4467499852180481,0.4467499852180481,0.43549999594688416,0.4429999887943268,0.42054373025894165,330352000,0.0,0.0
2014-07-29,0.44325000047683716,0.4505000114440918,0.4429999887943268,0.44449999928474426,0.42196786403656006,217972000,0.0,0.0
2014-07-30,0.44725000858306885,0.453249990940094,0.44600000977516174,0.4519999921321869,0.42908763885498047,246184000,0.0,0.0
2014-07-31,0.4465000033378601,0.44999998807907104,0.43674999475479126,0.4375,0.4153226315975189,401880000,0.0,0.0
2014-08-01,0.4375,0.44475001096725464,0.4359999895095825,0.44225001335144043,0.41983193159103394,219884000,0.0,0.0
2014-08-04,0.4417499899864197,0.445499986410141,0.4390000104904175,0.4412499964237213,0.4188825488090515,241724000,0.0,0.0
2014-08-05,0.4399999976158142,0.4480000138282776,0.4362500011920929,0.4415000081062317,0.41911986470222473,298136000,0.0,0.0
2014-08-06,0.43849998712539673,0.4465000033378601,0.43525001406669617,0.4410000145435333,0.41864529252052307,223456000,0.0,0.0
2014-08-07,0.44475001096725464,0.44874998927116394,0.4334999918937683,0.43650001287460327,0.41437339782714844,407696000,0.0,0.0
2014-08-08,0.4555000066757202,0.47749999165534973,0.4555000066757202,0.4749999940395355,0.45092180371284485,894348000,0.0,0.0
2014-08-11,0.4754999876022339,0.47749999165534973,0.4712499976158142,0.4724999964237213,0.44854840636253357,344624000,0.0,0.0
2014-08-12,0.4722500145435333,0.4749999940395355,0.4672499895095825,0.4724999964237213,0.44854840636253357,296152000,0.0,0.0
2014-08-13,0.47325000166893005,0.4792500138282776,0.4702500104904175,0.4752500057220459,0.4511590301990509,256596000,0.0,0.0
2014-08-14,0.47699999809265137,0.47699999809265137,0.46799999475479126,0.4699999988079071,0.44617512822151184,255992000,0.0,0.0
2014-08-15,0.4715000092983246,0.47874999046325684,0.46700000762939453,0.47600001096725464,0.4518711268901825,369796000,0.0,0.0
2014-08-18,0.4779999852180481,0.4830000102519989,0.47325000166893005,0.48249998688697815,0.45804157853126526,284076000,0.0,0.0
2014-08-19,0.4805000126361847,0.4867500066757202,0.47874999046325684,0.484250009059906,0.4617363214492798,248260000,0.002125,0.0
2014-08-20,0.48249998688697815,0.48475000262260437,0.47999998927116394,0.48124998807907104,0.4588758647441864,221468000,0.0,0.0
2014-08-21,0.47999998927116394,0.48249998688697815,0.47600001096725464,0.476749986410141,0.4545849859714508,272796000,0.0,0.0
2014-08-22,0.4762499928474426,0.48100000619888306,0.47325000166893005,0.47699999809265137,0.45482346415519714,251224000,0.0,0.0
2014-08-25,0.4790000021457672,0.48225000500679016,0.476749986410141,0.4777500033378601,0.4555386006832123,153380000,0.0,0.0
2014-08-26,0.4790000021457672,0.4872500002384186,0.47725000977516174,0.48625001311302185,0.4636434018611908,269636000,0.0,0.0
2014-08-27,0.4832499921321869,0.4869999885559082,0.47999998927116394,0.4807499945163727,0.4583991765975952,182972000,0.0,0.0
2014-08-28,0.47975000739097595,0.4857499897480011,0.47824999690055847,0.48475000262260437,0.4622132182121277,179704000,0.0,0.0
2014-08-29,0.48649999499320984,0.4872500002384186,0.48124998807907104,0.48625001311302185,0.4636434018611908,207932000,0.0,0.0
2014-09-02,0.48750001192092896,0.48750001192092896,0.4830000102519989,0.48750001192092896,0.46483543515205383,192636000,0.0,0.0
2014-09-03,0.49000000953674316,0.4937500059604645,0.4867500066757202,0.492000013589859,0.4691261053085327,259456000,0.0,0.0
2014-09-04,0.49125000834465027,0.5037500262260437,0.4909999966621399,0.5007500052452087,0.477469265460968,491832000,0.0,0.0
2014-09-05,0.500249981880188,0.5024999976158142,0.4959999918937683,0.49924999475479126,0.47603893280029297,253792000,0.0,0.0
2014-09-08,0.4987500011920929,0.4997499883174896,0.49274998903274536,0.4947499930858612,0.47174832224845886,319288000,0.0,0.0
2014-09-09,0.4925000071525574,0.4957500100135803,0.4880000054836273,0.4884999990463257,0.46578893065452576,198588000,0.0,0.0
2014-09-10,0.49125000834465027,0.492000013589859,0.4857499897480011,0.49024999141693115,0.4674575626850128,172376000,0.0,0.0
2014-09-11,0.4867500066757202,0.4884999990463257,0.47999998927116394,0.48524999618530273,0.4626898467540741,250720000,0.0,0.0
2014-09-12,0.4882499873638153,0.4882499873638153,0.47749999165534973,0.4779999852180481,0.4557768702507019,262536000,0.0,0.0
2014-09-15,0.4794999957084656,0.4802500009536743,0.46950000524520874,0.4715000092983246,0.4495790898799896,294152000,0.0,0.0
2014-09-16,0.4702500104904175,0.48100000619888306,0.46875,0.47850000858306885,0.4562537968158722,219936000,0.0,0.0
2014-09-17,0.47725000977516174,0.4832499921321869,0.4749999940395355,0.47874999046325684,0.4564920663833618,173584000,0.0,0.0
2014-09-18,0.4817500114440918,0.48649999499320984,0.4802500009536743,0.4860000014305115,0.4634050130844116,219604000,0.0,0.0
2014-09-19,0.48750001192092896,0.4880000054836273,0.4762499928474426,0.47699999809265137,0.45482346415519714,601316000,0.0,0.0
2014-09-22,0.4867500066757202,0.4867500066757202,0.4717499911785126,0.4722500145435333,0.45029428601264954,221464000,0.0,0.0
2014-09-23,0.46974998712539673,0.4754999876022339,0.46799999475479126,0.4702500104904175,0.4483873248100281,196144000,0.0,0.0
2014-09-24,0.4699999988079071,0.47450000047683716,0.46950000524520874,0.4729999899864197,0.45100945234298706,159592000,0.0,0.0
2014-09-25,0.4724999964237213,0.4737499952316284,0.46175000071525574,0.46274998784065247,0.44123607873916626,298440000,0.0,0.0
2014-09-26,0.46424999833106995,0.4672499895095825,0.4622499942779541,0.4637500047683716,0.4421895444393158,241188000,0.0,0.0
2014-09-29,0.46000000834465027,0.4662500023841858,0.4555000066757202,0.46299999952316284,0.44147440791130066,208540000,0.0,0.0
2014-09-30,0.460999995470047,0.4645000100135803,0.4557499885559082,0.4612500071525574,0.43980562686920166,277204000,0.0,0.0
2014-10-01,0.4620000123977661,0.4652499854564667,0.4555000066757202,0.4567500054836273,0.4355149269104004,350976000,0.0,0.0
2014-10-02,0.4560000002384186,0.4582499861717224,0.4442499876022339,0.4547500014305115,0.43360787630081177,288996000,0.0,0.0
2014-10-03,0.45750001072883606,0.4637500047683716,0.4557499885559082,0.4557499885559082,0.43456149101257324,239140000,0.0,0.0
2014-10-06,0.45750001072883606,0.4612500071525574,0.44999998807907104,0.453000009059906,0.43193918466567993,199032000,0.0,0.0
2014-10-07,0.45100000500679016,0.4555000066757202,0.4477500021457672,0.4482499957084656,0.4274101257324219,301896000,0.0,0.0
2014-10-08,0.4477500021457672,0.45875000953674316,0.4442499876022339,0.45649999380111694,0.43527650833129883,260172000,0.0,0.0
2014-10-09,0.4544999897480011,0.45500001311302185,0.4440000057220459,0.4477500021457672,0.42693331837654114,306956000,0.0,0.0
2014-10-10,0.4442499876022339,0.44574999809265137,0.42100000381469727,0.42124998569488525,0.40166541934013367,691376000,0.0,0.0
2014-10-13,0.42399999499320984,0.4325000047683716,0.4192500114440918,0.41975000500679016,0.400235116481781,397628000,0.0,0.0
2014-10-14,0.4255000054836273,0.4412499964237213,0.4230000078678131,0.429500013589859,0.4095318019390106,376620000,0.0,0.0
2014-10-15,0.4232499897480011,0.43825000524520874,0.4205000102519989,0.4359999895095825,0.4157295823097229,404428000,0.0,0.0
2014-10-16,0.4282500147819519,0.4412499964237213,0.4272499978542328,0.4362500011920929,0.41596806049346924,351116000,0.0,0.0
2014-10-17,0.4415000081062317,0.4465000033378601,0.4337500035762787,0.43549999594688416,0.41525301337242126,290716000,0.0,0.0
2014-10-20,0.43549999594688416,0.44325000047683716,0.4325000047683716,0.43924999237060547,0.4188286066055298,200336000,0.0,0.0
2014-10-21,0.4424999952316284,0.4584999978542328,0.4412499964237213,0.4580000042915344,0.4367068409919739,351092000,0.0,0.0
2014-10-22,0.4572499990463257,0.45875000953674316,0.44725000858306885,0.44725000858306885,0.4264566898345947,239512000,0.0,0.0
2014-10-23,0.45500001311302185,0.46050000190734863,0.4517500102519989,0.4572499990463257,0.4359915554523468,214476000,0.0,0.0
2014-10-24,0.46000000834465027,0.4647499918937683,0.4572499990463257,0.4620000123977661,0.4405209720134735,210156000,0.0,0.0
2014-10-27,0.46175000071525574,0.46399998664855957,0.4567500054836273,0.4622499942779541,0.4407592713832855,145092000,0.0,0.0
2014-10-28,0.460999995470047,0.4737499952316284,0.46050000190734863,0.47325000166893005,0.4512478709220886,192580000,0.0,0.0
2014-10-29,0.4712499976158142,0.4740000069141388,0.4659999907016754,0.4702500104904175,0.4483873248100281,168340000,0.0,0.0
2014-10-30,0.4690000116825104,0.47099998593330383,0.4612500071525574,0.4672499895095825,0.4455268681049347,170260000,0.0,0.0
2014-10-31,0.4779999852180481,0.48875001072883606,0.4754999876022339,0.4884999990463257,0.46578893065452576,256316000,0.0,0.0
2014-11-03,0.4997499883174896,0.5015000104904175,0.49424999952316284,0.49674999713897705,0.47365525364875793,308732000,0.0,0.0
2014-11-04,0.5,0.5049999952316284,0.49175000190734863,0.503250002861023,0.4798531234264374,360196000,0.0,0.0
2014-11-05,0.5062500238418579,0.5065000057220459,0.49950000643730164,0.503250002861023,0.4798531234264374,335652000,0.0,0.0
2014-11-06,0.5042499899864197,0.5062500238418579,0.4964999854564667,0.5055000185966492,0.4819985330104828,394088000,0.0,0.0
2014-11-07,0.5112500190734863,0.5172500014305115,0.4897499978542328,0.4947499930858612,0.47174832224845886,450800000,0.0,0.0
2014-11-10,0.49424999952316284,0.5037500262260437,0.49300000071525574,0.5005000233650208,0.47723090648651123,293388000,0.0,0.0
2014-11-11,0.4975000023841858,0.500249981880188,0.49024999141693115,0.4945000112056732,0.4715098738670349,212992000,0.0,0.0
2014-11-12,0.49274998903274536,0.49399998784065247,0.484499990940094,0.49125000834465027,0.46841105818748474,204584000,0.0,0.0
2014-11-13,0.49300000071525574,0.4937500059604645,0.48475000262260437,0.48875001072883606,0.466027170419693,225328000,0.0,0.0
2014-11-14,0.4892500042915344,0.4947499930858612,0.484499990940094,0.4947499930858612,0.47174832224845886,160248000,0.0,0.0
2014-11-17,0.4925000071525574,0.49775001406669617,0.4892500042915344,0.4925000071525574,0.4696028232574463,158732000,0.0,0.0
2014-11-18,0.49274998903274536,0.5055000185966492,0.49149999022483826,0.5042499899864197,0.48080646991729736,207772000,0.0,0.0
2014-11-19,0.5024999976158142,0.5040000081062317,0.4950000047683716,0.500249981880188,0.4790111482143402,240300000,0.002125,0.0
2014-11-20,0.49674999713897705,0.5090000033378601,0.49524998664855957,0.5084999799728394,0.48691079020500183,220968000,0.0,0.0
2014-11-21,0.5130000114440918,0.5137500166893005,0.5070000290870667,0.5112500190734863,0.4895440936088562,198976000,0.0,0.0
2014-11-24,0.512499988079071,0.5167499780654907,0.5105000138282776,0.5145000219345093,0.49265632033348083,136004000,0.0,0.0
2014-11-25,0.5134999752044678,0.5180000066757202,0.512499988079071,0.5142499804496765,0.4924166202545166,190240000,0.0,0.0
2014-11-26,0.5112500190734863,0.5235000252723694,0.5109999775886536,0.5230000019073486,0.500795304775238,219264000,0.0,0.0
2014-11-28,0.5247499942779541,0.5272499918937683,0.5199999809265137,0.5242499709129333,0.5019920468330383,124832000,0.0,0.0
2014-12-01,0.5220000147819519,0.5249999761581421,0.5137500166893005,0.5145000219345093,0.49265632033348083,190060000,0.0,0.0
2014-12-02,0.5139999985694885,0.5174999833106995,0.5092499852180481,0.515250027179718,0.49337446689605713,245952000,0.0,0.0
2014-12-03,0.5177500247955322,0.5287500023841858,0.5162500143051147,0.5285000205039978,0.5060617327690125,284424000,0.0,0.0
2014-12-04,0.5277500152587891,0.5297499895095825,0.5202500224113464,0.5237500071525574,0.5015132427215576,185332000,0.0,0.0
2014-12-05,0.5239999890327454,0.5295000076293945,0.5237500071525574,0.5267500281333923,0.5043860077857971,165680000,0.0,0.0
2014-12-08,0.5260000228881836,0.53125,0.515749990940094,0.5199999809265137,0.49792250990867615,226944000,0.0,0.0
2014-12-09,0.5167499780654907,0.5195000171661377,0.5090000033378601,0.5182499885559082,0.49624696373939514,239448000,0.0,0.0
2014-12-10,0.5167499780654907,0.518750011920929,0.5062500238418579,0.5067499876022339,0.4852352440357208,204364000,0.0,0.0
2014-12-11,0.5097500085830688,0.5132499933242798,0.5055000185966492,0.5065000057220459,0.4849958121776581,135652000,0.0,0.0
2014-12-12,0.4997499883174896,0.5042499899864197,0.49024999141693115,0.4907500147819519,0.4699145555496216,323964000,0.0,0.0
2014-12-15,0.4964999854564667,0.5055000185966492,0.48774999380111694,0.4892500042915344,0.46847832202911377,254696000,0.0,0.0
2014-12-16,0.48875001072883606,0.4964999854564667,0.48350000381469727,0.48374998569488525,0.4632117748260498,185308000,0.0,0.0
2014-12-17,0.4934999942779541,0.5042499899864197,0.47749999165534973,0.5034999847412109,0.48212316632270813,345596000,0.0,0.0
2014-12-18,0.5097500085830688,0.515749990940094,0.5007500052452087,0.5055000185966492,0.484038382768631,226156000,0.0,0.0
2014-12-19,0.5090000033378601,0.512499988079071,0.5042499899864197,0.5105000138282776,0.4888259470462799,325528000,0.0,0.0
2014-12-22,0.5099999904632568,0.5195000171661377,0.5082499980926514,0.5195000171661377,0.49744388461112976,148976000,0.0,0.0
2014-12-23,0.5235000252723694,0.5260000228881836,0.515749990940094,0.5162500143051147,0.49433180689811707,109280000,0.0,0.0
2014-12-24,0.5174999833106995,0.5182499885559082,0.5137500166893005,0.5142499804496765,0.4924166202545166,45644000,0.0,0.0
2014-12-26,0.5142499804496765,0.5174999833106995,0.5130000114440918,0.5147500038146973,0.4928955137729645,52636000,0.0,0.0
2014-12-29,0.5132499933242798,0.5174999833106995,0.5107499957084656,0.5139999985694885,0.4921773672103882,82944000,0.0,0.0
2014-12-30,0.5105000138282776,0.5130000114440918,0.5084999799728394,0.5092499852180481,0.4876290261745453,112120000,0.0,0.0
2014-12-31,0.5099999904632568,0.5127500295639038,0.4997499883174896,0.5012500286102295,0.4799688458442688,166300000,0.0,0.0
2015-01-02,0.503250002861023,0.5070000290870667,0.49524998664855957,0.503250002861023,0.48188379406929016,113680000,0.0,0.0
2015-01-05,0.503250002861023,0.5047500133514404,0.4925000071525574,0.4947499930858612,0.47374477982521057,197952000,0.0,0.0
2015-01-06,0.49549999833106995,0.4959999918937683,0.4792500138282776,0.47975000739097595,0.4593815803527832,197764000,0.0,0.0
2015-01-07,0.4832499921321869,0.48750001192092896,0.47699999809265137,0.47850000858306885,0.45818468928337097,321808000,0.0,0.0
2015-01-08,0.48399999737739563,0.49950000643730164,0.48374998569488525,0.4964999854564667,0.47542038559913635,283780000,0.0,0.0
2015-01-09,0.49825000762939453,0.5022500157356262,0.49149999022483826,0.4984999895095825,0.47733548283576965,209540000,0.0,0.0
2015-01-12,0.4997499883174896,0.5,0.48774999380111694,0.492249995470047,0.47135084867477417,190732000,0.0,0.0
2015-01-13,0.4959999918937683,0.5059999823570251,0.4880000054836273,0.49149999022483826,0.4706326425075531,236720000,0.0,0.0
2015-01-14,0.48625001311302185,0.4950000047683716,0.48500001430511475,0.4934999942779541,0.47254762053489685,155260000,0.0,0.0
2015-01-15,0.4970000088214874,0.5,0.4897499978542328,0.49000000953674316,0.4691963195800781,188932000,0.0,0.0
2015-01-16,0.4892500042915344,0.49950000643730164,0.48774999380111694,0.49900001287460327,0.47781434655189514,181512000,0.0,0.0
2015-01-20,0.5024999976158142,0.5052499771118164,0.49424999952316284,0.5005000233650208,0.4792504906654358,140308000,0.0,0.0
2015-01-21,0.49775001406669617,0.5087500214576721,0.49424999952316284,0.5074999928474426,0.4859534204006195,144780000,0.0,0.0
2015-01-22,0.5084999799728394,0.5177500247955322,0.503250002861023,0.5162500143051147,0.49433180689811707,159712000,0.0,0.0
2015-01-23,0.5167499780654907,0.518750011920929,0.512499988079071,0.5177500247955322,0.49576812982559204,120416000,0.0,0.0
2015-01-26,0.515500009059906,0.5180000066757202,0.5122500061988831,0.515500009059906,0.49361374974250793,133240000,0.0,0.0
2015-01-27,0.5074999928474426,0.5080000162124634,0.4897499978542328,0.4907500147819519,0.4699145555496216,357948000,0.0,0.0
2015-01-28,0.49674999713897705,0.4987500011920929,0.48249998688697815,0.4827499985694885,0.46225422620773315,272728000,0.0,0.0
2015-01-29,0.4830000102519989,0.4972499907016754,0.4807499945163727,0.4945000112056732,0.47350528836250305,235340000,0.0,0.0
2015-01-30,0.4909999966621399,0.49674999713897705,0.4792500138282776,0.47999998927116394,0.45962098240852356,298200000,0.0,0.0
2015-02-02,0.4830000102519989,0.4925000071525574,0.47350001335144043,0.49050000309944153,0.46967509388923645,259604000,0.0,0.0
2015-02-03,0.49399998784065247,0.503250002861023,0.49149999022483826,0.5027499794960022,0.4814050793647766,183468000,0.0,0.0
2015-02-04,0.5012500286102295,0.5097500085830688,0.4997499883174896,0.5040000081062317,0.48260197043418884,181516000,0.0,0.0
2015-02-05,0.5044999718666077,0.512499988079071,0.5040000081062317,0.5122500061988831,0.49050161242485046,140448000,0.0,0.0
2015-02-06,0.5117499828338623,0.5177500247955322,0.5077499747276306,0.5099999904632568,0.4883471727371216,210524000,0.0,0.0
2015-02-09,0.5070000290870667,0.5109999775886536,0.5037500262260437,0.5095000267028809,0.48786839842796326,273944000,0.0,0.0
2015-02-10,0.5099999904632568,0.5239999890327454,0.5077499747276306,0.5237500071525574,0.5015132427215576,226204000,0.0,0.0
2015-02-11,0.5249999761581421,0.5249999761581421,0.5167499780654907,0.5202500224113464,0.4981618821620941,320832000,0.0,0.0
2015-02-12,0.550000011920929,0.5625,0.546750009059906,0.5575000047683716,0.533830463886261,676904000,0.0,0.0
2015-02-13,0.5562499761581421,0.5584999918937683,0.5477499961853027,0.5577499866485596,0.5340698957443237,310084000,0.0,0.0
2015-02-17,0.5567499995231628,0.562250018119812,0.5532500147819519,0.559499979019165,0.5357455611228943,203340000,0.0,0.0
2015-02-18,0.5587499737739563,0.5597500205039978,0.5519999861717224,0.5529999732971191,0.5295214653015137,170948000,0.0,0.0
2015-02-19,0.5600000023841858,0.5609999895095825,0.5519999861717224,0.5544999837875366,0.5309579372406006,169432000,0.0,0.0
2015-02-20,0.5540000200271606,0.5587499737739563,0.550000011920929,0.5584999918937683,0.5347880721092224,157752000,0.0,0.0
2015-02-23,0.5582500100135803,0.5582500100135803,0.5512499809265137,0.5540000200271606,0.5304792523384094,125008000,0.0,0.0
2015-02-24,0.5540000200271606,0.5577499866485596,0.5490000247955322,0.5577499866485596,0.5361262559890747,149356000,0.002125,0.0
2015-02-25,0.5554999709129333,0.5580000281333923,0.5509999990463257,0.5534999966621399,0.5320411920547485,123820000,0.0,0.0
2015-02-26,0.5540000200271606,0.5582500100135803,0.5504999756813049,0.5550000071525574,0.53348308801651,152864000,0.0,0.0
2015-02-27,0.5534999966621399,0.5547500252723694,0.5494999885559082,0.5515000224113464,0.5301187038421631,157492000,0.0,0.0
2015-03-02,0.550000011920929,0.5680000185966492,0.5492500066757202,0.5649999976158142,0.5430953502655029,301512000,0.0,0.0
2015-03-03,0.5607500076293945,0.5634999871253967,0.5527499914169312,0.5544999837875366,0.5330023169517517,160344000,0.0,0.0
2015-03-04,0.5525000095367432,0.5619999766349792,0.5502499938011169,0.5607500076293945,0.5390100479125977,226840000,0.0,0.0
2015-03-05,0.5607500076293945,0.5724999904632568,0.559249997138977,0.5715000033378601,0.5493433475494385,323056000,0.0,0.0
2015-03-06,0.5682500004768372,0.5709999799728394,0.5632500052452087,0.5637500286102295,0.5418938398361206,257392000,0.0,0.0
2015-03-09,0.5640000104904175,0.5695000290870667,0.562749981880188,0.5652499794960022,0.5433356165885925,222388000,0.0,0.0
2015-03-10,0.5677499771118164,0.5787500143051147,0.5667499899864197,0.574999988079071,0.5527076721191406,527212000,0.0,0.0
2015-03-11,0.574999988079071,0.5824999809265137,0.5705000162124634,0.5720000267028809,0.5498238205909729,262120000,0.0,0.0
2015-03-12,0.5665000081062317,0.5707499980926514,0.5559999942779541,0.5667499899864197,0.5447776317596436,406972000,0.0,0.0
2015-03-13,0.5640000104904175,0.5690000057220459,0.5562499761581421,0.5674999952316284,0.5454983115196228,359288000,0.0,0.0
2015-03-16,0.5720000267028809,0.577750027179718,0.5682500004768372,0.5742499828338623,0.5519865155220032,236956000,0.0,0.0
2015-03-17,0.5730000138282776,0.5814999938011169,0.5690000057220459,0.581250011920929,0.5587154030799866,299900000,0.0,0.0
2015-03-18,0.581250011920929,0.5842499732971191,0.5665000081062317,0.5717499852180481,0.5495836138725281,413844000,0.0,0.0
2015-03-19,0.5737500190734863,0.5824999809265137,0.5695000290870667,0.5805000066757202,0.557994544506073,310756000,0.0,0.0
2015-03-20,0.5852500200271606,0.5902500152587891,0.5797500014305115,0.5867499709129333,0.5640020966529846,462084000,0.0,0.0
2015-03-23,0.5692499876022339,0.5767499804496765,0.5674999952316284,0.5677499771118164,0.545738697052002,426012000,0.0,0.0
2015-03-24,0.5659999847412109,0.5699999928474426,0.5575000047683716,0.5600000023841858,0.5382891893386841,330480000,0.0,0.0
2015-03-25,0.5597500205039978,0.5597500205039978,0.5242499709129333,0.5260000228881836,0.5056074261665344,542552000,0.0,0.0
2015-03-26,0.515250027179718,0.5264999866485596,0.5115000009536743,0.5242499709129333,0.5039252042770386,311920000,0.0,0.0
2015-03-27,0.5272499918937683,0.5364999771118164,0.518750011920929,0.534500002861023,0.5137775540351868,318288000,0.0,0.0
2015-03-30,0.5370000004768372,0.5394999980926514,0.5299999713897705,0.5367500185966492,0.5159404277801514,253252000,0.0,0.0
2015-03-31,0.5352500081062317,0.5357499718666077,0.5227500200271606,0.5232499837875366,0.5029640197753906,357276000,0.0,0.0
2015-04-01,0.5252500176429749,0.5270000100135803,0.5162500143051147,0.5252500176429749,0.5048866271972656,330768000,0.0,0.0
2015-04-02,0.528249979019165,0.5297499895095825,0.5220000147819519,0.5264999866485596,0.5060878992080688,192204000,0.0,0.0
2015-04-06,0.5242499709129333,0.5435000061988831,0.518750011920929,0.5417500138282776,0.5207469463348389,515864000,0.0,0.0
2015-04-07,0.5417500138282776,0.5525000095367432,0.5387499928474426,0.546500027179718,0.5253125429153442,413964000,0.0,0.0
2015-04-08,0.546999990940094,0.5525000095367432,0.5417500138282776,0.5504999756813049,0.5291574001312256,366432000,0.0,0.0
2015-04-09,0.5462499856948853,0.5649999976158142,0.5460000038146973,0.5632500052452087,0.541413426399231,379432000,0.0,0.0
2015-04-10,0.5637500286102295,0.5692499876022339,0.5617499947547913,0.5690000057220459,0.5469402074813843,258728000,0.0,0.0
2015-04-13,0.5677499771118164,0.5709999799728394,0.5612499713897705,0.5637500286102295,0.5418938398361206,236724000,0.0,0.0
2015-04-14,0.5615000128746033,0.5637500286102295,0.5534999966621399,0.5590000152587891,0.5373279452323914,220276000,0.0,0.0
2015-04-15,0.5605000257492065,0.5699999928474426,0.5577499866485596,0.565750002861023,0.5438163876533508,243560000,0.0,0.0
2015-04-16,0.5625,0.5672500133514404,0.5582500100135803,0.562250018119812,0.5404519438743591,155284000,0.0,0.0
2015-04-17,0.5504999756813049,0.5605000257492065,0.5502499938011169,0.5550000071525574,0.53348308801651,293636000,0.0,0.0
2015-04-20,0.5575000047683716,0.5609999895095825,0.5512499809265137,0.5522500276565552,0.530839741230011,231624000,0.0,0.0
2015-04-21,0.5590000152587891,0.5590000152587891,0.5487499833106995,0.5515000224113464,0.5301187038421631,230456000,0.0,0.0
2015-04-22,0.5547500252723694,0.5584999918937683,0.5462499856948853,0.5577499866485596,0.5361262559890747,207420000,0.0,0.0
2015-04-23,0.5475000143051147,0.5607500076293945,0.5412499904632568,0.5554999709129333,0.5339635014533997,259380000,0.0,0.0
2015-04-24,0.5552499890327454,0.5554999709129333,0.5444999933242798,0.5507500171661377,0.5293979644775391,240960000,0.0,0.0
2015-04-27,0.5525000095367432,0.5647500157356262,0.5477499961853027,0.5550000071525574,0.53348308801651,248456000,0.0,0.0
2015-04-28,0.5540000200271606,0.5597500205039978,0.5487499833106995,0.5577499866485596,0.5361262559890747,234484000,0.0,0.0
2015-04-29,0.5537499785423279,0.559249997138977,0.5512499809265137,0.5534999966621399,0.5320411920547485,195156000,0.0,0.0
2015-04-30,0.5507500171661377,0.5577499866485596,0.5494999885559082,0.5550000071525574,0.53348308801651,218844000,0.0,0.0
2015-05-01,0.559499979019165,0.5705000162124634,0.5569999814033508,0.5687500238418579,0.5466998219490051,256968000,0.0,0.0
2015-05-04,0.5682500004768372,0.5720000267028809,0.5634999871253967,0.5652499794960022,0.5433356165885925,200720000,0.0,0.0
2015-05-05,0.5632500052452087,0.5640000104904175,0.5482500195503235,0.5507500171661377,0.5293979644775391,292928000,0.0,0.0
2015-05-06,0.5537499785423279,0.5590000152587891,0.5452499985694885,0.5525000095367432,0.531079888343811,316484000,0.0,0.0
2015-05-07,0.5502499938011169,0.5640000104904175,0.5485000014305115,0.562250018119812,0.5404519438743591,534564000,0.0,0.0
2015-05-08,0.5252500176429749,0.5460000038146973,0.5122500061988831,0.5207499861717224,0.5005607008934021,1146552000,0.0,0.0
2015-05-11,0.5134999752044678,0.5210000276565552,0.5095000267028809,0.515749990940094,0.49575456976890564,544144000,0.0,0.0
2015-05-12,0.5120000243186951,0.5249999761581421,0.5117499828338623,0.5207499861717224,0.5005607008934021,388800000,0.0,0.0
2015-05-13,0.5245000123977661,0.5285000205039978,0.518750011920929,0.5237500071525574,0.5034444332122803,308524000,0.0,0.0
2015-05-14,0.5252500176429749,0.5350000262260437,0.5239999890327454,0.5322499871253967,0.5116149187088013,293052000,0.0,0.0
2015-05-15,0.534500002861023,0.5370000004768372,0.5292500257492065,0.5325000286102295,0.5118554830551147,215824000,0.0,0.0
2015-05-18,0.53125,0.5350000262260437,0.5287500023841858,0.5317500233650208,0.5111344456672668,324972000,0.0,0.0
2015-05-19,0.5299999713897705,0.5317500233650208,0.5249999761581421,0.5260000228881836,0.5079475045204163,253808000,0.00245,0.0
2015-05-20,0.5262500047683716,0.5325000286102295,0.5254999995231628,0.5260000228881836,0.5079475045204163,196824000,0.0,0.0
2015-05-21,0.5262500047683716,0.5285000205039978,0.5217499732971191,0.5222499966621399,0.504326343536377,239692000,0.0,0.0
2015-05-22,0.5235000252723694,0.5254999995231628,0.5202500224113464,0.5214999914169312,0.5036020278930664,212592000,0.0,0.0
2015-05-26,0.5189999938011169,0.5224999785423279,0.5142499804496765,0.5182499885559082,0.5004636645317078,259732000,0.0,0.0
2015-05-27,0.5217499732971191,0.5485000014305115,0.5199999809265137,0.5460000038146973,0.5272613167762756,432332000,0.0,0.0
2015-05-28,0.5460000038146973,0.5552499890327454,0.5450000166893005,0.5534999966621399,0.5345038175582886,327656000,0.0,0.0
2015-05-29,0.5534999966621399,0.5569999814033508,0.5525000095367432,0.5532500147819519,0.5342625975608826,335168000,0.0,0.0
2015-06-01,0.5567499995231628,0.5649999976158142,0.5532500147819519,0.559499979019165,0.5402979850769043,372660000,0.0,0.0
2015-06-02,0.5559999942779541,0.5590000152587891,0.5479999780654907,0.5485000014305115,0.5296754837036133,224304000,0.0,0.0
2015-06-03,0.550000011920929,0.5542500019073486,0.5414999723434448,0.5425000190734863,0.5238813757896423,250788000,0.0,0.0
2015-06-04,0.5392500162124634,0.5540000200271606,0.5392500162124634,0.5522500276565552,0.5332968235015869,323712000,0.0,0.0
2015-06-05,0.5504999756813049,0.5590000152587891,0.5447499752044678,0.5565000176429749,0.5374008417129517,313320000,0.0,0.0
2015-06-08,0.5547500252723694,0.5584999918937683,0.5375000238418579,0.543749988079071,0.5250884294509888,342812000,0.0,0.0
2015-06-09,0.5442500114440918,0.5504999756813049,0.5432500243186951,0.546500027179718,0.5277439951896667,256888000,0.0,0.0
2015-06-10,0.5400000214576721,0.5435000061988831,0.5337499976158142,0.5367500185966492,0.5183286666870117,529460000,0.0,0.0
2015-06-11,0.5367500185966492,0.5462499856948853,0.5367500185966492,0.5425000190734863,0.5238813757896423,283052000,0.0,0.0
2015-06-12,0.5389999747276306,0.5422499775886536,0.5264999866485596,0.5277500152587891,0.5096374750137329,323728000,0.0,0.0
2015-06-15,0.5249999761581421,0.5292500257492065,0.5210000276565552,0.5267500281333923,0.5086717009544373,306548000,0.0,0.0
2015-06-16,0.5257499814033508,0.5339999794960022,0.5205000042915344,0.5332499742507935,0.5149485468864441,256892000,0.0,0.0
2015-06-17,0.5329999923706055,0.5425000190734863,0.5317500233650208,0.5394999980926514,0.5209842920303345,233544000,0.0,0.0
2015-06-18,0.5440000295639038,0.5519999861717224,0.5425000190734863,0.5485000014305115,0.5296754837036133,299404000,0.0,0.0
2015-06-19,0.5485000014305115,0.5529999732971191,0.5417500138282776,0.546750009059906,0.5279858708381653,355656000,0.0,0.0
2015-06-22,0.5477499961853027,0.5507500171661377,0.5362499952316284,0.5444999933242798,0.5258128046989441,514236000,0.0,0.0
2015-06-23,0.5454999804496765,0.5497499704360962,0.5262500047683716,0.5304999947547913,0.5122935175895691,414064000,0.0,0.0
2015-06-24,0.5297499895095825,0.5325000286102295,0.5227500200271606,0.5252500176429749,0.5072236061096191,253368000,0.0,0.0
2015-06-25,0.5252500176429749,0.5325000286102295,0.5252500176429749,0.5292500257492065,0.511086106300354,350460000,0.0,0.0
2015-06-26,0.5249999761581421,0.5254999995231628,0.5162500143051147,0.5184999704360962,0.5007050633430481,421296000,0.0,0.0
2015-06-29,0.512499988079071,0.5177500247955322,0.5022500157356262,0.503000020980835,0.48573702573776245,391724000,0.0,0.0
2015-06-30,0.5059999823570251,0.5082499980926514,0.49924999475479126,0.5027499794960022,0.48549553751945496,315916000,0.0,0.0
2015-07-01,0.515250027179718,0.5224999785423279,0.5055000185966492,0.5099999904632568,0.4924968481063843,302892000,0.0,0.0
2015-07-02,0.5097500085830688,0.5137500166893005,0.5072500109672546,0.5105000138282776,0.4929794669151306,145764000,0.0,0.0
2015-07-06,0.5062500238418579,0.5132499933242798,0.5005000233650208,0.5042499899864197,0.4869440495967865,214776000,0.0,0.0
2015-07-07,0.5012500286102295,0.503250002861023,0.4790000021457672,0.4947499930858612,0.4777700901031494,594252000,0.0,0.0
2015-07-08,0.492000013589859,0.4950000047683716,0.4872500002384186,0.49125000834465027,0.47439029812812805,332492000,0.0,0.0
2015-07-09,0.49900001287460327,0.5012500286102295,0.48225000500679016,0.48524999618530273,0.4685961604118347,357588000,0.0,0.0
2015-07-10,0.49149999022483826,0.49825000762939453,0.49024999141693115,0.4937500059604645,0.4768044352531433,216708000,0.0,0.0
2015-07-13,0.4987500011920929,0.4997499883174896,0.4937500059604645,0.4970000088214874,0.4799429178237915,212472000,0.0,0.0
2015-07-14,0.49775001406669617,0.49825000762939453,0.4907500147819519,0.4972499907016754,0.48018425703048706,249216000,0.0,0.0
2015-07-15,0.4959999918937683,0.49924999475479126,0.4892500042915344,0.4937500059604645,0.4768044352531433,265732000,0.0,0.0
2015-07-16,0.49674999713897705,0.5047500133514404,0.4950000047683716,0.5047500133514404,0.48742690682411194,282848000,0.0,0.0
2015-07-17,0.503000020980835,0.5034999847412109,0.49524998664855957,0.5017499923706055,0.48452991247177124,220372000,0.0,0.0
2015-07-20,0.5017499923706055,0.5037500262260437,0.49125000834465027,0.4925000071525574,0.4755972623825073,188412000,0.0,0.0
2015-07-21,0.49149999022483826,0.5017499923706055,0.49149999022483826,0.4947499930858612,0.4777700901031494,149720000,0.0,0.0
2015-07-22,0.49125000834465027,0.49125000834465027,0.4792500138282776,0.48524999618530273,0.4685961604118347,356472000,0.0,0.0
2015-07-23,0.48625001311302185,0.4984999895095825,0.48524999618530273,0.49125000834465027,0.47439029812812805,169916000,0.0,0.0
2015-07-24,0.4947499930858612,0.49524998664855957,0.48350000381469727,0.4855000078678131,0.4688374996185303,188844000,0.0,0.0
2015-07-27,0.48124998807907104,0.4882499873638153,0.47725000977516174,0.4827499985694885,0.4661818742752075,192420000,0.0,0.0
2015-07-28,0.48399999737739563,0.4964999854564667,0.4790000021457672,0.4932500123977661,0.47632163763046265,198308000,0.0,0.0
2015-07-29,0.492249995470047,0.503250002861023,0.49024999141693115,0.49924999475479126,0.48211580514907837,232680000,0.0,0.0
2015-07-30,0.49799999594688416,0.5055000185966492,0.49799999594688416,0.5005000233650208,0.4833228588104248,190180000,0.0,0.0
2015-07-31,0.5024999976158142,0.5027499794960022,0.4957500100135803,0.4987500011920929,0.48163288831710815,218340000,0.0,0.0
2015-08-03,0.5027499794960022,0.5077499747276306,0.4962500035762787,0.5072500109672546,0.4898410737514496,397132000,0.0,0.0
2015-08-04,0.5055000185966492,0.5107499957084656,0.5034999847412109,0.5092499852180481,0.4917724132537842,260100000,0.0,0.0
2015-08-05,0.5217499732971191,0.5222499966621399,0.5134999752044678,0.5145000219345093,0.4968421459197998,234628000,0.0,0.0
2015-08-06,0.5132499933242798,0.5170000195503235,0.5027499794960022,0.5112500190734863,0.4937039315700531,655676000,0.0,0.0
2015-08-07,0.5615000128746033,0.5842499732971191,0.546999990940094,0.5745000243186951,0.5547829270362854,1405248000,0.0,0.0
2015-08-10,0.5705000162124634,0.5987499952316284,0.5669999718666077,0.5945000052452087,0.5740966796875,662304000,0.0,0.0
2015-08-11,0.5857499837875366,0.5972499847412109,0.5857499837875366,0.5914999842643738,0.5711997747421265,435008000,0.0,0.0
2015-08-12,0.5820000171661377,0.5972499847412109,0.5820000171661377,0.5929999947547913,0.5726481676101685,384048000,0.0,0.0
2015-08-13,0.59375,0.5950000286102295,0.5864999890327454,0.5879999995231628,0.5678198337554932,276884000,0.0,0.0
2015-08-14,0.5874999761581421,0.5920000076293945,0.5839999914169312,0.5885000228881836,0.568302571773529,214652000,0.0,0.0
2015-08-17,0.5874999761581421,0.5874999761581421,0.5774999856948853,0.5847499966621399,0.5646812915802002,273880000,0.0,0.0
2015-08-18,0.5805000066757202,0.5845000147819519,0.5724999904632568,0.5770000219345093,0.559541642665863,287084000,0.00245,0.0
2015-08-19,0.5762500166893005,0.5827500224113464,0.5684999823570251,0.5747500061988831,0.5573597550392151,249248000,0.0,0.0
2015-08-20,0.5682500004768372,0.5709999799728394,0.5512499809265137,0.5540000200271606,0.5372377038002014,426932000,0.0,0.0
2015-08-21,0.550000011920929,0.559249997138977,0.5362499952316284,0.5367500185966492,0.5205094218254089,382664000,0.0,0.0
2015-08-24,0.5067499876022339,0.5457500219345093,0.5,0.5177500247955322,0.502084493637085,682284000,0.0,0.0
2015-08-25,0.5404999852180481,0.5425000190734863,0.5070000290870667,0.5070000290870667,0.4916597902774811,622684000,0.0,0.0
2015-08-26,0.5235000252723694,0.5457500219345093,0.5195000171661377,0.5452499985694885,0.528752326965332,614976000,0.0,0.0
2015-08-27,0.5509999990463257,0.5659999847412109,0.5477499961853027,0.565750002861023,0.548632025718689,463764000,0.0,0.0
2015-08-28,0.565750002861023,0.5717499852180481,0.5617499947547913,0.5682500004768372,0.5510565042495728,320944000,0.0,0.0
2015-08-31,0.565500020980835,0.5695000290870667,0.5597500205039978,0.5619999766349792,0.5449954271316528,219352000,0.0,0.0
2015-09-01,0.5457500219345093,0.5550000071525574,0.5350000262260437,0.5389999747276306,0.5226914882659912,353408000,0.0,0.0
2015-09-02,0.5537499785423279,0.5554999709129333,0.5444999933242798,0.5552499890327454,0.538449764251709,344044000,0.0,0.0
2015-09-03,0.5634999871253967,0.5662500262260437,0.5557500123977661,0.5567499995231628,0.5399042367935181,262556000,0.0,0.0
2015-09-04,0.547249972820282,0.5559999942779541,0.5435000061988831,0.543749988079071,0.5272977352142334,287972000,0.0,0.0
2015-09-08,0.5569999814033508,0.5692499876022339,0.5547500252723694,0.5669999718666077,0.5498442649841309,238448000,0.0,0.0
2015-09-09,0.5687500238418579,0.5734999775886536,0.5544999837875366,0.5557500123977661,0.538934588432312,289392000,0.0,0.0
2015-09-10,0.5525000095367432,0.5715000033378601,0.550000011920929,0.5644999742507935,0.5474199056625366,357076000,0.0,0.0
2015-09-11,0.5582500100135803,0.5699999928474426,0.5559999942779541,0.5662500262260437,0.5491170883178711,301584000,0.0,0.0
2015-09-14,0.5690000057220459,0.5707499980926514,0.5642499923706055,0.5672500133514404,0.5500866770744324,192460000,0.0,0.0
2015-09-15,0.5674999952316284,0.5764999985694885,0.565750002861023,0.5734999775886536,0.5561473965644836,327976000,0.0,0.0
2015-09-16,0.5724999904632568,0.5807499885559082,0.5682500004768372,0.5774999856948853,0.5600265264511108,173508000,0.0,0.0
2015-09-17,0.5874999761581421,0.5927500128746033,0.5814999938011169,0.5827500224113464,0.5651177763938904,268712000,0.0,0.0
2015-09-18,0.5747500061988831,0.5872499942779541,0.5712500214576721,0.5822499990463257,0.5646328330039978,326412000,0.0,0.0
2015-09-21,0.5830000042915344,0.5895000100135803,0.5799999833106995,0.5882499814033508,0.5704511404037476,281840000,0.0,0.0
2015-09-22,0.5755000114440918,0.5795000195503235,0.5692499876022339,0.5722500085830688,0.5549352765083313,228356000,0.0,0.0
2015-09-23,0.5727499723434448,0.578499972820282,0.5705000162124634,0.574999988079071,0.5576022863388062,161632000,0.0,0.0
2015-09-24,0.5715000033378601,0.5920000076293945,0.5625,0.5860000252723694,0.5682696104049683,382440000,0.0,0.0
2015-09-25,0.5932499766349792,0.6017500162124634,0.5845000147819519,0.5902500152587891,0.5723908543586731,369692000,0.0,0.0
2015-09-28,0.5902500152587891,0.593999981880188,0.5787500143051147,0.5824999809265137,0.5648753643035889,395584000,0.0,0.0
2015-09-29,0.5887500047683716,0.59375,0.5805000066757202,0.5927500128746033,0.5748149752616882,380736000,0.0,0.0
2015-09-30,0.5982499718666077,0.6169999837875366,0.5947499871253967,0.6162499785423279,0.5976041555404663,556380000,0.0,0.0
2015-10-01,0.6162499785423279,0.6179999709129333,0.5867499709129333,0.6042500138282776,0.5859670639038086,489296000,0.0,0.0
2015-10-02,0.6010000109672546,0.6200000047683716,0.5947499871253967,0.6200000047683716,0.6012406349182129,386144000,0.0,0.0
2015-10-05,0.6240000128746033,0.6432499885559082,0.6207500100135803,0.6355000138282776,0.6162716150283813,482024000,0.0,0.0
2015-10-06,0.6287500262260437,0.6464999914169312,0.6262500286102295,0.643750011920929,0.6242721676826477,453216000,0.0,0.0
2015-10-07,0.6452500224113464,0.6570000052452087,0.6347500085830688,0.6504999995231628,0.630817711353302,310152000,0.0,0.0
2015-10-08,0.6477500200271606,0.656000018119812,0.6367499828338623,0.6542500257492065,0.6344543695449829,460068000,0.0,0.0
2015-10-09,0.6507499814033508,0.6570000052452087,0.6395000219345093,0.6517500281333923,0.6320301294326782,423248000,0.0,0.0
2015-10-12,0.6524999737739563,0.6625000238418579,0.6477500200271606,0.6587499976158142,0.6388181447982788,227588000,0.0,0.0
2015-10-13,0.6535000205039978,0.6639999747276306,0.6512500047683716,0.6600000262260437,0.6400303840637207,298444000,0.0,0.0
2015-10-14,0.6607499718666077,0.6947500109672546,0.6600000262260437,0.6840000152587891,0.6633042097091675,612148000,0.0,0.0
2015-10-15,0.6852499842643738,0.6997500061988831,0.6782500147819519,0.6857500076293945,0.6650012135505676,526048000,0.0,0.0
2015-10-16,0.6880000233650208,0.703000009059906,0.6862499713897705,0.6965000033378601,0.6754260063171387,448396000,0.0,0.0
2015-10-19,0.6987500190734863,0.7020000219345093,0.687250018119812,0.6952499747276306,0.6742137670516968,294712000,0.0,0.0
2015-10-20,0.6922500133514404,0.6974999904632568,0.6869999766349792,0.6942499876022339,0.6732442378997803,264824000,0.0,0.0
2015-10-21,0.6984999775886536,0.702750027179718,0.6840000152587891,0.6852499842643738,0.6645163297653198,386280000,0.0,0.0
2015-10-22,0.6932500004768372,0.7122499942779541,0.6922500133514404,0.7099999785423279,0.6885177493095398,306884000,0.0,0.0
2015-10-23,0.7162500023841858,0.7195000052452087,0.7055000066757202,0.7147499918937683,0.6931238174438477,381776000,0.0,0.0
2015-10-26,0.7152500152587891,0.7170000076293945,0.7049999833106995,0.7114999890327454,0.6899721026420593,247436000,0.0,0.0
2015-10-27,0.7080000042915344,0.715499997138977,0.7074999809265137,0.7110000252723694,0.6894872784614563,208268000,0.0,0.0
2015-10-28,0.715499997138977,0.7167500257492065,0.7049999833106995,0.7167500257492065,0.6950634121894836,217036000,0.0,0.0
2015-10-29,0.7052500247955322,0.7124999761581421,0.690750002861023,0.6919999718666077,0.6710619330406189,327168000,0.0,0.0
2015-10-30,0.6995000243186951,0.7142500281333923,0.6942499876022339,0.7092499732971191,0.6877901554107666,301160000,0.0,0.0
2015-11-02,0.7114999890327454,0.7182499766349792,0.7072499990463257,0.7174999713897705,0.6957906484603882,190088000,0.0,0.0
2015-11-03,0.7132499814033508,0.7172499895095825,0.7045000195503235,0.7124999761581421,0.6909416913986206,376768000,0.0,0.0
2015-11-04,0.7105000019073486,0.715749979019165,0.6974999904632568,0.7007499933242798,0.6795475482940674,442264000,0.0,0.0
2015-11-05,0.7042499780654907,0.706250011920929,0.690750002861023,0.6927499771118164,0.6717895865440369,478800000,0.0,0.0
2015-11-06,0.7612500190734863,0.7985000014305115,0.7455000281333923,0.7887499928474426,0.7648850083351135,1172272000,0.0,0.0
2015-11-09,0.781000018119812,0.7875000238418579,0.7742499709129333,0.7852500081062317,0.7614906430244446,492568000,0.0,0.0
2015-11-10,0.7749999761581421,0.7792500257492065,0.7537500262260437,0.7702500224113464,0.746944785118103,552260000,0.0,0.0
2015-11-11,0.7707499861717224,0.7762500047683716,0.7599999904632568,0.7627500295639038,0.739671528339386,619896000,0.0,0.0
2015-11-12,0.7609999775886536,0.7680000066757202,0.7567499876022339,0.7599999904632568,0.7370045781135559,291080000,0.0,0.0
2015-11-13,0.7607499957084656,0.7639999985694885,0.7412499785423279,0.7450000047683716,0.7224584221839905,292940000,0.0,0.0
2015-11-16,0.7547500133514404,0.7605000138282776,0.7487499713897705,0.7599999904632568,0.7370045781135559,344280000,0.0,0.0
2015-11-17,0.7620000243186951,0.7664999961853027,0.7567499876022339,0.7599999904632568,0.7370045781135559,257048000,0.0,0.0
2015-11-18,0.7602499723434448,0.7767500281333923,0.7519999742507935,0.7757499814033508,0.7551345825195312,350216000,0.002875,0.0
2015-11-19,0.7785000205039978,0.7857499718666077,0.7722499966621399,0.777999997138977,0.7573248147964478,254072000,0.0,0.0
2015-11-20,0.7837499976158142,0.7892500162124634,0.7789999842643738,0.7847499847412109,0.7638956904411316,239744000,0.0,0.0
2015-11-23,0.7912499904632568,0.7912499904632568,0.7702500224113464,0.7730000019073486,0.7524579763412476,242552000,0.0,0.0
2015-11-24,0.7730000019073486,0.7860000133514404,0.7695000171661377,0.7792500257492065,0.7585417628288269,195428000,0.0,0.0
2015-11-25,0.7777500152587891,0.7870000004768372,0.7754999995231628,0.778249979019165,0.7575682401657104,138300000,0.0,0.0
2015-11-27,0.7797499895095825,0.7872499823570251,0.7757499814033508,0.7847499847412109,0.7638956904411316,86996000,0.0,0.0
2015-11-30,0.7854999899864197,0.796500027179718,0.7847499847412109,0.7929999828338623,0.7719263434410095,327244000,0.0,0.0
2015-12-01,0.800000011920929,0.8195000290870667,0.7992500066757202,0.8187500238418579,0.7969918847084045,409496000,0.0,0.0
2015-12-02,0.8199999928474426,0.828499972820282,0.8107500076293945,0.8125,0.7909082770347595,294240000,0.0,0.0
2015-12-03,0.8190000057220459,0.8274999856948853,0.8067499995231628,0.8107500076293945,0.7892047166824341,246656000,0.0,0.0
2015-12-04,0.8107500076293945,0.8452500104904175,0.8107500076293945,0.84375,0.8213276863098145,458756000,0.0,0.0
2015-12-07,0.843500018119812,0.843500018119812,0.8252500295639038,0.827750027179718,0.805752694606781,333588000,0.0,0.0
2015-12-08,0.8174999952316284,0.8424999713897705,0.812250018119812,0.8389999866485596,0.8167036771774292,314488000,0.0,0.0
2015-12-09,0.8387500047683716,0.84375,0.809249997138977,0.8177499771118164,0.7960184216499329,372676000,0.0,0.0
2015-12-10,0.8202499747276306,0.8289999961853027,0.8174999952316284,0.8245000243186951,0.8025892376899719,236596000,0.0,0.0
2015-12-11,0.8162500262260437,0.8220000267028809,0.8105000257492065,0.812250018119812,0.7906646132469177,227320000,0.0,0.0
2015-12-14,0.8130000233650208,0.8187500238418579,0.8044999837875366,0.8142499923706055,0.7926115393638611,275892000,0.0,0.0
2015-12-15,0.8234999775886536,0.8299999833106995,0.8190000057220459,0.8242499828338623,0.802345871925354,307296000,0.0,0.0
2015-12-16,0.8259999752044678,0.8320000171661377,0.8187500238418579,0.8292499780654907,0.8072129487991333,236356000,0.0,0.0
2015-12-17,0.8305000066757202,0.8389999866485596,0.8162500262260437,0.8167499899864197,0.795045018196106,254160000,0.0,0.0
2015-12-18,0.8109999895095825,0.8192499876022339,0.8025000095367432,0.8034999966621399,0.7821471691131592,395896000,0.0,0.0
2015-12-21,0.812250018119812,0.8232499957084656,0.8050000071525574,0.8224999904632568,0.8006423115730286,284216000,0.0,0.0
2015-12-22,0.824999988079071,0.8314999938011169,0.8182500004768372,0.8232499957084656,0.801372230052948,130012000,0.0,0.0
2015-12-23,0.8245000243186951,0.8297500014305115,0.8230000138282776,0.8264999985694885,0.8045362234115601,122524000,0.0,0.0
2015-12-24,0.8240000009536743,0.831250011920929,0.8227499723434448,0.8292499780654907,0.8072129487991333,52448000,0.0,0.0
2015-12-28,0.8205000162124634,0.828499972820282,0.8090000152587891,0.828499972820282,0.8064829707145691,142024000,0.0,0.0
2015-12-29,0.8289999961853027,0.8445000052452087,0.8267499804496765,0.8420000076293945,0.8196240663528442,203660000,0.0,0.0
2015-12-30,0.8412500023841858,0.8485000133514404,0.8345000147819519,0.8347499966621399,0.8125665783882141,180344000,0.0,0.0
2015-12-31,0.8335000276565552,0.8372499942779541,0.8240000009536743,0.8240000009536743,0.8021024465560913,148528000,0.0,0.0
2016-01-04,0.8072500228881836,0.8144999742507935,0.8009999990463257,0.809249997138977,0.7877445816993713,358076000,0.0,0.0
2016-01-05,0.8245000243186951,0.8360000252723694,0.8125,0.8222500085830688,0.8003988862037659,490272000,0.0,0.0
2016-01-06,0.8087499737739563,0.8125,0.7789999842643738,0.7882500290870667,0.7673026919364929,449344000,0.0,0.0
2016-01-07,0.7684999704360962,0.7737500071525574,0.746999979019165,0.7570000290870667,0.7368830442428589,645304000,0.0,0.0
2016-01-08,0.7667499780654907,0.7674999833106995,0.7392500042915344,0.7407500147819519,0.7210648655891418,398472000,0.0,0.0
2016-01-11,0.7415000200271606,0.7472500205039978,0.7287499904632568,0.7419999837875366,0.7222815752029419,409372000,0.0,0.0
2016-01-12,0.7552499771118164,0.765500009059906,0.7492499947547913,0.7544999718666077,0.7344494462013245,469356000,0.0,0.0
2016-01-13,0.7602499723434448,0.765250027179718,0.7307500243186951,0.7315000295639038,0.7120605707168579,481672000,0.0,0.0
2016-01-14,0.7164999842643738,0.7250000238418579,0.6955000162124634,0.7167500257492065,0.6977027654647827,600236000,0.0,0.0
2016-01-15,0.6880000233650208,0.6962500214576721,0.6660000085830688,0.6777499914169312,0.6597390174865723,841452000,0.0,0.0
2016-01-19,0.6917499899864197,0.7112500071525574,0.6804999709129333,0.6832500100135803,0.6650927066802979,457140000,0.0,0.0
2016-01-20,0.6702499985694885,0.6957499980926514,0.6612499952316284,0.6869999766349792,0.6687430739402771,481180000,0.0,0.0
2016-01-21,0.6945000290870667,0.7057499885559082,0.6802499890327454,0.6949999928474426,0.6765307784080505,481456000,0.0,0.0
2016-01-22,0.7082499861717224,0.7160000205039978,0.7067499756813049,0.7112500071525574,0.6923487782478333,257996000,0.0,0.0
2016-01-25,0.7110000252723694,0.7192500233650208,0.7089999914169312,0.7105000019073486,0.6916187405586243,270728000,0.0,0.0
2016-01-26,0.7120000123977661,0.7204999923706055,0.7047500014305115,0.7174999713897705,0.6984328627586365,227944000,0.0,0.0
2016-01-27,0.7164999842643738,0.71875,0.6955000162124634,0.7089999914169312,0.6901585459709167,231700000,0.0,0.0
2016-01-28,0.7147499918937683,0.7172499895095825,0.6875,0.7012500166893005,0.6826145648956299,276776000,0.0,0.0
2016-01-29,0.7072499990463257,0.7337499856948853,0.7045000195503235,0.7322499752044678,0.712790846824646,310504000,0.0,0.0
2016-02-01,0.7315000295639038,0.7362499833106995,0.7252500057220459,0.7325000166893005,0.7130340933799744,289884000,0.0,0.0
2016-02-02,0.7250000238418579,0.7287499904632568,0.6965000033378601,0.7014999985694885,0.6828577518463135,341908000,0.0,0.0
2016-02-03,0.7070000171661377,0.7112500071525574,0.6887500286102295,0.7049999833106995,0.6862646341323853,326772000,0.0,0.0
2016-02-04,0.7059999704360962,0.7212499976158142,0.6982499957084656,0.7052500247955322,0.6865083575248718,348140000,0.0,0.0
2016-02-05,0.7005000114440918,0.7082499861717224,0.6587499976158142,0.6607499718666077,0.6431906819343567,600428000,0.0,0.0
2016-02-08,0.6507499814033508,0.6539999842643738,0.6212499737739563,0.6305000185966492,0.6137445569038391,608852000,0.0,0.0
2016-02-09,0.6230000257492065,0.6637499928474426,0.6200000047683716,0.6372500061988831,0.6203151941299438,425372000,0.0,0.0
2016-02-10,0.6412500143051147,0.6597499847412109,0.6322500109672546,0.6357499957084656,0.6188552379608154,335800000,0.0,0.0
2016-02-11,0.6194999814033508,0.6389999985694885,0.6194999814033508,0.6324999928474426,0.615691602230072,340144000,0.0,0.0
2016-02-12,0.6424999833106995,0.6445000171661377,0.6187499761581421,0.6432499885559082,0.6261559128761292,340816000,0.0,0.0
2016-02-16,0.6524999737739563,0.6757500171661377,0.6504999995231628,0.6747499704360962,0.6568185687065125,485352000,0.0,0.0
2016-02-17,0.6832500100135803,0.6980000138282776,0.6804999709129333,0.6915000081062317,0.6731234788894653,771468000,0.0,0.0
2016-02-18,0.7482500076293945,0.7745000123977661,0.7475000023841858,0.7509999871253967,0.7310424447059631,1068660000,0.0,0.0
2016-02-19,0.746999979019165,0.7677500247955322,0.7412499785423279,0.7609999775886536,0.740776538848877,525628000,0.0,0.0
2016-02-22,0.7720000147819519,0.796750009059906,0.7705000042915344,0.7879999876022339,0.7670591473579407,449668000,0.0,0.0
2016-02-23,0.7817500233650208,0.7975000143051147,0.777999997138977,0.7900000214576721,0.7690063118934631,369380000,0.0,0.0
2016-02-24,0.7867500185966492,0.796750009059906,0.7649999856948853,0.7954999804496765,0.774359941482544,336852000,0.0,0.0
2016-02-25,0.7985000014305115,0.8012499809265137,0.7829999923706055,0.797249972820282,0.7760634422302246,349616000,0.0,0.0
2016-02-26,0.8009999990463257,0.8029999732971191,0.7839999794960022,0.7919999957084656,0.7709529995918274,361964000,0.0,0.0
2016-02-29,0.7902500033378601,0.8004999756813049,0.7835000157356262,0.7839999794960022,0.7659457921981812,323344000,0.002875,0.0
2016-03-01,0.7860000133514404,0.8187500238418579,0.7847499847412109,0.8187500238418579,0.7998956441879272,348700000,0.0,0.0
2016-03-02,0.8142499923706055,0.8264999985694885,0.812749981880188,0.8234999775886536,0.8045364022254944,233812000,0.0,0.0
2016-03-03,0.8224999904632568,0.8259999752044678,0.8052499890327454,0.8162500262260437,0.7974533438682556,302004000,0.0,0.0
2016-03-04,0.8224999904632568,0.8232499957084656,0.8075000047683716,0.8137500286102295,0.7950108051300049,175304000,0.0,0.0
2016-03-07,0.809249997138977,0.8147500157356262,0.7979999780654907,0.8084999918937683,0.7898816466331482,239968000,0.0,0.0
2016-03-08,0.8002499938011169,0.8050000071525574,0.7912499904632568,0.793749988079071,0.7754713296890259,274940000,0.0,0.0
2016-03-09,0.8007500171661377,0.8019999861717224,0.7829999923706055,0.7932500243186951,0.7749829888343811,222788000,0.0,0.0
2016-03-10,0.7979999780654907,0.8025000095367432,0.7760000228881836,0.7919999957084656,0.7737617492675781,286084000,0.0,0.0
2016-03-11,0.8037499785423279,0.8057500123977661,0.7942500114440918,0.8054999709129333,0.7869507670402527,277400000,0.0,0.0
2016-03-14,0.8017500042915344,0.8107500076293945,0.7979999780654907,0.8075000047683716,0.78890460729599,190312000,0.0,0.0
2016-03-15,0.8032500147819519,0.8084999918937683,0.7892500162124634,0.8034999966621399,0.7849966883659363,226216000,0.0,0.0
2016-03-16,0.7975000143051147,0.8302500247955322,0.793749988079071,0.8274999856948853,0.8084440231323242,363644000,0.0,0.0
2016-03-17,0.8245000243186951,0.828499972820282,0.809249997138977,0.8205000162124634,0.8016054034233093,353680000,0.0,0.0
2016-03-18,0.8302500247955322,0.856249988079071,0.824999988079071,0.8452500104904175,0.8257855772972107,545512000,0.0,0.0
2016-03-21,0.8377500176429749,0.8479999899864197,0.8287500143051147,0.8477500081062317,0.8282279372215271,337780000,0.0,0.0
2016-03-22,0.8450000286102295,0.8522499799728394,0.8357499837875366,0.8462499976158142,0.826762318611145,242012000,0.0,0.0
2016-03-23,0.8500000238418579,0.8669999837875366,0.8462499976158142,0.8607500195503235,0.8409284353256226,429008000,0.0,0.0
2016-03-24,0.8529999852180481,0.8634999990463257,0.8502500057220459,0.8619999885559082,0.842149555683136,244956000,0.0,0.0
2016-03-28,0.8604999780654907,0.8744999766349792,0.859499990940094,0.8707500100135803,0.8506982922554016,265388000,0.0,0.0
2016-03-29,0.8669999837875366,0.8867499828338623,0.8650000095367432,0.8847500085830688,0.8643757104873657,261812000,0.0,0.0
2016-03-30,0.8880000114440918,0.90625,0.887499988079071,0.8939999938011169,0.8734129071235657,376700000,0.0,0.0
2016-03-31,0.8980000019073486,0.8999999761581421,0.8837500214576721,0.890749990940094,0.8702377080917358,379884000,0.0,0.0
2016-04-01,0.8852499723434448,0.9042500257492065,0.8784999847412109,0.9037500023841858,0.8829381465911865,348292000,0.0,0.0
2016-04-04,0.9112499952316284,0.9160000085830688,0.8914999961853027,0.8949999809265137,0.8743897080421448,393940000,0.0,0.0
2016-04-05,0.8870000243186951,0.9020000100135803,0.8834999799728394,0.893750011920929,0.8731685280799866,339568000,0.0,0.0
2016-04-06,0.8824999928474426,0.8955000042915344,0.8657500147819519,0.8949999809265137,0.8743897080421448,453376000,0.0,0.0
2016-04-07,0.8892499804496765,0.8972499966621399,0.8820000290870667,0.8857499957084656,0.8653527498245239,378104000,0.0,0.0
2016-04-08,0.8930000066757202,0.8987500071525574,0.8827499747276306,0.8914999961853027,0.8709702491760254,255936000,0.0,0.0
2016-04-11,0.8967499732971191,0.9117500185966492,0.8939999938011169,0.8970000147819519,0.8763437867164612,387524000,0.0,0.0
2016-04-12,0.8999999761581421,0.9012500047683716,0.8784999847412109,0.8960000276565552,0.8753669857978821,292764000,0.0,0.0
2016-04-13,0.8999999761581421,0.918749988079071,0.8999999761581421,0.9185000061988831,0.8973486423492432,350716000,0.0,0.0
2016-04-14,0.9160000085830688,0.925000011920929,0.9122499823570251,0.9210000038146973,0.8997908234596252,416564000,0.0,0.0
2016-04-15,0.9207500219345093,0.9365000128746033,0.9177500009536743,0.9282500147819519,0.9068741202354431,436972000,0.0,0.0
2016-04-18,0.9265000224113464,0.9265000224113464,0.9152500033378601,0.9242500066757202,0.9029662013053894,307320000,0.0,0.0
2016-04-19,0.9277499914169312,0.9294999837875366,0.9020000100135803,0.9077500104904175,0.8868459463119507,309152000,0.0,0.0
2016-04-20,0.90625,0.9167500138282776,0.9052500128746033,0.9112499952316284,0.8902654051780701,200172000,0.0,0.0
2016-04-21,0.9114999771118164,0.9157500267028809,0.90625,0.9102500081062317,0.889288604259491,178280000,0.0,0.0
2016-04-22,0.9132500290870667,0.9194999933242798,0.9037500023841858,0.9067500233650208,0.8858690857887268,223540000,0.0,0.0
2016-04-25,0.9070000052452087,0.9162499904632568,0.9045000076293945,0.9112499952316284,0.8902654051780701,191972000,0.0,0.0
2016-04-26,0.9167500138282776,0.9272500276565552,0.9079999923706055,0.9120000004768372,0.8909983038902283,214536000,0.0,0.0
2016-04-27,0.9097499847412109,0.9332500100135803,0.9079999923706055,0.9327499866485596,0.9112704396247864,352396000,0.0,0.0
2016-04-28,0.9269999861717224,0.9325000047683716,0.9027500152587891,0.9049999713897705,0.8841591477394104,381224000,0.0,0.0
2016-04-29,0.9012500047683716,0.903249979019165,0.8784999847412109,0.8882499933242798,0.8677951693534851,321904000,0.0,0.0
2016-05-02,0.8967499732971191,0.9054999947547913,0.8924999833106995,0.8999999761581421,0.8792746067047119,256076000,0.0,0.0
2016-05-03,0.8897500038146973,0.8934999704360962,0.8815000057220459,0.8892499804496765,0.8687721490859985,224024000,0.0,0.0
2016-05-04,0.8784999847412109,0.8792499899864197,0.8600000143051147,0.8690000176429749,0.8489885330200195,525764000,0.0,0.0
2016-05-05,0.8762500286102295,0.8845000267028809,0.8677499890327454,0.8742499947547913,0.8541175723075867,246884000,0.0,0.0
2016-05-06,0.8727499842643738,0.8855000138282776,0.8709999918937683,0.8832499980926514,0.862910270690918,183240000,0.0,0.0
2016-05-09,0.8855000138282776,0.8892499804496765,0.874750018119812,0.8820000290870667,0.861689031124115,333336000,0.0,0.0
2016-05-10,0.887499988079071,0.9004999995231628,0.8790000081062317,0.8989999890327454,0.8782976865768433,269676000,0.0,0.0
2016-05-11,0.9017500281333923,0.9114999771118164,0.8967499732971191,0.9014999866485596,0.8807399868965149,328176000,0.0,0.0
2016-05-12,0.9079999923706055,0.9120000004768372,0.8732500076293945,0.8892499804496765,0.8687721490859985,670540000,0.0,0.0
2016-05-13,0.9797499775886536,1.024999976158142,0.9750000238418579,1.0245000123977661,1.0009074211120605,2110256000,0.0,0.0
2016-05-16,1.0167499780654907,1.0700000524520874,1.0134999752044678,1.0547499656677246,1.0304609537124634,973032000,0.0,0.0
2016-05-17,1.0499999523162842,1.0644999742507935,1.0364999771118164,1.0570000410079956,1.0326592922210693,628392000,0.0,0.0
2016-05-18,1.0499999523162842,1.096250057220459,1.0499999523162842,1.0839999914169312,1.0590373277664185,541072000,0.0,0.0
2016-05-19,1.0797499418258667,1.096500039100647,1.0782500505447388,1.0887500047683716,1.0636780261993408,398880000,0.0,0.0
2016-05-20,1.0954999923706055,1.1127500534057617,1.09375,1.1082500219345093,1.0827291011810303,391084000,0.0,0.0
2016-05-23,1.1130000352859497,1.1172499656677246,1.1032500267028809,1.1100000143051147,1.084438681602478,413636000,0.0,0.0
2016-05-24,1.1104999780654907,1.1375000476837158,1.1074999570846558,1.1339999437332153,1.1107628345489502,415788000,0.002875,0.0
2016-05-25,1.1375000476837158,1.1422499418258667,1.1202499866485596,1.1292500495910645,1.1061103343963623,458076000,0.0,0.0
2016-05-26,1.131250023841858,1.1495000123977661,1.128000020980835,1.1412500143051147,1.1178643703460693,309964000,0.0,0.0
2016-05-27,1.1425000429153442,1.1492500305175781,1.1387499570846558,1.1475000381469727,1.1239863634109497,277416000,0.0,0.0
2016-05-31,1.152500033378601,1.1705000400543213,1.1517499685287476,1.1679999828338623,1.1440659761428833,412524000,0.0,0.0
2016-06-01,1.162500023841858,1.18149995803833,1.159000039100647,1.1702500581741333,1.146270513534546,387132000,0.0,0.0
2016-06-02,1.1764999628067017,1.1885000467300415,1.1649999618530273,1.1785000562667847,1.154350996017456,329208000,0.0,0.0
2016-06-03,1.1670000553131104,1.1684999465942383,1.1414999961853027,1.1619999408721924,1.1381891965866089,461076000,0.0,0.0
2016-06-06,1.1649999618530273,1.1740000247955322,1.149999976158142,1.156000018119812,1.132312536239624,322512000,0.0,0.0
2016-06-07,1.1629999876022339,1.1694999933242798,1.1577500104904175,1.1582499742507935,1.1345158815383911,193400000,0.0,0.0
2016-06-08,1.1584999561309814,1.162750005722046,1.1449999809265137,1.1545000076293945,1.130842924118042,234616000,0.0,0.0
2016-06-09,1.1505000591278076,1.1862499713897705,1.1480000019073486,1.184499979019165,1.1602281332015991,472168000,0.0,0.0
2016-06-10,1.1705000400543213,1.180999994277954,1.153499960899353,1.1549999713897705,1.1313326358795166,400024000,0.0,0.0
2016-06-13,1.15625,1.1924999952316284,1.15625,1.1697499752044678,1.1457805633544922,475588000,0.0,0.0
2016-06-14,1.1670000553131104,1.1775000095367432,1.1540000438690186,1.1720000505447388,1.1479840278625488,298344000,0.0,0.0
2016-06-15,1.1817500591278076,1.1942499876022339,1.1687500476837158,1.184000015258789,1.1597384214401245,301036000,0.0,0.0
2016-06-16,1.1752500534057617,1.190750002861023,1.1637500524520874,1.1887500286102295,1.1643911600112915,246456000,0.0,0.0
2016-06-17,1.190250039100647,1.190500020980835,1.1632499694824219,1.1679999828338623,1.1440659761428833,471000000,0.0,0.0
2016-06-20,1.186750054359436,1.2042499780654907,1.1859999895095825,1.1890000104904175,1.1646360158920288,293768000,0.0,0.0
2016-06-21,1.194000005722046,1.1972500085830688,1.1799999475479126,1.1817500591278076,1.1575348377227783,212508000,0.0,0.0
2016-06-22,1.184249997138977,1.1920000314712524,1.1787500381469727,1.1807500123977661,1.156554937362671,202620000,0.0,0.0
2016-06-23,1.1920000314712524,1.2135000228881836,1.191249966621399,1.212249994277954,1.1874092817306519,297880000,0.0,0.0
2016-06-24,1.162500023841858,1.184000015258789,1.1325000524520874,1.1432499885559082,1.1198233366012573,1017684000,0.0,0.0
2016-06-27,1.1337499618530273,1.1425000429153442,1.1142499446868896,1.13100004196167,1.1078242063522339,449088000,0.0,0.0
2016-06-28,1.152500033378601,1.153749942779541,1.1317499876022339,1.1475000381469727,1.1239863634109497,381920000,0.0,0.0
2016-06-29,1.1575000286102295,1.1752500534057617,1.1545000076293945,1.1662499904632568,1.1423519849777222,318932000,0.0,0.0
2016-06-30,1.1682499647140503,1.1825000047683716,1.158750057220459,1.1752500534057617,1.1511677503585815,430940000,0.0,0.0
2016-07-01,1.1687500476837158,1.184000015258789,1.162500023841858,1.1664999723434448,1.1425971984863281,218488000,0.0,0.0
2016-07-05,1.159999966621399,1.1857500076293945,1.1507500410079956,1.183750033378601,1.1594940423965454,371084000,0.0,0.0
2016-07-06,1.1755000352859497,1.1982500553131104,1.1694999933242798,1.191249966621399,1.166839361190796,273104000,0.0,0.0
2016-07-07,1.1992499828338623,1.2265000343322754,1.193750023841858,1.222249984741211,1.197204828262329,395400000,0.0,0.0
2016-07-08,1.2352499961853027,1.277250051498413,1.2304999828338623,1.2712500095367432,1.245200514793396,481932000,0.0,0.0
2016-07-11,1.2894999980926514,1.309999942779541,1.2879999876022339,1.3005000352859497,1.273850917816162,448776000,0.0,0.0
2016-07-12,1.315000057220459,1.3320000171661377,1.2984999418258667,1.3200000524520874,1.2929514646530151,436760000,0.0,0.0
2016-07-13,1.3224999904632568,1.3300000429153442,1.3174999952316284,1.3194999694824219,1.2924621105194092,324604000,0.0,0.0
2016-07-14,1.3265000581741333,1.3450000286102295,1.315500020980835,1.3329999446868896,1.3056851625442505,316892000,0.0,0.0
2016-07-15,1.315999984741211,1.3235000371932983,1.2960000038146973,1.3174999952316284,1.290502905845642,428616000,0.0,0.0
2016-07-18,1.3337500095367432,1.3357499837875366,1.3192499876022339,1.3242499828338623,1.2971144914627075,252992000,0.0,0.0
2016-07-19,1.3235000371932983,1.343250036239624,1.3209999799728394,1.3380000591278076,1.310583233833313,382652000,0.0,0.0
2016-07-20,1.3424999713897705,1.3627500534057617,1.3370000123977661,1.3554999828338623,1.3277242183685303,296460000,0.0,0.0
2016-07-21,1.3524999618530273,1.3567500114440918,1.3259999752044678,1.3305000066757202,1.3032363653182983,361308000,0.0,0.0
2016-07-22,1.3352500200271606,1.3667500019073486,1.3255000114440918,1.3667500019073486,1.3387434482574463,315768000,0.0,0.0
2016-07-25,1.375,1.3952499628067017,1.36899995803833,1.3919999599456787,1.363476276397705,312528000,0.0,0.0
2016-07-26,1.4042500257492065,1.4229999780654907,1.402250051498413,1.4157500267028809,1.3867393732070923,514508000,0.0,0.0
2016-07-27,1.4279999732971191,1.4305000305175781,1.3930000066757202,1.4014999866485596,1.37278151512146,446676000,0.0,0.0
2016-07-28,1.4047499895095825,1.4149999618530273,1.40024995803833,1.4045000076293945,1.3757200241088867,221916000,0.0,0.0
2016-07-29,1.409749984741211,1.431249976158142,1.3845000267028809,1.4275000095367432,1.3982486724853516,409588000,0.0,0.0
2016-08-01,1.433500051498413,1.4387500286102295,1.409000039100647,1.4182499647140503,1.3891884088516235,301120000,0.0,0.0
2016-08-02,1.4249999523162842,1.4257500171661377,1.3875000476837158,1.4010000228881836,1.3722916841506958,282748000,0.0,0.0
2016-08-03,1.3992500305175781,1.4075000286102295,1.3914999961853027,1.4047499895095825,1.3759647607803345,299828000,0.0,0.0
2016-08-04,1.4114999771118164,1.437250018119812,1.408750057220459,1.4307500123977661,1.401431918144226,272712000,0.0,0.0
2016-08-05,1.4472500085830688,1.4557499885559082,1.440250039100647,1.4550000429153442,1.4251854419708252,371588000,0.0,0.0
2016-08-08,1.475000023841858,1.4785000085830688,1.4529999494552612,1.468500018119812,1.4384087324142456,305064000,0.0,0.0
2016-08-09,1.4757499694824219,1.4865000247955322,1.468500018119812,1.472249984741211,1.4420818090438843,372344000,0.0,0.0
2016-08-10,1.4852499961853027,1.4874999523162842,1.4579999446868896,1.46274995803833,1.4327760934829712,375740000,0.0,0.0
2016-08-11,1.4704999923706055,1.4987499713897705,1.4674999713897705,1.4924999475479126,1.4619165658950806,681064000,0.0,0.0
2016-08-12,1.5475000143051147,1.5844999551773071,1.5157500505447388,1.5759999752044678,1.543705940246582,1425744000,0.0,0.0
2016-08-15,1.5777499675750732,1.587499976158142,1.5532499551773071,1.5744999647140503,1.5422362089157104,573304000,0.0,0.0
2016-08-16,1.5722500085830688,1.5747499465942383,1.5602500438690186,1.565000057220459,1.5329313278198242,287652000,0.0,0.0
2016-08-17,1.565000057220459,1.56850004196167,1.5164999961853027,1.528749942779541,1.4974241256713867,595212000,0.0,0.0
2016-08-18,1.5264999866485596,1.5549999475479126,1.5204999446868896,1.5525000095367432,1.5206876993179321,331684000,0.0,0.0
2016-08-19,1.5517499446868896,1.5682499408721924,1.5449999570846558,1.55649995803833,1.5246055126190186,291560000,0.0,0.0
2016-08-22,1.5612499713897705,1.565250039100647,1.5427500009536743,1.562999963760376,1.5309722423553467,244748000,0.0,0.0
2016-08-23,1.5759999752044678,1.5829999446868896,1.5682499408721924,1.5727499723434448,1.5433611869812012,339764000,0.002875,0.0
2016-08-24,1.5782500505447388,1.5789999961853027,1.5412499904632568,1.5484999418258667,1.5195640325546265,298448000,0.0,0.0
2016-08-25,1.5490000247955322,1.5497499704360962,1.5190000534057617,1.5382499694824219,1.5095057487487793,406032000,0.0,0.0
2016-08-26,1.5422500371932983,1.559499979019165,1.5299999713897705,1.5507500171661377,1.5217722654342651,300024000,0.0,0.0
2016-08-29,1.5570000410079956,1.563249945640564,1.5472500324249268,1.5497499704360962,1.5207910537719727,274652000,0.0,0.0
2016-08-30,1.5477499961853027,1.555999994277954,1.5364999771118164,1.5407500267028809,1.511959195137024,285544000,0.0,0.0
2016-08-31,1.5437500476837158,1.5479999780654907,1.5290000438690186,1.5334999561309814,1.5048444271087646,388544000,0.0,0.0
2016-09-01,1.534749984741211,1.5844999551773071,1.5334999561309814,1.5787500143051147,1.5492494106292725,428492000,0.0,0.0
2016-09-02,1.5820000171661377,1.5837500095367432,1.5455000400543213,1.563249945640564,1.5340389013290405,323148000,0.0,0.0
2016-09-06,1.568750023841858,1.5779999494552612,1.5607500076293945,1.5779999494552612,1.548513412475586,306812000,0.0,0.0
2016-09-07,1.5729999542236328,1.5807499885559082,1.5457500219345093,1.5547499656677246,1.5256974697113037,397988000,0.0,0.0
2016-09-08,1.5532499551773071,1.56850004196167,1.5355000495910645,1.565999984741211,1.5367372035980225,315808000,0.0,0.0
2016-09-09,1.5487500429153442,1.5575000047683716,1.475000023841858,1.4880000352859497,1.4601949453353882,697760000,0.0,0.0
2016-09-12,1.468250036239624,1.5217499732971191,1.4329999685287476,1.5187499523162842,1.490370273590088,598260000,0.0,0.0
2016-09-13,1.5149999856948853,1.5325000286102295,1.4882500171661377,1.496749997138977,1.4687814712524414,471768000,0.0,0.0
2016-09-14,1.500249981880188,1.5149999856948853,1.4877500534057617,1.5099999904632568,1.4817836284637451,319048000,0.0,0.0
2016-09-15,1.5125000476837158,1.569000005722046,1.5089999437332153,1.5672500133514404,1.537964105606079,515212000,0.0,0.0
2016-09-16,1.5727499723434448,1.5812499523162842,1.5529999732971191,1.5709999799728394,1.541643738746643,902444000,0.0,0.0
2016-09-19,1.587499976158142,1.631500005722046,1.5802500247955322,1.5917500257492065,1.5620063543319702,417128000,0.0,0.0
2016-09-20,1.6100000143051147,1.6100000143051147,1.56850004196167,1.5772500038146973,1.5477771759033203,331112000,0.0,0.0
2016-09-21,1.5820000171661377,1.624500036239624,1.5817500352859497,1.621500015258789,1.5912004709243774,336212000,0.0,0.0
2016-09-22,1.63100004196167,1.6360000371932983,1.6162500381469727,1.625499963760376,1.5951253175735474,308732000,0.0,0.0
2016-09-23,1.627500057220459,1.6322499513626099,1.6165000200271606,1.6237499713897705,1.593408465385437,276132000,0.0,0.0
2016-09-26,1.6052500009536743,1.6150000095367432,1.5882500410079956,1.6085000038146973,1.578443169593811,230040000,0.0,0.0
2016-09-27,1.6022499799728394,1.6660000085830688,1.6015000343322754,1.6634999513626099,1.6324158906936646,402752000,0.0,0.0
2016-09-28,1.6660000085830688,1.6707500219345093,1.6482499837875366,1.6694999933242798,1.6383030414581299,319788000,0.0,0.0
2016-09-29,1.6667499542236328,1.690250039100647,1.6512500047683716,1.684999942779541,1.6535134315490723,336684000,0.0,0.0
2016-09-30,1.6942499876022339,1.7297500371932983,1.684249997138977,1.7130000591278076,1.6809905767440796,429932000,0.0,0.0
2016-10-03,1.7130000591278076,1.7377500534057617,1.7082500457763672,1.7112499475479126,1.6792731285095215,242596000,0.0,0.0
2016-10-04,1.7137500047683716,1.7424999475479126,1.6947499513626099,1.7074999809265137,1.6755931377410889,281624000,0.0,0.0
2016-10-05,1.722000002861023,1.7395000457763672,1.7005000114440918,1.7057499885559082,1.6738759279251099,305440000,0.0,0.0
2016-10-06,1.6852500438690186,1.6957499980926514,1.656499981880188,1.683500051498413,1.652042269706726,360212000,0.0,0.0
2016-10-07,1.6947499513626099,1.6992499828338623,1.6664999723434448,1.6712499856948853,1.6400206089019775,286260000,0.0,0.0
2016-10-10,1.6799999475479126,1.6890000104904175,1.6617499589920044,1.6775000095367432,1.6461539268493652,287876000,0.0,0.0
2016-10-11,1.6720000505447388,1.6744999885559082,1.6404999494552612,1.653249979019165,1.6223572492599487,388540000,0.0,0.0
2016-10-12,1.6464999914169312,1.6694999933242798,1.6327500343322754,1.6607500314712524,1.629717230796814,419920000,0.0,0.0
2016-10-13,1.6412500143051147,1.6449999809265137,1.5924999713897705,1.6337499618530273,1.6032217741012573,390116000,0.0,0.0
2016-10-14,1.653749942779541,1.6649999618530273,1.6399999856948853,1.649749994277954,1.6189227104187012,330636000,0.0,0.0
2016-10-17,1.6495000123977661,1.6649999618530273,1.6380000114440918,1.6402499675750732,1.6095997095108032,195328000,0.0,0.0
2016-10-18,1.6629999876022339,1.6747499704360962,1.65625,1.6652499437332153,1.6341325044631958,269372000,0.0,0.0
2016-10-19,1.6540000438690186,1.6694999933242798,1.6454999446868896,1.6617499589920044,1.6306978464126587,199060000,0.0,0.0
2016-10-20,1.681249976158142,1.6987500190734863,1.6575000286102295,1.6932499408721924,1.6616095304489136,312084000,0.0,0.0
2016-10-21,1.687250018119812,1.691499948501587,1.6725000143051147,1.6885000467300415,1.6569483280181885,279508000,0.0,0.0
2016-10-24,1.7000000476837158,1.7697499990463257,1.6997499465942383,1.7677500247955322,1.7347173690795898,339836000,0.0,0.0
2016-10-25,1.7647500038146973,1.8075000047683716,1.756250023841858,1.7967499494552612,1.763175368309021,397460000,0.0,0.0
2016-10-26,1.781749963760376,1.8237500190734863,1.7799999713897705,1.8040000200271606,1.7702901363372803,333792000,0.0,0.0
2016-10-27,1.8177499771118164,1.8212499618530273,1.7597500085830688,1.7669999599456787,1.7339816093444824,388664000,0.0,0.0
2016-10-28,1.7755000591278076,1.8025000095367432,1.7607500553131104,1.7640000581741333,1.7310377359390259,290856000,0.0,0.0
2016-10-31,1.7697499990463257,1.7907500267028809,1.7687499523162842,1.7790000438690186,1.7457573413848877,252388000,0.0,0.0
2016-11-01,1.7855000495910645,1.7952500581741333,1.7072499990463257,1.7262500524520874,1.6939929723739624,473224000,0.0,0.0
2016-11-02,1.7395000457763672,1.7630000114440918,1.715999960899353,1.718999981880188,1.6868783235549927,295848000,0.0,0.0
2016-11-03,1.7269999980926514,1.7285000085830688,1.6660000085830688,1.6990000009536743,1.6672523021697998,309664000,0.0,0.0
2016-11-04,1.687749981880188,1.718250036239624,1.6644999980926514,1.6892499923706055,1.657684326171875,328780000,0.0,0.0
2016-11-07,1.7387499809265137,1.7929999828338623,1.7374999523162842,1.781749963760376,1.7484558820724487,487580000,0.0,0.0
2016-11-08,1.7884999513626099,1.7942500114440918,1.7625000476837158,1.7790000438690186,1.7457573413848877,429884000,0.0,0.0
2016-11-09,1.7307499647140503,1.7725000381469727,1.718000054359436,1.7489999532699585,1.716317892074585,456532000,0.0,0.0
2016-11-10,1.78725004196167,1.787500023841858,1.6690000295639038,1.6942499876022339,1.6625913381576538,869280000,0.0,0.0
2016-11-11,1.9877500534057617,2.219249963760376,1.962499976158142,2.1992499828338623,2.1581544876098633,2175344000,0.0,0.0
2016-11-14,2.2022500038146973,2.2047500610351562,2.0905001163482666,2.0910000801086426,2.0519275665283203,1348796000,0.0,0.0
2016-11-15,2.1072499752044678,2.1862499713897705,2.098249912261963,2.154750108718872,2.114485263824463,626092000,0.0,0.0
2016-11-16,2.183500051498413,2.313999891281128,2.158750057220459,2.290750026702881,2.2479441165924072,987984000,0.0,0.0
2016-11-17,2.3077499866485596,2.3697500228881836,2.266249895095825,2.3097500801086426,2.266589403152466,832988000,0.0,0.0
2016-11-18,2.3097500801086426,2.3582499027252197,2.2950000762939453,2.3340001106262207,2.29038667678833,576060000,0.0,0.0
2016-11-21,2.352250099182129,2.358750104904175,2.309999942779541,2.32450008392334,2.2810635566711426,436436000,0.0,0.0
2016-11-22,2.3324999809265137,2.3434998989105225,2.309499979019165,2.341249942779541,2.2975006103515625,330368000,0.0,0.0
2016-11-23,2.3429999351501465,2.3812499046325684,2.3192501068115234,2.349250078201294,2.308802604675293,443236000,0.0035,0.0
2016-11-25,2.3605000972747803,2.377500057220459,2.335249900817871,2.3540000915527344,2.313471794128418,195564000,0.0,0.0
2016-11-28,2.346750020980835,2.368499994277954,2.3399999141693115,2.352750062942505,2.3122432231903076,278736000,0.0,0.0
2016-11-29,2.3499999046325684,2.3610000610351562,2.3132500648498535,2.331249952316284,2.2911128997802734,444568000,0.0,0.0
2016-11-30,2.3399999141693115,2.3540000915527344,2.302500009536743,2.305000066757202,2.2653145790100098,440500000,0.0,0.0
2016-12-01,2.302500009536743,2.3042500019073486,2.1192500591278076,2.190999984741211,2.153277635574341,1035524000,0.0,0.0
2016-12-02,2.15625,2.2200000286102295,2.128000020980835,2.211250066757202,2.1731791496276855,478292000,0.0,0.0
2016-12-05,2.2497498989105225,2.3152499198913574,2.2249999046325684,2.296999931335449,2.2574522495269775,602284000,0.0,0.0
2016-12-06,2.3052499294281006,2.343250036239624,2.289249897003174,2.334749937057495,2.294552803039551,498796000,0.0,0.0
2016-12-07,2.321000099182129,2.382499933242798,2.302500009536743,2.3767499923706055,2.335829734802246,480804000,0.0,0.0
2016-12-08,2.3797500133514404,2.4154999256134033,2.3262500762939453,2.3369998931884766,2.296764612197876,381544000,0.0,0.0
2016-12-09,2.3550000190734863,2.356750011444092,2.2677500247955322,2.2955000400543213,2.25597882270813,382312000,0.0,0.0
2016-12-12,2.2462499141693115,2.2487499713897705,2.188499927520752,2.2397499084472656,2.201188564300537,601332000,0.0,0.0
2016-12-13,2.2522499561309814,2.3072500228881836,2.2512500286102295,2.279249906539917,2.2400076389312744,387796000,0.0,0.0
2016-12-14,2.313499927520752,2.4277501106262207,2.289249897003174,2.411250114440918,2.3697354793548584,983980000,0.0,0.0
2016-12-15,2.422499895095825,2.498500108718872,2.4149999618530273,2.467750072479248,2.425262928009033,746548000,0.0,0.0
2016-12-16,2.4957499504089355,2.5174999237060547,2.4432499408721924,2.5102500915527344,2.467031240463257,1089528000,0.0,0.0
2016-12-19,2.492500066757202,2.5612499713897705,2.4749999046325684,2.540750026702881,2.4970059394836426,744656000,0.0,0.0
2016-12-20,2.614500045776367,2.653249979019165,2.6029999256134033,2.6292500495910645,2.583982467651367,848056000,0.0,0.0
2016-12-21,2.6410000324249268,2.648750066757202,2.592750072479248,2.645750045776367,2.600198268890381,576136000,0.0,0.0
2016-12-22,2.6705000400543213,2.721750020980835,2.663249969482422,2.6777501106262207,2.6316468715667725,718612000,0.0,0.0
2016-12-23,2.6594998836517334,2.746000051498413,2.656749963760376,2.744499921798706,2.6972482204437256,647692000,0.0,0.0
2016-12-27,2.801500082015991,2.934000015258789,2.7804999351501465,2.933000087738037,2.882503032684326,1194272000,0.0,0.0
2016-12-28,2.990000009536743,2.9982500076293945,2.717250108718872,2.731250047683716,2.6842265129089355,2295764000,0.0,0.0
2016-12-29,2.622499942779541,2.78725004196167,2.569999933242798,2.785749912261963,2.737788438796997,2175368000,0.0,0.0
2016-12-30,2.783750057220459,2.7980000972747803,2.6575000286102295,2.6684999465942383,2.622555732727051,1212932000,0.0,0.0
2017-01-03,2.609999895095825,2.659250020980835,2.484499931335449,2.5502500534057617,2.5063414573669434,1501996000,0.0,0.0
2017-01-04,2.5850000381469727,2.637500047683716,2.538249969482422,2.6097500324249268,2.5648179054260254,1199220000,0.0,0.0
2017-01-05,2.6132500171661377,2.6454999446868896,2.526249885559082,2.5434999465942383,2.499708890914917,984296000,0.0,0.0
2017-01-06,2.5712499618530273,2.606250047683716,2.5299999713897705,2.577500104904175,2.5331225395202637,822856000,0.0,0.0
2017-01-09,2.5875000953674316,2.700000047683716,2.5875000953674316,2.681999921798706,2.6358237266540527,916248000,0.0,0.0
2017-01-10,2.6952500343322754,2.729749917984009,2.640749931335449,2.661750078201294,2.615922689437866,880920000,0.0,0.0
2017-01-11,2.6500000953674316,2.6549999713897705,2.603749990463257,2.628999948501587,2.5837364196777344,525664000,0.0,0.0
2017-01-12,2.60575008392334,2.617500066757202,2.5404999256134033,2.5859999656677246,2.5414772033691406,625616000,0.0,0.0
2017-01-13,2.5899999141693115,2.625,2.5764999389648438,2.585750102996826,2.5412309169769287,457820000,0.0,0.0
2017-01-17,2.575000047683716,2.5799999237060547,2.5142500400543213,2.527750015258789,2.484229803085327,580612000,0.0,0.0
2017-01-18,2.50600004196167,2.580749988555908,2.477750062942505,2.5737500190734863,2.52943754196167,654424000,0.0,0.0
2017-01-19,2.5767500400543213,2.6614999771118164,2.57450008392334,2.628999948501587,2.5837364196777344,644872000,0.0,0.0
2017-01-20,2.6519999504089355,2.6700000762939453,2.578000068664551,2.600250005722046,2.5554816722869873,492024000,0.0,0.0
2017-01-23,2.5950000286102295,2.6475000381469727,2.5924999713897705,2.6272499561309814,2.582016706466675,369904000,0.0,0.0
2017-01-24,2.637500047683716,2.689500093460083,2.622499942779541,2.6832499504089355,2.637052297592163,428052000,0.0,0.0
2017-01-25,2.726249933242798,2.7325000762939453,2.658250093460083,2.6947500705718994,2.6483540534973145,522760000,0.0,0.0
2017-01-26,2.697499990463257,2.7487499713897705,2.6675000190734863,2.7412500381469727,2.694053888320923,458800000,0.0,0.0
2017-01-27,2.7482500076293945,2.7972500324249268,2.721250057220459,2.794250011444092,2.7461414337158203,471996000,0.0,0.0
2017-01-30,2.7730000019073486,2.77524995803833,2.6977500915527344,2.750499963760376,2.703144073486328,496004000,0.0,0.0
2017-01-31,2.723750114440918,2.7512500286102295,2.7049999237060547,2.7295000553131104,2.6825053691864014,362756000,0.0,0.0
2017-02-01,2.7644999027252197,2.8529999256134033,2.746500015258789,2.848750114440918,2.7997028827667236,590004000,0.0,0.0
2017-02-02,2.8324999809265137,2.8935000896453857,2.801500082015991,2.8847498893737793,2.8350830078125,483240000,0.0,0.0
2017-02-03,2.8862500190734863,2.8975000381469727,2.8475000858306885,2.859499931335449,2.8102688789367676,372744000,0.0,0.0
2017-02-06,2.8499999046325684,2.9332499504089355,2.8499999046325684,2.9327499866485596,2.8822572231292725,506768000,0.0,0.0
2017-02-07,2.9674999713897705,3.0230000019073486,2.947499990463257,2.978250026702881,2.9269745349884033,746224000,0.0,0.0
2017-02-08,2.9600000381469727,2.9827499389648438,2.9094998836517334,2.965250015258789,2.914196729660034,449580000,0.0,0.0
2017-02-09,2.9714999198913574,2.9765000343322754,2.890000104904175,2.9094998836517334,2.8594071865081787,842568000,0.0,0.0
2017-02-10,2.9982500076293945,3.0174999237060547,2.815000057220459,2.8405001163482666,2.791594982147217,1651092000,0.0,0.0
2017-02-13,2.834749937057495,2.8494999408721924,2.7049999237060547,2.7095000743865967,2.662850856781006,1180724000,0.0,0.0
2017-02-14,2.6997499465942383,2.7537500858306885,2.657249927520752,2.7195000648498535,2.6726787090301514,850632000,0.0,0.0
2017-02-15,2.7225000858306885,2.744999885559082,2.694000005722046,2.7249999046325684,2.678083658218384,373020000,0.0,0.0
2017-02-16,2.7347500324249268,2.7360000610351562,2.6414999961853027,2.6812500953674316,2.635087013244629,647176000,0.0,0.0
2017-02-17,2.6675000190734863,2.6852500438690186,2.6197500228881836,2.6807498931884766,2.6345958709716797,563740000,0.0,0.0
2017-02-21,2.705749988555908,2.780750036239624,2.7054998874664307,2.776750087738037,2.7289435863494873,551952000,0.0,0.0
2017-02-22,2.7855000495910645,2.7950000762939453,2.7497498989105225,2.7690000534057617,2.7247607707977295,433772000,0.0035,0.0
2017-02-23,2.637500047683716,2.659749984741211,2.492000102996826,2.5122499465942383,2.4721126556396484,1592888000,0.0,0.0
2017-02-24,2.4267499446868896,2.549999952316284,2.3924999237060547,2.5364999771118164,2.49597430229187,1029904000,0.0,0.0
2017-02-27,2.555000066757202,2.625499963760376,2.5390000343322754,2.6102499961853027,2.568547248840332,715400000,0.0,0.0
2017-02-28,2.619999885559082,2.630000114440918,2.5195000171661377,2.5369999408721924,2.496467113494873,625360000,0.0,0.0
2017-03-01,2.594749927520752,2.609250068664551,2.527750015258789,2.5697500705718994,2.5286941528320312,504804000,0.0,0.0
2017-03-02,2.5567500591278076,2.571000099182129,2.472249984741211,2.4749999046325684,2.435457229614258,754332000,0.0,0.0
2017-03-03,2.464250087738037,2.469249963760376,2.4054999351501465,2.460750102996826,2.4214353561401367,864692000,0.0,0.0
2017-03-06,2.4240000247955322,2.452500104904175,2.3792500495910645,2.4417500495910645,2.4027397632598877,883568000,0.0,0.0
2017-03-07,2.4417500495910645,2.4882500171661377,2.4287500381469727,2.4684998989105225,2.4290614128112793,603400000,0.0,0.0
2017-03-08,2.5174999237060547,2.5325000286102295,2.461750030517578,2.4639999866485596,2.424633264541626,638712000,0.0,0.0
2017-03-09,2.4477500915527344,2.4862499237060547,2.434999942779541,2.4635000228881836,2.4241418838500977,478060000,0.0,0.0
2017-03-10,2.4902501106262207,2.5022499561309814,2.4595000743865967,2.4779999256134033,2.4384090900421143,499740000,0.0,0.0
2017-03-13,2.4885001182556152,2.5562500953674316,2.4877500534057617,2.546250104904175,2.5055689811706543,774136000,0.0,0.0
2017-03-14,2.5592501163482666,2.5687499046325684,2.5117499828338623,2.5445001125335693,2.503847599029541,522016000,0.0,0.0
2017-03-15,2.5562500953674316,2.5747499465942383,2.507999897003174,2.5637500286102295,2.5227887630462646,615036000,0.0,0.0
2017-03-16,2.57450008392334,2.595750093460083,2.5602500438690186,2.595249891281128,2.553786516189575,523100000,0.0,0.0
2017-03-17,2.61299991607666,2.6530001163482666,2.595249891281128,2.651750087738037,2.609384059906006,1119688000,0.0,0.0
2017-03-20,2.6695001125335693,2.7402501106262207,2.653249979019165,2.7362499237060547,2.692533493041992,748568000,0.0,0.0
2017-03-21,2.71875,2.749000072479248,2.6397500038146973,2.647749900817871,2.605447769165039,913484000,0.0,0.0
2017-03-22,2.6364998817443848,2.7065000534057617,2.632499933242798,2.7017500400543213,2.6585845947265625,616764000,0.0,0.0
2017-03-23,2.6937499046325684,2.7139999866485596,2.6675000190734863,2.6772499084472656,2.63447642326355,533940000,0.0,0.0
2017-03-24,2.724250078201294,2.7322499752044678,2.6605000495910645,2.6867499351501465,2.643825054168701,439500000,0.0,0.0
2017-03-27,2.6394999027252197,2.710249900817871,2.5894999504089355,2.706249952316284,2.663013458251953,506644000,0.0,0.0
2017-03-28,2.7074999809265137,2.722249984741211,2.6817500591278076,2.6922500133514404,2.6492366790771484,432444000,0.0,0.0
2017-03-29,2.6997499465942383,2.712249994277954,2.6812500953674316,2.683500051498413,2.6406261920928955,349992000,0.0,0.0
2017-03-30,2.6907498836517334,2.75,2.684999942779541,2.734999895095825,2.6913042068481445,525532000,0.0,0.0
2017-03-31,2.725250005722046,2.7472500801086426,2.7100000381469727,2.723249912261963,2.679741382598877,440808000,0.0,0.0
2017-04-03,2.723750114440918,2.7412500381469727,2.685499906539917,2.7095000743865967,2.6662116050720215,445232000,0.0,0.0
2017-04-04,2.5850000381469727,2.6105000972747803,2.508500099182129,2.5195000171661377,2.479246139526367,1271280000,0.0,0.0
2017-04-05,2.500499963760376,2.5592501163482666,2.487499952316284,2.5007500648498535,2.4607958793640137,747048000,0.0,0.0
2017-04-06,2.50600004196167,2.53125,2.460249900817871,2.5190000534057617,2.478754758834839,635120000,0.0,0.0
2017-04-07,2.5255000591278076,2.54325008392334,2.493000030517578,2.5082499980926514,2.4681761264801025,429068000,0.0,0.0
2017-04-10,2.509000062942505,2.515749931335449,2.440000057220459,2.4442501068115234,2.4051995277404785,756332000,0.0,0.0
2017-04-11,2.413749933242798,2.4725000858306885,2.408750057220459,2.453000068664551,2.413809061050415,618148000,0.0,0.0
2017-04-12,2.453000068664551,2.4674999713897705,2.427500009536743,2.4327499866485596,2.393883228302002,414092000,0.0,0.0
2017-04-13,2.408250093460083,2.4302499294281006,2.3872499465942383,2.3872499465942383,2.349109411239624,506892000,0.0,0.0
2017-04-17,2.40024995803833,2.4809999465942383,2.3949999809265137,2.48075008392334,2.4411158561706543,497292000,0.0,0.0
2017-04-18,2.466249942779541,2.4885001182556152,2.440000057220459,2.4822499752044678,2.442591428756714,370116000,0.0,0.0
2017-04-19,2.5,2.5244998931884766,2.4852499961853027,2.492000102996826,2.452186107635498,380828000,0.0,0.0
2017-04-20,2.5067501068115234,2.536250114440918,2.4852499961853027,2.5315001010894775,2.491055727005005,404016000,0.0,0.0
2017-04-21,2.5209999084472656,2.5447499752044678,2.509000062942505,2.5420000553131104,2.501386880874634,341896000,0.0,0.0
2017-04-24,2.5739998817443848,2.5869998931884766,2.5527501106262207,2.5737500190734863,2.5326292514801025,371820000,0.0,0.0
2017-04-25,2.5885000228881836,2.6332499980926514,2.5667500495910645,2.618499994277954,2.576664686203003,388440000,0.0,0.0
2017-04-26,2.6322500705718994,2.6347498893737793,2.5985000133514404,2.6005001068115234,2.5589523315429688,327004000,0.0,0.0
2017-04-27,2.6080000400543213,2.6494998931884766,2.589750051498413,2.6410000324249268,2.5988054275512695,319700000,0.0,0.0
2017-04-28,2.634000062942505,2.6410000324249268,2.601749897003174,2.6075000762939453,2.5658414363861084,348248000,0.0,0.0
2017-05-01,2.618499994277954,2.671250104904175,2.6112499237060547,2.6659998893737793,2.6234066486358643,307732000,0.0,0.0
2017-05-02,2.6387500762939453,2.640000104904175,2.563999891281128,2.5869998931884766,2.545668363571167,629972000,0.0,0.0
2017-05-03,2.5799999237060547,2.615999937057495,2.565000057220459,2.606250047683716,2.5646109580993652,336904000,0.0,0.0
2017-05-04,2.612499952316284,2.6237499713897705,2.588249921798706,2.596250057220459,2.5547711849212646,209788000,0.0,0.0
2017-05-05,2.5845000743865967,2.603749990463257,2.5687499046325684,2.5964999198913574,2.5550174713134766,228428000,0.0,0.0
2017-05-08,2.6085000038146973,2.609999895095825,2.5577499866485596,2.5692501068115234,2.5282022953033447,365240000,0.0,0.0
2017-05-09,2.575000047683716,2.6232500076293945,2.566499948501587,2.573499917984009,2.532383680343628,847672000,0.0,0.0
2017-05-10,2.8572499752044678,3.0455000400543213,2.8505001068115234,3.032249927520752,2.983804702758789,2129096000,0.0,0.0
2017-05-11,3.0012500286102295,3.2607500553131104,2.9977500438690186,3.1624999046325684,3.111973285675049,1939792000,0.0,0.0
2017-05-12,3.165750026702881,3.240000009536743,3.1445000171661377,3.1972498893737793,3.1461689472198486,962620000,0.0,0.0
2017-05-15,3.239000082015991,3.3602499961853027,3.234499931335449,3.3577499389648438,3.3041045665740967,1087540000,0.0,0.0
2017-05-16,3.4094998836517334,3.436000108718872,3.3340001106262207,3.4202499389648438,3.3656058311462402,1120700000,0.0,0.0
2017-05-17,3.3524999618530273,3.371500015258789,3.1887500286102295,3.193000078201294,3.1419870853424072,1271368000,0.0,0.0
2017-05-18,3.237499952316284,3.335750102996826,3.1762499809265137,3.3267500400543213,3.273599863052368,1156032000,0.0,0.0
2017-05-19,3.4257500171661377,3.4554998874664307,3.380500078201294,3.4000000953674316,3.349203109741211,1018372000,0.0035,0.0
2017-05-22,3.4442501068115234,3.486999988555908,3.4332499504089355,3.4725000858306885,3.4206199645996094,836608000,0.0,0.0
2017-05-23,3.492500066757202,3.4947500228881836,3.3927500247955322,3.4257500171661377,3.374568462371826,681248000,0.0,0.0
2017-05-24,3.5239999294281006,3.526750087738037,3.4519999027252197,3.464250087738037,3.4124927520751953,815996000,0.0,0.0
2017-05-25,3.5,3.5007500648498535,3.4110000133514404,3.4565000534057617,3.4048590660095215,608228000,0.0,0.0
2017-05-26,3.4482500553131104,3.631999969482422,3.4277501106262207,3.5460000038146973,3.4930214881896973,779140000,0.0,0.0
2017-05-30,3.5924999713897705,3.657249927520752,3.5762500762939453,3.6217501163482666,3.567640542984009,989652000,0.0,0.0
2017-05-31,3.667249917984009,3.674999952316284,3.5512499809265137,3.608750104904175,3.554835081100464,887316000,0.0,0.0
2017-06-01,3.6247498989105225,3.6257500648498535,3.562999963760376,3.6089999675750732,3.555081367492676,503340000,0.0,0.0
2017-06-02,3.6059999465942383,3.632499933242798,3.5850000381469727,3.5910000801086426,3.537349224090576,487456000,0.0,0.0
2017-06-05,3.57450008392334,3.713249921798706,3.5627501010894775,3.7002499103546143,3.6449668407440186,817376000,0.0,0.0
2017-06-06,3.695499897003174,3.7422499656677246,3.6700000762939453,3.683500051498413,3.628467321395874,758728000,0.0,0.0
2017-06-07,3.708250045776367,3.746999979019165,3.692500114440918,3.7279999256134033,3.672302484512329,612612000,0.0,0.0
2017-06-08,3.8364999294281006,4.0,3.7947499752044678,3.998500108718872,3.9387617111206055,1161744000,0.0,0.0
2017-06-09,4.118500232696533,4.212500095367432,3.5687499046325684,3.740000009536743,3.6841225624084473,3692928000,0.0,0.0
2017-06-12,3.6470000743865967,3.7925000190734863,3.5527501106262207,3.7492499351501465,3.693234443664551,1697532000,0.0,0.0
2017-06-13,3.859999895095825,3.8692500591278076,3.641249895095825,3.7850000858306885,3.7284505367279053,1672504000,0.0,0.0
2017-06-14,3.7880001068115234,3.8515000343322754,3.7125000953674316,3.7929999828338623,3.7363314628601074,1184640000,0.0,0.0
2017-06-15,3.6740000247955322,3.8399999141693115,3.6624999046325684,3.8092501163482666,3.752338171005249,963824000,0.0,0.0
2017-06-16,3.819000005722046,3.867500066757202,3.75600004196167,3.7904999256134033,3.733868360519409,924960000,0.0,0.0
2017-06-19,3.835249900817871,3.9382500648498535,3.8315000534057617,3.933000087738037,3.8742387294769287,778176000,0.0,0.0
2017-06-20,3.975749969482422,4.043499946594238,3.9230000972747803,3.9272499084472656,3.868574619293213,1095444000,0.0,0.0
2017-06-21,3.9552500247955322,3.990499973297119,3.8924999237060547,3.9867498874664307,3.9271867275238037,682652000,0.0,0.0
2017-06-22,3.994999885559082,4.008500099182129,3.934999942779541,3.959249973297119,3.900097608566284,469132000,0.0,0.0
2017-06-23,3.9670000076293945,3.9830000400543213,3.8304998874664307,3.845750093460083,3.7882936000823975,1088588000,0.0,0.0
2017-06-26,3.878999948501587,3.9149999618530273,3.708250045776367,3.8037500381469727,3.7469208240509033,1063960000,0.0,0.0
2017-06-27,3.7860000133514404,3.7947499752044678,3.658750057220459,3.6644999980926514,3.6097514629364014,999492000,0.0,0.0
2017-06-28,3.7330000400543213,3.7985000610351562,3.643749952316284,3.793750047683716,3.737070083618164,994948000,0.0,0.0
2017-06-29,3.765000104904175,3.7679998874664307,3.6019999980926514,3.6670000553131104,3.6122140884399414,1064424000,0.0,0.0
2017-06-30,3.684499979019165,3.6982500553131104,3.5875000953674316,3.614000082015991,3.5600061416625977,731060000,0.0,0.0
2017-07-03,3.6262500286102295,3.641249895095825,3.4644999504089355,3.4832499027252197,3.431209087371826,709072000,0.0,0.0
2017-07-05,3.547499895095825,3.6054999828338623,3.528249979019165,3.5762500762939453,3.5228190422058105,820188000,0.0,0.0
2017-07-06,3.546750068664551,3.634500026702881,3.49399995803833,3.5869998931884766,3.5334088802337646,746284000,0.0,0.0
2017-07-07,3.6445000171661377,3.6875,3.6212499141693115,3.6689999103546143,3.6141839027404785,654972000,0.0,0.0
2017-07-10,3.743499994277954,3.8499999046325684,3.7170000076293945,3.8424999713897705,3.7850914001464844,958492000,0.0,0.0
2017-07-11,3.846250057220459,3.904750108718872,3.8037500381469727,3.8970000743865967,3.838778018951416,757956000,0.0,0.0
2017-07-12,3.9574999809265137,4.074999809265137,3.9140000343322754,4.062749862670898,4.002050876617432,1145208000,0.0,0.0
2017-07-13,4.074999809265137,4.15749979019165,3.96875,4.015749931335449,3.955754518508911,1369132000,0.0,0.0
2017-07-14,4.032249927520752,4.125249862670898,4.02524995803833,4.12375020980835,4.062139987945557,941948000,0.0,0.0
2017-07-17,4.158249855041504,4.1875,4.043749809265137,4.106249809265137,4.044900894165039,930792000,0.0,0.0
2017-07-18,4.04449987411499,4.163750171661377,4.03249979019165,4.14900016784668,4.087012767791748,776640000,0.0,0.0
2017-07-19,4.158249855041504,4.184999942779541,4.115250110626221,4.127500057220459,4.065833568572998,687044000,0.0,0.0
2017-07-20,4.148250102996826,4.187749862670898,4.097750186920166,4.1875,4.124937534332275,699596000,0.0,0.0
2017-07-21,4.166749954223633,4.232500076293945,4.152249813079834,4.202499866485596,4.139713287353516,648332000,0.0,0.0
2017-07-24,4.209750175476074,4.2195000648498535,4.14300012588501,4.153749942779541,4.091691017150879,652524000,0.0,0.0
2017-07-25,4.130499839782715,4.148250102996826,4.0894999504089355,4.133749961853027,4.071990489959717,496556000,0.0,0.0
2017-07-26,4.191999912261963,4.2482500076293945,4.146249771118164,4.18149995803833,4.1190266609191895,640404000,0.0,0.0
2017-07-27,4.20674991607666,4.218500137329102,3.938999891281128,4.043499946594238,3.9830896854400635,782856000,0.0,0.0
2017-07-28,4.00724983215332,4.134500026702881,3.9820001125335693,4.109749794006348,4.048348426818848,513348000,0.0,0.0
2017-07-31,4.123499870300293,4.159999847412109,4.015500068664551,4.062749862670898,4.002050876617432,559672000,0.0,0.0
2017-08-01,4.053249835968018,4.113999843597412,4.025000095367432,4.112249851226807,4.050811767578125,431384000,0.0,0.0
2017-08-02,4.143750190734863,4.147749900817871,4.031750202178955,4.109749794006348,4.048348426818848,478444000,0.0,0.0
2017-08-03,4.109250068664551,4.165750026702881,4.0920000076293945,4.1620001792907715,4.099819660186768,442420000,0.0,0.0
2017-08-04,4.184999942779541,4.2517499923706055,4.1620001792907715,4.18025016784668,4.117795467376709,589096000,0.0,0.0
2017-08-07,4.209750175476074,4.3092498779296875,4.199999809265137,4.308750152587891,4.244374752044678,717412000,0.0,0.0
2017-08-08,4.347249984741211,4.363999843597412,4.217750072479248,4.257500171661377,4.193892002105713,755336000,0.0,0.0
2017-08-09,4.210750102996826,4.30525016784668,4.1917500495910645,4.302750110626221,4.238465309143066,530784000,0.0,0.0
2017-08-10,4.303999900817871,4.316500186920166,4.108250141143799,4.118500232696533,4.05696964263916,1328088000,0.0,0.0
2017-08-11,3.928499937057495,3.9749999046325684,3.8227500915527344,3.8989999294281006,3.840747356414795,1497196000,0.0,0.0
2017-08-14,3.9917500019073486,4.213749885559082,3.9800000190734863,4.210000038146973,4.147102355957031,1279020000,0.0,0.0
2017-08-15,4.215250015258789,4.2417497634887695,4.139750003814697,4.174499988555908,4.112131118774414,764532000,0.0,0.0
2017-08-16,4.1897501945495605,4.213500022888184,4.0960001945495605,4.128749847412109,4.06706428527832,596632000,0.0,0.0
2017-08-17,4.120250225067139,4.137499809265137,4.0345001220703125,4.036749839782715,3.976439952850342,525444000,0.0,0.0
2017-08-18,4.091750144958496,4.109000205993652,3.990999937057495,4.037499904632568,3.9771780967712402,601204000,0.0,0.0
2017-08-21,4.062250137329102,4.073750019073486,3.9342501163482666,3.978749990463257,3.919306993484497,623672000,0.0,0.0
2017-08-22,4.012249946594238,4.06974983215332,3.9927499294281006,4.06374979019165,4.006560802459717,450456000,0.0035,0.0
2017-08-23,4.03000020980835,4.15625,4.021249771118164,4.144999980926514,4.086668014526367,579520000,0.0,0.0
2017-08-24,4.177499771118164,4.182000160217285,4.103000164031982,4.129749774932861,4.07163143157959,469700000,0.0,0.0
2017-08-25,4.154250144958496,4.1645002365112305,4.088749885559082,4.095250129699707,4.03761625289917,357200000,0.0,0.0
2017-08-28,4.114500045776367,4.127500057220459,4.0582499504089355,4.1242499351501465,4.06620979309082,389496000,0.0,0.0
2017-08-29,4.0647501945495605,4.139500141143799,4.05649995803833,4.117499828338623,4.0595526695251465,324096000,0.0,0.0
2017-08-30,4.137499809265137,4.153250217437744,4.106750011444092,4.142000198364258,4.083710193634033,384400000,0.0,0.0
2017-08-31,4.162499904632568,4.239999771118164,4.15500020980835,4.236000061035156,4.176387310028076,612684000,0.0,0.0
2017-09-01,4.24875020980835,4.297500133514404,4.239999771118164,4.261499881744385,4.2015275955200195,445432000,0.0,0.0
2017-09-05,4.209499835968018,4.2144999504089355,4.089000225067139,4.147749900817871,4.089378356933594,695364000,0.0,0.0
2017-09-06,4.181000232696533,4.195000171661377,4.110000133514404,4.145249843597412,4.086913108825684,397672000,0.0,0.0
2017-09-07,4.16225004196167,4.197249889373779,4.12375020980835,4.1645002365112305,4.105892181396484,352868000,0.0,0.0
2017-09-08,4.152750015258789,4.167749881744385,4.067749977111816,4.092249870300293,4.034660339355469,498856000,0.0,0.0
2017-09-11,4.138500213623047,4.235750198364258,4.132999897003174,4.224999904632568,4.165541172027588,567444000,0.0,0.0
2017-09-12,4.25,4.25,4.17425012588501,4.240250110626221,4.180576324462891,411488000,0.0,0.0
2017-09-13,4.214749813079834,4.28849983215332,4.182000160217285,4.259250164031982,4.199310302734375,580960000,0.0,0.0
2017-09-14,4.219749927520752,4.314000129699707,4.195000171661377,4.235000133514404,4.1753997802734375,513712000,0.0,0.0
2017-09-15,4.321499824523926,4.502749919891357,4.316249847412109,4.502749919891357,4.439381122589111,1364792000,0.0,0.0
2017-09-18,4.628499984741211,4.78000020980835,4.621500015258789,4.68874979019165,4.622763633728027,1684460000,0.0,0.0
2017-09-19,4.637750148773193,4.746250152587891,4.615499973297119,4.683750152587891,4.6178364753723145,874280000,0.0,0.0
2017-09-20,4.6875,4.735499858856201,4.605249881744385,4.645999908447266,4.5806169509887695,724920000,0.0,0.0
2017-09-21,4.540999889373779,4.567500114440918,4.440249919891357,4.519000053405762,4.4554033279418945,1075600000,0.0,0.0
2017-09-22,4.507500171661377,4.557750225067139,4.465000152587891,4.474999904632568,4.412022590637207,491232000,0.0,0.0
2017-09-25,4.443749904632568,4.445000171661377,4.254000186920166,4.275000095367432,4.214837551116943,874580000,0.0,0.0
2017-09-26,4.411250114440918,4.4670000076293945,4.258749961853027,4.298999786376953,4.238499164581299,1125620000,0.0,0.0
2017-09-27,4.390500068664551,4.406750202178955,4.318749904632568,4.393249988555908,4.331422805786133,713720000,0.0,0.0
2017-09-28,4.4004998207092285,4.4045000076293945,4.343999862670898,4.392000198364258,4.330190658569336,435244000,0.0,0.0
2017-09-29,4.4770002365112305,4.493249893188477,4.431250095367432,4.469250202178955,4.406351566314697,619092000,0.0,0.0
2017-10-02,4.519999980926514,4.549499988555908,4.425000190734863,4.474999904632568,4.412022590637207,503480000,0.0,0.0
2017-10-03,4.481249809265137,4.514500141143799,4.439499855041504,4.484250068664551,4.421143054962158,390332000,0.0,0.0
2017-10-04,4.490499973297119,4.544250011444092,4.453499794006348,4.521749973297119,4.458115577697754,427848000,0.0,0.0
2017-10-05,4.546500205993652,4.550000190734863,4.488999843597412,4.51924991607666,4.4556498527526855,437364000,0.0,0.0
2017-10-06,4.491250038146973,4.546000003814697,4.474999904632568,4.53249979019165,4.468714714050293,318800000,0.0,0.0
2017-10-09,4.56974983215332,4.66825008392334,4.550749778747559,4.634749889373779,4.569525718688965,563492000,0.0,0.0
2017-10-10,4.785749912261963,4.823750019073486,4.68149995803833,4.723249912261963,4.6567792892456055,974876000,0.0,0.0
2017-10-11,4.739999771118164,4.775000095367432,4.69350004196167,4.773499965667725,4.706322193145752,529508000,0.0,0.0
2017-10-12,4.7769999504089355,4.827250003814697,4.7482500076293945,4.775750160217285,4.708540439605713,528292000,0.0,0.0
2017-10-13,4.838749885559082,4.875,4.791250228881836,4.864749908447266,4.796288013458252,628728000,0.0,0.0
2017-10-16,4.894999980926514,4.951250076293945,4.830999851226807,4.948249816894531,4.8786139488220215,576640000,0.0,0.0
2017-10-17,4.927249908447266,4.972499847412109,4.908750057220459,4.943749904632568,4.874175071716309,478596000,0.0,0.0
2017-10-18,4.952750205993652,4.953499794006348,4.833000183105469,4.939499855041504,4.869985580444336,567316000,0.0,0.0
2017-10-19,4.861000061035156,4.949999809265137,4.81125020980835,4.945000171661377,4.875409126281738,570772000,0.0,0.0
2017-10-20,4.962250232696533,4.989749908447266,4.91349983215332,4.922500133514404,4.853225231170654,451620000,0.0,0.0
2017-10-23,4.944499969482422,4.971250057220459,4.894999980926514,4.915500164031982,4.846325397491455,428696000,0.0,0.0
2017-10-24,4.924749851226807,4.96875,4.898499965667725,4.9670000076293945,4.897098064422607,407244000,0.0,0.0
2017-10-25,4.927000045776367,4.980500221252441,4.779250144958496,4.8414998054504395,4.773364067077637,828160000,0.0,0.0
2017-10-26,4.869500160217285,4.9039998054504395,4.845250129699707,4.892250061035156,4.823400497436523,322744000,0.0,0.0
2017-10-27,4.945000171661377,5.046750068664551,4.918749809265137,5.046500205993652,4.975480556488037,572192000,0.0,0.0
2017-10-30,5.046500205993652,5.152249813079834,5.0304999351501465,5.0960001945495605,5.024284362792969,504056000,0.0,0.0
2017-10-31,5.1282501220703125,5.197249889373779,5.122499942779541,5.170249938964844,5.0974884033203125,411908000,0.0,0.0
2017-11-01,5.233749866485596,5.2492499351501465,5.114999771118164,5.179999828338623,5.1071014404296875,502576000,0.0,0.0
2017-11-02,5.150000095367432,5.195250034332275,5.091249942779541,5.148499965667725,5.07604455947876,342308000,0.0,0.0
2017-11-03,5.179999828338623,5.217249870300293,5.133500099182129,5.217249870300293,5.143825531005859,353640000,0.0,0.0
2017-11-06,5.179999828338623,5.249499797821045,5.167500019073486,5.240749835968018,5.166996479034424,389944000,0.0,0.0
2017-11-07,5.263750076293945,5.322500228881836,5.251500129699707,5.300749778747559,5.226152420043945,427700000,0.0,0.0
2017-11-08,5.296249866485596,5.300000190734863,5.181000232696533,5.229000091552734,5.155412673950195,522988000,0.0,0.0
2017-11-09,5.131750106811523,5.158249855041504,5.009250164031982,5.132999897003174,5.060764312744141,978564000,0.0,0.0
2017-11-10,5.327000141143799,5.466750144958496,5.290750026702881,5.403500080108643,5.327456951141357,1253256000,0.0,0.0
2017-11-13,5.403500080108643,5.4292497634887695,5.300250053405762,5.3157501220703125,5.240940570831299,582376000,0.0,0.0
2017-11-14,5.324999809265137,5.369999885559082,5.280749797821045,5.354499816894531,5.279146194458008,529292000,0.0,0.0
2017-11-15,5.298749923706055,5.300000190734863,5.195000171661377,5.249499797821045,5.175624370574951,501948000,0.0,0.0
2017-11-16,5.32450008392334,5.355000019073486,5.28125,5.290249824523926,5.215799808502197,441768000,0.0,0.0
2017-11-17,5.3480000495910645,5.383749961853027,5.268750190734863,5.283999919891357,5.2096381187438965,515664000,0.0,0.0
2017-11-20,5.299749851226807,5.364250183105469,5.262499809265137,5.3520002365112305,5.276680946350098,396100000,0.0,0.0
2017-11-21,5.392250061035156,5.413000106811523,5.360000133514404,5.401249885559082,5.32523775100708,399176000,0.0,0.0
2017-11-22,5.425000190734863,5.425000190734863,5.340250015258789,5.3732500076293945,5.30131196975708,356640000,0.00375,0.0
2017-11-24,5.389750003814697,5.425000190734863,5.364999771118164,5.423999786376953,5.351382732391357,180752000,0.0,0.0
2017-11-27,5.432750225067139,5.434000015258789,5.350249767303467,5.353499889373779,5.281827449798584,422896000,0.0,0.0
2017-11-28,5.358749866485596,5.368249893188477,5.205999851226807,5.267749786376953,5.1972246170043945,512752000,0.0,0.0
2017-11-29,5.250249862670898,5.252999782562256,4.780749797821045,4.9105000495910645,4.844757556915283,1396788000,0.0,0.0
2017-11-30,4.980000019073486,5.066999912261963,4.916250228881836,5.017749786376953,4.9505720138549805,823768000,0.0,0.0
2017-12-01,4.982749938964844,5.0032501220703125,4.8117499351501465,4.941999912261963,4.875836372375488,811548000,0.0,0.0
2017-12-04,5.00124979019165,5.007500171661377,4.612500190734863,4.666500091552734,4.604025840759277,1240844000,0.0,0.0
2017-12-05,4.559999942779541,4.817500114440918,4.514500141143799,4.69350004196167,4.63066291809082,981488000,0.0,0.0
2017-12-06,4.642499923706055,4.753499984741211,4.620999813079834,4.731500148773193,4.668153762817383,467032000,0.0,0.0
2017-12-07,4.798999786376953,4.840000152587891,4.752999782562256,4.799749851226807,4.735489368438721,542600000,0.0,0.0
2017-12-08,4.850249767303467,4.869500160217285,4.778749942779541,4.78725004196167,4.723158359527588,466876000,0.0,0.0
2017-12-11,4.801499843597412,4.869500160217285,4.7855000495910645,4.866499900817871,4.801345348358154,372748000,0.0,0.0
2017-12-12,4.822500228881836,4.8460001945495605,4.747250080108643,4.770999908447266,4.707125663757324,455016000,0.0,0.0
2017-12-13,4.8125,4.81374979019165,4.646999835968018,4.6545000076293945,4.592184543609619,554280000,0.0,0.0
2017-12-14,4.6479997634887695,4.733500003814697,4.614999771118164,4.661749839782715,4.599339485168457,438164000,0.0,0.0
2017-12-15,4.706250190734863,4.809500217437744,4.640500068664551,4.789000034332275,4.724884510040283,670036000,0.0,0.0
2017-12-18,4.829999923706055,4.950500011444092,4.800000190734863,4.947500228881836,4.881263256072998,477704000,0.0,0.0
2017-12-19,4.938000202178955,4.9432501792907715,4.874000072479248,4.902750015258789,4.837113380432129,373100000,0.0,0.0
2017-12-20,4.942500114440918,4.951749801635742,4.863749980926514,4.920000076293945,4.85413122177124,288820000,0.0,0.0
2017-12-21,4.923500061035156,4.948750019073486,4.888750076293945,4.897250175476074,4.831686973571777,300904000,0.0,0.0
2017-12-22,4.860000133514404,4.891250133514404,4.78125,4.881750106811523,4.8163933753967285,466276000,0.0,0.0
2017-12-26,4.82574987411499,4.943749904632568,4.795499801635742,4.935999870300293,4.86991548538208,355080000,0.0,0.0
2017-12-27,4.922500133514404,4.9992499351501465,4.907750129699707,4.9292497634887695,4.863256454467773,329488000,0.0,0.0
2017-12-28,4.953249931335449,4.984499931335449,4.928750038146973,4.934999942779541,4.8689284324646,240248000,0.0,0.0
2017-12-29,4.96150016784668,4.96150016784668,4.837500095367432,4.837500095367432,4.772735595703125,279964000,0.0,0.0
2018-01-02,4.894499778747559,4.987500190734863,4.862500190734863,4.983749866485596,4.917026519775391,355616000,0.0,0.0
2018-01-03,5.102499961853027,5.34250020980835,5.09375,5.3117499351501465,5.240635395050049,914704000,0.0,0.0
2018-01-04,5.394000053405762,5.451250076293945,5.317249774932861,5.339749813079834,5.268261909484863,583268000,0.0,0.0
2018-01-05,5.354750156402588,5.422749996185303,5.2769999504089355,5.385000228881836,5.312903881072998,580124000,0.0,0.0
2018-01-08,5.510000228881836,5.625,5.4644999504089355,5.550000190734863,5.475697040557861,881216000,0.0,0.0
2018-01-09,5.555500030517578,5.5954999923706055,5.466000080108643,5.548500061035156,5.474216938018799,497000000,0.0,0.0
2018-01-10,5.454999923706055,5.5954999923706055,5.400000095367432,5.5920000076293945,5.517134189605713,582664000,0.0,0.0
2018-01-11,5.625,5.656750202178955,5.580249786376953,5.6020002365112305,5.52700138092041,406032000,0.0,0.0
2018-01-12,5.590000152587891,5.624750137329102,5.5335001945495605,5.57450008392334,5.499869346618652,359916000,0.0,0.0
2018-01-16,5.601250171661377,5.687749862670898,5.417250156402588,5.502749919891357,5.429078102111816,702348000,0.0,0.0
2018-01-17,5.517499923706055,5.627999782562256,5.422500133514404,5.618000030517578,5.542787075042725,538408000,0.0,0.0
2018-01-18,5.598499774932861,5.665999889373779,5.566999912261963,5.611000061035156,5.535879611968994,408632000,0.0,0.0
2018-01-19,5.702250003814697,5.777249813079834,5.675000190734863,5.752749919891357,5.6757307052612305,609380000,0.0,0.0
2018-01-22,5.760749816894531,5.843999862670898,5.702499866485596,5.842249870300293,5.764034271240234,550944000,0.0,0.0
2018-01-23,5.896249771118164,5.9957499504089355,5.877500057220459,5.972750186920166,5.892786502838135,475228000,0.0,0.0
2018-01-24,5.97599983215332,6.012249946594238,5.838749885559082,5.894999980926514,5.816076755523682,579972000,0.0,0.0
2018-01-25,5.949999809265137,5.993750095367432,5.893750190734863,5.908750057220459,5.8296427726745605,409884000,0.0,0.0
2018-01-26,5.953000068664551,6.083499908447266,5.940000057220459,6.083250045776367,6.001806735992432,516356000,0.0,0.0
2018-01-29,6.06850004196167,6.202750205993652,6.015250205993652,6.171249866485596,6.088629245758057,455116000,0.0,0.0
2018-01-30,6.027750015258789,6.1605000495910645,5.960249900817871,6.067999839782715,5.986762046813965,570832000,0.0,0.0
2018-01-31,6.14424991607666,6.231750011444092,6.111249923706055,6.144999980926514,6.062729358673096,478576000,0.0,0.0
2018-02-01,5.9629998207092285,6.172500133514404,5.951499938964844,6.012499809265137,5.932003974914551,519224000,0.0,0.0
2018-02-02,5.925000190734863,5.949250221252441,5.779250144958496,5.8379998207092285,5.7598395347595215,718464000,0.0,0.0
2018-02-05,5.675000190734863,5.830749988555908,5.125,5.34250020980835,5.270973205566406,1165204000,0.0,0.0
2018-02-06,5.110000133514404,5.642499923706055,5.099999904632568,5.639500141143799,5.563997268676758,1114800000,0.0,0.0
2018-02-07,5.739500045776367,5.8742499351501465,5.667500019073486,5.71999979019165,5.6434197425842285,802932000,0.0,0.0
2018-02-08,5.8470001220703125,5.880499839782715,5.437749862670898,5.438000202178955,5.365195274353027,1144000000,0.0,0.0
2018-02-09,5.956250190734863,5.972249984741211,5.438000202178955,5.802000045776367,5.7243242263793945,1674604000,0.0,0.0
2018-02-12,5.883999824523926,5.88700008392334,5.6257500648498535,5.70074987411499,5.624427795410156,1093172000,0.0,0.0
2018-02-13,5.664000034332275,5.862500190734863,5.631249904632568,5.8157501220703125,5.737888813018799,625524000,0.0,0.0
2018-02-14,5.775000095367432,6.0647501945495605,5.763750076293945,6.0355000495910645,5.954695224761963,744988000,0.0,0.0
2018-02-15,6.119750022888184,6.209249973297119,6.038000106811523,6.162499904632568,6.079995632171631,698900000,0.0,0.0
2018-02-16,6.135000228881836,6.25,6.086750030517578,6.0960001945495605,6.0143866539001465,637656000,0.0,0.0
2018-02-20,6.118750095367432,6.296750068664551,6.114999771118164,6.2270002365112305,6.1436333656311035,686240000,0.0,0.0
2018-02-21,6.292250156402588,6.29925012588501,6.033999919891357,6.037749767303467,5.956915855407715,892292000,0.0,0.0
2018-02-22,6.0682501792907715,6.140749931335449,5.987500190734863,6.053750038146973,5.976413726806641,534364000,0.00375,0.0
2018-02-23,6.114250183105469,6.148250102996826,6.063000202178955,6.148250102996826,6.069706439971924,415300000,0.0,0.0
2018-02-26,6.195000171661377,6.19950008392334,6.101500034332275,6.1645002365112305,6.085747718811035,469312000,0.0,0.0
2018-02-27,6.137499809265137,6.222750186920166,6.1282501220703125,6.151500225067139,6.0729146003723145,455436000,0.0,0.0
2018-02-28,6.162499904632568,6.202499866485596,6.038249969482422,6.050000190734863,5.972711086273193,523116000,0.0,0.0
2018-03-01,6.047749996185303,6.102250099182129,5.703000068664551,5.80525016784668,5.731088161468506,1040120000,0.0,0.0
2018-03-02,5.696499824523926,5.920000076293945,5.546249866485596,5.91349983215332,5.837955474853516,913428000,0.0,0.0
2018-03-05,5.862750053405762,5.931250095367432,5.73799991607666,5.891250133514404,5.8159894943237305,620776000,0.0,0.0
2018-03-06,5.977499961853027,6.073500156402588,5.934000015258789,6.053999900817871,5.976661682128906,636808000,0.0,0.0
2018-03-07,5.949999809265137,6.098750114440918,5.948750019073486,6.046000003814697,5.9687628746032715,581208000,0.0,0.0
2018-03-08,6.073750019073486,6.073750019073486,5.984749794006348,6.0295000076293945,5.952473163604736,411912000,0.0,0.0
2018-03-09,6.077499866485596,6.146249771118164,6.06125020980835,6.1332502365112305,6.054898738861084,505524000,0.0,0.0
2018-03-12,6.175000190734863,6.324999809265137,6.166749954223633,6.24399995803833,6.164233207702637,605060000,0.0,0.0
2018-03-13,6.28725004196167,6.362500190734863,6.151000022888184,6.192749977111816,6.113639831542969,619772000,0.0,0.0
2018-03-14,6.236249923706055,6.263750076293945,6.1554999351501465,6.218500137329102,6.139058589935303,505496000,0.0,0.0
2018-03-15,6.232250213623047,6.315499782562256,6.190999984741211,6.233500003814697,6.153866767883301,401952000,0.0,0.0
2018-03-16,6.25,6.28125,6.211999893188477,6.26200008392334,6.182003974914551,399456000,0.0,0.0
2018-03-19,6.204500198364258,6.233749866485596,5.925000190734863,6.025000095367432,5.948032855987549,713772000,0.0,0.0
2018-03-20,6.0279998779296875,6.278749942779541,6.0279998779296875,6.239500045776367,6.159791469573975,554696000,0.0,0.0
2018-03-21,6.232999801635742,6.300000190734863,6.1832499504089355,6.214000225067139,6.134617805480957,438688000,0.0,0.0
2018-03-22,6.150000095367432,6.197000026702881,6.008500099182129,6.046249866485596,5.969009876251221,551196000,0.0,0.0
2018-03-23,6.059999942779541,6.0625,5.813000202178955,5.824250221252441,5.7498459815979,735620000,0.0,0.0
2018-03-26,5.949999809265137,6.113249778747559,5.897500038146973,6.111999988555908,6.033918857574463,611424000,0.0,0.0
2018-03-27,6.193749904632568,6.25,5.496250152587891,5.638000011444092,5.565975189208984,1409000000,0.0,0.0
2018-03-28,5.603250026702881,5.734749794006348,5.425000190734863,5.533750057220459,5.4630584716796875,945904000,0.0,0.0
2018-03-29,5.602749824523926,5.887499809265137,5.517499923706055,5.789750099182129,5.715786933898926,916628000,0.0,0.0
2018-04-02,5.718500137329102,5.866250038146973,5.4375,5.526249885559082,5.455652236938477,922092000,0.0,0.0
2018-04-03,5.695000171661377,5.758749961853027,5.533750057220459,5.633749961853027,5.5617804527282715,667432000,0.0,0.0
2018-04-04,5.375249862670898,5.666500091552734,5.349999904632568,5.656000137329102,5.583745002746582,789168000,0.0,0.0
2018-04-05,5.715000152587891,5.728250026702881,5.462250232696533,5.5345001220703125,5.463796615600586,701240000,0.0,0.0
2018-04-06,5.430749893188477,5.539999961853027,5.326749801635742,5.356249809265137,5.287824630737305,662988000,0.0,0.0
2018-04-09,5.420000076293945,5.54925012588501,5.364999771118164,5.385250091552734,5.316452980041504,499524000,0.0,0.0
2018-04-10,5.618000030517578,5.724999904632568,5.5602498054504395,5.697750091552734,5.624961853027344,761676000,0.0,0.0
2018-04-11,5.682750225067139,5.7245001792907715,5.623000144958496,5.656000137329102,5.583745002746582,460244000,0.0,0.0
2018-04-12,5.75,5.882999897003174,5.705249786376953,5.864999771118164,5.790074348449707,593920000,0.0,0.0
2018-04-13,5.9292497634887695,5.937749862670898,5.738749980926514,5.787499904632568,5.713563442230225,503036000,0.0,0.0
2018-04-16,5.794250011444092,5.821000099182129,5.691999912261963,5.78725004196167,5.713320255279541,350792000,0.0,0.0
2018-04-17,5.840000152587891,5.960000038146973,5.783750057220459,5.938499927520752,5.862637042999268,447224000,0.0,0.0
2018-04-18,5.887499809265137,5.981249809265137,5.819250106811523,5.909249782562256,5.83375883102417,391364000,0.0,0.0
2018-04-19,5.793749809265137,5.827499866485596,5.670000076293945,5.72599983215332,5.65285062789917,471996000,0.0,0.0
2018-04-20,5.717249870300293,5.802499771118164,5.68625020980835,5.717750072479248,5.644706726074219,386200000,0.0,0.0
2018-04-23,5.735750198364258,5.787499904632568,5.5707502365112305,5.5970001220703125,5.525497913360596,427508000,0.0,0.0
2018-04-24,5.623000144958496,5.71999979019165,5.464000225067139,5.53000020980835,5.459354877471924,414596000,0.0,0.0
2018-04-25,5.5,5.5395002365112305,5.257500171661377,5.416500091552734,5.3473029136657715,588492000,0.0,0.0
2018-04-26,5.579999923706055,5.638750076293945,5.51324987411499,5.630499839782715,5.558570861816406,375824000,0.0,0.0
2018-04-27,5.737500190734863,5.757500171661377,5.615499973297119,5.658249855041504,5.58596658706665,400848000,0.0,0.0
2018-04-30,5.674749851226807,5.724999904632568,5.603000164031982,5.622499942779541,5.550673484802246,327844000,0.0,0.0
2018-05-01,5.614250183105469,5.681250095367432,5.554999828338623,5.678500175476074,5.605957984924316,253788000,0.0,0.0
2018-05-02,5.675000190734863,5.71999979019165,5.631249904632568,5.657750129699707,5.585473537445068,268248000,0.0,0.0
2018-05-03,5.690000057220459,5.851250171661377,5.64424991607666,5.824749946594238,5.750339984893799,443144000,0.0,0.0
2018-05-04,5.795750141143799,5.979750156402588,5.778250217437744,5.976500034332275,5.900151252746582,400660000,0.0,0.0
2018-05-07,6.082250118255615,6.274750232696533,6.072249889373779,6.2170000076293945,6.137578010559082,687616000,0.0,0.0
2018-05-08,6.217249870300293,6.262750148773193,6.167749881744385,6.260000228881836,6.18002986907959,506616000,0.0,0.0
2018-05-09,6.280250072479248,6.396749973297119,6.252749919891357,6.394499778747559,6.312809944152832,596760000,0.0,0.0
2018-05-10,6.447999954223633,6.512499809265137,6.429999828338623,6.5032501220703125,6.420170307159424,994080000,0.0,0.0
2018-05-11,6.319499969482422,6.494750022888184,6.263500213623047,6.363249778747559,6.281959533691406,1214456000,0.0,0.0
2018-05-14,6.401750087738037,6.462250232696533,6.360000133514404,6.383999824523926,6.302444934844971,523140000,0.0,0.0
2018-05-15,6.31974983215332,6.322500228881836,6.037499904632568,6.138999938964844,6.060574054718018,963528000,0.0,0.0
2018-05-16,6.099999904632568,6.2129998207092285,6.062749862670898,6.15024995803833,6.071681499481201,553828000,0.0,0.0
2018-05-17,6.1519999504089355,6.287499904632568,6.135749816894531,6.192749977111816,6.113639831542969,519784000,0.0,0.0
2018-05-18,6.245250225067139,6.3092498779296875,6.143499851226807,6.148499965667725,6.069953441619873,483716000,0.0,0.0
2018-05-21,6.247000217437744,6.2507500648498535,6.012249946594238,6.105999946594238,6.027995586395264,640624000,0.0,0.0
2018-05-22,6.119500160217285,6.144999980926514,6.006249904632568,6.067500114440918,5.989990234375,518264000,0.0,0.0
2018-05-23,6.006999969482422,6.1897501945495605,6.006249904632568,6.188499927520752,6.113221645355225,442956000,0.00375,0.0
2018-05-24,6.184750080108643,6.235000133514404,6.13100004196167,6.192249774932861,6.116925239562988,437372000,0.0,0.0
2018-05-25,6.204999923706055,6.248499870300293,6.169000148773193,6.23199987411499,6.156190872192383,292112000,0.0,0.0
2018-05-29,6.213749885559082,6.2835001945495605,6.167500019073486,6.214749813079834,6.1391520500183105,352684000,0.0,0.0
2018-05-30,6.24875020980835,6.333499908447266,6.223750114440918,6.324749946594238,6.247813701629639,390996000,0.0,0.0
2018-05-31,6.292500019073486,6.380000114440918,6.281750202178955,6.304749965667725,6.228055477142334,493868000,0.0,0.0
2018-06-01,6.349999904632568,6.446750164031982,6.341249942779541,6.440499782562256,6.362154006958008,421968000,0.0,0.0
2018-06-04,6.474999904632568,6.643499851226807,6.442500114440918,6.621250152587891,6.540706634521484,642024000,0.0,0.0
2018-06-05,6.624499797821045,6.664750099182129,6.579249858856201,6.6267499923706055,6.546140193939209,391712000,0.0,0.0
2018-06-06,6.535749912261963,6.631999969482422,6.51924991607666,6.628749847412109,6.54811429977417,371356000,0.0,0.0
2018-06-07,6.625,6.63700008392334,6.481249809265137,6.572500228881836,6.492549419403076,369448000,0.0,0.0
2018-06-08,6.499000072479248,6.599999904632568,6.480000019073486,6.557000160217285,6.477238178253174,360456000,0.0,0.0
2018-06-11,6.544250011444092,6.586249828338623,6.502500057220459,6.515500068664551,6.436243534088135,265372000,0.0,0.0
2018-06-12,6.542250156402588,6.576749801635742,6.491499900817871,6.564499855041504,6.484646797180176,319160000,0.0,0.0
2018-06-13,6.565999984741211,6.641749858856201,6.550749778747559,6.559999942779541,6.480201721191406,338208000,0.0,0.0
2018-06-14,6.605500221252441,6.730000019073486,6.5904998779296875,6.672749996185303,6.591579437255859,430016000,0.0,0.0
2018-06-15,6.614999771118164,6.686999797821045,6.583749771118164,6.631499767303467,6.550832748413086,432260000,0.0,0.0
2018-06-18,6.586999893188477,6.644999980926514,6.559500217437744,6.6272501945495605,6.546634197235107,356268000,0.0,0.0
2018-06-19,6.5229997634887695,6.591000080108643,6.375500202178955,6.5042500495910645,6.425129413604736,594932000,0.0,0.0
2018-06-20,6.545750141143799,6.611249923706055,6.506999969482422,6.557750225067139,6.47797966003418,369780000,0.0,0.0
2018-06-21,6.590000152587891,6.608500003814697,6.420000076293945,6.427750110626221,6.349560260772705,359516000,0.0,0.0
2018-06-22,6.448750019073486,6.462250232696533,6.2582502365112305,6.273749828338623,6.197434425354004,434160000,0.0,0.0
2018-06-25,6.166250228881836,6.170000076293945,5.888500213623047,5.978000164031982,5.905280590057373,665816000,0.0,0.0
2018-06-26,6.09250020980835,6.141250133514404,5.9977498054504395,6.049749851226807,5.976158618927002,478884000,0.0,0.0
2018-06-27,6.09375,6.160749912261963,5.887499809265137,5.89300012588501,5.821315765380859,453892000,0.0,0.0
2018-06-28,5.882999897003174,6.0335001945495605,5.875249862670898,6.021500110626221,5.9482526779174805,338012000,0.0,0.0
2018-06-29,6.087250232696533,6.099999904632568,5.921249866485596,5.922500133514404,5.850456714630127,392300000,0.0,0.0
2018-07-02,5.852250099182129,6.059750080108643,5.831500053405762,6.056000232696533,5.9823317527771,357572000,0.0,0.0
2018-07-03,6.091000080108643,6.0970001220703125,5.912499904632568,5.921000003814697,5.84897518157959,222732000,0.0,0.0
2018-07-05,5.976749897003174,6.073249816894531,5.9375,6.0682501792907715,5.994433403015137,306216000,0.0,0.0
2018-07-06,6.043499946594238,6.1917500495910645,6.021999835968018,6.1832499504089355,6.108034133911133,296352000,0.0,0.0
2018-07-09,6.2582502365112305,6.26800012588501,6.151750087738037,6.231249809265137,6.155450344085693,303880000,0.0,0.0
2018-07-10,6.243750095367432,6.353499889373779,6.203000068664551,6.331250190734863,6.254234313964844,360016000,0.0,0.0
2018-07-11,6.237500190734863,6.272500038146973,6.177499771118164,6.1882500648498535,6.112973213195801,367508000,0.0,0.0
2018-07-12,6.234000205993652,6.329249858856201,6.223999977111816,6.280749797821045,6.204347610473633,345508000,0.0,0.0
2018-07-13,6.299499988555908,6.299499988555908,6.190499782562256,6.232999801635742,6.15717887878418,246988000,0.0,0.0
2018-07-16,6.204999923706055,6.258500099182129,6.192500114440918,6.204999923706055,6.129519939422607,197036000,0.0,0.0
2018-07-17,6.155250072479248,6.357500076293945,6.129499912261963,6.342249870300293,6.26509952545166,362136000,0.0,0.0
2018-07-18,6.334750175476074,6.348750114440918,6.241000175476074,6.292500019073486,6.21595573425293,277640000,0.0,0.0
2018-07-19,6.273499965667725,6.334750175476074,6.2582502365112305,6.300749778747559,6.224105358123779,235752000,0.0,0.0
2018-07-20,6.298250198364258,6.337500095367432,6.261250019073486,6.272250175476074,6.195952892303467,222352000,0.0,0.0
2018-07-23,6.245500087738037,6.247250080108643,6.081999778747559,6.235249996185303,6.159400939941406,301584000,0.0,0.0
2018-07-24,6.283750057220459,6.371250152587891,6.199999809265137,6.217750072479248,6.142114639282227,354620000,0.0,0.0
2018-07-25,6.227250099182129,6.309500217437744,6.168749809265137,6.296750068664551,6.220152854919434,319112000,0.0,0.0
2018-07-26,6.276500225067139,6.408249855041504,6.259500026702881,6.370999813079834,6.293499946594238,325124000,0.0,0.0
2018-07-27,6.4079999923706055,6.414999961853027,6.245999813079834,6.30049991607666,6.22385835647583,295420000,0.0,0.0
2018-07-30,6.3147501945495605,6.3207502365112305,6.067999839782715,6.103250026702881,6.0290069580078125,340340000,0.0,0.0
2018-07-31,6.092750072479248,6.197000026702881,6.053500175476074,6.121500015258789,6.047036647796631,283988000,0.0,0.0
2018-08-01,6.153250217437744,6.209000110626221,6.097249984741211,6.161749839782715,6.086795806884766,283556000,0.0,0.0
2018-08-02,6.089749813079834,6.269499778747559,6.030250072479248,6.265500068664551,6.189283847808838,269668000,0.0,0.0
2018-08-03,6.290249824523926,6.326499938964844,6.273250102996826,6.302499771118164,6.225834846496582,214288000,0.0,0.0
2018-08-06,6.289750099182129,6.354249954223633,6.24275016784668,6.350749969482422,6.273497104644775,207508000,0.0,0.0
2018-08-07,6.400000095367432,6.442500114440918,6.373000144958496,6.423749923706055,6.345609188079834,258132000,0.0,0.0
2018-08-08,6.425000190734863,6.50600004196167,6.389750003814697,6.4604997634887695,6.381913185119629,262100000,0.0,0.0
2018-08-09,6.478499889373779,6.481249809265137,6.403749942779541,6.411499977111816,6.333508014678955,204280000,0.0,0.0
2018-08-10,6.328750133514404,6.402500152587891,6.317500114440918,6.369750022888184,6.292266368865967,256396000,0.0,0.0
2018-08-13,6.378499984741211,6.525000095367432,6.3767499923706055,6.4029998779296875,6.325111389160156,375208000,0.0,0.0
2018-08-14,6.509500026702881,6.550000190734863,6.42549991607666,6.535749912261963,6.456246376037598,466220000,0.0,0.0
2018-08-15,6.5567498207092285,6.591000080108643,6.397500038146973,6.4770002365112305,6.3982110023498535,591136000,0.0,0.0
2018-08-16,6.547500133514404,6.550000190734863,6.375249862670898,6.435999870300293,6.35770845413208,801260000,0.0,0.0
2018-08-17,6.323500156402588,6.324250221252441,6.093249797821045,6.120500087738037,6.046049118041992,1143188000,0.0,0.0
2018-08-20,6.079500198364258,6.329999923706055,5.9679999351501465,6.196000099182129,6.120628833770752,854388000,0.0,0.0
2018-08-21,6.212500095367432,6.337500095367432,6.192500114440918,6.333000183105469,6.255961894989014,673988000,0.0,0.0
2018-08-22,6.300000190734863,6.575500011444092,6.296500205993652,6.570499897003174,6.490573883056641,749856000,0.0,0.0
2018-08-23,6.531499862670898,6.736999988555908,6.517499923706055,6.671000003814697,6.589850425720215,720684000,0.0,0.0
2018-08-24,6.679500102996826,6.820250034332275,6.675000190734863,6.805500030517578,6.722715377807617,531512000,0.0,0.0
2018-08-27,6.8354997634887695,6.972499847412109,6.803750038146973,6.897500038146973,6.813594818115234,505776000,0.0,0.0
2018-08-28,6.891499996185303,6.9145002365112305,6.738249778747559,6.859499931335449,6.776058197021484,475384000,0.0,0.0
2018-08-29,6.8480000495910645,6.987500190734863,6.827000141143799,6.962250232696533,6.881320953369141,420108000,0.00375,0.0
2018-08-30,6.930749893188477,7.043000221252441,6.9079999923706055,6.945250034332275,6.864518642425537,346608000,0.0,0.0
2018-08-31,6.925000190734863,7.03000020980835,6.914999961853027,7.017000198364258,6.935434341430664,306592000,0.0,0.0
2018-09-04,7.003749847412109,7.130499839782715,6.974999904632568,7.09250020980835,7.010056495666504,391720000,0.0,0.0
2018-09-05,7.074749946594238,7.110499858856201,6.878749847412109,6.9604997634887695,6.879590034484863,393156000,0.0,0.0
2018-09-06,6.943999767303467,6.946499824523926,6.784749984741211,6.817999839782715,6.7387471199035645,322796000,0.0,0.0
2018-09-07,6.724999904632568,6.923250198364258,6.679749965667725,6.796500205993652,6.717497825622559,295420000,0.0,0.0
2018-09-10,6.819250106811523,6.898250102996826,6.775000095367432,6.868249893188477,6.788413047790527,220140000,0.0,0.0
2018-09-11,6.821499824523926,6.909999847412109,6.80049991607666,6.820000171661377,6.740723609924316,243112000,0.0,0.0
2018-09-12,6.779749870300293,6.799499988555908,6.547999858856201,6.704999923706055,6.627060413360596,419092000,0.0,0.0
2018-09-13,6.771500110626221,6.875,6.754000186920166,6.7835001945495605,6.704649448394775,305536000,0.0,0.0
2018-09-14,6.874750137329102,6.977499961853027,6.837500095367432,6.910749912261963,6.830418109893799,386936000,0.0,0.0
2018-09-17,6.885000228881836,6.934500217437744,6.828750133514404,6.848249912261963,6.7686448097229,205528000,0.0,0.0
2018-09-18,6.852250099182129,6.955999851226807,6.768750190734863,6.7754998207092285,6.696741580963135,299520000,0.0,0.0
2018-09-19,6.756750106811523,6.817500114440918,6.706250190734863,6.799499988555908,6.720462322235107,224860000,0.0,0.0
2018-09-20,6.676249980926514,6.718999862670898,6.602499961853027,6.6570000648498535,6.579617500305176,430584000,0.0,0.0
2018-09-21,6.669000148773193,6.715000152587891,6.552750110626221,6.586249828338623,6.509690761566162,435128000,0.0,0.0
2018-09-24,6.554999828338623,6.645999908447266,6.4670000076293945,6.642499923706055,6.565288066864014,293912000,0.0,0.0
2018-09-25,6.709249973297119,6.735499858856201,6.6227498054504395,6.710249900817871,6.632249355316162,280388000,0.0,0.0
2018-09-26,6.715250015258789,6.75600004196167,6.6570000648498535,6.672999858856201,6.595433235168457,268548000,0.0,0.0
2018-09-27,6.708499908447266,6.730000019073486,6.653250217437744,6.684999942779541,6.607293605804443,214428000,0.0,0.0
2018-09-28,6.8182501792907715,7.047999858856201,6.789999961853027,7.0254998207092285,6.9438347816467285,709396000,0.0,0.0
2018-10-01,7.104000091552734,7.301499843597412,7.065000057220459,7.234000205993652,7.1499128341674805,622060000,0.0,0.0
2018-10-02,7.206250190734863,7.318999767303467,7.139500141143799,7.1620001792907715,7.07874870300293,383964000,0.0,0.0
2018-10-03,7.232999801635742,7.240499973297119,7.0632500648498535,7.16825008392334,7.084925651550293,320552000,0.0,0.0
2018-10-04,7.131750106811523,7.15625,6.9045000076293945,6.982250213623047,6.901087760925293,391220000,0.0,0.0
2018-10-05,6.957250118255615,7.019999980926514,6.688499927520752,6.746500015258789,6.6680779457092285,426636000,0.0,0.0
2018-10-08,6.662499904632568,6.7789998054504395,6.501999855041504,6.64424991607666,6.567017555236816,408612000,0.0,0.0
2018-10-09,6.623499870300293,6.718999862670898,6.570000171661377,6.638500213623047,6.561334609985352,273500000,0.0,0.0
2018-10-10,6.531499862670898,6.577750205993652,6.139999866485596,6.142250061035156,6.070852756500244,684940000,0.0,0.0
2018-10-11,6.0542497634887695,6.189000129699707,5.856500148773193,5.8782501220703125,5.809919357299805,725436000,0.0,0.0
2018-10-12,6.137750148773193,6.238500118255615,5.991250038146973,6.16349983215332,6.091854095458984,608236000,0.0,0.0
2018-10-15,6.150000095367432,6.150000095367432,5.883500099182129,5.884500026702881,5.816098213195801,449760000,0.0,0.0
2018-10-16,5.9982500076293945,6.1570000648498535,5.948500156402588,6.145750045776367,6.074310779571533,408712000,0.0,0.0
2018-10-17,6.208499908447266,6.247000217437744,6.0269999504089355,6.076499938964844,6.005866050720215,329668000,0.0,0.0
2018-10-18,6.146500110626221,6.1852498054504395,5.927249908447266,5.988249778747559,5.918642520904541,524020000,0.0,0.0
2018-10-19,6.044000148773193,6.06374979019165,5.692500114440918,5.729249954223633,5.662652492523193,613608000,0.0,0.0
2018-10-22,5.7820000648498535,5.882999897003174,5.676750183105469,5.7804999351501465,5.7133073806762695,368844000,0.0,0.0
2018-10-23,5.510749816894531,5.604750156402588,5.417749881744385,5.526500225067139,5.462259292602539,626436000,0.0,0.0
2018-10-24,5.487750053405762,5.534749984741211,4.971250057220459,4.985249996185303,4.92730188369751,884288000,0.0,0.0
2018-10-25,4.886750221252441,5.243750095367432,4.8420000076293945,5.196000099182129,5.13560152053833,951720000,0.0,0.0
2018-10-26,4.957749843597412,5.120999813079834,4.828000068664551,4.957250118255615,4.899626731872559,664784000,0.0,0.0
2018-10-29,5.09975004196167,5.103250026702881,4.40024995803833,4.640500068664551,4.586559295654297,758016000,0.0,0.0
2018-10-30,4.663750171661377,5.085000038146973,4.640500068664551,5.074999809265137,5.016007900238037,807192000,0.0,0.0
2018-10-31,5.241250038146973,5.3147501945495605,5.100249767303467,5.270750045776367,5.209484577178955,745772000,0.0,0.0
2018-11-01,5.307499885559082,5.462250232696533,5.179749965667725,5.452750205993652,5.3893656730651855,566528000,0.0,0.0
2018-11-02,5.4432501792907715,5.550000190734863,5.255249977111816,5.373000144958496,5.310545444488525,452960000,0.0,0.0
2018-11-05,5.359749794006348,5.3832502365112305,5.131999969482422,5.294250011444092,5.2327094078063965,379332000,0.0,0.0
2018-11-06,5.286250114440918,5.371250152587891,5.238999843597412,5.276500225067139,5.2151665687561035,299012000,0.0,0.0
2018-11-07,5.34375,5.4352498054504395,5.2795000076293945,5.344749927520752,5.282622814178467,483812000,0.0,0.0
2018-11-08,5.284999847412109,5.285749912261963,5.095749855041504,5.149750232696533,5.089890003204346,511352000,0.0,0.0
2018-11-09,5.059999942779541,5.232999801635742,5.026000022888184,5.141749858856201,5.081982612609863,413240000,0.0,0.0
2018-11-12,5.049499988555908,5.071750164031982,4.7164998054504395,4.738500118255615,4.683419227600098,617116000,0.0,0.0
2018-11-13,4.837250232696533,5.105249881744385,4.830999851226807,4.982749938964844,4.924830913543701,644712000,0.0,0.0
2018-11-14,5.15749979019165,5.171999931335449,4.8207502365112305,4.929749965667725,4.872445583343506,526580000,0.0,0.0
2018-11-15,4.923749923706055,5.132500171661377,4.887499809265137,5.059750080108643,5.000934600830078,840708000,0.0,0.0
2018-11-16,4.083000183105469,4.266499996185303,4.040249824523926,4.110750198364258,4.062966346740723,1963520000,0.0,0.0
2018-11-19,4.044750213623047,4.045499801635742,3.6157500743865967,3.617500066757202,3.5754501819610596,1697820000,0.0,0.0
2018-11-20,3.3515000343322754,3.8564999103546143,3.332750082015991,3.7269999980926514,3.6836774349212646,1692032000,0.0,0.0
2018-11-21,3.865499973297119,3.882499933242798,3.590250015258789,3.6177499294281006,3.575697660446167,1025496000,0.0,0.0
2018-11-23,3.582750082015991,3.7397499084472656,3.5697500705718994,3.625,3.5828633308410645,411968000,0.0,0.0
2018-11-26,3.7472500801086426,3.836750030517578,3.6640000343322754,3.8262500762939453,3.781773090362549,814832000,0.0,0.0
2018-11-27,3.799999952316284,3.9252500534057617,3.7637500762939453,3.843250036239624,3.7985754013061523,738060000,0.0,0.0
2018-11-28,3.9619998931884766,4.006999969482422,3.828249931335449,4.0017499923706055,3.955233335494995,804524000,0.0,0.0
2018-11-29,4.0,4.037499904632568,3.9035000801086426,3.934000015258789,3.892162561416626,549172000,0.004,0.0
2018-11-30,3.9437499046325684,4.096499919891357,3.8929998874664307,4.085750102996826,4.042298316955566,729564000,0.0,0.0
2018-12-03,4.315000057220459,4.367000102996826,4.183499813079834,4.250999927520752,4.205791473388672,890804000,0.0,0.0
2018-12-04,4.205999851226807,4.210999965667725,3.9124999046325684,3.9277501106262207,3.8859784603118896,812112000,0.0,0.0
2018-12-06,3.7860000133514404,3.962249994277954,3.770250082015991,3.9572501182556152,3.91516375541687,692308000,0.0,0.0
2018-12-07,3.9614999294281006,3.971750020980835,3.640500068664551,3.6902499198913574,3.651002883911133,681676000,0.0,0.0
2018-12-10,3.6449999809265137,3.821500062942505,3.641249895095825,3.7964999675750732,3.7561235427856445,629472000,0.0,0.0
2018-12-11,3.8889999389648438,3.897249937057495,3.625,3.7047500610351562,3.6653494834899902,671912000,0.0,0.0
2018-12-12,3.7105000019073486,3.819499969482422,3.620500087738037,3.7225000858306885,3.6829116344451904,654136000,0.0,0.0
2018-12-13,3.7697501182556152,3.8345000743865967,3.686000108718872,3.722249984741211,3.682663679122925,471384000,0.0,0.0
2018-12-14,3.6802499294281006,3.7647500038146973,3.637500047683716,3.661250114440918,3.62231183052063,471820000,0.0,0.0
2018-12-17,3.63100004196167,3.703749895095825,3.5309998989105225,3.5894999504089355,3.5513253211975098,662868000,0.0,0.0
2018-12-18,3.6337499618530273,3.7582499980926514,3.606250047683716,3.6735000610351562,3.634431838989258,564372000,0.0,0.0
2018-12-19,3.6394999027252197,3.69350004196167,3.410749912261963,3.46274995803833,3.4259235858917236,745364000,0.0,0.0
2018-12-20,3.4542500972747803,3.5450000762939453,3.3172500133514404,3.377500057220459,3.3415794372558594,749588000,0.0,0.0
2018-12-21,3.404249906539917,3.4375,3.2114999294281006,3.2392499446868896,3.204800844192505,863740000,0.0,0.0
2018-12-24,3.16225004196167,3.249500036239624,3.112499952316284,3.177000045776367,3.14321231842041,463840000,0.0,0.0
2018-12-26,3.2235000133514404,3.3285000324249268,3.1115000247955322,3.327500104904175,3.292111396789551,695100000,0.0,0.0
2018-12-27,3.274749994277954,3.309499979019165,3.129499912261963,3.279249906539917,3.2443747520446777,637044000,0.0,0.0
2018-12-28,3.299999952316284,3.4347500801086426,3.2577500343322754,3.341249942779541,3.305716037750244,628728000,0.0,0.0
2018-12-31,3.384999990463257,3.4177498817443848,3.30649995803833,3.3375000953674316,3.3020052909851074,465140000,0.0,0.0
2019-01-02,3.2660000324249268,3.4619998931884766,3.2512500286102295,3.4054999351501465,3.3692824840545654,508752000,0.0,0.0
2019-01-03,3.344749927520752,3.378999948501587,3.1922500133514404,3.1997499465942383,3.1657207012176514,705552000,0.0,0.0
2019-01-04,3.2734999656677246,3.4432499408721924,3.242500066757202,3.404750108718872,3.368540048599243,585620000,0.0,0.0
2019-01-07,3.4625000953674316,3.6222500801086426,3.410749912261963,3.5850000381469727,3.546872615814209,709160000,0.0,0.0
2019-01-08,3.667249917984009,3.6695001125335693,3.422499895095825,3.4957499504089355,3.4585723876953125,786016000,0.0,0.0
2019-01-09,3.547499895095825,3.6122500896453857,3.496500015258789,3.564500093460083,3.5265917778015137,617260000,0.0,0.0
2019-01-10,3.5450000762939453,3.6394999027252197,3.4839999675750732,3.6307499408721924,3.592136859893799,523156000,0.0,0.0
2019-01-11,3.6082499027252197,3.7437500953674316,3.5802500247955322,3.720750093460083,3.6811792850494385,874764000,0.0,0.0
2019-01-14,3.6679999828338623,3.7864999771118164,3.64424991607666,3.760999917984009,3.721001386642456,730168000,0.0,0.0
2019-01-15,3.7939999103546143,3.833750009536743,3.728250026702881,3.7467501163482666,3.7069029808044434,617012000,0.0,0.0
2019-01-16,3.774250030517578,3.807499885559082,3.7155001163482666,3.7209999561309814,3.681427001953125,470104000,0.0,0.0
2019-01-17,3.6877501010894775,3.833250045776367,3.660249948501587,3.7929999828338623,3.7526612281799316,493436000,0.0,0.0
2019-01-18,3.843250036239624,3.94950008392334,3.791249990463257,3.9232499599456787,3.8815252780914307,651336000,0.0,0.0
2019-01-22,3.8927500247955322,3.9045000076293945,3.6887500286102295,3.719249963760376,3.6796953678131104,661552000,0.0,0.0
2019-01-23,3.7750000953674316,3.864500045776367,3.7007501125335693,3.7322499752044678,3.692556858062744,591020000,0.0,0.0
2019-01-24,3.817500114440918,3.963749885559082,3.8127501010894775,3.946000099182129,3.904033660888672,708972000,0.0,0.0
2019-01-25,3.885999917984009,4.021999835968018,3.7825000286102295,4.003749847412109,3.9611690044403076,1154572000,0.0,0.0
2019-01-28,3.413749933242798,3.5409998893737793,3.2750000953674316,3.4502499103546143,3.4135560989379883,2511528000,0.0,0.0
2019-01-29,3.403749942779541,3.452500104904175,3.27524995803833,3.2899999618530273,3.2550108432769775,1153932000,0.0,0.0
2019-01-30,3.3667500019073486,3.4492499828338623,3.2864999771118164,3.4347500801086426,3.398221015930176,974228000,0.0,0.0
2019-01-31,3.43149995803833,3.6297500133514404,3.4094998836517334,3.59375,3.555530071258545,842852000,0.0,0.0
2019-02-01,3.612499952316284,3.6697499752044678,3.564500093460083,3.6182498931884766,3.5797696113586426,625048000,0.0,0.0
2019-02-04,3.6342499256134033,3.7669999599456787,3.611999988555908,3.7295000553131104,3.6898365020751953,528592000,0.0,0.0
2019-02-05,3.741499900817871,3.785749912261963,3.7074999809265137,3.7487499713897705,3.7088816165924072,542424000,0.0,0.0
2019-02-06,3.782249927520752,3.890000104904175,3.776750087738037,3.825000047683716,3.78432035446167,702464000,0.0,0.0
2019-02-07,3.778249979019165,3.7804999351501465,3.6422500610351562,3.685499906539917,3.6463046073913574,637120000,0.0,0.0
2019-02-08,3.6177499294281006,3.7149999141693115,3.603250026702881,3.7042500972747803,3.6648550033569336,461604000,0.0,0.0
2019-02-11,3.659749984741211,3.7144999504089355,3.612499952316284,3.661250114440918,3.62231183052063,495180000,0.0,0.0
2019-02-12,3.700000047683716,3.7950000762939453,3.685499906539917,3.779249906539917,3.7390565872192383,591060000,0.0,0.0
2019-02-13,3.809000015258789,3.895750045776367,3.7952499389648438,3.822000026702881,3.781352996826172,605372000,0.0,0.0
2019-02-14,3.821000099182129,3.8917500972747803,3.7774999141693115,3.8632500171661377,3.822164297103882,827264000,0.0,0.0
2019-02-15,4.073750019073486,4.096749782562256,3.9105000495910645,3.933500051498413,3.8916664123535156,1516748000,0.0,0.0
2019-02-19,3.9227499961853027,3.9972500801086426,3.9035000801086426,3.9159998893737793,3.874352216720581,551892000,0.0,0.0
2019-02-20,3.945499897003174,4.031499862670898,3.9342501163482666,3.963749885559082,3.9215948581695557,540988000,0.0,0.0
2019-02-21,3.9765000343322754,4.00124979019165,3.879499912261963,3.89424991607666,3.8528342247009277,448548000,0.0,0.0
2019-02-22,3.946500062942505,3.9987499713897705,3.9327499866485596,3.979749917984009,3.9374241828918457,401740000,0.0,0.0
2019-02-25,4.064000129699707,4.131999969482422,3.9584999084472656,3.967250108718872,3.9250571727752686,656020000,0.0,0.0
2019-02-26,3.9625000953674316,4.019000053405762,3.893749952316284,3.927500009536743,3.885730743408203,488464000,0.0,0.0
2019-02-27,3.9130001068115234,3.9397499561309814,3.8277499675750732,3.8852500915527344,3.84393048286438,500256000,0.0,0.0
2019-02-28,3.875,3.8975000381469727,3.8340001106262207,3.8564999103546143,3.819417715072632,324944000,0.004,0.0
2019-03-01,3.906749963760376,3.953749895095825,3.8480000495910645,3.911250114440918,3.8736417293548584,357188000,0.0,0.0
2019-03-04,3.950000047683716,3.9730000495910645,3.862499952316284,3.9195001125335693,3.881812572479248,409992000,0.0,0.0
2019-03-05,3.903749942779541,3.9514999389648438,3.8489999771118164,3.9130001068115234,3.8753747940063477,362924000,0.0,0.0
2019-03-06,3.9040000438690186,3.9124999046325684,3.7985000610351562,3.8012499809265137,3.7646989822387695,403524000,0.0,0.0
2019-03-07,3.7774999141693115,3.78725004196167,3.684999942779541,3.7314999103546143,3.695619583129883,450104000,0.0,0.0
2019-03-08,3.6414999961853027,3.776750087738037,3.619999885559082,3.7660000324249268,3.729788303375244,422416000,0.0,0.0
2019-03-11,3.789750099182129,4.051499843597412,3.7422499656677246,4.028500080108643,3.98976469039917,859728000,0.0,0.0
2019-03-12,4.05649995803833,4.109749794006348,3.979749917984009,4.063000202178955,4.02393102645874,579576000,0.0,0.0
2019-03-13,4.100749969482422,4.244999885559082,4.093249797821045,4.2154998779296875,4.174965858459473,768900000,0.0,0.0
2019-03-14,4.22475004196167,4.23675012588501,4.131249904632568,4.138999938964844,4.099201679229736,519384000,0.0,0.0
2019-03-15,4.182499885559082,4.288249969482422,4.178999900817871,4.245250225067139,4.204429626464844,661484000,0.0,0.0
2019-03-18,4.2769999504089355,4.331250190734863,4.196499824523926,4.223750114440918,4.1831374168396,486992000,0.0,0.0
2019-03-19,4.318999767303467,4.4375,4.302000045776367,4.392749786376953,4.350510120391846,854972000,0.0,0.0
2019-03-20,4.421999931335449,4.475749969482422,4.324999809265137,4.360000133514404,4.318076133728027,719148000,0.0,0.0
2019-03-21,4.3832502365112305,4.625,4.3782501220703125,4.598499774932861,4.554282188415527,824312000,0.0,0.0
2019-03-22,4.571000099182129,4.619999885559082,4.423500061035156,4.4375,4.394831657409668,747644000,0.0,0.0
2019-03-25,4.396500110626221,4.461249828338623,4.277750015258789,4.3445000648498535,4.3027262687683105,525212000,0.0,0.0
2019-03-26,4.487249851226807,4.543749809265137,4.364999771118164,4.421750068664551,4.379232406616211,703508000,0.0,0.0
2019-03-27,4.447500228881836,4.4942498207092285,4.34250020980835,4.412499904632568,4.370071887969971,474372000,0.0,0.0
2019-03-28,4.43874979019165,4.497499942779541,4.377749919891357,4.431250095367432,4.388641834259033,480264000,0.0,0.0
2019-03-29,4.498499870300293,4.513500213623047,4.447750091552734,4.488999843597412,4.445836067199707,456896000,0.0,0.0
2019-04-01,4.581500053405762,4.587500095367432,4.509250164031982,4.557000160217285,4.513181209564209,483824000,0.0,0.0
2019-04-02,4.581250190734863,4.619750022888184,4.538000106811523,4.574999809265137,4.531009197235107,440920000,0.0,0.0
2019-04-03,4.625,4.775000095367432,4.619999885559082,4.7154998779296875,4.6701579093933105,783504000,0.0,0.0
2019-04-04,4.699999809265137,4.7492499351501465,4.643249988555908,4.706500053405762,4.661244869232178,457376000,0.0,0.0
2019-04-05,4.75,4.791250228881836,4.713250160217285,4.773749828338623,4.727848052978516,481744000,0.0,0.0
2019-04-08,4.743000030517578,4.820000171661377,4.71875,4.794750213623047,4.7486467361450195,424192000,0.0,0.0
2019-04-09,4.761000156402588,4.772250175476074,4.689000129699707,4.731500148773193,4.686004638671875,439972000,0.0,0.0
2019-04-10,4.73075008392334,4.828499794006348,4.726250171661377,4.802499771118164,4.756322383880615,444772000,0.0,0.0
2019-04-11,4.804999828338623,4.836750030517578,4.738749980926514,4.78849983215332,4.742455005645752,374600000,0.0,0.0
2019-04-12,4.827499866485596,4.831500053405762,4.741499900817871,4.750249862670898,4.7045745849609375,471708000,0.0,0.0
2019-04-15,4.742499828338623,4.747499942779541,4.577499866485596,4.617499828338623,4.573100566864014,440092000,0.0,0.0
2019-04-16,4.6570000648498535,4.724249839782715,4.624000072479248,4.705249786376953,4.660006999969482,394964000,0.0,0.0
2019-04-17,4.740499973297119,4.761499881744385,4.659749984741211,4.682250022888184,4.6372270584106445,351004000,0.0,0.0
2019-04-18,4.689000129699707,4.723249912261963,4.629499912261963,4.65749979019165,4.612716197967529,380988000,0.0,0.0
2019-04-22,4.633749961853027,4.727499961853027,4.6020002365112305,4.711750030517578,4.666445255279541,279936000,0.0,0.0
2019-04-23,4.724999904632568,4.798250198364258,4.715250015258789,4.766749858856201,4.720915794372559,346856000,0.0,0.0
2019-04-24,4.777249813079834,4.820250034332275,4.716000080108643,4.779250144958496,4.733295440673828,318204000,0.0,0.0
2019-04-25,4.738749980926514,4.761250019073486,4.59250020980835,4.672749996185303,4.627820014953613,499296000,0.0,0.0
2019-04-26,4.517749786376953,4.522250175476074,4.332499980926514,4.452250003814697,4.4094390869140625,868988000,0.0,0.0
2019-04-29,4.460249900817871,4.511250019073486,4.387499809265137,4.483250141143799,4.440141201019287,391920000,0.0,0.0
2019-04-30,4.45074987411499,4.550749778747559,4.43149995803833,4.525000095367432,4.481490612030029,362920000,0.0,0.0
2019-05-01,4.577750205993652,4.620250225067139,4.511499881744385,4.511750221252441,4.468367099761963,354280000,0.0,0.0
2019-05-02,4.521500110626221,4.6217498779296875,4.478000164031982,4.579750061035156,4.535713195800781,394684000,0.0,0.0
2019-05-03,4.588250160217285,4.598249912261963,4.51324987411499,4.575250148773193,4.531257629394531,336824000,0.0,0.0
2019-05-06,4.387499809265137,4.508500099182129,4.349999904632568,4.496250152587891,4.453016757965088,422176000,0.0,0.0
2019-05-07,4.447500228881836,4.447500228881836,4.279250144958496,4.327750205993652,4.28613805770874,555220000,0.0,0.0
2019-05-08,4.300000190734863,4.428750038146973,4.288000106811523,4.3480000495910645,4.306191921234131,419168000,0.0,0.0
2019-05-09,4.278500080108643,4.288249969482422,4.135000228881836,4.254749774932861,4.213837146759033,660248000,0.0,0.0
2019-05-10,4.223750114440918,4.289750099182129,4.099999904632568,4.2204999923706055,4.179917335510254,569500000,0.0,0.0
2019-05-13,4.087500095367432,4.110750198364258,3.9452500343322754,3.961250066757202,3.9231607913970947,656912000,0.0,0.0
2019-05-14,4.00124979019165,4.08650016784668,3.962249994277954,4.051000118255615,4.012046813964844,524880000,0.0,0.0
2019-05-15,3.994999885559082,4.026249885559082,3.9352500438690186,3.989500045776367,3.951138496398926,502320000,0.0,0.0
2019-05-16,3.9839999675750732,4.047749996185303,3.9412500858306885,4.004749774932861,3.9662413597106934,781088000,0.0,0.0
2019-05-17,3.9625000953674316,4.092750072479248,3.873500108718872,3.913249969482422,3.875622510910034,1022068000,0.0,0.0
2019-05-20,3.8137500286102295,3.8692500591278076,3.768749952316284,3.793750047683716,3.7572712898254395,572064000,0.0,0.0
2019-05-21,3.8550000190734863,3.8924999237060547,3.815999984741211,3.876499891281128,3.8392248153686523,361848000,0.0,0.0
2019-05-22,3.8375000953674316,3.8637499809265137,3.7939999103546143,3.805000066757202,3.768413543701172,325868000,0.0,0.0
2019-05-23,3.7422499656677246,3.7422499656677246,3.6227500438690186,3.683000087738037,3.6475863456726074,591844000,0.0,0.0
2019-05-24,3.7019999027252197,3.737499952316284,3.621999979019165,3.6287500858306885,3.593857526779175,357584000,0.0,0.0
2019-05-28,3.6465001106262207,3.679500102996826,3.581249952316284,3.583250045776367,3.5487959384918213,428356000,0.0,0.0
2019-05-29,3.535249948501587,3.570499897003174,3.4735000133514404,3.508500099182129,3.474764108657837,559800000,0.0,0.0
2019-05-30,3.5077500343322754,3.543750047683716,3.4392499923706055,3.477750062942505,3.4482414722442627,394300000,0.004,0.0
2019-05-31,3.428499937057495,3.4962499141693115,3.3847498893737793,3.3864998817443848,3.3577651977539062,389720000,0.0,0.0
2019-06-03,3.397749900817871,3.4367499351501465,3.315000057220459,3.3445000648498535,3.316121816635132,478644000,0.0,0.0
2019-06-04,3.4089999198913574,3.5802500247955322,3.3867499828338623,3.575000047683716,3.544666290283203,641836000,0.0,0.0
2019-06-05,3.649250030517578,3.654750108718872,3.495500087738037,3.5320000648498535,3.502030611038208,511616000,0.0,0.0
2019-06-06,3.536250114440918,3.6192500591278076,3.533750057220459,3.5945000648498535,3.5640006065368652,408140000,0.0,0.0
2019-06-07,3.6005001068115234,3.671999931335449,3.581249952316284,3.637500047683716,3.606635570526123,348856000,0.0,0.0
2019-06-10,3.694000005722046,3.779750108718872,3.694000005722046,3.710750102996826,3.679264545440674,402780000,0.0,0.0
2019-06-11,3.7709999084472656,3.809000015258789,3.7290000915527344,3.768749952316284,3.7367725372314453,383872000,0.0,0.0
2019-06-12,3.7249999046325684,3.731250047683716,3.6397500038146973,3.6549999713897705,3.6239871978759766,358892000,0.0,0.0
2019-06-13,3.6772499084472656,3.7249999046325684,3.6594998836517334,3.7065000534057617,3.6750504970550537,308080000,0.0,0.0
2019-06-14,3.6127500534057617,3.6372499465942383,3.571000099182129,3.615999937057495,3.585318088531494,394428000,0.0,0.0
2019-06-17,3.6142499446868896,3.6630001068115234,3.591249942779541,3.6257500648498535,3.5949854850769043,276040000,0.0,0.0
2019-06-18,3.6875,3.8777499198913574,3.676500082015991,3.822000026702881,3.789569616317749,581920000,0.0,0.0
2019-06-19,3.8575000762939453,3.86899995803833,3.8017499446868896,3.828000068664551,3.7955191135406494,331644000,0.0,0.0
2019-06-20,3.919250011444092,3.9332499504089355,3.8380000591278076,3.8524999618530273,3.8198111057281494,350168000,0.0,0.0
2019-06-21,3.8375000953674316,3.88700008392334,3.7874999046325684,3.7939999103546143,3.761808395385742,434428000,0.0,0.0
2019-06-24,3.815500020980835,3.846250057220459,3.7679998874664307,3.816499948501587,3.7841169834136963,282948000,0.0,0.0
2019-06-25,3.821500062942505,3.8970000743865967,3.784250020980835,3.7869999408721924,3.7548670768737793,311868000,0.0,0.0
2019-06-26,3.915250062942505,4.043000221252441,3.902250051498413,3.9814999103546143,3.9477169513702393,584072000,0.0,0.0
2019-06-27,4.067749977111816,4.099999904632568,4.031499862670898,4.080749988555908,4.0461249351501465,445440000,0.0,0.0
2019-06-28,4.125,4.134250164031982,4.058750152587891,4.10575008392334,4.0709123611450195,397668000,0.0,0.0
2019-07-01,4.3142499923706055,4.348750114440918,4.116499900817871,4.154250144958496,4.119000434875488,709756000,0.0,0.0
2019-07-02,4.137499809265137,4.158750057220459,4.042500019073486,4.055749893188477,4.021337509155273,400228000,0.0,0.0
2019-07-03,4.079249858856201,4.085000038146973,4.008500099182129,4.068749904632568,4.0342254638671875,246636000,0.0,0.0
2019-07-05,4.010000228881836,4.014500141143799,3.941999912261963,4.0057501792907715,3.9717609882354736,396552000,0.0,0.0
2019-07-08,3.9457499980926514,3.964750051498413,3.9000000953674316,3.9302499294281006,3.8969013690948486,329788000,0.0,0.0
2019-07-09,3.8877499103546143,3.9609999656677246,3.875,3.9327499866485596,3.8993804454803467,342860000,0.0,0.0
2019-07-10,3.9765000343322754,4.0592498779296875,3.9625000953674316,4.001500129699707,3.9675474166870117,452076000,0.0,0.0
2019-07-11,4.074999809265137,4.197999954223633,4.037499904632568,4.1570000648498535,4.121727466583252,682560000,0.0,0.0
2019-07-12,4.184999942779541,4.261750221252441,4.184999942779541,4.190249919891357,4.154693603515625,506392000,0.0,0.0
2019-07-15,4.21150016784668,4.227749824523926,4.153250217437744,4.1817498207092285,4.146267414093018,289840000,0.0,0.0
2019-07-16,4.166749954223633,4.204249858856201,4.120999813079834,4.177000045776367,4.1415581703186035,341444000,0.0,0.0
2019-07-17,4.178750038146973,4.249750137329102,4.149250030517578,4.24275016784668,4.20674991607666,348204000,0.0,0.0
2019-07-18,4.2532501220703125,4.317749977111816,4.196249961853027,4.254499912261963,4.218400478363037,442192000,0.0,0.0
2019-07-19,4.293000221252441,4.299499988555908,4.204999923706055,4.210999965667725,4.175270080566406,344896000,0.0,0.0
2019-07-22,4.232500076293945,4.296000003814697,4.224999904632568,4.2829999923706055,4.2466583251953125,315940000,0.0,0.0
2019-07-23,4.322500228881836,4.393499851226807,4.3067498207092285,4.391499996185303,4.354237079620361,428176000,0.0,0.0
2019-07-24,4.434999942779541,4.472249984741211,4.358500003814697,4.4664998054504395,4.428602695465088,366236000,0.0,0.0
2019-07-25,4.424749851226807,4.4375,4.310999870300293,4.334499835968018,4.297721862792969,392700000,0.0,0.0
2019-07-26,4.36175012588501,4.423749923706055,4.36175012588501,4.3767499923706055,4.33961296081543,274160000,0.0,0.0
2019-07-29,4.369500160217285,4.386750221252441,4.281750202178955,4.370500087738037,4.333415985107422,248160000,0.0,0.0
2019-07-30,4.323750019073486,4.398499965667725,4.3092498779296875,4.386250019073486,4.349031448364258,197772000,0.0,0.0
2019-07-31,4.354499816894531,4.355500221252441,4.17549991607666,4.2179999351501465,4.182209491729736,359416000,0.0,0.0
2019-08-01,4.228499889373779,4.319499969482422,4.070499897003174,4.123000144958496,4.088016033172607,421212000,0.0,0.0
2019-08-02,4.029749870300293,4.0995001792907715,3.9820001125335693,4.029749870300293,3.9955573081970215,428348000,0.0,0.0
2019-08-05,3.8450000286102295,3.846250057220459,3.7225000858306885,3.7697501182556152,3.7377636432647705,589156000,0.0,0.0
2019-08-06,3.8450000286102295,3.890749931335449,3.7607500553131104,3.8087499141693115,3.776432514190674,361272000,0.0,0.0
2019-08-07,3.747499942779541,3.859250068664551,3.7300000190734863,3.847249984741211,3.814606189727783,372560000,0.0,0.0
2019-08-08,3.905250072479248,3.957750082015991,3.8475000858306885,3.9565000534057617,3.922929048538208,309300000,0.0,0.0
2019-08-09,3.915250062942505,3.918750047683716,3.8037500381469727,3.8545000553131104,3.821794271469116,341816000,0.0,0.0
2019-08-12,3.802000045776367,3.8545000553131104,3.7642500400543213,3.786250114440918,3.754124402999878,279200000,0.0,0.0
2019-08-13,3.784749984741211,3.947499990463257,3.745500087738037,3.901249885559082,3.868147850036621,351956000,0.0,0.0
2019-08-14,3.8125,3.8237500190734863,3.707750082015991,3.7517499923706055,3.719916820526123,419880000,0.0,0.0
2019-08-15,3.770750045776367,3.790750026702881,3.6847500801086426,3.719249963760376,3.6876919269561768,477200000,0.0,0.0
2019-08-16,3.983750104904175,4.03849983215332,3.921999931335449,3.989000082015991,3.9551539421081543,1007960000,0.0,0.0
2019-08-19,4.103000164031982,4.2855000495910645,4.086750030517578,4.269499778747559,4.233273506164551,815112000,0.0,0.0
2019-08-20,4.263999938964844,4.264500141143799,4.17549991607666,4.196750164031982,4.161139488220215,463188000,0.0,0.0
2019-08-21,4.26324987411499,4.336249828338623,4.241499900817871,4.280749797821045,4.244427680969238,427244000,0.0,0.0
2019-08-22,4.290500164031982,4.333250045776367,4.247499942779541,4.2870001792907715,4.250626564025879,303488000,0.0,0.0
2019-08-23,4.210000038146973,4.264750003814697,4.040999889373779,4.060999870300293,4.0265421867370605,568056000,0.0,0.0
2019-08-26,4.140250205993652,4.1645002365112305,4.097750186920166,4.136250019073486,4.1011552810668945,318208000,0.0,0.0
2019-08-27,4.174749851226807,4.177499771118164,4.015500068664551,4.045000076293945,4.010676860809326,290968000,0.0,0.0
2019-08-28,4.014500141143799,4.083499908447266,3.9749999046325684,4.0304999351501465,4.0002570152282715,255612000,0.004,0.0
2019-08-29,4.122499942779541,4.207499980926514,4.11899995803833,4.175000190734863,4.143671989440918,357976000,0.0,0.0
2019-08-30,4.221499919891357,4.271500110626221,4.16949987411499,4.187749862670898,4.1563262939453125,290616000,0.0,0.0
2019-09-03,4.114500045776367,4.147749900817871,4.081250190734863,4.104249954223633,4.073453426361084,296140000,0.0,0.0
2019-09-04,4.165249824523926,4.226500034332275,4.165249824523926,4.218999862670898,4.187342166900635,227728000,0.0,0.0
2019-09-05,4.321750164031982,4.499750137329102,4.320000171661377,4.493500232696533,4.45978307723999,695676000,0.0,0.0
2019-09-06,4.46999979019165,4.527249813079834,4.427999973297119,4.466249942779541,4.432737827301025,376976000,0.0,0.0
2019-09-09,4.497499942779541,4.5995001792907715,4.495999813079834,4.512499809265137,4.478639602661133,417524000,0.0,0.0
2019-09-10,4.479499816894531,4.606249809265137,4.469749927520752,4.579500198364258,4.545137882232666,352812000,0.0,0.0
2019-09-11,4.594250202178955,4.656750202178955,4.565000057220459,4.608250141143799,4.573671817779541,361512000,0.0,0.0
2019-09-12,4.65500020980835,4.710000038146973,4.598750114440918,4.606750011444092,4.572182655334473,327840000,0.0,0.0
2019-09-13,4.539750099182129,4.577000141143799,4.504499912261963,4.548500061035156,4.514370441436768,324592000,0.0,0.0
2019-09-16,4.4730000495910645,4.539999961853027,4.462500095367432,4.505249977111816,4.471445083618164,231832000,0.0,0.0
2019-09-17,4.51200008392334,4.531000137329102,4.465250015258789,4.526750087738037,4.492783069610596,223048000,0.0,0.0
2019-09-18,4.519750118255615,4.5355000495910645,4.412499904632568,4.499499797821045,4.465738296508789,258152000,0.0,0.0
2019-09-19,4.505499839782715,4.52400016784668,4.412749767303467,4.423500061035156,4.390308380126953,245476000,0.0,0.0
2019-09-20,4.422500133514404,4.446249961853027,4.307000160217285,4.317249774932861,4.284853458404541,350244000,0.0,0.0
2019-09-23,4.317500114440918,4.416749954223633,4.31374979019165,4.370999813079834,4.338201999664307,249712000,0.0,0.0
2019-09-24,4.402500152587891,4.432250022888184,4.277500152587891,4.3132500648498535,4.280886173248291,317268000,0.0,0.0
2019-09-25,4.312749862670898,4.475500106811523,4.267749786376953,4.455749988555908,4.42231559753418,308432000,0.0,0.0
2019-09-26,4.446000099182129,4.454750061035156,4.38224983215332,4.433499813079834,4.400232315063477,234564000,0.0,0.0
2019-09-27,4.391499996185303,4.442500114440918,4.232999801635742,4.294000148773193,4.261780261993408,362056000,0.0,0.0
2019-09-30,4.320000171661377,4.361999988555908,4.28849983215332,4.351749897003174,4.31909704208374,186184000,0.0,0.0
2019-10-01,4.375,4.525000095367432,4.345250129699707,4.349999904632568,4.317359924316406,366008000,0.0,0.0
2019-10-02,4.328000068664551,4.340000152587891,4.2532501220703125,4.326000213623047,4.293539524078369,293372000,0.0,0.0
2019-10-03,4.33050012588501,4.539000034332275,4.300000190734863,4.532750129699707,4.498738765716553,450588000,0.0,0.0
2019-10-04,4.534999847412109,4.578750133514404,4.4695000648498535,4.54925012588501,4.515115261077881,265524000,0.0,0.0
2019-10-07,4.614500045776367,4.708499908447266,4.60575008392334,4.608250141143799,4.573671817779541,480984000,0.0,0.0
2019-10-08,4.515999794006348,4.515999794006348,4.412499904632568,4.430749893188477,4.397503852844238,444436000,0.0,0.0
2019-10-09,4.507999897003174,4.567500114440918,4.479000091552734,4.517749786376953,4.483851432800293,292412000,0.0,0.0
2019-10-10,4.515500068664551,4.626999855041504,4.510250091552734,4.57574987411499,4.541415214538574,309124000,0.0,0.0
2019-10-11,4.660250186920166,4.733500003814697,4.641250133514404,4.649750232696533,4.614861011505127,446404000,0.0,0.0
2019-10-14,4.640999794006348,4.6842498779296875,4.609749794006348,4.663249969482422,4.62825870513916,200040000,0.0,0.0
2019-10-15,4.754000186920166,4.982250213623047,4.739999771118164,4.909249782562256,4.87241268157959,664124000,0.0,0.0
2019-10-16,4.875,4.980500221252441,4.84375,4.855249881744385,4.81881856918335,428944000,0.0,0.0
2019-10-17,4.900000095367432,4.945250034332275,4.802499771118164,4.857250213623047,4.820804119110107,263436000,0.0,0.0
2019-10-18,4.857749938964844,4.890500068664551,4.6875,4.762249946594238,4.726517200469971,307440000,0.0,0.0
2019-10-21,4.823999881744385,4.913750171661377,4.804999828338623,4.90024995803833,4.863480091094971,261868000,0.0,0.0
2019-10-22,4.957499980926514,5.0632500648498535,4.882500171661377,4.890250205993652,4.853556156158447,328720000,0.0,0.0
2019-10-23,4.807750225067139,4.891499996185303,4.775750160217285,4.8772501945495605,4.8406524658203125,279916000,0.0,0.0
2019-10-24,4.918749809265137,4.955249786376953,4.884500026702881,4.921500205993652,4.884570598602295,232020000,0.0,0.0
2019-10-25,5.002500057220459,5.134500026702881,4.994750022888184,5.113500118255615,5.075130939483643,423092000,0.0,0.0
2019-10-28,5.15749979019165,5.222499847412109,5.127999782562256,5.169750213623047,5.130959510803223,330792000,0.0,0.0
2019-10-29,5.155749797821045,5.16225004196167,5.053500175476074,5.072999954223633,5.034934997558594,211236000,0.0,0.0
2019-10-30,5.099999904632568,5.10575008392334,5.006499767303467,5.074999809265137,5.036919593811035,205960000,0.0,0.0
2019-10-31,5.053999900817871,5.074999809265137,4.945250034332275,5.0254998207092285,4.987790107727051,209732000,0.0,0.0
2019-11-01,4.989999771118164,5.097249984741211,4.964749813079834,5.0647501945495605,5.026745796203613,283640000,0.0,0.0
2019-11-04,5.146249771118164,5.275000095367432,5.123000144958496,5.262499809265137,5.223012447357178,376716000,0.0,0.0
2019-11-05,5.262249946594238,5.28849983215332,5.191999912261963,5.240250110626221,5.200929641723633,300868000,0.0,0.0
2019-11-06,5.216000080108643,5.2417497634887695,5.102749824523926,5.1907501220703125,5.151801109313965,269012000,0.0,0.0
2019-11-07,5.277750015258789,5.292500019073486,5.16349983215332,5.208499908447266,5.1694183349609375,280340000,0.0,0.0
2019-11-08,5.191500186920166,5.226250171661377,5.153749942779541,5.194499969482422,5.155523300170898,189100000,0.0,0.0
2019-11-11,5.193749904632568,5.227749824523926,5.10699987411499,5.204500198364258,5.165448188781738,243436000,0.0,0.0
2019-11-12,5.243000030517578,5.296500205993652,5.207749843597412,5.240250110626221,5.200929641723633,283504000,0.0,0.0
2019-11-13,5.208749771118164,5.236499786376953,5.147500038146973,5.214250087738037,5.175125598907471,300188000,0.0,0.0
2019-11-14,5.223249912261963,5.247000217437744,5.163000106811523,5.244750022888184,5.20539665222168,518080000,0.0,0.0
2019-11-15,5.242499828338623,5.29449987411499,5.015999794006348,5.104750156402588,5.066447734832764,1053628000,0.0,0.0
2019-11-18,5.097249984741211,5.333749771118164,5.094250202178955,5.307000160217285,5.267178535461426,574588000,0.0,0.0
2019-11-19,5.275750160217285,5.299499988555908,5.141250133514404,5.199749946594238,5.160733699798584,414564000,0.0,0.0
2019-11-20,5.176750183105469,5.363749980926514,5.164000034332275,5.2795000076293945,5.2398858070373535,472588000,0.0,0.0
2019-11-21,5.275000095367432,5.330999851226807,5.232749938964844,5.254499912261963,5.2150726318359375,288388000,0.0,0.0
2019-11-22,5.277249813079834,5.323999881744385,5.248499870300293,5.272250175476074,5.232689380645752,224100000,0.0,0.0
2019-11-25,5.401000022888184,5.535250186920166,5.388000011444092,5.530250072479248,5.4887542724609375,506476000,0.0,0.0
2019-11-26,5.512499809265137,5.517250061035156,5.418499946594238,5.425000190734863,5.384293556213379,385244000,0.0,0.0
2019-11-27,5.466750144958496,5.50124979019165,5.429500102996826,5.455999851226807,5.4190568923950195,215784000,0.004,0.0
2019-11-29,5.425000190734863,5.453499794006348,5.394499778747559,5.418499946594238,5.381809711456299,141556000,0.0,0.0
2019-12-02,5.411499977111816,5.425000190734863,5.216000080108643,5.231249809265137,5.195827007293701,372036000,0.0,0.0
2019-12-03,5.046750068664551,5.195499897003174,5.009250164031982,5.191500186920166,5.156348705291748,465232000,0.0,0.0
2019-12-04,5.2754998207092285,5.297999858856201,5.20674991607666,5.235499858856201,5.200048446655273,273424000,0.0,0.0
2019-12-05,5.257500171661377,5.273250102996826,5.187749862670898,5.218500137329102,5.183164119720459,184884000,0.0,0.0
2019-12-06,5.288000106811523,5.337250232696533,5.2779998779296875,5.3042497634887695,5.268333435058594,232236000,0.0,0.0
2019-12-09,5.28125,5.359250068664551,5.272500038146973,5.3042497634887695,5.268333435058594,211880000,0.0,0.0
2019-12-10,5.334499835968018,5.401500225067139,5.281499862670898,5.3495001792907715,5.313277721405029,256388000,0.0,0.0
2019-12-11,5.360000133514404,5.439000129699707,5.357500076293945,5.433499813079834,5.396707534790039,233796000,0.0,0.0
2019-12-12,5.4045000076293945,5.619999885559082,5.395500183105469,5.601749897003174,5.563820838928223,404348000,0.0,0.0
2019-12-13,5.604750156402588,5.7245001792907715,5.545499801635742,5.59975004196167,5.561833381652832,454704000,0.0,0.0
2019-12-16,5.647500038146973,5.701499938964844,5.6192498207092285,5.628749847412109,5.590636730194092,320976000,0.0,0.0
2019-12-17,5.647500038146973,5.730000019073486,5.638000011444092,5.707250118255615,5.668605327606201,321196000,0.0,0.0
2019-12-18,5.742249965667725,5.798500061035156,5.733749866485596,5.737750053405762,5.698899269104004,343548000,0.0,0.0
2019-12-19,5.772500038146973,5.900000095367432,5.767499923706055,5.886499881744385,5.846640586853027,445360000,0.0,0.0
2019-12-20,5.953249931335449,6.009749889373779,5.934000015258789,5.984250068664551,5.943728923797607,603044000,0.0,0.0
2019-12-23,6.013000011444092,6.045249938964844,5.959750175476074,5.9704999923706055,5.930072784423828,355060000,0.0,0.0
2019-12-24,5.954999923706055,5.982749938964844,5.920499801635742,5.9654998779296875,5.925106048583984,138864000,0.0,0.0
2019-12-26,5.968999862670898,6.007999897003174,5.949999809265137,5.979750156402588,5.939260482788086,182852000,0.0,0.0
2019-12-27,5.994999885559082,6.008500099182129,5.895249843597412,5.921750068664551,5.88165283203125,254644000,0.0,0.0
2019-12-30,5.899750232696533,5.90500020980835,5.776500225067139,5.808000087738037,5.768673419952393,258056000,0.0,0.0
2019-12-31,5.772500038146973,5.892000198364258,5.7532501220703125,5.882500171661377,5.842668533325195,231004000,0.0,0.0
2020-01-02,5.96875,5.9977498054504395,5.918000221252441,5.9977498054504395,5.957138538360596,237536000,0.0,0.0
2020-01-03,5.877500057220459,5.9457502365112305,5.852499961853027,5.901750087738037,5.861788749694824,205384000,0.0,0.0
2020-01-06,5.808000087738037,5.9317498207092285,5.781750202178955,5.926499843597412,5.886369705200195,262636000,0.0,0.0
2020-01-07,5.954999923706055,6.044250011444092,5.909749984741211,5.9982500076293945,5.957634925842285,314856000,0.0,0.0
2020-01-08,5.99399995803833,6.051000118255615,5.953750133514404,6.009500026702881,5.968808174133301,277108000,0.0,0.0
2020-01-09,6.096250057220459,6.148250102996826,6.021500110626221,6.075500011444092,6.034361362457275,255112000,0.0,0.0
2020-01-10,6.1832499504089355,6.213749885559082,6.09375,6.107999801635742,6.066641330718994,316296000,0.0,0.0
2020-01-13,6.191500186920166,6.324749946594238,6.168749809265137,6.299499988555908,6.256844997406006,319840000,0.0,0.0
2020-01-14,6.256499767303467,6.2820000648498535,6.168749809265137,6.182000160217285,6.140140056610107,359088000,0.0,0.0
2020-01-15,6.19474983215332,6.217249870300293,6.113249778747559,6.139249801635742,6.09768009185791,263104000,0.0,0.0
2020-01-16,6.192999839782715,6.229249954223633,6.16949987411499,6.223249912261963,6.1811113357543945,284192000,0.0,0.0
2020-01-17,6.242499828338623,6.25,6.1842498779296875,6.23199987411499,6.1898016929626465,253792000,0.0,0.0
2020-01-21,6.195250034332275,6.232250213623047,6.164249897003174,6.198500156402588,6.156528949737549,217916000,0.0,0.0
2020-01-22,6.24399995803833,6.339749813079834,6.224999904632568,6.252749919891357,6.210411548614502,239240000,0.0,0.0
2020-01-23,6.293000221252441,6.329999923706055,6.203750133514404,6.321499824523926,6.278696537017822,244516000,0.0,0.0
2020-01-24,6.4375,6.487500190734863,6.207499980926514,6.26200008392334,6.219598770141602,373512000,0.0,0.0
2020-01-27,5.955999851226807,6.056250095367432,5.805749893188477,6.005000114440918,5.964339733123779,470536000,0.0,0.0
2020-01-28,6.071249961853027,6.231750011444092,6.017749786376953,6.199250221252441,6.157273292541504,310976000,0.0,0.0
2020-01-29,6.184750080108643,6.2210001945495605,6.098499774932861,6.138500213623047,6.096935749053955,258848000,0.0,0.0
2020-01-30,6.040249824523926,6.158750057220459,5.985000133514404,6.145249843597412,6.103638172149658,290504000,0.0,0.0
2020-01-31,6.099249839782715,6.111249923706055,5.868750095367432,5.910749912261963,5.8707275390625,370420000,0.0,0.0
2020-02-03,5.892499923706055,6.027750015258789,5.886250019073486,6.0082502365112305,5.967567443847656,255564000,0.0,0.0
2020-02-04,6.150750160217285,6.197500228881836,6.100500106811523,6.178249835968018,6.136415004730225,271544000,0.0,0.0
2020-02-05,6.299749851226807,6.309999942779541,6.1852498054504395,6.269000053405762,6.226550579071045,208220000,0.0,0.0
2020-02-06,6.303500175476074,6.356249809265137,6.2220001220703125,6.356249809265137,6.313209056854248,218284000,0.0,0.0
2020-02-07,6.315999984741211,6.338250160217285,6.264249801635742,6.289750099182129,6.247161865234375,189752000,0.0,0.0
2020-02-10,6.3125,6.574999809265137,6.307499885559082,6.574250221252441,6.5297346115112305,529608000,0.0,0.0
2020-02-11,6.683000087738037,6.8125,6.6207499504089355,6.697249889373779,6.651900768280029,638556000,0.0,0.0
2020-02-12,6.750249862670898,6.820000171661377,6.711249828338623,6.813499927520752,6.767363548278809,374644000,0.0,0.0
2020-02-13,6.755249977111816,6.836999893188477,6.727749824523926,6.769499778747559,6.723662853240967,528016000,0.0,0.0
2020-02-14,7.18149995803833,7.3742499351501465,7.150000095367432,7.244750022888184,7.195694446563721,1041924000,0.0,0.0
2020-02-18,7.140999794006348,7.432750225067139,7.121500015258789,7.414249897003174,7.3640456199646,620164000,0.0,0.0
2020-02-19,7.53725004196167,7.885250091552734,7.53725004196167,7.867499828338623,7.81422758102417,694332000,0.0,0.0
2020-02-20,7.819250106811523,7.9079999923706055,7.408750057220459,7.71750020980835,7.6652445793151855,810052000,0.0,0.0
2020-02-21,7.604750156402588,7.630000114440918,7.266499996185303,7.351749897003174,7.301969051361084,768180000,0.0,0.0
2020-02-24,6.754749774932861,7.046750068664551,6.699999809265137,6.831999778747559,6.785738945007324,856916000,0.0,0.0
2020-02-25,6.90749979019165,6.969749927520752,6.448999881744385,6.551249980926514,6.506890296936035,1055496000,0.0,0.0
2020-02-26,6.551499843597412,6.886250019073486,6.550000190734863,6.691249847412109,6.645942211151123,747732000,0.0,0.0
2020-02-27,6.372499942779541,6.675000190734863,6.222249984741211,6.315000057220459,6.275990962982178,906416000,0.004,0.0
2020-02-28,6.061500072479248,6.811500072479248,6.044750213623047,6.7517499923706055,6.710043430328369,1133252000,0.0,0.0
2020-03-02,6.922500133514404,6.9397501945495605,6.525000095367432,6.910749912261963,6.868060111999512,890744000,0.0,0.0
2020-03-03,6.966750144958496,7.026750087738037,6.561500072479248,6.647250175476074,6.6061906814575195,652792000,0.0,0.0
2020-03-04,6.755000114440918,7.122250080108643,6.679999828338623,7.112750053405762,7.068814277648926,597408000,0.0,0.0
2020-03-05,6.912499904632568,7.079999923706055,6.787499904632568,6.832250118255615,6.790045261383057,540328000,0.0,0.0
2020-03-06,6.6519999504089355,6.709750175476074,6.449999809265137,6.651000022888184,6.609915733337402,515412000,0.0,0.0
2020-03-09,5.997499942779541,6.485000133514404,5.954500198364258,6.136000156402588,6.09809684753418,614160000,0.0,0.0
2020-03-10,6.41349983215332,6.5269999504089355,6.149750232696533,6.5269999504089355,6.486681938171387,580648000,0.0,0.0
2020-03-11,6.386499881744385,6.414999961853027,6.0642499923706055,6.161749839782715,6.123688220977783,499964000,0.0,0.0
2020-03-12,5.636499881744385,5.9029998779296875,5.394999980926514,5.407750129699707,5.374345779418945,816540000,0.0,0.0
2020-03-13,5.762499809265137,6.0254998207092285,5.490250110626221,6.020999908447266,5.98380708694458,634836000,0.0,0.0
2020-03-16,5.3102498054504395,5.652500152587891,4.849999904632568,4.909999847412109,4.879669189453125,726972000,0.0,0.0
2020-03-17,5.022749900817871,5.521500110626221,4.775000095367432,5.4317498207092285,5.398196220397949,833632000,0.0,0.0
2020-03-18,5.002500057220459,5.248499870300293,4.517000198364258,5.070499897003174,5.039178371429443,874268000,0.0,0.0
2020-03-19,5.048999786376953,5.41825008392334,4.834750175476074,5.324250221252441,5.291361331939697,765512000,0.0,0.0
2020-03-20,5.474999904632568,5.757999897003174,5.1282501220703125,5.143750190734863,5.111975193023682,804636000,0.0,0.0
2020-03-23,5.142749786376953,5.4120001792907715,4.9629998207092285,5.317249774932861,5.284404754638672,643876000,0.0,0.0
2020-03-24,5.724999904632568,6.316500186920166,5.701250076293945,6.229499816894531,6.1910200119018555,1101644000,0.0,0.0
2020-03-25,6.34499979019165,6.545499801635742,6.0914998054504395,6.140500068664551,6.102568626403809,793432000,0.0,0.0
2020-03-26,6.348499774932861,6.555500030517578,6.25,6.431000232696533,6.391274452209473,696108000,0.0,0.0
2020-03-27,6.25,6.578000068664551,6.2170000076293945,6.3182501792907715,6.279221534729004,638828000,0.0,0.0
2020-03-30,6.383999824523926,6.64900016784668,6.339749813079834,6.639750003814697,6.5987348556518555,602252000,0.0,0.0
2020-03-31,6.679999828338623,6.885000228881836,6.443749904632568,6.590000152587891,6.549292087554932,949960000,0.0,0.0
2020-04-01,6.391250133514404,6.538249969482422,6.0320000648498535,6.076749801635742,6.039212703704834,656912000,0.0,0.0
2020-04-02,6.105999946594238,6.400000095367432,6.057750225067139,6.386750221252441,6.347298622131348,675764000,0.0,0.0
2020-04-03,6.348999977111816,6.390749931335449,5.959750175476074,6.097750186920166,6.060084819793701,663212000,0.0,0.0
2020-04-06,6.38100004196167,6.747000217437744,6.323249816894531,6.710000038146973,6.668550968170166,727884000,0.0,0.0
2020-04-07,6.932499885559082,6.956250190734863,6.432499885559082,6.475749969482422,6.4357476234436035,784520000,0.0,0.0
2020-04-08,6.585249900817871,6.698750019073486,6.514999866485596,6.673749923706055,6.632524013519287,542444000,0.0,0.0
2020-04-09,6.800000190734863,6.822999954223633,6.510499954223633,6.573750019073486,6.533143043518066,525564000,0.0,0.0
2020-04-13,6.513750076293945,6.755000114440918,6.425000190734863,6.746250152587891,6.7045769691467285,398408000,0.0,0.0
2020-04-14,6.875,7.132999897003174,6.847249984741211,7.098750114440918,7.054899215698242,530948000,0.0,0.0
2020-04-15,6.929999828338623,7.104249954223633,6.884500026702881,7.020999908447266,6.977631092071533,366148000,0.0,0.0
2020-04-16,7.177000045776367,7.474999904632568,7.163750171661377,7.367499828338623,7.321989059448242,745620000,0.0,0.0
2020-04-17,7.449999809265137,7.471499919891357,7.173500061035156,7.308000087738037,7.262857437133789,539120000,0.0,0.0
2020-04-20,7.181000232696533,7.337500095367432,7.131750106811523,7.176249980926514,7.131921291351318,449388000,0.0,0.0
2020-04-21,7.057750225067139,7.1192498207092285,6.677750110626221,6.737750053405762,6.696128845214844,735160000,0.0,0.0
2020-04-22,6.930749893188477,7.196750164031982,6.885000228881836,7.153749942779541,7.109561443328857,483356000,0.0,0.0
2020-04-23,7.196000099182129,7.328499794006348,7.074999809265137,7.100249767303467,7.056390285491943,424160000,0.0,0.0
2020-04-24,7.090000152587891,7.2417497634887695,7.014999866485596,7.239749908447266,7.195029258728027,352328000,0.0,0.0
2020-04-27,7.374750137329102,7.587500095367432,7.349999904632568,7.427000045776367,7.38112211227417,479388000,0.0,0.0
2020-04-28,7.574999809265137,7.605000019073486,7.278500080108643,7.283999919891357,7.2390055656433105,442904000,0.0,0.0
2020-04-29,7.419250011444092,7.514500141143799,7.34375,7.46150016784668,7.415409088134766,379160000,0.0,0.0
2020-04-30,7.407249927520752,7.46150016784668,7.293000221252441,7.307000160217285,7.261863708496094,375916000,0.0,0.0
2020-05-01,7.108749866485596,7.222499847412109,7.020999908447266,7.069499969482422,7.0258307456970215,342096000,0.0,0.0
2020-05-04,7.021999835968018,7.296000003814697,7.021999835968018,7.282249927520752,7.23726749420166,317556000,0.0,0.0
2020-05-05,7.386750221252441,7.506750106811523,7.282249927520752,7.343500137329102,7.29813814163208,368896000,0.0,0.0
2020-05-06,7.423250198364258,7.550000190734863,7.385250091552734,7.44474983215332,7.398761749267578,323464000,0.0,0.0
2020-05-07,7.584499835968018,7.6852498054504395,7.5329999923706055,7.6217498779296875,7.574667930603027,373732000,0.0,0.0
2020-05-08,7.693749904632568,7.818749904632568,7.659749984741211,7.8125,7.764240264892578,339216000,0.0,0.0
2020-05-11,7.807499885559082,8.112500190734863,7.778749942779541,8.065500259399414,8.015674591064453,469060000,0.0,0.0
2020-05-12,8.123499870300293,8.172499656677246,7.792749881744385,7.802499771118164,7.754302978515625,493060000,0.0,0.0
2020-05-13,7.917500019073486,8.078499794006348,7.594749927520752,7.78000020980835,7.731942176818848,625852000,0.0,0.0
2020-05-14,7.841750144958496,8.03600025177002,7.6875,8.030500411987305,7.980893135070801,602312000,0.0,0.0
2020-05-15,7.889750003814697,8.500499725341797,7.874000072479248,8.490750312805176,8.438301086425781,987660000,0.0,0.0
2020-05-18,8.760499954223633,8.916500091552734,8.680500030517578,8.750249862670898,8.696197509765625,774460000,0.0,0.0
2020-05-19,8.790249824523926,9.087499618530273,8.762749671936035,8.805500030517578,8.751106262207031,717320000,0.0,0.0
2020-05-20,8.991000175476074,9.043000221252441,8.888750076293945,8.970000267028809,8.914591789245605,587536000,0.0,0.0
2020-05-21,9.05150032043457,9.052499771118164,8.737500190734863,8.775250434875488,8.721044540405273,761068000,0.0,0.0
2020-05-22,8.825249671936035,9.093000411987305,8.713250160217285,9.026249885559082,8.970491409301758,1038764000,0.0,0.0
2020-05-26,9.156749725341797,9.181750297546387,8.67199993133545,8.71774959564209,8.663899421691895,770780000,0.0,0.0
2020-05-27,8.625,8.632749557495117,7.9967498779296875,8.525250434875488,8.472589492797852,1175892000,0.0,0.0
2020-05-28,8.412249565124512,8.760499954223633,8.379249572753906,8.487000465393066,8.434575080871582,734896000,0.0,0.0
2020-05-29,8.554499626159668,8.875499725341797,8.484999656677246,8.875499725341797,8.820674896240234,745256000,0.0,0.0
2020-06-01,8.833250045776367,8.840749740600586,8.689499855041504,8.806249618530273,8.751852035522461,389876000,0.0,0.0
2020-06-02,8.796250343322754,8.837249755859375,8.657999992370605,8.825249671936035,8.770732879638672,391320000,0.0,0.0
2020-06-03,8.822250366210938,8.866250038146973,8.699999809265137,8.769499778747559,8.71532917022705,365440000,0.0,0.0
2020-06-04,8.727999687194824,8.943249702453613,8.677499771118164,8.766500473022461,8.71632194519043,424280000,0.004,0.0
2020-06-05,8.794500350952148,8.996999740600586,8.708000183105469,8.920000076293945,8.868948936462402,481748000,0.0,0.0
2020-06-08,8.877249717712402,8.889749526977539,8.685750007629395,8.805000305175781,8.754603385925293,387736000,0.0,0.0
2020-06-09,8.800000190734863,9.109749794006348,8.751250267028809,9.045999526977539,8.994224548339844,468488000,0.0,0.0
2020-06-10,9.167750358581543,9.5,9.153499603271484,9.36674976348877,9.313136100769043,632180000,0.0,0.0
2020-06-11,9.149999618530273,9.261249542236328,8.78600025177002,8.796250343322754,8.745903015136719,583652000,0.0,0.0
2020-06-12,9.162500381469727,9.187250137329102,8.70324993133545,8.932499885559082,8.88137435913086,570908000,0.0,0.0
2020-06-15,8.815250396728516,9.182250022888184,8.743749618530273,9.173749923706055,9.121245384216309,400004000,0.0,0.0
2020-06-16,9.225000381469727,9.26675033569336,8.838749885559082,9.068499565124512,9.016595840454102,535716000,0.0,0.0
2020-06-17,9.113750457763672,9.298999786376953,9.070249557495117,9.236000061035156,9.183135986328125,408304000,0.0,0.0
2020-06-18,9.22700023651123,9.282500267028809,9.114500045776367,9.218000411987305,9.165242195129395,254408000,0.0,0.0
2020-06-19,9.242500305175781,9.444999694824219,9.227250099182129,9.261249542236328,9.20823860168457,524160000,0.0,0.0
2020-06-22,9.300000190734863,9.53125,9.273249626159668,9.526749610900879,9.472221374511719,398468000,0.0,0.0
2020-06-23,9.550999641418457,9.642499923706055,9.407500267028809,9.449999809265137,9.395912170410156,375108000,0.0,0.0
2020-06-24,9.476249694824219,9.556500434875488,9.144499778747559,9.23550033569336,9.182639122009277,449372000,0.0,0.0
2020-06-25,9.35575008392334,9.505000114440918,9.182250022888184,9.489999771118164,9.435683250427246,376072000,0.0,0.0
2020-06-26,9.5,9.5,9.125,9.154999732971191,9.102602005004883,592084000,0.0,0.0
2020-06-29,9.169750213623047,9.204500198364258,8.899999618530273,9.199999809265137,9.147343635559082,342248000,0.0,0.0
2020-06-30,9.314000129699707,9.526249885559082,9.266500473022461,9.497750282287598,9.443388938903809,367892000,0.0,0.0
2020-07-01,9.520750045776367,9.575750350952148,9.413000106811523,9.529999732971191,9.475455284118652,326648000,0.0,0.0
2020-07-02,9.638999938964844,9.737500190734863,9.57824993133545,9.612250328063965,9.557234764099121,364056000,0.0,0.0
2020-07-06,9.74174976348877,9.9087495803833,9.712499618530273,9.839249610900879,9.782934188842773,315892000,0.0,0.0
2020-07-07,9.946249961853027,10.069999694824219,9.850749969482422,9.871749877929688,9.815248489379883,357800000,0.0,0.0
2020-07-08,9.993749618530273,10.225000381469727,9.965499877929688,10.215999603271484,10.157526016235352,365480000,0.0,0.0
2020-07-09,10.380249977111816,10.569999694824219,10.233499526977539,10.508999824523926,10.44884967803955,494548000,0.0,0.0
2020-07-10,10.588749885559082,10.65524959564209,10.37874984741211,10.479249954223633,10.419272422790527,497676000,0.0,0.0
2020-07-13,10.595000267028809,10.79224967956543,10.024999618530273,10.052249908447266,9.99471378326416,457076000,0.0,0.0
2020-07-14,10.074999809265137,10.402750015258789,9.785499572753906,10.376999855041504,10.317606925964355,542676000,0.0,0.0
2020-07-15,10.414250373840332,10.432999610900879,10.055749893188477,10.227250099182129,10.168713569641113,403984000,0.0,0.0
2020-07-16,10.015000343322754,10.20674991607666,9.895500183105469,10.134750366210938,10.076743125915527,344964000,0.0,0.0
2020-07-17,10.225500106811523,10.248499870300293,10.087750434875488,10.201499938964844,10.143109321594238,266284000,0.0,0.0
2020-07-20,10.274250030517578,10.53125,10.156749725341797,10.510749816894531,10.450590133666992,284852000,0.0,0.0
2020-07-21,10.512999534606934,10.5600004196167,10.286749839782715,10.328499794006348,10.269383430480957,277036000,0.0,0.0
2020-07-22,10.367500305175781,10.602499961853027,10.291500091552734,10.438750267028809,10.379002571105957,367292000,0.0,0.0
2020-07-23,10.449999809265137,10.54699993133545,10.03125,10.12975025177002,10.071772575378418,411660000,0.0,0.0
2020-07-24,9.875,10.364749908447266,9.777000427246094,10.194499969482422,10.136149406433105,473292000,0.0,0.0
2020-07-27,10.232250213623047,10.441749572753906,10.21774959564209,10.421500205993652,10.361849784851074,292132000,0.0,0.0
2020-07-28,10.374250411987305,10.381999969482422,10.209250450134277,10.215499877929688,10.157028198242188,271636000,0.0,0.0
2020-07-29,10.39074993133545,10.516249656677246,10.347000122070312,10.465499877929688,10.405599594116211,284508000,0.0,0.0
2020-07-30,10.375,10.623000144958496,10.295249938964844,10.61400032043457,10.553250312805176,308880000,0.0,0.0
2020-07-31,10.563249588012695,10.766500473022461,10.432999610900879,10.614749908447266,10.553996086120605,386080000,0.0,0.0
2020-08-03,10.732500076293945,11.098750114440918,10.715250015258789,11.010250091552734,10.947232246398926,412720000,0.0,0.0
2020-08-04,11.050000190734863,11.227749824523926,10.906000137329102,11.227749824523926,11.163487434387207,310336000,0.0,0.0
2020-08-05,11.244000434875488,11.371749877929688,11.166250228881836,11.286749839782715,11.222148895263672,249924000,0.0,0.0
2020-08-06,11.349749565124512,11.357999801635742,11.178750038146973,11.33549976348877,11.270620346069336,244316000,0.0,0.0
2020-08-07,11.3125,11.50475025177002,11.037500381469727,11.19950008392334,11.13539981842041,342516000,0.0,0.0
2020-08-10,11.334250450134277,11.408249855041504,10.856499671936035,11.164999961853027,11.101095199584961,427796000,0.0,0.0
2020-08-11,11.073749542236328,11.136750221252441,10.79574966430664,10.850000381469727,10.787901878356934,354512000,0.0,0.0
2020-08-12,10.990750312805176,11.467000007629395,10.958250045776367,11.440250396728516,11.374770164489746,464412000,0.0,0.0
2020-08-13,11.545999526977539,11.721750259399414,11.35575008392334,11.442999839782715,11.377507209777832,374460000,0.0,0.0
2020-08-14,11.529999732971191,11.704750061035156,11.440500259399414,11.564000129699707,11.497811317443848,366436000,0.0,0.0
2020-08-17,11.851249694824219,12.409749984741211,11.81725025177002,12.336999893188477,12.266387939453125,621300000,0.0,0.0
2020-08-18,12.449999809265137,12.496000289916992,12.086250305175781,12.260749816894531,12.190573692321777,503448000,0.0,0.0
2020-08-19,12.296500205993652,12.3149995803833,12.097999572753906,12.138500213623047,12.069025993347168,622624000,0.0,0.0
2020-08-20,11.975000381469727,12.375,11.87874984741211,12.140999794006348,12.071511268615723,921388000,0.0,0.0
2020-08-21,12.201749801635742,12.80875015258789,12.195249557495117,12.683500289916992,12.610904693603516,999868000,0.0,0.0
2020-08-24,12.883749961853027,12.912500381469727,12.507499694824219,12.720250129699707,12.647443771362305,490564000,0.0,0.0
2020-08-25,12.630749702453613,12.761249542236328,12.573749542236328,12.75,12.677024841308594,289076000,0.0,0.0
2020-08-26,12.799249649047852,12.868499755859375,12.677749633789062,12.77299976348877,12.6998929977417,321244000,0.0,0.0
2020-08-27,12.781499862670898,12.850000381469727,12.566499710083008,12.628250122070312,12.555971145629883,317604000,0.0,0.0
2020-08-28,12.675000190734863,13.14799976348877,12.642499923706055,13.147749900817871,13.07249927520752,537160000,0.0,0.0
2020-08-31,13.18274974822998,13.574999809265137,13.037750244140625,13.374500274658203,13.297948837280273,500840000,0.0,0.0
2020-09-01,13.479999542236328,13.993749618530273,13.43649959564209,13.821000099182129,13.746005058288574,511316000,0.004,0.0
2020-09-02,14.703749656677246,14.726750373840332,13.899999618530273,14.346500396728516,14.268653869628906,874012000,0.0,0.0
2020-09-03,13.828749656677246,13.884499549865723,12.87874984741211,13.01550006866455,12.944872856140137,945128000,0.0,0.0
2020-09-04,12.7837495803833,13.175000190734863,11.704750061035156,12.6225004196167,12.554009437561035,1463684000,0.0,0.0
2020-09-08,11.73449993133545,12.550000190734863,11.70425033569336,11.913000106811523,11.848358154296875,795728000,0.0,0.0
2020-09-09,12.399999618530273,12.809249877929688,12.231749534606934,12.71500015258789,12.646010398864746,736200000,0.0,0.0
2020-09-10,12.989250183105469,13.065250396728516,12.166999816894531,12.311750411987305,12.24494743347168,698684000,0.0,0.0
2020-09-11,12.48550033569336,12.65250015258789,11.895750045776367,12.16450023651123,12.098496437072754,636928000,0.0,0.0
2020-09-14,13.081000328063965,13.3149995803833,12.631250381469727,12.872249603271484,12.802403450012207,1201744000,0.0,0.0
2020-09-15,13.279999732971191,13.298749923706055,12.827750205993652,12.991000175476074,12.920509338378906,727556000,0.0,0.0
2020-09-16,12.957249641418457,13.09274959564209,12.513750076293945,12.51449966430664,12.446592330932617,556384000,0.0,0.0
2020-09-17,12.13224983215332,12.589750289916992,12.034749984741211,12.463500022888184,12.395872116088867,792512000,0.0,0.0
2020-09-18,12.59375,12.632499694824219,11.988750457763672,12.189249992370605,12.123108863830566,698460000,0.0,0.0
2020-09-21,11.925000190734863,12.522500038146973,11.904500007629395,12.517250061035156,12.449329376220703,721044000,0.0,0.0
2020-09-22,12.574999809265137,12.64799976348877,12.155500411987305,12.637749671936035,12.569175720214844,646452000,0.0,0.0
2020-09-23,12.575499534606934,12.72700023651123,12.07925033569336,12.123749732971191,12.057967185974121,647012000,0.0,0.0
2020-09-24,12.072250366210938,12.569499969482422,12.013999938964844,12.347999572753906,12.280998229980469,731240000,0.0,0.0
2020-09-25,12.447500228881836,12.883500099182129,12.245750427246094,12.873749732971191,12.803893089294434,588016000,0.0,0.0
2020-09-28,13.040249824523926,13.051750183105469,12.75,13.03499984741211,12.964269638061523,573808000,0.0,0.0
2020-09-29,12.9375,13.442749977111816,12.933250427246094,13.225749969482422,13.153985023498535,621460000,0.0,0.0
2020-09-30,13.157500267028809,13.6225004196167,13.150250434875488,13.530500411987305,13.457080841064453,689184000,0.0,0.0
2020-10-01,13.758000373840332,13.762749671936035,13.460749626159668,13.614500045776367,13.540624618530273,525004000,0.0,0.0
2020-10-02,13.225000381469727,13.519499778747559,13.050999641418457,13.062250137329102,12.991374015808105,552496000,0.0,0.0
2020-10-05,13.236000061035156,13.64424991607666,13.222749710083008,13.642499923706055,13.568472862243652,479820000,0.0,0.0
2020-10-06,13.829999923706055,14.142000198364258,13.664999961853027,13.736499786376953,13.66196346282959,784420000,0.0,0.0
2020-10-07,13.999750137329102,14.119250297546387,13.863499641418457,13.96399974822998,13.888229370117188,418084000,0.0,0.0
2020-10-08,14.074999809265137,14.084500312805176,13.758000373840332,13.838749885559082,13.763659477233887,378900000,0.0,0.0
2020-10-09,13.767000198364258,13.824250221252441,13.660750389099121,13.762749671936035,13.688071250915527,346892000,0.0,0.0
2020-10-12,13.989500045776367,14.347000122070312,13.912500381469727,14.22599983215332,14.148808479309082,434744000,0.0,0.0
2020-10-13,14.296500205993652,14.34850025177002,14.018750190734863,14.248250007629395,14.170938491821289,344604000,0.0,0.0
2020-10-14,14.290499687194824,14.34274959564209,13.960000038146973,14.095250129699707,14.018768310546875,276100000,0.0,0.0
2020-10-15,13.810750007629395,14.005749702453613,13.767749786376953,13.970000267028809,13.894197463989258,267224000,0.0,0.0
2020-10-16,14.036749839782715,14.121500015258789,13.792499542236328,13.81149959564209,13.736557006835938,242392000,0.0,0.0
2020-10-19,13.902999877929688,13.983499526977539,13.406749725341797,13.497750282287598,13.42451000213623,298068000,0.0,0.0
2020-10-20,13.583499908447266,13.799750328063965,13.506999969482422,13.645500183105469,13.571460723876953,229212000,0.0,0.0
2020-10-21,13.625,13.791500091552734,13.477499961853027,13.524749755859375,13.451362609863281,219596000,0.0,0.0
2020-10-22,13.522500038146973,13.611749649047852,13.231749534606934,13.361000061035156,13.288500785827637,290480000,0.0,0.0
2020-10-23,13.449999809265137,13.593250274658203,13.291250228881836,13.590250015258789,13.516508102416992,233484000,0.0,0.0
2020-10-26,13.427000045776367,13.692749977111816,13.03849983215332,13.141249656677246,13.069941520690918,336896000,0.0,0.0
2020-10-27,13.305999755859375,13.442000389099121,13.191499710083008,13.396750450134277,13.324058532714844,250520000,0.0,0.0
2020-10-28,13.197999954223633,13.260000228881836,12.609000205993652,12.626999855041504,12.558483123779297,376520000,0.0,0.0
2020-10-29,12.838500022888184,13.192749977111816,12.75,13.02400016784668,12.953328132629395,320080000,0.0,0.0
2020-10-30,12.850000381469727,12.93649959564209,12.300000190734863,12.534000396728516,12.465989112854004,416820000,0.0,0.0
2020-11-02,12.657750129699707,12.836750030517578,12.395000457763672,12.580750465393066,12.51248836517334,299652000,0.0,0.0
2020-11-03,12.708499908447266,13.104999542236328,12.602749824523926,13.019499778747559,12.948856353759766,272900000,0.0,0.0
2020-11-04,13.389249801635742,13.827500343322754,13.336999893188477,13.794249534606934,13.719398498535156,410228000,0.0,0.0
2020-11-05,14.162500381469727,14.33899974822998,13.991000175476074,14.15999984741211,14.08316707611084,319028000,0.0,0.0
2020-11-06,14.109749794006348,14.588749885559082,13.895000457763672,14.562000274658203,14.482986450195312,383348000,0.0,0.0
2020-11-09,14.552499771118164,14.691499710083008,13.610750198364258,13.630749702453613,13.55678653717041,582976000,0.0,0.0
2020-11-10,13.606499671936035,13.606499671936035,12.628250122070312,12.770000457763672,12.700708389282227,644068000,0.0,0.0
2020-11-11,13.053750038146973,13.4350004196167,12.948249816894531,13.418000221252441,13.345191955566406,404744000,0.0,0.0
2020-11-12,13.479000091552734,13.765999794006348,13.315999984741211,13.45674991607666,13.383732795715332,365812000,0.0,0.0
2020-11-13,13.627249717712402,13.668749809265137,13.059249877929688,13.29699993133545,13.224846839904785,346312000,0.0,0.0
2020-11-16,13.172499656677246,13.649499893188477,13.156000137329102,13.515250205993652,13.441915512084961,413776000,0.0,0.0
2020-11-17,13.552499771118164,13.5962495803833,13.303750038146973,13.422249794006348,13.349418640136719,312028000,0.0,0.0
2020-11-18,13.465250015258789,13.60575008392334,13.1850004196167,13.428750038146973,13.355883598327637,510924000,0.0,0.0
2020-11-19,13.212750434875488,13.487500190734863,13.100000381469727,13.440250396728516,13.367321014404297,565936000,0.0,0.0
2020-11-20,13.454000473022461,13.494500160217285,13.0649995803833,13.087750434875488,13.01673412322998,341088000,0.0,0.0
2020-11-23,13.171250343322754,13.382499694824219,13.01550006866455,13.140000343322754,13.068699836730957,361356000,0.0,0.0
2020-11-24,13.142499923706055,13.161999702453613,12.885000228881836,12.95775032043457,12.887438774108887,346500000,0.0,0.0
2020-11-25,13.032500267028809,13.269499778747559,13.020000457763672,13.234749794006348,13.162936210632324,259916000,0.0,0.0
2020-11-27,13.375,13.407500267028809,13.170499801635742,13.261249542236328,13.189291000366211,167276000,0.0,0.0
2020-11-30,13.265000343322754,13.412500381469727,12.972249984741211,13.40149974822998,13.328781127929688,286952000,0.0,0.0
2020-12-01,13.492250442504883,13.5287504196167,13.228249549865723,13.390000343322754,13.31734561920166,296948000,0.0,0.0
2020-12-02,13.350500106811523,13.673500061035156,13.23425006866455,13.544500350952148,13.471004486083984,283360000,0.0,0.0
2020-12-03,13.587499618530273,13.65999984741211,13.329000473022461,13.395999908447266,13.327247619628906,199520000,0.004,0.0
2020-12-04,13.44849967956543,13.5600004196167,13.388750076293945,13.558250427246094,13.488664627075195,202244000,0.0,0.0
2020-12-07,13.601249694824219,13.731249809265137,13.5,13.606749534606934,13.536917686462402,223244000,0.0,0.0
2020-12-08,13.585000038146973,13.598750114440918,13.281499862670898,13.350000381469727,13.28148365020752,271920000,0.0,0.0
2020-12-09,13.30049991607666,13.413999557495117,12.868249893188477,12.930749893188477,12.864387512207031,401300000,0.0,0.0
2020-12-10,12.869000434875488,13.068750381469727,12.849499702453613,12.972249984741211,12.905672073364258,207764000,0.0,0.0
2020-12-11,12.967249870300293,13.020000457763672,12.822999954223633,13.013250350952148,12.94646167755127,209264000,0.0,0.0
2020-12-14,13.088000297546387,13.388750076293945,13.077500343322754,13.30875015258789,13.240445137023926,270156000,0.0,0.0
2020-12-15,13.439749717712402,13.46399974822998,13.186750411987305,13.36050033569336,13.29193115234375,193016000,0.0,0.0
2020-12-16,13.422499656677246,13.437250137329102,13.212499618530273,13.242500305175781,13.17453670501709,223116000,0.0,0.0
2020-12-17,13.36674976348877,13.379500389099121,13.178500175476074,13.3412504196167,13.272780418395996,231384000,0.0,0.0
2020-12-18,13.378999710083008,13.404999732971191,13.070500373840332,13.272000312805176,13.203882217407227,342064000,0.0,0.0
2020-12-21,13.074749946594238,13.369999885559082,12.967499732971191,13.332249641418457,13.263823509216309,302332000,0.0,0.0
2020-12-22,13.319250106811523,13.337249755859375,13.053999900817871,13.278249740600586,13.210099220275879,185580000,0.0,0.0
2020-12-23,13.255999565124512,13.274999618530273,13.005000114440918,13.009249687194824,12.942483901977539,179144000,0.0,0.0
2020-12-24,13.037249565124512,13.132499694824219,12.938750267028809,12.993749618530273,12.927063941955566,97884000,0.0,0.0
2020-12-28,13.0625,13.0625,12.763250350952148,12.899999618530273,12.833791732788086,212564000,0.0,0.0
2020-12-29,12.925000190734863,13.072500228881836,12.842249870300293,12.943249702453613,12.876819610595703,170372000,0.0,0.0
2020-12-30,12.990249633789062,13.213749885559082,12.896750450134277,13.145750045776367,13.07828426361084,225396000,0.0,0.0
2020-12-31,13.136500358581543,13.151000022888184,12.914999961853027,13.055000305175781,12.988000869750977,192424000,0.0,0.0
2021-01-04,13.104249954223633,13.65250015258789,12.962499618530273,13.113499641418457,13.046197891235352,560640000,0.0,0.0
2021-01-05,13.099749565124512,13.443499565124512,13.086999893188477,13.404749870300293,13.335953712463379,322760000,0.0,0.0
2021-01-06,13.22249984741211,13.244999885559082,12.586000442504883,12.614500045776367,12.549758911132812,580424000,0.0,0.0
2021-01-07,12.967499732971191,13.377750396728516,12.886500358581543,13.343999862670898,13.2755126953125,461480000,0.0,0.0
2021-01-08,13.362500190734863,13.420999526977539,13.041999816894531,13.276749610900879,13.208611488342285,292528000,0.0,0.0
2021-01-11,13.418749809265137,13.961000442504883,13.362500190734863,13.621500015258789,13.551590919494629,518344000,0.0,0.0
2021-01-12,13.7524995803833,13.754500389099121,13.345000267028809,13.484749794006348,13.415542602539062,291476000,0.0,0.0
2021-01-13,13.489999771118164,13.625,13.385000228881836,13.531749725341797,13.462300300598145,210028000,0.0,0.0
2021-01-14,13.574999809265137,13.599749565124512,13.180500030517578,13.200249671936035,13.132503509521484,283120000,0.0,0.0
2021-01-15,13.227999687194824,13.325249671936035,12.84850025177002,12.85949993133545,12.793500900268555,277780000,0.0,0.0
2021-01-19,13.016249656677246,13.093999862670898,12.843999862670898,13.025250434875488,12.95840072631836,226188000,0.0,0.0
2021-01-20,13.111749649047852,13.430500030517578,13.056750297546387,13.365750312805176,13.297151565551758,258572000,0.0,0.0
2021-01-21,13.418499946594238,13.999250411987305,13.253000259399414,13.867500305175781,13.796327590942383,337780000,0.0,0.0
2021-01-22,13.739999771118164,13.841750144958496,13.627249717712402,13.712499618530273,13.642122268676758,246820000,0.0,0.0
2021-01-25,13.781749725341797,13.828499794006348,13.236499786376953,13.653249740600586,13.583175659179688,251112000,0.0,0.0
2021-01-26,13.580499649047852,13.644749641418457,13.387499809265137,13.435250282287598,13.366296768188477,163980000,0.0,0.0
2021-01-27,13.229999542236328,13.232749938964844,12.793749809265137,12.917750358581543,12.85145378112793,371272000,0.0,0.0
2021-01-28,12.99625015258789,13.339750289916992,12.96049976348877,13.050999641418457,12.984016418457031,228316000,0.0,0.0
2021-01-29,13.074999809265137,13.334750175476074,12.911499977111816,12.989749908447266,12.92308235168457,271552000,0.0,0.0
2021-02-01,13.053250312805176,13.270750045776367,12.902750015258789,13.237000465393066,13.169063568115234,217204000,0.0,0.0
2021-02-02,13.398750305175781,13.571999549865723,13.285499572753906,13.556750297546387,13.487173080444336,220440000,0.0,0.0
2021-02-03,13.63599967956543,13.931750297546387,13.516500473022461,13.530500411987305,13.461057662963867,245408000,0.0,0.0
2021-02-04,13.531000137329102,13.673500061035156,13.337750434875488,13.664250373840332,13.594120025634766,201340000,0.0,0.0
2021-02-05,13.725000381469727,13.737250328063965,13.54574966430664,13.590999603271484,13.521245002746582,169152000,0.0,0.0
2021-02-08,13.727250099182129,14.473750114440918,13.727250099182129,14.438750267028809,14.364645957946777,434624000,0.0,0.0
2021-02-09,14.340749740600586,14.583250045776367,14.22249984741211,14.263250350952148,14.190049171447754,287560000,0.0,0.0
2021-02-10,14.463250160217285,14.904999732971191,14.341500282287598,14.764249801635742,14.688475608825684,485352000,0.0,0.0
2021-02-11,14.980250358581543,15.272250175476074,14.925000190734863,15.250749588012695,15.172476768493652,450828000,0.0,0.0
2021-02-12,15.050000190734863,15.291250228881836,14.774999618530273,14.961250305175781,14.8844633102417,374756000,0.0,0.0
2021-02-16,15.064249992370605,15.3725004196167,14.949999809265137,15.330249786376953,15.251568794250488,321960000,0.0,0.0
2021-02-17,15.170999526977539,15.22350025177002,14.779999732971191,14.906000137329102,14.829497337341309,274756000,0.0,0.0
2021-02-18,14.729000091552734,14.873250007629395,14.574999809265137,14.829000473022461,14.752893447875977,233868000,0.0,0.0
2021-02-19,15.024499893188477,15.177000045776367,14.846750259399414,14.92650032043457,14.849895477294922,271724000,0.0,0.0
2021-02-22,14.774749755859375,15.13325023651123,14.324999809265137,14.35575008392334,14.28207015991211,325884000,0.0,0.0
2021-02-23,14.075249671936035,14.238750457763672,13.38949966430664,14.142000198364258,14.069418907165527,391780000,0.0,0.0
2021-02-24,14.122750282287598,14.506750106811523,13.755999565124512,14.49899959564209,14.42458724975586,448320000,0.0,0.0
2021-02-25,14.045499801635742,14.374750137329102,13.2162504196167,13.307499885559082,13.239200592041016,824436000,0.0,0.0
2021-02-26,13.7524995803833,13.854499816894531,13.361000061035156,13.714500427246094,13.644113540649414,500932000,0.0,0.0
2021-03-01,13.875,13.925000190734863,13.553250312805176,13.841750144958496,13.770710945129395,353184000,0.0,0.0
2021-03-02,13.899999618530273,13.920499801635742,13.395999908447266,13.40625,13.337446212768555,264116000,0.0,0.0
2021-03-03,13.426250457763672,13.451499938964844,12.798749923706055,12.804750442504883,12.739033699035645,377592000,0.0,0.0
2021-03-04,12.800749778747559,12.975000381469727,12.083749771118164,12.37024974822998,12.3067626953125,573344000,0.0,0.0
2021-03-05,12.550000190734863,12.550000190734863,11.67924976348877,12.46150016784668,12.397542953491211,542840000,0.0,0.0
2021-03-08,12.449999809265137,12.4712495803833,11.566499710083008,11.593250274658203,11.533751487731934,543112000,0.0,0.0
2021-03-09,12.130249977111816,12.61674976348877,12.059249877929688,12.52025032043457,12.460294723510742,521824000,0.004,0.0
2021-03-10,12.840499877929688,12.979999542236328,12.457500457763672,12.468250274658203,12.408539772033691,384376000,0.0,0.0
2021-03-11,12.949999809265137,13.046250343322754,12.73449993133545,12.993499755859375,12.931276321411133,299916000,0.0,0.0
2021-03-12,12.648249626159668,12.888750076293945,12.59000015258789,12.855999946594238,12.794432640075684,243964000,0.0,0.0
2021-03-15,12.864749908447266,13.20674991607666,12.767250061035156,13.19124984741211,13.12807846069336,221988000,0.0,0.0
2021-03-16,13.356499671936035,13.512499809265137,13.11674976348877,13.291250228881836,13.227599143981934,272128000,0.0,0.0
2021-03-17,13.039750099182129,13.45324993133545,12.989500045776367,13.3412504196167,13.277358055114746,243864000,0.0,0.0
2021-03-18,13.136500358581543,13.184000015258789,12.717000007629395,12.72249984741211,12.66157341003418,293896000,0.0,0.0
2021-03-19,12.75,12.921500205993652,12.612500190734863,12.845749855041504,12.784234046936035,299208000,0.0,0.0
2021-03-22,12.912750244140625,13.394499778747559,12.906749725341797,13.186249732971191,13.123101234436035,297804000,0.0,0.0
2021-03-23,13.254249572753906,13.344499588012695,13.021249771118164,13.07075023651123,13.008155822753906,222048000,0.0,0.0
2021-03-24,13.151249885559082,13.159250259399414,12.636750221252441,12.642999649047852,12.582454681396484,245840000,0.0,0.0
2021-03-25,12.499500274658203,12.714750289916992,12.272000312805176,12.535249710083008,12.4752197265625,295144000,0.0,0.0
2021-03-26,12.554499626159668,12.856249809265137,12.373499870300293,12.839249610900879,12.777762413024902,363968000,0.0,0.0
2021-03-29,12.820249557495117,13.0625,12.699999809265137,12.948249816894531,12.88624382019043,273520000,0.0,0.0
2021-03-30,12.842000007629395,12.975250244140625,12.704999923706055,12.871749877929688,12.810107231140137,200204000,0.0,0.0
2021-03-31,13.01550006866455,13.470499992370605,12.982500076293945,13.348250389099121,13.28432846069336,314776000,0.0,0.0
2021-04-01,13.572250366210938,13.869999885559082,13.511249542236328,13.811750411987305,13.74560832977295,308276000,0.0,0.0
2021-04-05,13.867500305175781,14.013999938964844,13.732999801635742,13.987500190734863,13.920513153076172,255672000,0.0,0.0
2021-04-06,13.999750137329102,14.05424976348877,13.773500442504883,13.861499786376953,13.795117378234863,191744000,0.0,0.0
2021-04-07,13.880749702453613,14.243499755859375,13.71150016784668,14.143500328063965,14.07576847076416,251284000,0.0,0.0
2021-04-08,14.252750396728516,14.471500396728516,14.24899959564209,14.317000389099121,14.248435974121094,244416000,0.0,0.0
2021-04-09,14.21399974822998,14.407999992370605,14.175000190734863,14.399999618530273,14.331040382385254,195172000,0.0,0.0
2021-04-12,14.289750099182129,15.352499961853027,14.139249801635742,15.208999633789062,15.136167526245117,869324000,0.0,0.0
2021-04-13,15.231499671936035,15.699999809265137,15.125749588012695,15.679499626159668,15.604412078857422,676212000,0.0,0.0
2021-04-14,15.625,15.720499992370605,15.227499961853027,15.277000427246094,15.203840255737305,385500000,0.0,0.0
2021-04-15,15.662500381469727,16.214250564575195,15.631500244140625,16.137250900268555,16.059972763061523,598480000,0.0,0.0
2021-04-16,16.05299949645996,16.16575050354004,15.865249633789062,15.912500381469727,15.836299896240234,335208000,0.0,0.0
2021-04-19,15.536499977111816,15.807499885559082,15.232999801635742,15.361749649047852,15.288183212280273,404420000,0.0,0.0
2021-04-20,15.323249816894531,15.496999740600586,14.963000297546387,15.171250343322754,15.098599433898926,334132000,0.0,0.0
2021-04-21,15.118749618530273,15.362500190734863,15.102250099182129,15.36050033569336,15.286940574645996,216776000,0.0,0.0
2021-04-22,15.375,15.43850040435791,14.783499717712402,14.850250244140625,14.779134750366211,277788000,0.0,0.0
2021-04-23,14.934249877929688,15.335000038146973,14.900250434875488,15.265250205993652,15.192146301269531,227500000,0.0,0.0
2021-04-26,15.1850004196167,15.479000091552734,15.125,15.477999687194824,15.403876304626465,197796000,0.0,0.0
2021-04-27,15.578499794006348,15.670499801635742,15.354499816894531,15.381750106811523,15.308088302612305,164572000,0.0,0.0
2021-04-28,15.364500045776367,15.53225040435791,15.215499877929688,15.276749610900879,15.203590393066406,209416000,0.0,0.0
2021-04-29,15.399999618530273,15.43649959564209,15.071499824523926,15.324749946594238,15.251358032226562,173196000,0.0,0.0
2021-04-30,15.174500465393066,15.364999771118164,14.996999740600586,15.009499549865723,14.937620162963867,201912000,0.0,0.0
2021-05-03,15.125,15.246749877929688,14.787500381469727,14.836750030517578,14.76569652557373,203912000,0.0,0.0
2021-05-04,14.637249946594238,14.637499809265137,14.010250091552734,14.351249694824219,14.282520294189453,405324000,0.0,0.0
2021-05-05,14.708999633789062,14.81350040435791,14.387499809265137,14.458499908447266,14.389259338378906,292024000,0.0,0.0
2021-05-06,14.49524974822998,14.571249961853027,14.218000411987305,14.52299976348877,14.453451156616211,193380000,0.0,0.0
2021-05-07,14.808250427246094,14.970749855041504,14.67175006866455,14.812250137329102,14.741313934326172,229328000,0.0,0.0
2021-05-10,14.787249565124512,14.805999755859375,14.25,14.26574993133545,14.197433471679688,268904000,0.0,0.0
2021-05-11,13.824999809265137,14.35474967956543,13.75,14.306249618530273,14.237738609313965,285584000,0.0,0.0
2021-05-12,14.009499549865723,14.260250091552734,13.709250450134277,13.758500099182129,13.69261360168457,303408000,0.0,0.0
2021-05-13,14.0337495803833,14.080750465393066,13.458999633789062,13.665249824523926,13.599807739257812,285404000,0.0,0.0
2021-05-14,13.890000343322754,14.32800006866455,13.748499870300293,14.243000030517578,14.174790382385254,258616000,0.0,0.0
2021-05-17,14.156999588012695,14.169249534606934,13.853500366210938,14.165499687194824,14.097661972045898,216980000,0.0,0.0
2021-05-18,14.267000198364258,14.404250144958496,14.003999710083008,14.01574993133545,13.948628425598145,186256000,0.0,0.0
2021-05-19,13.566499710083008,14.079500198364258,13.54325008392334,14.065750122070312,13.998391151428223,344000000,0.0,0.0
2021-05-20,14.302499771118164,14.68375015258789,14.270500183105469,14.612500190734863,14.542522430419922,321592000,0.0,0.0
2021-05-21,15.163749694824219,15.222000122070312,14.869500160217285,14.99174976348877,14.91995620727539,672992000,0.0,0.0
2021-05-24,15.212499618530273,15.744999885559082,15.175999641418457,15.612000465393066,15.537235260009766,554816000,0.0,0.0
2021-05-25,15.765999794006348,15.818499565124512,15.482500076293945,15.647749900817871,15.572815895080566,435408000,0.0,0.0
2021-05-26,15.73425006866455,15.793749809265137,15.586250305175781,15.699999809265137,15.624814987182617,370440000,0.0,0.0
2021-05-27,15.699749946594238,15.75,15.460000038146973,15.48799991607666,15.413829803466797,581476000,0.0,0.0
2021-05-28,15.50100040435791,16.27750015258789,15.50100040435791,16.24449920654297,16.166706085205078,644536000,0.0,0.0
2021-06-01,16.270000457763672,16.38825035095215,15.903249740600586,16.26449966430664,16.186616897583008,472804000,0.0,0.0
2021-06-02,16.25225067138672,16.918750762939453,16.23550033569336,16.778249740600586,16.697898864746094,594168000,0.0,0.0
2021-06-03,16.70075035095215,17.259000778198242,16.58300018310547,16.969749450683594,16.888477325439453,580008000,0.0,0.0
2021-06-04,17.112499237060547,17.660999298095703,17.095500946044922,17.578250885009766,17.494064331054688,617120000,0.0,0.0
2021-06-07,17.571250915527344,17.8125,17.192750930786133,17.618999481201172,17.534622192382812,575756000,0.0,0.0
2021-06-08,17.527250289916992,17.62150001525879,17.250999450683594,17.457000732421875,17.373401641845703,323848000,0.0,0.0
2021-06-09,17.515750885009766,17.575000762939453,17.25575065612793,17.35824966430664,17.27907943725586,381656000,0.004,0.0
2021-06-10,17.350000381469727,17.492000579833984,17.176000595092773,17.424999237060547,17.345531463623047,287772000,0.0,0.0
2021-06-11,17.47949981689453,17.939250946044922,17.443750381469727,17.82525062561035,17.74395179748535,416308000,0.0,0.0
2021-06-14,17.9060001373291,18.039499282836914,17.662750244140625,18.018749237060547,17.936567306518555,321376000,0.0,0.0
2021-06-15,17.915000915527344,18.016250610351562,17.72800064086914,17.78849983215332,17.70737075805664,243032000,0.0,0.0
2021-06-16,17.79075050354004,17.954750061035156,17.58449935913086,17.81024932861328,17.72902488708496,307124000,0.0,0.0
2021-06-17,17.774499893188477,18.834999084472656,17.756250381469727,18.657249450683594,18.57215690612793,809656000,0.0,0.0
2021-06-18,18.784000396728516,19.375,18.583999633789062,18.638750076293945,18.553741455078125,968856000,0.0,0.0
2021-06-21,18.43524932861328,18.536500930786133,17.822750091552734,18.427249908447266,18.34320068359375,672384000,0.0,0.0
2021-06-22,18.471500396728516,18.9637508392334,18.38599967956543,18.886749267578125,18.800609588623047,580144000,0.0,0.0
2021-06-23,19.007749557495117,19.15275001525879,18.90774917602539,19.057249069213867,18.9703311920166,332356000,0.0,0.0
2021-06-24,19.227750778198242,19.420000076293945,19.08824920654297,19.20549964904785,19.11790657043457,320924000,0.0,0.0
2021-06-25,19.280500411987305,19.345500946044922,18.894500732421875,19.0310001373291,18.944202423095703,278364000,0.0,0.0
2021-06-28,19.361249923706055,20.078750610351562,19.319000244140625,19.985000610351562,19.89385223388672,495436000,0.0,0.0
2021-06-29,19.88249969482422,20.0987491607666,19.656999588012695,20.026750564575195,19.935413360595703,367632000,0.0,0.0
2021-06-30,19.999250411987305,20.162500381469727,19.863750457763672,20.002500534057617,19.91127586364746,326568000,0.0,0.0
2021-07-01,20.125,20.45599937438965,20.018999099731445,20.211999893188477,20.11981964111328,480136000,0.0,0.0
2021-07-02,20.440250396728516,20.505250930786133,20.287750244140625,20.48699951171875,20.393564224243164,342764000,0.0,0.0
2021-07-06,20.737499237060547,20.841999053955078,20.350250244140625,20.69849967956543,20.60409927368164,446708000,0.0,0.0
2021-07-07,20.853500366210938,20.875,20.332000732421875,20.371749877929688,20.278839111328125,418428000,0.0,0.0
2021-07-08,19.85650062561035,20.132999420166016,19.70075035095215,19.90275001525879,19.811979293823242,503300000,0.0,0.0
2021-07-09,19.962499618530273,20.080249786376953,19.754249572753906,20.050249099731445,19.95880126953125,296624000,0.0,0.0
2021-07-12,20.239999771118164,20.53274917602539,20.1877498626709,20.512500762939453,20.4189453125,321984000,0.0,0.0
2021-07-13,20.40049934387207,20.46125030517578,20.11400032043457,20.25,20.157642364501953,290708000,0.0,0.0
2021-07-14,20.357749938964844,20.417749404907227,19.752750396728516,19.84149932861328,19.75100326538086,380100000,0.0,0.0
2021-07-15,19.811750411987305,19.847000122070312,18.85849952697754,18.966249465942383,18.879751205444336,550564000,0.0,0.0
2021-07-16,19.030500411987305,19.156999588012695,18.072999954223633,18.160999298095703,18.07817268371582,688224000,0.0,0.0
2021-07-19,17.915250778198242,19.04199981689453,17.86549949645996,18.77975082397461,18.694095611572266,749060000,0.0,0.0
2021-07-20,18.729999542236328,18.83799934387207,18.163999557495117,18.61199951171875,18.52711296081543,434687000,0.0,4.0
2021-07-21,18.881999969482422,19.527000427246094,18.742000579833984,19.40999984741211,19.321474075317383,371017000,0.0,0.0
2021-07-22,19.642000198364258,19.886999130249023,19.275999069213867,19.5939998626709,19.504634857177734,323826000,0.0,0.0
2021-07-23,19.6560001373291,19.700000762939453,19.25,19.558000564575195,19.46879768371582,195672000,0.0,0.0
2021-07-26,19.31100082397461,19.441999435424805,18.913999557495117,19.29400062561035,19.20599937438965,203943000,0.0,0.0
2021-07-27,19.264999389648438,19.621999740600586,18.740999221801758,19.20800018310547,19.120391845703125,248863000,0.0,0.0
2021-07-28,19.319000244140625,19.645999908447266,18.9950008392334,19.503000259399414,19.414051055908203,202191000,0.0,0.0
2021-07-29,19.518999099731445,19.85300064086914,19.327999114990234,19.66200065612793,19.572324752807617,190781000,0.0,0.0
2021-07-30,19.417999267578125,19.6299991607666,19.26300048828125,19.499000549316406,19.410064697265625,183497000,0.0,0.0
2021-08-02,19.700000762939453,19.961000442504883,19.361000061035156,19.75,19.65992546081543,217444000,0.0,0.0
2021-08-03,19.739999771118164,20.222000122070312,19.219999313354492,19.815000534057617,19.724628448486328,301811000,0.0,0.0
2021-08-04,19.989999771118164,20.31800079345703,19.827999114990234,20.27400016784668,20.181533813476562,231309000,0.0,0.0
2021-08-05,20.5,20.732999801635742,20.341999053955078,20.636999130249023,20.542879104614258,211435000,0.0,0.0
2021-08-06,20.52400016784668,20.56999969482422,20.209999084472656,20.365999221801758,20.273115158081055,178497000,0.0,0.0
2021-08-09,20.445999145507812,20.507999420166016,20.14299964904785,20.295000076293945,20.202434539794922,146443000,0.0,0.0
2021-08-10,20.32200050354004,20.43000030517578,19.834999084472656,19.93600082397461,19.845073699951172,179238000,0.0,0.0
2021-08-11,20.042999267578125,20.048999786376953,19.43000030517578,19.698999404907227,19.609159469604492,185925000,0.0,0.0
2021-08-12,19.8700008392334,20.02899932861328,19.6200008392334,19.905000686645508,19.814218521118164,151652000,0.0,0.0
2021-08-13,19.905000686645508,20.214000701904297,19.85099983215332,20.187999725341797,20.095928192138672,183063000,0.0,0.0
2021-08-16,20.135000228881836,20.28700065612793,19.452999114990234,19.950000762939453,19.8590145111084,210876000,0.0,0.0
2021-08-17,19.684999465942383,19.770000457763672,19.267000198364258,19.45800018310547,19.36925506591797,204585000,0.0,0.0
2021-08-18,19.5,19.634000778198242,19.0,19.040000915527344,18.953161239624023,285913000,0.0,0.0
2021-08-19,19.493999481201172,20.4950008392334,18.761999130249023,19.79800033569336,19.70770835876465,766555000,0.0,0.0
2021-08-20,19.990999221801758,20.864999771118164,19.933000564575195,20.81599998474121,20.7210636138916,675741000,0.0,0.0
2021-08-23,20.97100067138672,21.996999740600586,20.950000762939453,21.95800018310547,21.857852935791016,575807000,0.0,0.0
2021-08-24,21.753000259399414,21.958999633789062,21.53499984741211,21.792999267578125,21.693601608276367,297299000,0.0,0.0
2021-08-25,21.73699951171875,22.469999313354492,21.722000122070312,22.21299934387207,22.1116886138916,347701000,0.0,0.0
2021-08-26,22.200000762939453,22.34000015258789,21.790000915527344,22.06800079345703,21.967355728149414,237940000,0.0,0.0
2021-08-27,22.18400001525879,22.722000122070312,22.16699981689453,22.63599967956543,22.532758712768555,304722000,0.0,0.0
2021-08-30,22.829999923706055,23.042999267578125,22.551000595092773,22.687999725341797,22.584524154663086,262580000,0.0,0.0
2021-08-31,22.69499969482422,22.69499969482422,22.1200008392334,22.385000228881836,22.28683090209961,259850000,0.004,0.0
2021-09-01,22.485000610351562,22.69700050354004,22.35700035095215,22.44099998474121,22.34259033203125,201767000,0.0,0.0
2021-09-02,22.51799964904785,22.593000411987305,22.295000076293945,22.395999908447266,22.297788619995117,187834000,0.0,0.0
2021-09-03,22.325000762939453,22.986000061035156,22.200000762939453,22.843000411987305,22.742828369140625,280532000,0.0,0.0
2021-09-07,22.83300018310547,22.89900016784668,22.52199935913086,22.66200065612793,22.562623977661133,198107000,0.0,0.0
2021-09-08,22.51300048828125,22.610000610351562,21.976999282836914,22.339000701904297,22.241037368774414,254434000,0.0,0.0
2021-09-09,22.312000274658203,22.538000106811523,22.131000518798828,22.177000045776367,22.079748153686523,196856000,0.0,0.0
2021-09-10,22.347999572753906,22.625999450683594,22.270000457763672,22.47800064086914,22.379430770874023,248376000,0.0,0.0
2021-09-13,22.68400001525879,22.964000701904297,21.857999801635742,22.152000427246094,22.054859161376953,297500000,0.0,0.0
2021-09-14,22.274999618530273,22.40999984741211,22.086000442504883,22.242000579833984,22.14446449279785,199755000,0.0,0.0
2021-09-15,22.30900001525879,22.367000579833984,21.965999603271484,22.340999603271484,22.243024826049805,166538000,0.0,0.0
2021-09-16,22.183000564575195,22.277000427246094,21.927000045776367,22.242000579833984,22.14446449279785,156033000,0.0,0.0
2021-09-17,22.299999237060547,22.320999145507812,21.829999923706055,21.899999618530273,21.803964614868164,294503000,0.0,0.0
2021-09-20,21.145999908447266,21.433000564575195,20.66200065612793,21.113000869750977,21.020416259765625,349440000,0.0,0.0
2021-09-21,21.41699981689453,21.424999237060547,20.950000762939453,21.246000289916992,21.15283203125,204688000,0.0,0.0
2021-09-22,21.365999221801758,21.959999084472656,21.195999145507812,21.94099998474121,21.844785690307617,268726000,0.0,0.0
2021-09-23,22.139999389648438,22.53499984741211,21.889999389648438,22.48200035095215,22.38340950012207,248555000,0.0,0.0
2021-09-24,22.06999969482422,22.14900016784668,21.861000061035156,22.08099937438965,21.98416519165039,217655000,0.0,0.0
2021-09-27,21.709999084472656,21.798999786376953,21.325000762939453,21.65999984741211,21.565013885498047,245215000,0.0,0.0
2021-09-28,21.214000701904297,21.41900062561035,20.650999069213867,20.698999404907227,20.608224868774414,343069000,0.0,0.0
2021-09-29,20.940000534057617,21.017000198364258,20.466999053955078,20.517000198364258,20.427026748657227,218394000,0.0,0.0
2021-09-30,20.76799964904785,21.06599998474121,20.687999725341797,20.715999603271484,20.625158309936523,221009000,0.0,0.0
2021-10-01,20.75,20.858999252319336,20.202999114990234,20.742000579833984,20.65104103088379,240978000,0.0,0.0
2021-10-04,20.503999710083008,20.54199981689453,19.55500030517578,19.73200035095215,19.645465850830078,345635000,0.0,0.0
2021-10-05,19.950000762939453,20.648000717163086,19.854000091552734,20.451000213623047,20.361310958862305,279282000,0.0,0.0
2021-10-06,20.1200008392334,20.719999313354492,20.079999923706055,20.700000762939453,20.60922622680664,297202000,0.0,0.0
2021-10-07,21.091999053955078,21.32200050354004,20.972000122070312,21.075000762939453,20.98257827758789,256919000,0.0,0.0
2021-10-08,21.10099983215332,21.20599937438965,20.774999618530273,20.83099937438965,20.739648818969727,151258000,0.0,0.0
2021-10-11,20.575000762939453,21.062999725341797,20.51099967956543,20.69499969482422,20.604246139526367,163388000,0.0,0.0
2021-10-12,20.827999114990234,21.05699920654297,20.527999877929688,20.67099952697754,20.58035659790039,162134000,0.0,0.0
2021-10-13,20.917999267578125,20.989999771118164,20.71299934387207,20.93899917602539,20.84717559814453,180652000,0.0,0.0
2021-10-14,21.288000106811523,21.7549991607666,21.121999740600586,21.746000289916992,21.6506404876709,243589000,0.0,0.0
2021-10-15,21.809999465942383,21.930999755859375,21.66200065612793,21.86199951171875,21.76612663269043,226994000,0.0,0.0
2021-10-18,21.749000549316406,22.291000366210938,21.643999099731445,22.222000122070312,22.12455177307129,189494000,0.0,0.0
2021-10-19,22.275999069213867,22.378999710083008,22.03700065612793,22.290000915527344,22.1922550201416,161473000,0.0,0.0
2021-10-20,22.30500030517578,22.433000564575195,21.98200035095215,22.10300064086914,22.006071090698242,146276000,0.0,0.0
2021-10-21,22.097000122070312,22.711000442504883,22.08300018310547,22.691999435424805,22.59248924255371,187590000,0.0,0.0
2021-10-22,22.822999954223633,23.1299991607666,22.56100082397461,22.72599983215332,22.6263370513916,249384000,0.0,0.0
2021-10-25,22.972999572753906,23.354999542236328,22.770000457763672,23.166000366210938,23.064407348632812,230235000,0.0,0.0
2021-10-26,23.98900032043457,25.259000778198242,23.923999786376953,24.716999053955078,24.60860824584961,485898000,0.0,0.0
2021-10-27,24.474000930786133,25.09000015258789,24.281999588012695,24.451000213623047,24.343774795532227,245990000,0.0,0.0
2021-10-28,24.878000259399414,24.950000762939453,24.523000717163086,24.94099998474121,24.831626892089844,234204000,0.0,0.0
2021-10-29,25.000999450683594,25.708999633789062,25.0,25.566999435424805,25.454879760742188,292503000,0.0,0.0
2021-11-01,25.64900016784668,25.893999099731445,25.226999282836914,25.82699966430664,25.713741302490234,265740000,0.0,0.0
2021-11-02,25.82200050354004,26.67799949645996,25.799999237060547,26.400999069213867,26.28522300720215,294112000,0.0,0.0
2021-11-03,26.670000076293945,26.784000396728516,26.235000610351562,26.597999572753906,26.481359481811523,239910000,0.0,0.0
2021-11-04,27.229000091552734,31.364999771118164,27.118000030517578,29.801000595092773,29.67031478881836,1153631000,0.0,0.0
2021-11-05,30.187000274658203,31.399999618530273,29.40999984741211,29.75200080871582,29.62152862548828,851260000,0.0,0.0
2021-11-08,30.14900016784668,31.100000381469727,29.906999588012695,30.804000854492188,30.668916702270508,503101000,0.0,0.0
2021-11-09,32.28200149536133,32.310001373291016,29.964000701904297,30.656999588012695,30.52255630493164,646746000,0.0,0.0
2021-11-10,29.356000900268555,30.850000381469727,28.777999877929688,29.458999633789062,29.32981300354004,636206000,0.0,0.0
2021-11-11,30.468000411987305,30.59000015258789,29.777000427246094,30.389999389648438,30.256729125976562,332172000,0.0,0.0
2021-11-12,30.010000228881836,30.68000030517578,29.6299991607666,30.389999389648438,30.256729125976562,413054000,0.0,0.0
2021-11-15,30.552000045776367,30.643999099731445,29.246999740600586,30.024999618530273,29.89333724975586,384909000,0.0,0.0
2021-11-16,29.759000778198242,30.389999389648438,29.70599937438965,30.202999114990234,30.0705509185791,264484000,0.0,0.0
2021-11-17,30.417999267578125,30.509000778198242,28.799999237060547,29.26099967956543,29.13268280029297,428508000,0.0,0.0
2021-11-18,32.367000579833984,32.7599983215332,31.320999145507812,31.674999237060547,31.536096572875977,781711000,0.0,0.0
2021-11-19,32.24300003051758,33.0880012512207,31.905000686645508,32.98500061035156,32.840362548828125,533867000,0.0,0.0
2021-11-22,33.516998291015625,34.64699935913086,31.899999618530273,31.95599937438965,31.81586265563965,754335000,0.0,0.0
2021-11-23,31.53499984741211,32.36000061035156,30.8799991607666,31.746000289916992,31.60679054260254,532163000,0.0,0.0
2021-11-24,31.461000442504883,32.85499954223633,30.92799949645996,32.67399978637695,32.53070831298828,435162000,0.0,0.0
2021-11-26,32.599998474121094,32.709999084472656,31.350000381469727,31.503000259399414,31.364850997924805,283069000,0.0,0.0
2021-11-29,32.36600112915039,33.4119987487793,32.0359992980957,33.375999450683594,33.22962951660156,454964000,0.0,0.0
2021-11-30,33.16899871826172,33.35300064086914,31.86400032043457,32.67599868774414,32.53269958496094,622066000,0.0,0.0
2021-12-01,33.21900177001953,33.28900146484375,31.3799991607666,31.434999465942383,31.300983428955078,484368000,0.004,0.0
2021-12-02,31.214000701904297,32.47800064086914,31.024999618530273,32.125999450683594,31.989030838012695,472890000,0.0,0.0
2021-12-03,32.0,32.12900161743164,30.1299991607666,30.69300079345703,30.56214714050293,544325000,0.0,0.0
2021-12-06,29.8799991607666,30.240999221801758,28.038000106811523,30.03700065612793,29.9089412689209,658938000,0.0,0.0
2021-12-07,30.957000732421875,32.44900131225586,30.650999069213867,32.426998138427734,32.28874588012695,593053000,0.0,0.0
2021-12-08,31.999000549316406,32.290000915527344,31.42099952697754,31.826000213623047,31.69031524658203,475551000,0.0,0.0
2021-12-09,31.733999252319336,32.20500183105469,30.42799949645996,30.489999771118164,30.360010147094727,488507000,0.0,0.0
2021-12-10,31.149999618530273,31.30500030517578,29.861000061035156,30.197999954223633,30.06925392150879,488825000,0.0,0.0
2021-12-13,30.249000549316406,30.29400062561035,28.115999221801758,28.160999298095703,28.040935516357422,598344000,0.0,0.0
2021-12-14,27.698999404907227,28.67799949645996,27.25,28.336999893188477,28.2161922454834,667035000,0.0,0.0
2021-12-15,28.399999618530273,30.5,27.83799934387207,30.458999633789062,30.32914161682129,698297000,0.0,0.0
2021-12-16,31.152000427246094,31.15999984741211,28.093000411987305,28.386999130249023,28.265974044799805,707366000,0.0,0.0
2021-12-17,27.985000610351562,28.922000885009766,27.760000228881836,27.801000595092773,27.682472229003906,713758000,0.0,0.0
2021-12-20,27.30500030517578,28.143999099731445,27.145000457763672,27.7189998626709,27.60082244873047,461847000,0.0,0.0
2021-12-21,28.374000549316406,29.1200008392334,27.400999069213867,29.075000762939453,28.95104217529297,524385000,0.0,0.0
2021-12-22,28.891000747680664,29.55500030517578,28.448999404907227,29.399999618530273,29.2746524810791,395184000,0.0,0.0
2021-12-23,29.7549991607666,30.05900001525879,29.430999755859375,29.639999389648438,29.513633728027344,343022000,0.0,0.0
2021-12-27,29.65999984741211,31.086999893188477,29.639999389648438,30.94499969482422,30.81306266784668,403686000,0.0,0.0
2021-12-28,31.312000274658203,31.329999923706055,30.011999130249023,30.32200050354004,30.192726135253906,420591000,0.0,0.0
2021-12-29,30.273000717163086,30.54800033569336,29.365999221801758,30.000999450683594,29.873096466064453,343139000,0.0,0.0
2021-12-30,29.82699966430664,30.457000732421875,29.540000915527344,29.586000442504883,29.459863662719727,308864000,0.0,0.0
2021-12-31,29.673999786376953,30.030000686645508,29.33099937438965,29.410999298095703,29.28561019897461,266530000,0.0,0.0
2022-01-03,29.815000534057617,30.711000442504883,29.78499984741211,30.121000289916992,29.992586135864258,391547000,0.0,0.0
2022-01-04,30.277000427246094,30.468000411987305,28.349000930786133,29.290000915527344,29.16512680053711,527154000,0.0,0.0
2022-01-05,28.948999404907227,29.416000366210938,27.533000946044922,27.604000091552734,27.486312866210938,498064000,0.0,0.0
2022-01-06,27.639999389648438,28.437999725341797,27.065000534057617,28.17799949645996,28.05786895751953,454186000,0.0,0.0
2022-01-07,28.141000747680664,28.422000885009766,27.05699920654297,27.246999740600586,27.13083267211914,409939000,0.0,0.0
2022-01-10,26.58099937438965,27.4689998626709,25.643999099731445,27.399999618530273,27.283185958862305,594681000,0.0,0.0
2022-01-11,27.322999954223633,28.065000534057617,26.839000701904297,27.816999435424805,27.698408126831055,404089000,0.0,0.0
2022-01-12,28.066999435424805,28.594999313354492,27.607999801635742,27.999000549316406,27.87963104248047,383413000,0.0,0.0
2022-01-13,28.378999710083008,28.479999542236328,26.49799919128418,26.575000762939453,26.461706161499023,540171000,0.0,0.0
2022-01-14,26.299999237060547,27.19700050354004,26.209999084472656,26.941999435424805,26.82714080810547,395832000,0.0,0.0
2022-01-18,26.260000228881836,26.63800048828125,25.770000457763672,25.902999877929688,25.792566299438477,424270000,0.0,0.0
2022-01-19,26.07900047302246,26.542999267578125,25.052000045776367,25.066999435424805,24.96013069152832,488315000,0.0,0.0
2022-01-20,25.304000854492188,25.57900047302246,24.077999114990234,24.149999618530273,24.04703712463379,435181000,0.0,0.0
2022-01-21,23.506999969482422,24.822999954223633,23.26300048828125,23.374000549316406,23.27434730529785,718958000,0.0,0.0
2022-01-24,22.329999923706055,23.3799991607666,20.88800048828125,23.371999740600586,23.27235221862793,913982000,0.0,0.0
2022-01-25,22.54599952697754,22.94300079345703,22.0,22.323999404907227,22.228824615478516,664616000,0.0,0.0
2022-01-26,23.239999771118164,24.05699920654297,22.299999237060547,22.77199935913086,22.674915313720703,755959000,0.0,0.0
2022-01-27,23.56800079345703,23.9950008392334,21.674999237060547,21.944000244140625,21.85044288635254,573353000,0.0,0.0
2022-01-28,22.011999130249023,22.857999801635742,21.29599952697754,22.84000015258789,22.742624282836914,543774000,0.0,0.0
2022-01-31,23.18199920654297,24.509000778198242,23.052000045776367,24.486000061035156,24.381608963012695,564680000,0.0,0.0
2022-02-01,25.104000091552734,25.145000457763672,23.889999389648438,24.63800048828125,24.532958984375,518925000,0.0,0.0
2022-02-02,25.79400062561035,25.816999435424805,24.55299949645996,25.242000579833984,25.134384155273438,543419000,0.0,0.0
2022-02-03,24.45800018310547,25.07699966430664,23.780000686645508,23.947999954223633,23.845897674560547,410178000,0.0,0.0
2022-02-04,23.972000122070312,24.635000228881836,23.631999969482422,24.319000244140625,24.21531867980957,354829000,0.0,0.0
2022-02-07,24.371999740600586,25.18199920654297,24.20199966430664,24.72800064086914,24.622577667236328,376868000,0.0,0.0
2022-02-08,24.358999252319336,25.229999542236328,23.979999542236328,25.107999801635742,25.000953674316406,410359000,0.0,0.0
2022-02-09,25.621999740600586,26.725000381469727,25.35300064086914,26.704999923706055,26.591150283813477,524282000,0.0,0.0
2022-02-10,25.9950008392334,26.924999237060547,25.600000381469727,25.823999404907227,25.71390151977539,513200000,0.0,0.0
2022-02-11,25.916000366210938,26.152000427246094,23.773000717163086,23.948999404907227,23.846893310546875,605472000,0.0,0.0
2022-02-14,23.93400001525879,24.875,23.7549991607666,24.267000198364258,24.163543701171875,440424000,0.0,0.0
2022-02-15,24.948999404907227,26.545000076293945,24.784000396728516,26.4950008392334,26.38204002380371,699869000,0.0,0.0
2022-02-16,26.259000778198242,26.582000732421875,25.552000045776367,26.51099967956543,26.397972106933594,732676000,0.0,0.0
2022-02-17,25.6299991607666,25.78499984741211,24.165000915527344,24.506999969482422,24.402517318725586,810595000,0.0,0.0
2022-02-18,24.667999267578125,24.986000061035156,23.100000381469727,23.642000198364258,23.54120445251465,761255000,0.0,0.0
2022-02-22,23.03499984741211,24.06399917602539,23.0,23.389999389648438,23.290283203125,633422000,0.0,0.0
2022-02-23,23.802000045776367,24.155000686645508,22.301000595092773,22.386999130249023,22.29155731201172,566511000,0.0,0.0
2022-02-24,21.014999389648438,23.799999237060547,20.889999389648438,23.74799919128418,23.646751403808594,735801000,0.0,0.0
2022-02-25,23.72100067138672,24.216999053955078,23.381000518798828,24.156999588012695,24.054006576538086,528866000,0.0,0.0
2022-02-28,23.992000579833984,24.665000915527344,23.707000732421875,24.385000228881836,24.28104019165039,477319000,0.0,0.0
2022-03-01,24.291000366210938,24.37700080871582,23.131999969482422,23.476999282836914,23.376909255981445,412056000,0.0,0.0
2022-03-02,23.756000518798828,24.409000396728516,23.415000915527344,24.219999313354492,24.120853424072266,389642000,0.004,0.0
2022-03-03,24.261999130249023,24.326000213623047,23.4689998626709,23.714000701904297,23.616920471191406,365095000,0.0,0.0
2022-03-04,23.384000778198242,23.68000030517578,22.48200035095215,22.93600082397461,22.84210777282715,431415000,0.0,0.0
2022-03-07,22.816999435424805,23.033000946044922,21.329999923706055,21.351999282836914,21.264591217041016,450821000,0.0,0.0
2022-03-08,21.30900001525879,22.37299919128418,20.649999618530273,21.513999938964844,21.425928115844727,557467000,0.0,0.0
2022-03-09,22.386999130249023,23.219999313354492,22.246999740600586,23.013999938964844,22.91978645324707,492742000,0.0,0.0
2022-03-10,22.5310001373291,22.788000106811523,21.881999969482422,22.658000946044922,22.56524658203125,428066000,0.0,0.0
2022-03-11,23.02199935913086,23.145000457763672,22.04599952697754,22.100000381469727,22.009525299072266,367209000,0.0,0.0
2022-03-14,21.868999481201172,22.261999130249023,21.159000396728516,21.329999923706055,21.24268341064453,385354000,0.0,0.0
2022-03-15,21.51799964904785,23.038000106811523,21.32200050354004,22.972999572753906,22.87895393371582,491996000,0.0,0.0
2022-03-16,23.5,24.597000122070312,23.172000885009766,24.496000289916992,24.395721435546875,671422000,0.0,0.0
2022-03-17,24.1200008392334,24.841999053955078,23.9060001373291,24.766000747680664,24.664623260498047,471941000,0.0,0.0
2022-03-18,24.798999786376953,26.569000244140625,24.624000549316406,26.452999114990234,26.34470558166504,730719000,0.0,0.0
2022-03-21,26.506999969482422,27.152000427246094,25.966999053955078,26.733999252319336,26.624555587768555,591727000,0.0,0.0
2022-03-22,26.726999282836914,27.238000869750977,26.07200050354004,26.52400016784668,26.415414810180664,547007000,0.0,0.0
2022-03-23,26.125999450683594,26.61199951171875,25.575000762939453,25.634000778198242,25.529062271118164,502120000,0.0,0.0
2022-03-24,26.166000366210938,28.31999969482422,25.906999588012695,28.149999618530273,28.034759521484375,877379000,0.0,0.0
2022-03-25,27.88599967956543,28.357999801635742,27.270999908447266,27.691999435424805,27.57863426208496,579016000,0.0,0.0
2022-03-28,27.756000518798828,28.25,27.20599937438965,28.2189998626709,28.10348129272461,425494000,0.0,0.0
2022-03-29,28.69499969482422,28.945999145507812,27.979999542236328,28.6560001373291,28.538692474365234,488984000,0.0,0.0
2022-03-30,28.304000854492188,28.496000289916992,27.503000259399414,27.690000534057617,27.576642990112305,463487000,0.0,0.0
2022-03-31,27.781999588012695,28.24799919128418,27.270000457763672,27.285999298095703,27.174299240112305,523440000,0.0,0.0
2022-04-01,27.375,27.496000289916992,26.267000198364258,26.711999893188477,26.602643966674805,517235000,0.0,0.0
2022-04-04,26.72800064086914,27.558000564575195,26.613000869750977,27.360000610351562,27.24799346923828,397120000,0.0,0.0
2022-04-05,27.253999710083008,27.319000244140625,25.81999969482422,25.930999755859375,25.824848175048828,436615000,0.0,0.0
2022-04-06,24.93400001525879,25.299999237060547,24.003000259399414,24.406999588012695,24.307085037231445,703833000,0.0,0.0
2022-04-07,24.44099998474121,24.722000122070312,23.47800064086914,24.20800018310547,24.10890007019043,557992000,0.0,0.0
2022-04-08,23.91699981689453,23.92300033569336,23.062000274658203,23.118999481201172,23.02436065673828,524781000,0.0,0.0
2022-04-11,22.214000701904297,22.31999969482422,21.65999984741211,21.91699981689453,21.827280044555664,575207000,0.0,0.0
2022-04-12,22.53700065612793,22.725000381469727,21.281999588012695,21.503999710083008,21.415969848632812,662258000,0.0,0.0
2022-04-13,21.72800064086914,22.5,21.454999923706055,22.202999114990234,22.112106323242188,516943000,0.0,0.0
2022-04-14,22.5049991607666,22.777000427246094,21.163000106811523,21.257999420166016,21.170974731445312,569097000,0.0,0.0
2022-04-18,21.200000762939453,22.08799934387207,21.07900047302246,21.783000946044922,21.693828582763672,525701000,0.0,0.0
2022-04-19,21.719999313354492,22.37299919128418,21.31399917602539,22.197999954223633,22.107128143310547,512781000,0.0,0.0
2022-04-20,22.517000198364258,22.670000076293945,21.200000762939453,21.48200035095215,21.394062042236328,468974000,0.0,0.0
2022-04-21,21.708999633789062,22.392000198364258,20.0,20.183000564575195,20.10037612915039,656209000,0.0,0.0
2022-04-22,20.30299949645996,20.486000061035156,19.5,19.514999389648438,19.435108184814453,624713000,0.0,0.0
2022-04-25,19.20199966430664,19.94499969482422,19.09600067138672,19.902000427246094,19.82052993774414,641566000,0.0,0.0
2022-04-26,19.718000411987305,19.788000106811523,18.670000076293945,18.788000106811523,18.711088180541992,653143000,0.0,0.0
2022-04-27,18.597999572753906,19.16699981689453,18.290000915527344,18.415000915527344,18.339614868164062,499460000,0.0,0.0
2022-04-28,18.966999053955078,20.03700065612793,18.489999771118164,19.781999588012695,19.701019287109375,570327000,0.0,0.0
2022-04-29,19.402000427246094,20.128000259399414,18.517000198364258,18.547000885009766,18.471073150634766,500435000,0.0,0.0
2022-05-02,18.541000366210938,19.573999404907227,18.391000747680664,19.533000946044922,19.45303726196289,572049000,0.0,0.0
2022-05-03,19.399999618530273,19.825000762939453,19.132999420166016,19.601999282836914,19.52175521850586,475751000,0.0,0.0
2022-05-04,19.92300033569336,20.399999618530273,18.750999450683594,20.333999633789062,20.250755310058594,648855000,0.0,0.0
2022-05-05,19.867000579833984,19.924999237060547,18.5,18.8439998626709,18.766857147216797,626331000,0.0,0.0
2022-05-06,18.736000061035156,19.511999130249023,17.989999771118164,18.674999237060547,18.598548889160156,633297000,0.0,0.0
2022-05-09,18.034000396728516,18.2549991607666,16.82699966430664,16.950000762939453,16.880613327026367,644455000,0.0,0.0
2022-05-10,17.68899917602539,18.197999954223633,17.024999618530273,17.594999313354492,17.522972106933594,761474000,0.0,0.0
2022-05-11,17.347000122070312,17.753000259399414,16.56800079345703,16.6299991607666,16.561918258666992,670167000,0.0,0.0
2022-05-12,16.2189998626709,16.788000106811523,15.567000389099121,16.174999237060547,16.10878562927246,708728000,0.0,0.0
2022-05-13,16.788000106811523,17.92799949645996,16.593000411987305,17.70599937438965,17.63351821899414,670437000,0.0,0.0
2022-05-16,17.509000778198242,17.788000106811523,17.106000900268555,17.263999938964844,17.193328857421875,521446000,0.0,0.0
2022-05-17,18.073999404907227,18.371000289916992,17.634000778198242,18.177000045776367,18.102590560913086,585830000,0.0,0.0
2022-05-18,17.704999923706055,18.118000030517578,16.86400032043457,16.937999725341797,16.86865997314453,545161000,0.0,0.0
2022-05-19,16.937000274658203,17.687000274658203,16.733999252319336,17.124000549316406,17.05389976501465,621310000,0.0,0.0
2022-05-20,17.332000732421875,17.40999984741211,15.755000114440918,16.694000244140625,16.625659942626953,739105000,0.0,0.0
2022-05-23,16.27400016784668,16.915000915527344,16.179000854492188,16.898000717163086,16.82882308959961,639889000,0.0,0.0
2022-05-24,16.510000228881836,16.597000122070312,15.779999732971191,16.15399932861328,16.087871551513672,588550000,0.0,0.0
2022-05-25,16.020000457763672,17.111000061035156,16.0,16.975000381469727,16.90550994873047,781132000,0.0,0.0
2022-05-26,16.035999298095703,18.091999053955078,16.02199935913086,17.85099983215332,17.777921676635742,996575000,0.0,0.0
2022-05-27,18.18600082397461,18.881000518798828,18.100000381469727,18.81100082397461,18.733993530273438,738379000,0.0,0.0
2022-05-31,18.979999542236328,19.200000762939453,18.350000381469727,18.672000885009766,18.595561981201172,664100000,0.0,0.0
2022-06-01,18.724000930786133,19.05299949645996,18.121999740600586,18.31999969482422,18.245004653930664,544514000,0.0,0.0
2022-06-02,18.29199981689453,19.618999481201172,18.197999954223633,19.591999053955078,19.511795043945312,648656000,0.0,0.0
2022-06-03,19.082000732421875,19.332000732421875,18.52199935913086,18.719999313354492,18.643369674682617,598779000,0.0,0.0
2022-06-06,19.138999938964844,19.336999893188477,18.56399917602539,18.785999298095703,18.709095001220703,422406000,0.0,0.0
2022-06-07,18.472000122070312,19.0,18.187999725341797,18.926000595092773,18.84852409362793,388914000,0.0,0.0
2022-06-08,18.798999786376953,19.18000030517578,18.53499984741211,18.648000717163086,18.57558822631836,363252000,0.004,0.0
2022-06-09,18.481000900268555,18.933000564575195,18.041000366210938,18.04800033569336,17.977916717529297,395574000,0.0,0.0
2022-06-10,17.600000381469727,17.69700050354004,16.868999481201172,16.974000930786133,16.9080867767334,465248000,0.0,0.0
2022-06-13,16.0,16.312000274658203,15.605999946594238,15.647000312805176,15.586238861083984,604153000,0.0,0.0
2022-06-14,15.730999946594238,16.06599998474121,15.411999702453613,15.836000442504883,15.774505615234375,469680000,0.0,0.0
2022-06-15,16.094999313354492,16.868000030517578,15.925999641418457,16.527000427246094,16.46282196044922,563936000,0.0,0.0
2022-06-16,15.859999656677246,15.942000389099121,15.401000022888184,15.60099983215332,15.540419578552246,545749000,0.0,0.0
2022-06-17,15.64799976348877,15.994999885559082,15.32800006866455,15.880000114440918,15.818333625793457,630334000,0.0,0.0
2022-06-21,16.475000381469727,17.007999420166016,16.406999588012695,16.56599998474121,16.501672744750977,483089000,0.0,0.0
2022-06-22,16.22599983215332,16.66200065612793,16.18000030517578,16.360000610351562,16.296472549438477,437135000,0.0,0.0
2022-06-23,16.518999099731445,16.584999084472656,15.852999687194824,16.225000381469727,16.1619930267334,463680000,0.0,0.0
2022-06-24,16.5,17.139999389648438,16.309999465942383,17.125999450683594,17.059497833251953,472153000,0.0,0.0
2022-06-27,17.312000274658203,17.329999923706055,16.625999450683594,16.868999481201172,16.80349349975586,427968000,0.0,0.0
2022-06-28,16.899999618530273,17.20199966430664,15.944999694824219,15.982000350952148,15.919939994812012,461149000,0.0,0.0
2022-06-29,15.814000129699707,15.819999694824219,15.170000076293945,15.541999816894531,15.481645584106445,482352000,0.0,0.0
2022-06-30,15.361000061035156,15.567000389099121,14.862000465393066,15.159000396728516,15.10013484954834,686070000,0.0,0.0
2022-07-01,14.89900016784668,15.062999725341797,14.392000198364258,14.52299976348877,14.466602325439453,577610000,0.0,0.0
2022-07-05,14.175000190734863,14.970999717712402,14.055000305175781,14.96399974822998,14.905890464782715,651397000,0.0,0.0
2022-07-06,15.010000228881836,15.319000244140625,14.788999557495117,15.130000114440918,15.071247100830078,529066000,0.0,0.0
2022-07-07,15.456000328063965,15.944999694824219,15.388999938964844,15.857999801635742,15.79642105102539,492903000,0.0,0.0
2022-07-08,15.430000305175781,16.03700065612793,15.388999938964844,15.838000297546387,15.776498794555664,467972000,0.0,0.0
2022-07-11,15.526000022888184,15.527000427246094,15.038000106811523,15.152000427246094,15.093161582946777,437321000,0.0,0.0
2022-07-12,15.267999649047852,15.430999755859375,14.876999855041504,15.081999778747559,15.023432731628418,458483000,0.0,0.0
2022-07-13,14.59000015258789,15.375,14.46500015258789,15.163999557495117,15.105114936828613,521918000,0.0,0.0
2022-07-14,15.107999801635742,15.472999572753906,14.727999687194824,15.371999740600586,15.31230640411377,456235000,0.0,0.0
2022-07-15,15.659000396728516,15.781999588012695,15.444999694824219,15.76200008392334,15.700793266296387,385935000,0.0,0.0
2022-07-18,16.302000045776367,16.89699935913086,16.00200080871582,16.10099983215332,16.038475036621094,670517000,0.0,0.0
2022-07-19,16.486000061035156,17.110000610351562,16.172000885009766,16.992000579833984,16.926015853881836,702366000,0.0,0.0
2022-07-20,16.94700050354004,17.933000564575195,16.801000595092773,17.80699920654297,17.73785400390625,760538000,0.0,0.0
2022-07-21,17.885000228881836,18.143999099731445,17.545000076293945,18.049999237060547,17.97990608215332,557049000,0.0,0.0
2022-07-22,17.89299964904785,17.966999053955078,17.136999130249023,17.319000244140625,17.251750946044922,536671000,0.0,0.0
2022-07-25,17.018999099731445,17.124000549316406,16.64900016784668,17.02400016784668,16.9578914642334,480748000,0.0,0.0
2022-07-26,16.888999938964844,16.91900062561035,16.47800064086914,16.533000946044922,16.46880340576172,397865000,0.0,0.0
2022-07-27,17.031999588012695,17.93600082397461,16.913000106811523,17.790000915527344,17.720916748046875,569776000,0.0,0.0
2022-07-28,17.975000381469727,18.139999389648438,17.440000534057617,17.983999252319336,17.914165496826172,474646000,0.0,0.0
2022-07-29,17.812999725341797,18.243999481201172,17.691999435424805,18.163000106811523,18.092470169067383,435460000,0.0,0.0
2022-08-01,18.18199920654297,18.84600067138672,17.989999771118164,18.44099998474121,18.3693904876709,476469000,0.0,0.0
2022-08-02,18.121999740600586,18.937999725341797,18.091999053955078,18.525999069213867,18.454059600830078,489527000,0.0,0.0
2022-08-03,18.18400001525879,18.968000411987305,18.136999130249023,18.89299964904785,18.819637298583984,418146000,0.0,0.0
2022-08-04,18.849000930786133,19.27400016784668,18.760000228881836,19.21500015258789,19.1403865814209,409652000,0.0,0.0
2022-08-05,18.809999465942383,19.229000091552734,18.666000366210938,18.98900032043457,18.91526222229004,386068000,0.0,0.0
2022-08-08,17.50200080871582,18.23900032043457,17.242000579833984,17.792999267578125,17.723905563354492,981859000,0.0,0.0
2022-08-09,17.25200080871582,17.44700050354004,16.724000930786133,17.086000442504883,17.0196533203125,668263000,0.0,0.0
2022-08-10,17.697999954223633,18.118000030517578,17.316999435424805,18.097000122070312,18.026721954345703,597422000,0.0,0.0
2022-08-11,18.131000518798828,18.707000732421875,17.875999450683594,17.941999435424805,17.872333526611328,509327000,0.0,0.0
2022-08-12,18.15999984741211,18.718000411987305,17.952999114990234,18.708999633789062,18.63634490966797,478094000,0.0,0.0
2022-08-15,18.701000213623047,19.163999557495117,18.613000869750977,19.031999588012695,18.95809555053711,457666000,0.0,0.0
2022-08-16,18.920000076293945,19.142000198364258,18.500999450683594,18.878999710083008,18.805688858032227,451240000,0.0,0.0
2022-08-17,18.523000717163086,18.687999725341797,18.145000457763672,18.334999084472656,18.2637996673584,446799000,0.0,0.0
2022-08-18,18.301000595092773,18.864999771118164,18.183000564575195,18.773000717163086,18.700103759765625,415447000,0.0,0.0
2022-08-19,18.4060001373291,18.520000457763672,17.770000457763672,17.849000930786133,17.77968406677246,441588000,0.0,0.0
2022-08-22,17.489999771118164,17.558000564575195,16.965999603271484,17.034000396728516,16.967851638793945,409593000,0.0,0.0
2022-08-23,16.98900032043457,17.46500015258789,16.969999313354492,17.180999755859375,17.11428451538086,369986000,0.0,0.0
2022-08-24,17.011999130249023,17.4060001373291,16.895000457763672,17.222000122070312,17.15512466430664,522661000,0.0,0.0
2022-08-25,16.8439998626709,17.94700050354004,16.83300018310547,17.913000106811523,17.84343910217285,770691000,0.0,0.0
2022-08-26,17.85700035095215,17.923999786376953,16.23699951171875,16.260000228881836,16.196857452392578,769127000,0.0,0.0
2022-08-29,16.020000457763672,16.33799934387207,15.767000198364258,15.800999641418457,15.739641189575195,496132000,0.0,0.0
2022-08-30,15.960000038146973,16.038999557495117,15.182000160217285,15.468000411987305,15.407938003540039,530181000,0.0,0.0
2022-08-31,15.383999824523926,15.539999961853027,14.958999633789062,15.093999862670898,15.035387992858887,573710000,0.0,0.0
2022-09-01,14.208999633789062,14.380000114440918,13.270000457763672,13.937000274658203,13.882881164550781,1178865000,0.0,0.0
2022-09-02,14.100000381469727,14.170999526977539,13.590999603271484,13.647000312805176,13.594005584716797,743157000,0.0,0.0
2022-09-06,13.730999946594238,13.779000282287598,13.35099983215332,13.46500015258789,13.412712097167969,535751000,0.0,0.0
2022-09-07,13.562999725341797,13.838000297546387,13.345999717712402,13.71399974822998,13.664804458618164,512657000,0.004,0.0
2022-09-08,13.458999633789062,14.008000373840332,13.369000434875488,13.989999771118164,13.939814567565918,624873000,0.0,0.0
2022-09-09,14.156999588012695,14.473999977111816,14.12600040435791,14.38700008392334,14.335392951965332,486612000,0.0,0.0
2022-09-12,14.369000434875488,14.54699993133545,14.197999954223633,14.505000114440918,14.45296859741211,484159000,0.0,0.0
2022-09-13,13.802000045776367,13.92199993133545,13.098999977111816,13.130999565124512,13.083895683288574,714956000,0.0,0.0
2022-09-14,13.253999710083008,13.289999961853027,12.913000106811523,13.128000259399414,13.08090877532959,588507000,0.0,0.0
2022-09-15,13.015000343322754,13.232999801635742,12.789999961853027,12.928999900817871,12.882620811462402,523625000,0.0,0.0
2022-09-16,12.741999626159668,13.211999893188477,12.616999626159668,13.197999954223633,13.150655746459961,670751000,0.0,0.0
2022-09-19,13.01200008392334,13.463000297546387,13.010000228881836,13.381999969482422,13.33399486541748,569685000,0.0,0.0
2022-09-20,13.21500015258789,13.482999801635742,13.057000160217285,13.175999641418457,13.128734588623047,524818000,0.0,0.0
2022-09-21,13.213000297546387,14.031000137329102,13.109999656677246,13.26099967956543,13.21342945098877,807679000,0.0,0.0
2022-09-22,13.069999694824219,13.14900016784668,12.428000450134277,12.560999870300293,12.51594066619873,759162000,0.0,0.0
2022-09-23,12.420000076293945,12.611000061035156,12.256999969482422,12.515999794006348,12.471102714538574,663309000,0.0,0.0
2022-09-26,12.491000175476074,12.659000396728516,12.21399974822998,12.227999687194824,12.184135437011719,547343000,0.0,0.0
2022-09-27,12.506999969482422,12.736000061035156,12.258000373840332,12.413000106811523,12.3684720993042,553854000,0.0,0.0
2022-09-28,12.40999984741211,12.822999954223633,12.354000091552734,12.736000061035156,12.690313339233398,542414000,0.0,0.0
2022-09-29,12.447999954223633,12.5,11.946000099182129,12.220000267028809,12.176165580749512,532763000,0.0,0.0
2022-09-30,12.086999893188477,12.633000373840332,12.074999809265137,12.138999938964844,12.09545612335205,565638000,0.0,0.0
2022-10-03,12.347000122070312,12.678000450134277,12.104999542236328,12.51200008392334,12.467114448547363,547478000,0.0,0.0
2022-10-04,12.878999710083008,13.220000267028809,12.878999710083008,13.166999816894531,13.119768142700195,584182000,0.0,0.0
2022-10-05,12.91100025177002,13.321000099182129,12.621000289916992,13.208999633789062,13.161616325378418,507131000,0.0,0.0
2022-10-06,13.220000267028809,13.656000137329102,13.102999687194824,13.130000114440918,13.082900047302246,644157000,0.0,0.0
2022-10-07,12.505000114440918,12.670000076293945,12.022000312805176,12.076000213623047,12.03268051147461,672478000,0.0,0.0
2022-10-10,12.036999702453613,12.12399959564209,11.407999992370605,11.670000076293945,11.628138542175293,698699000,0.0,0.0
2022-10-11,11.560999870300293,11.845999717712402,11.282999992370605,11.586000442504883,11.544438362121582,667482000,0.0,0.0
2022-10-12,11.579000473022461,11.734999656677246,11.345000267028809,11.5,11.458746910095215,492590000,0.0,0.0
2022-10-13,10.970999717712402,12.07800006866455,10.812999725341797,11.960000038146973,11.917098045349121,850103000,0.0,0.0
2022-10-14,12.057000160217285,12.111000061035156,11.204000473022461,11.22700023651123,11.186724662780762,713432000,0.0,0.0
2022-10-17,11.517999649047852,11.947999954223633,11.517000198364258,11.887999534606934,11.845354080200195,580774000,0.0,0.0
2022-10-18,12.343999862670898,12.491999626159668,11.618000030517578,11.967000007629395,11.924072265625,659362000,0.0,0.0
2022-10-19,11.878999710083008,12.350000381469727,11.833999633789062,12.050999641418457,12.007771492004395,523131000,0.0,0.0
2022-10-20,12.11299991607666,12.769000053405762,12.104999542236328,12.194000244140625,12.150257110595703,652398000,0.0,0.0
2022-10-21,12.097999572753906,12.498000144958496,11.88700008392334,12.465999603271484,12.421281814575195,609494000,0.0,0.0
2022-10-24,12.508000373840332,12.710000038146973,12.064000129699707,12.598999977111816,12.553805351257324,517457000,0.0,0.0
2022-10-25,12.694000244140625,13.300000190734863,12.663999557495117,13.26099967956543,13.21342945098877,505482000,0.0,0.0
2022-10-26,12.869000434875488,13.387999534606934,12.708000183105469,12.895999908447266,12.849740982055664,532953000,0.0,0.0
2022-10-27,13.630000114440918,13.838000297546387,13.121999740600586,13.175999641418457,13.128734588623047,583113000,0.0,0.0
2022-10-28,13.104000091552734,13.850000381469727,13.060999870300293,13.833999633789062,13.784375190734863,521040000,0.0,0.0
2022-10-31,13.777999877929688,13.838000297546387,13.29699993133545,13.496999740600586,13.448586463928223,486341000,0.0,0.0
2022-11-01,13.810999870300293,13.925000190734863,13.519000053405762,13.543000221252441,13.494418144226074,432817000,0.0,0.0
2022-11-02,13.850000381469727,14.210000038146973,13.211000442504883,13.218999862670898,13.171582221984863,672628000,0.0,0.0
2022-11-03,13.043000221252441,13.781000137329102,12.956000328063965,13.420999526977539,13.372857093811035,500065000,0.0,0.0
2022-11-04,13.986000061035156,14.229000091552734,13.696999549865723,14.156000137329102,14.105219841003418,612576000,0.0,0.0
2022-11-07,14.227999687194824,14.411999702453613,13.954000473022461,14.300999641418457,14.249699592590332,410061000,0.0,0.0
2022-11-08,14.800999641418457,14.890999794006348,14.215999603271484,14.60200023651123,14.5496187210083,595292000,0.0,0.0
2022-11-09,14.161999702453613,14.211000442504883,13.758999824523926,13.776000022888184,13.726582527160645,454414000,0.0,0.0
2022-11-10,14.800000190734863,15.77299976348877,14.54699993133545,15.75,15.693501472473145,700819000,0.0,0.0
2022-11-11,15.807000160217285,16.388999938964844,15.482000350952148,16.32699966430664,16.268428802490234,655487000,0.0,0.0
2022-11-14,16.218000411987305,16.540000915527344,15.92199993133545,16.295000076293945,16.23654556274414,527852000,0.0,0.0
2022-11-15,16.722000122070312,16.99799919128418,16.381999969482422,16.666000366210938,16.606216430664062,545876000,0.0,0.0
2022-11-16,16.16200065612793,16.36199951171875,15.873000144958496,15.90999984741211,15.85292911529541,649547000,0.0,0.0
2022-11-17,15.71500015258789,16.266000747680664,15.53499984741211,15.677000045776367,15.62076187133789,710894000,0.0,0.0
2022-11-18,15.965999603271484,16.00200080871582,15.119999885559082,15.409000396728516,15.353724479675293,492072000,0.0,0.0
2022-11-21,15.147000312805176,15.47700023651123,15.079999923706055,15.317000389099121,15.262057304382324,404739000,0.0,0.0
2022-11-22,15.32800006866455,16.058000564575195,15.121999740600586,16.038000106811523,15.980469703674316,472866000,0.0,0.0
2022-11-23,16.097999572753906,16.527000427246094,16.04800033569336,16.518999099731445,16.459741592407227,427241000,0.0,0.0
2022-11-25,16.31800079345703,16.48699951171875,16.172000885009766,16.270000457763672,16.21163558959961,167934000,0.0,0.0
2022-11-28,16.025999069213867,16.35700035095215,15.725000381469727,15.82699966430664,15.770225524902344,303741000,0.0,0.0
2022-11-29,15.82699966430664,15.932000160217285,15.520000457763672,15.638999938964844,15.582901954650879,298384000,0.0,0.0
2022-11-30,15.696999549865723,16.93000030517578,15.597000122070312,16.92300033569336,16.866609573364258,565298000,0.004,0.0
2022-12-01,16.999000549316406,17.264999389648438,16.635000228881836,17.135000228881836,17.077899932861328,470977000,0.0,0.0
2022-12-02,16.659000396728516,16.933000564575195,16.44499969482422,16.875999450683594,16.819765090942383,371389000,0.0,0.0
2022-12-05,16.679000854492188,16.9950008392334,16.472000122070312,16.610000610351562,16.55465316772461,352255000,0.0,0.0
2022-12-06,16.530000686645508,16.572999954223633,15.819000244140625,15.987000465393066,15.933727264404297,352694000,0.0,0.0
2022-12-07,15.772000312805176,16.18600082397461,15.666999816894531,16.1200008392334,16.066287994384766,372388000,0.0,0.0
2022-12-08,16.273000717163086,17.179000854492188,15.958999633789062,17.16900062561035,17.11178970336914,515456000,0.0,0.0
2022-12-09,17.15999984741211,17.58300018310547,16.975000381469727,17.000999450683594,16.944347381591797,465338000,0.0,0.0
2022-12-12,17.03700065612793,17.538000106811523,16.797000885009766,17.53499984741211,17.47657012939453,457328000,0.0,0.0
2022-12-13,18.5310001373291,18.790000915527344,17.711000442504883,18.07200050354004,18.011781692504883,656589000,0.0,0.0
2022-12-14,17.98699951171875,18.25200080871582,17.420000076293945,17.673999786376953,17.61510467529297,496888000,0.0,0.0
2022-12-15,17.145999908447266,17.31999969482422,16.700000762939453,16.95199966430664,16.895509719848633,478542000,0.0,0.0
2022-12-16,16.86400032043457,17.041000366210938,16.40999984741211,16.570999145507812,16.515779495239258,478232000,0.0,0.0
2022-12-19,16.57200050354004,16.608999252319336,16.145000457763672,16.253999710083008,16.1998348236084,354039000,0.0,0.0
2022-12-20,16.06399917602539,16.309999465942383,15.85200023651123,16.084999084472656,16.031402587890625,403260000,0.0,0.0
2022-12-21,16.11400032043457,16.62700080871582,16.101999282836914,16.500999450683594,16.44601058959961,325025000,0.0,0.0
2022-12-22,16.0939998626709,16.13800048828125,14.881999969482422,15.33899974822998,15.287887573242188,565045000,0.0,0.0
2022-12-23,15.196000099182129,15.33899974822998,14.883000373840332,15.206000328063965,15.155328750610352,349326000,0.0,0.0
2022-12-27,15.074000358581543,15.100000381469727,14.055999755859375,14.121000289916992,14.073945045471191,464902000,0.0,0.0
2022-12-28,13.927000045776367,14.26200008392334,13.883999824523926,14.03600025177002,13.989226341247559,351066000,0.0,0.0
2022-12-29,14.402000427246094,14.682999610900879,14.22700023651123,14.602999687194824,14.554337501525879,354923000,0.0,0.0
2022-12-30,14.333999633789062,14.628999710083008,14.232999801635742,14.61400032043457,14.565300941467285,310490000,0.0,0.0
2023-01-03,14.85099983215332,14.996000289916992,14.095999717712402,14.3149995803833,14.26729679107666,401277000,0.0,0.0
2023-01-04,14.567000389099121,14.852999687194824,14.241000175476074,14.74899959564209,14.69985294342041,431324000,0.0,0.0
2023-01-05,14.491000175476074,14.564000129699707,14.14799976348877,14.265000343322754,14.217466354370117,389168000,0.0,0.0
2023-01-06,14.473999977111816,15.010000228881836,14.034000396728516,14.859000205993652,14.809487342834473,405044000,0.0,0.0
2023-01-09,15.284000396728516,16.055999755859375,15.140999794006348,15.628000259399414,15.57592487335205,504231000,0.0,0.0
2023-01-10,15.506999969482422,15.961999893188477,15.472000122070312,15.909000396728516,15.855988502502441,384101000,0.0,0.0
2023-01-11,15.84000015258789,16.027999877929688,15.562999725341797,16.000999450683594,15.947677612304688,353285000,0.0,0.0
2023-01-12,16.100000381469727,16.636999130249023,15.491999626159668,16.51099967956543,16.455978393554688,551409000,0.0,0.0
2023-01-13,16.277999877929688,16.922000885009766,16.165000915527344,16.89900016784668,16.842689514160156,447287000,0.0,0.0
2023-01-17,16.89900016784668,17.72800064086914,16.89900016784668,17.70199966430664,17.643014907836914,511102000,0.0,0.0
2023-01-18,17.66699981689453,17.87299919128418,17.281999588012695,17.37700080871582,17.3190975189209,439624000,0.0,0.0
2023-01-19,17.035999298095703,17.19700050354004,16.731000900268555,16.764999389648438,16.70913314819336,452932000,0.0,0.0
2023-01-20,17.01099967956543,17.856000900268555,16.825000762939453,17.839000701904297,17.77955436706543,564967000,0.0,0.0
2023-01-23,18.06399917602539,19.2450008392334,17.81800079345703,19.19300079345703,19.129045486450195,655163000,0.0,0.0
2023-01-24,18.82699966430664,19.4950008392334,18.81999969482422,19.264999389648438,19.200801849365234,496204000,0.0,0.0
2023-01-25,18.913000106811523,19.3700008392334,18.579999923706055,19.322999954223633,19.25861167907715,449537000,0.0,0.0
2023-01-26,19.701000213623047,20.166000366210938,19.277999877929688,19.802000045776367,19.736013412475586,489535000,0.0,0.0
2023-01-27,19.461999893188477,20.628000259399414,19.405000686645508,20.364999771118164,20.297138214111328,542142000,0.0,0.0
2023-01-30,19.950000762939453,20.139999389648438,19.149999618530273,19.16200065612793,19.0981502532959,488611000,0.0,0.0
2023-01-31,19.170000076293945,19.687000274658203,18.950000762939453,19.53700065612793,19.471899032592773,498017000,0.0,0.0
2023-02-01,19.69099998474121,21.191999435424805,19.611000061035156,20.94300079345703,20.873212814331055,660477000,0.0,0.0
2023-02-02,21.0,21.948999404907227,20.700000762939453,21.708999633789062,21.636655807495117,564276000,0.0,0.0
2023-02-03,21.0,21.7450008392334,20.788999557495117,21.100000381469727,21.029685974121094,429366000,0.0,0.0
2023-02-06,20.805999755859375,21.56999969482422,20.785999298095703,21.089000701904297,21.01873016357422,452197000,0.0,0.0
2023-02-07,21.381999969482422,22.259000778198242,21.149999618530273,22.17300033569336,22.09911346435547,664150000,0.0,0.0
2023-02-08,22.386999130249023,22.878000259399414,22.007999420166016,22.204999923706055,22.131004333496094,559651000,0.0,0.0
2023-02-09,22.606000900268555,23.020000457763672,22.1200008392334,22.336999893188477,22.26256561279297,523876000,0.0,0.0
2023-02-10,21.690000534057617,22.077999114990234,20.81100082397461,21.264999389648438,21.19413948059082,550737000,0.0,0.0
2023-02-13,21.538000106811523,22.04800033569336,20.961999893188477,21.788000106811523,21.715394973754883,474919000,0.0,0.0
2023-02-14,21.577999114990234,23.048999786376953,21.365999221801758,22.97100067138672,22.894451141357422,675474000,0.0,0.0
2023-02-15,22.548999786376953,22.854999542236328,22.106000900268555,22.763999938964844,22.688140869140625,420575000,0.0,0.0
2023-02-16,22.132999420166016,22.549999237060547,21.927000045776367,22.00200080871582,21.92868423461914,412026000,0.0,0.0
2023-02-17,21.631000518798828,21.739999771118164,20.975000381469727,21.38800048828125,21.31673240661621,465888000,0.0,0.0
2023-02-21,21.0,21.493999481201172,20.618000030517578,20.655000686645508,20.586172103881836,410015000,0.0,0.0
2023-02-22,20.707000732421875,21.104000091552734,20.42099952697754,20.753999710083008,20.68484115600586,513184000,0.0,0.0
2023-02-23,23.440000534057617,23.88800048828125,23.024999618530273,23.663999557495117,23.58514404296875,1117995000,0.0,0.0
2023-02-24,23.225000381469727,23.474000930786133,22.94700050354004,23.285999298095703,23.208404541015625,589716000,0.0,0.0
2023-02-27,23.670000076293945,23.8799991607666,23.45400047302246,23.500999450683594,23.422683715820312,452994000,0.0,0.0
2023-02-28,23.371999740600586,23.825000762939453,23.20599937438965,23.215999603271484,23.13863754272461,455963000,0.0,0.0
2023-03-01,23.191999435424805,23.256000518798828,22.507999420166016,22.697999954223633,22.622365951538086,460026000,0.0,0.0
2023-03-02,22.488000869750977,23.3799991607666,22.43199920654297,23.31399917602539,23.23631477355957,389415000,0.0,0.0
2023-03-03,23.31999969482422,23.899999618530273,23.1299991607666,23.889999389648438,23.81039047241211,412393000,0.0,0.0
2023-03-06,23.891000747680664,24.24799919128418,23.48699951171875,23.554000854492188,23.475513458251953,437429000,0.0,0.0
2023-03-07,23.600000381469727,24.125,23.240999221801758,23.288000106811523,23.21434211730957,515154000,0.004,0.0
2023-03-08,23.48699951171875,24.200000762939453,23.423999786376953,24.180999755859375,24.10451889038086,513573000,0.0,0.0
2023-03-09,24.174999237060547,24.45400047302246,23.382999420166016,23.43600082397461,23.361873626708984,501257000,0.0,0.0
2023-03-10,23.409000396728516,23.62700080871582,22.72599983215332,22.96500015258789,22.892356872558594,474866000,0.0,0.0
2023-03-13,22.75200080871582,23.29800033569336,22.297000885009766,22.965999603271484,22.893356323242188,421890000,0.0,0.0
2023-03-14,23.496000289916992,24.2189998626709,23.459999084472656,24.062999725341797,23.986888885498047,474910000,0.0,0.0
2023-03-15,23.76099967956543,24.285999298095703,23.360000610351562,24.22800064086914,24.151369094848633,524486000,0.0,0.0
2023-03-16,24.027000427246094,25.58799934387207,23.893999099731445,25.541000366210938,25.46021842956543,583253000,0.0,0.0
2023-03-17,25.98200035095215,26.39900016784668,25.667999267578125,25.725000381469727,25.643634796142578,848547000,0.0,0.0
2023-03-20,25.614999771118164,26.02400016784668,25.1299991607666,25.899999618530273,25.818073272705078,432747000,0.0,0.0
2023-03-21,26.18000030517578,26.392000198364258,25.381000518798828,26.198999404907227,26.11613655090332,547408000,0.0,0.0
2023-03-22,26.424999237060547,27.589000701904297,26.23699951171875,26.468000411987305,26.384281158447266,797295000,0.0,0.0
2023-03-23,27.114999771118164,27.499000549316406,26.690000534057617,27.19099998474121,27.104995727539062,564889000,0.0,0.0
2023-03-24,27.0310001373291,27.16699981689453,26.354999542236328,26.77899932861328,26.694297790527344,454920000,0.0,0.0
2023-03-27,26.836999893188477,27.0,26.364999771118164,26.5310001373291,26.447084426879883,361026000,0.0,0.0
2023-03-28,26.44700050354004,26.51300048828125,25.850000381469727,26.40999984741211,26.326465606689453,356104000,0.0,0.0
2023-03-29,26.825000762939453,27.077999114990234,26.597000122070312,26.983999252319336,26.898651123046875,393694000,0.0,0.0
2023-03-30,27.229000091552734,27.499000549316406,27.101999282836914,27.382999420166016,27.29638671875,364516000,0.0,0.0
2023-03-31,27.139999389648438,27.833999633789062,27.104999542236328,27.777000427246094,27.68914222717285,433933000,0.0,0.0
2023-04-03,27.509000778198242,28.0,27.336000442504883,27.96500015258789,27.876543045043945,398716000,0.0,0.0
2023-04-04,27.965999603271484,28.0,27.30699920654297,27.452999114990234,27.366168975830078,368592000,0.0,0.0
2023-04-05,26.82900047302246,26.99799919128418,26.395000457763672,26.881000518798828,26.795974731445312,515015000,0.0,0.0
2023-04-06,26.583999633789062,27.079999923706055,26.427000045776367,27.03700065612793,26.95148277282715,397654000,0.0,0.0
2023-04-10,26.822999954223633,27.621000289916992,26.66900062561035,27.57900047302246,27.49176597595215,395279000,0.0,0.0
2023-04-11,27.724000930786133,27.790000915527344,27.125999450683594,27.16900062561035,27.08306312561035,314378000,0.0,0.0
2023-04-12,27.3700008392334,27.468000411987305,26.447999954223633,26.4950008392334,26.41119956970215,446259000,0.0,0.0
2023-04-13,26.733999252319336,26.886999130249023,26.32900047302246,26.46299934387207,26.379297256469727,353615000,0.0,0.0
2023-04-14,26.503999710083008,26.882999420166016,26.219999313354492,26.757999420166016,26.67336082458496,395660000,0.0,0.0
2023-04-17,26.565000534057617,27.006000518798828,26.433000564575195,27.00200080871582,26.916589736938477,321471000,0.0,0.0
2023-04-18,27.533000946044922,28.110000610351562,27.35700035095215,27.66699981689453,27.579486846923828,604812000,0.0,0.0
2023-04-19,27.361000061035156,28.0,27.23200035095215,27.930999755859375,27.842653274536133,358660000,0.0,0.0
2023-04-20,27.67099952697754,28.030000686645508,27.0,27.104000091552734,27.018272399902344,427713000,0.0,0.0
2023-04-21,26.95199966430664,27.183000564575195,26.722000122070312,27.118999481201172,27.033220291137695,345103000,0.0,0.0
2023-04-24,27.01300048828125,27.365999221801758,26.67099952697754,27.04199981689453,26.956464767456055,339282000,0.0,0.0
2023-04-25,27.077999114990234,27.246999740600586,26.225000381469727,26.240999221801758,26.15799903869629,378527000,0.0,0.0
2023-04-26,27.00200080871582,27.329999923706055,26.704999923706055,26.95599937438965,26.870737075805664,406337000,0.0,0.0
2023-04-27,27.363000869750977,27.4950008392334,26.625,27.22599983215332,27.139881134033203,377161000,0.0,0.0
2023-04-28,27.225000381469727,27.757999420166016,27.070999145507812,27.749000549316406,27.661230087280273,292216000,0.0,0.0
2023-05-01,27.84000015258789,29.058000564575195,27.780000686645508,28.90999984741211,28.818559646606445,570329000,0.0,0.0
2023-05-02,28.68000030517578,28.836000442504883,28.08300018310547,28.209999084472656,28.120769500732422,402730000,0.0,0.0
2023-05-03,27.84000015258789,28.367000579833984,27.472000122070312,27.802000045776367,27.714065551757812,383387000,0.0,0.0
2023-05-04,27.650999069213867,27.858999252319336,27.239999771118164,27.562000274658203,27.47481918334961,321850000,0.0,0.0
2023-05-05,27.826000213623047,28.7549991607666,27.731000900268555,28.68000030517578,28.589282989501953,361494000,0.0,0.0
2023-05-08,28.52199935913086,29.219999313354492,28.350000381469727,29.150999069213867,29.058794021606445,344979000,0.0,0.0
2023-05-09,28.89900016784668,28.972999572753906,28.450000762939453,28.570999145507812,28.480632781982422,314869000,0.0,0.0
2023-05-10,29.0049991607666,29.113000869750977,28.461000442504883,28.885000228881836,28.793636322021484,369350000,0.0,0.0
2023-05-11,28.895999908447266,28.950000762939453,28.246000289916992,28.577999114990234,28.487606048583984,322149000,0.0,0.0
2023-05-12,28.52899932861328,28.780000686645508,28.04599952697754,28.34000015258789,28.2503604888916,274222000,0.0,0.0
2023-05-15,28.507999420166016,28.9689998626709,28.152000427246094,28.952999114990234,28.86141586303711,293926000,0.0,0.0
2023-05-16,28.840999603271484,29.8700008392334,28.832000732421875,29.21299934387207,29.1205997467041,449405000,0.0,0.0
2023-05-17,29.583999633789062,30.198999404907227,29.43000030517578,30.17799949645996,30.08254623413086,432535000,0.0,0.0
2023-05-18,30.40999984741211,31.827999114990234,30.31999969482422,31.67799949645996,31.577804565429688,748725000,0.0,0.0
2023-05-19,31.535999298095703,31.579999923706055,30.916000366210938,31.263999938964844,31.165111541748047,473908000,0.0,0.0
2023-05-22,30.900999069213867,31.520000457763672,30.68000030517578,31.176000595092773,31.077390670776367,372000000,0.0,0.0
2023-05-23,31.0,31.288000106811523,30.631000518798828,30.687999725341797,30.590932846069336,356253000,0.0,0.0
2023-05-24,30.209999084472656,30.60700035095215,29.805999755859375,30.538000106811523,30.44140625,721419000,0.0,0.0
2023-05-25,38.52299880981445,39.47999954223633,36.6349983215332,37.97999954223633,37.859867095947266,1543911000,0.0,0.0
2023-05-26,37.88999938964844,39.16999816894531,37.54999923706055,38.94599914550781,38.82281494140625,714397000,0.0,0.0
2023-05-30,40.595001220703125,41.9379997253418,39.94900131225586,40.111000061035156,39.984127044677734,923401000,0.0,0.0
2023-05-31,39.487998962402344,40.29499816894531,37.821998596191406,37.83399963378906,37.71433639526367,1002580000,0.0,0.0
2023-06-01,38.48899841308594,40.04999923706055,38.34000015258789,39.77000045776367,39.64420700073242,635873000,0.0,0.0
2023-06-02,40.09700012207031,40.5,39.05799865722656,39.32699966430664,39.202598571777344,482731000,0.0,0.0
2023-06-05,38.909000396728516,39.564998626708984,38.707000732421875,39.17100143432617,39.04711151123047,396094000,0.0,0.0
2023-06-06,38.83000183105469,39.15999984741211,38.14799880981445,38.65399932861328,38.53174591064453,388729000,0.0,0.0
2023-06-07,38.915000915527344,39.499000549316406,37.35599899291992,37.474998474121094,37.360328674316406,511998000,0.004,0.0
2023-06-08,37.7239990234375,38.86399841308594,37.505001068115234,38.5099983215332,38.39216613769531,417772000,0.0,0.0
2023-06-09,39.0369987487793,39.71099853515625,38.56700134277344,38.77000045776367,38.6513671875,427717000,0.0,0.0
2023-06-12,39.20000076293945,39.529998779296875,38.61800003051758,39.481998443603516,39.36119842529297,388701000,0.0,0.0
2023-06-13,40.18600082397461,41.10100173950195,39.7400016784668,41.02199935913086,40.896480560302734,613208000,0.0,0.0
2023-06-14,40.82400131225586,43.0,40.551998138427734,42.99700164794922,42.86544418334961,740465000,0.0,0.0
2023-06-15,42.60200119018555,43.28900146484375,42.14699935913086,42.65299987792969,42.522499084472656,568622000,0.0,0.0
2023-06-16,43.45000076293945,43.72100067138672,42.6609992980957,42.69200134277344,42.561370849609375,655709000,0.0,0.0
2023-06-20,42.99800109863281,43.9900016784668,42.67399978637695,43.80799865722656,43.67395782470703,451153000,0.0,0.0
2023-06-21,43.500999450683594,43.6150016784668,42.08000183105469,43.04499816894531,42.913291931152344,551603000,0.0,0.0
2023-06-22,42.25299835205078,43.42599868774414,42.23400115966797,43.025001525878906,42.893348693847656,417737000,0.0,0.0
2023-06-23,42.4640007019043,42.808998107910156,42.01499938964844,42.20899963378906,42.0798454284668,358140000,0.0,0.0
2023-06-26,42.46099853515625,42.763999938964844,40.099998474121094,40.63199996948242,40.507667541503906,594322000,0.0,0.0
2023-06-27,40.79899978637695,41.939998626708984,40.448001861572266,41.875999450683594,41.747867584228516,462175000,0.0,0.0
2023-06-28,40.65999984741211,41.845001220703125,40.518001556396484,41.117000579833984,40.99118423461914,582639000,0.0,0.0
2023-06-29,41.55799865722656,41.599998474121094,40.599998474121094,40.821998596191406,40.69709014892578,380514000,0.0,0.0
2023-06-30,41.68000030517578,42.54999923706055,41.500999450683594,42.301998138427734,42.17256546020508,501148000,0.0,0.0
2023-07-03,42.516998291015625,42.89799880981445,42.20199966430664,42.41299819946289,42.28321838378906,198209000,0.0,0.0
2023-07-05,42.1349983215332,43.176998138427734,42.084999084472656,42.31700134277344,42.18751907348633,323618000,0.0,0.0
2023-07-06,41.84400177001953,42.17900085449219,41.34600067138672,42.10300064086914,41.97416687011719,303582000,0.0,0.0
2023-07-07,42.321998596191406,43.2140007019043,42.18000030517578,42.50299835205078,42.372947692871094,355881000,0.0,0.0
2023-07-10,42.65700149536133,42.81100082397461,41.64899826049805,42.18000030517578,42.050941467285156,353908000,0.0,0.0
2023-07-11,42.48099899291992,42.757999420166016,42.06700134277344,42.404998779296875,42.275238037109375,298244000,0.0,0.0
2023-07-12,43.03300094604492,43.935001373291016,42.777000427246094,43.902000427246094,43.767669677734375,481277000,0.0,0.0
2023-07-13,44.518001556396484,46.154998779296875,44.492000579833984,45.97700119018555,45.8363151550293,478204000,0.0,0.0
2023-07-14,46.58300018310547,48.0880012512207,45.060001373291016,45.46900177001953,45.32988357543945,772075000,0.0,0.0
2023-07-17,46.28900146484375,46.49599838256836,45.262001037597656,46.46099853515625,46.3188362121582,510488000,0.0,0.0
2023-07-18,46.70100021362305,47.895999908447266,45.73400115966797,47.49399948120117,47.348670959472656,569164000,0.0,0.0
2023-07-19,47.4640007019043,47.81800079345703,46.742000579833984,47.07699966430664,46.93294906616211,427502000,0.0,0.0
2023-07-20,46.50699996948242,47.08700180053711,45.0620002746582,45.52000045776367,45.380714416503906,537865000,0.0,0.0
2023-07-21,45.78799819946289,45.86600112915039,44.099998474121094,44.308998107910156,44.17341995239258,963769000,0.0,0.0
2023-07-24,44.73099899291992,45.10900115966797,44.040000915527344,44.61199951171875,44.47549057006836,382516000,0.0,0.0
2023-07-25,44.941001892089844,46.18299865722656,44.92300033569336,45.67900085449219,45.53923034667969,348081000,0.0,0.0
2023-07-26,46.020999908447266,46.053001403808594,44.630001068115234,45.45199966430664,45.31291961669922,364237000,0.0,0.0
2023-07-27,46.51900100708008,47.39500045776367,45.75,45.900001525878906,45.759559631347656,455976000,0.0,0.0
2023-07-28,46.667999267578125,47.027000427246094,46.38100051879883,46.75,46.60695266723633,331194000,0.0,0.0
2023-07-31,46.75400161743164,47.130001068115234,46.50600051879883,46.729000091552734,46.58601379394531,251055000,0.0,0.0
2023-08-01,46.459999084472656,46.900001525878906,46.027000427246094,46.50699996948242,46.36469650268555,237858000,0.0,0.0
2023-08-02,45.83100128173828,45.84000015258789,43.387001037597656,44.26900100708008,44.13355255126953,530142000,0.0,0.0
2023-08-03,43.79999923706055,45.11800003051758,43.79999923706055,44.51499938964844,44.3787956237793,324176000,0.0,0.0
2023-08-04,44.98500061035156,45.641998291015625,44.393001556396484,44.68000030517578,44.54328918457031,362666000,0.0,0.0
2023-08-07,45.111000061035156,45.540000915527344,44.5629997253418,45.41699981689453,45.27803421020508,322154000,0.0,0.0
2023-08-08,44.85300064086914,45.242000579833984,44.055999755859375,44.66400146484375,44.52732849121094,353843000,0.0,0.0
2023-08-09,44.27399826049805,44.3120002746582,42.13399887084961,42.55400085449219,42.423797607421875,586449000,0.0,0.0
2023-08-10,42.15999984741211,43.57400131225586,41.834999084472656,42.38800048828125,42.258304595947266,492705000,0.0,0.0
2023-08-11,41.750999450683594,42.018001556396484,40.638999938964844,40.85499954223633,40.72998809814453,533085000,0.0,0.0
2023-08-14,40.486000061035156,43.79999923706055,40.31100082397461,43.75299835205078,43.61912155151367,690286000,0.0,0.0
2023-08-15,44.560001373291016,45.268001556396484,43.709999084472656,43.939998626708984,43.80554962158203,676512000,0.0,0.0
2023-08-16,44.52000045776367,44.67499923706055,43.40599822998047,43.486000061035156,43.352943420410156,527451000,0.0,0.0
2023-08-17,43.970001220703125,44.0620002746582,43.000999450683594,43.34400177001953,43.21137619018555,452395000,0.0,0.0
2023-08-18,42.6349983215332,43.577999114990234,41.65999984741211,43.29899978637695,43.1665153503418,583768000,0.0,0.0
2023-08-21,44.49399948120117,47.064998626708984,44.22200012207031,46.96699905395508,46.82329559326172,692573000,0.0,0.0
2023-08-22,48.1349983215332,48.1870002746582,45.33300018310547,45.667999267578125,45.52826690673828,755293000,0.0,0.0
2023-08-23,45.86600112915039,47.20000076293945,45.20800018310547,47.11600112915039,46.971839904785156,779046000,0.0,0.0
2023-08-24,50.215999603271484,50.26599884033203,47.159000396728516,47.16299819946289,47.0186882019043,1156044000,0.0,0.0
2023-08-25,47.012001037597656,47.80500030517578,45.02399826049805,46.018001556396484,45.87718963623047,925341000,0.0,0.0
2023-08-28,46.481998443603516,46.97999954223633,44.88800048828125,46.834999084472656,46.69169616699219,685192000,0.0,0.0
2023-08-29,46.66600036621094,49.08100128173828,46.39099884033203,48.784000396728516,48.63472366333008,701397000,0.0,0.0
2023-08-30,49.04399871826172,49.926998138427734,48.42499923706055,49.263999938964844,49.113258361816406,735206000,0.0,0.0
2023-08-31,49.380001068115234,49.74399948120117,48.95800018310547,49.35499954223633,49.203983306884766,528570000,0.0,0.0
2023-09-01,49.762001037597656,49.79999923706055,48.141998291015625,48.50899887084961,48.360565185546875,463830000,0.0,0.0
2023-09-05,48.222999572753906,48.85100173950195,47.86000061035156,48.54800033569336,48.399444580078125,382653000,0.0,0.0
2023-09-06,48.441001892089844,48.54899978637695,46.58000183105469,47.06100082397461,46.92086410522461,468670000,0.004,0.0
2023-09-07,45.525001525878906,46.34400177001953,45.152000427246094,46.24100112915039,46.103309631347656,433330000,0.0,0.0
2023-09-08,45.94200134277344,46.60599899291992,45.270999908447266,45.571998596191406,45.43629837036133,473069000,0.0,0.0
2023-09-11,46.14799880981445,46.16299819946289,44.3120002746582,45.178001403808594,45.04347610473633,473966000,0.0,0.0
2023-09-12,44.737998962402344,45.67300033569336,44.53099822998047,44.869998931884766,44.736385345458984,349256000,0.0,0.0
2023-09-13,44.599998474121094,45.93000030517578,44.50299835205078,45.48500061035156,45.34956359863281,398355000,0.0,0.0
2023-09-14,45.95000076293945,45.98699951171875,45.13100051879883,45.58100128173828,45.445274353027344,370097000,0.0,0.0
2023-09-15,45.340999603271484,45.5989990234375,43.80799865722656,43.900001525878906,43.76927947998047,506831000,0.0,0.0
2023-09-18,42.74800109863281,44.242000579833984,42.0,43.965999603271484,43.835079193115234,500271000,0.0,0.0
2023-09-19,43.83300018310547,43.965999603271484,43.00199890136719,43.52000045776367,43.39040756225586,373064000,0.0,0.0
2023-09-20,43.599998474121094,43.90299987792969,42.222999572753906,42.23899841308594,42.11322021484375,367108000,0.0,0.0
2023-09-21,41.58300018310547,42.099998474121094,40.97999954223633,41.016998291015625,40.894866943359375,450736000,0.0,0.0
2023-09-22,41.571998596191406,42.1150016784668,41.23099899291992,41.61000061035156,41.48609924316406,479236000,0.0,0.0
2023-09-25,41.590999603271484,42.5359992980957,41.176998138427734,42.22200012207031,42.09627914428711,419091000,0.0,0.0
2023-09-26,42.000999450683594,42.81999969482422,41.654998779296875,41.9109992980957,41.78620147705078,402282000,0.0,0.0
2023-09-27,42.33000183105469,42.87200164794922,41.62900161743164,42.46799850463867,42.34153747558594,444935000,0.0,0.0
2023-09-28,42.459999084472656,43.44599914550781,42.1150016784668,43.0890007019043,42.960693359375,424663000,0.0,0.0
2023-09-29,43.82699966430664,44.14400100708008,43.30699920654297,43.499000549316406,43.369468688964844,397830000,0.0,0.0
2023-10-02,44.029998779296875,45.17499923706055,43.861000061035156,44.78200149536133,44.648658752441406,433298000,0.0,0.0
2023-10-03,44.80799865722656,45.130001068115234,43.24599838256836,43.516998291015625,43.38741683959961,470850000,0.0,0.0
2023-10-04,43.742000579833984,44.143001556396484,43.29199981689453,44.04100036621094,43.90986633300781,361821000,0.0,0.0
2023-10-05,44.04999923706055,44.900001525878906,43.88800048828125,44.6879997253418,44.554935455322266,393483000,0.0,0.0
2023-10-06,44.19300079345703,45.78900146484375,44.0260009765625,45.762001037597656,45.625736236572266,434436000,0.0,0.0
2023-10-09,44.84199905395508,45.60499954223633,44.36800003051758,45.27299880981445,45.13818359375,409675000,0.0,0.0
2023-10-10,45.310001373291016,46.25899887084961,45.0880012512207,45.79800033569336,45.661624908447266,368582000,0.0,0.0
2023-10-11,46.19599914550781,46.85900115966797,46.04999923706055,46.805999755859375,46.6666259765625,378137000,0.0,0.0
2023-10-12,46.777000427246094,47.60900115966797,46.33000183105469,46.94499969482422,46.80521011352539,481325000,0.0,0.0
2023-10-13,46.959999084472656,47.11600112915039,45.279998779296875,45.46099853515625,45.32563018798828,474115000,0.0,0.0
2023-10-16,45.0629997253418,46.224998474121094,44.9119987487793,46.095001220703125,45.95774841308594,375099000,0.0,0.0
2023-10-17,44.0,44.75400161743164,42.47999954223633,43.9379997253418,43.80716323852539,812333000,0.0,0.0
2023-10-18,42.590999603271484,43.21900177001953,41.82500076293945,42.19599914550781,42.070343017578125,627294000,0.0,0.0
2023-10-19,42.81100082397461,43.297000885009766,41.88199996948242,42.10100173950195,41.97563934326172,501233000,0.0,0.0
2023-10-20,41.88999938964844,42.470001220703125,41.077999114990234,41.387001037597656,41.26376724243164,477266000,0.0,0.0
2023-10-23,41.229000091552734,43.24800109863281,40.94499969482422,42.974998474121094,42.8470344543457,478530000,0.0,0.0
2023-10-24,43.07699966430664,43.696998596191406,42.691001892089844,43.66299819946289,43.53297805786133,401463000,0.0,0.0
2023-10-25,43.39799880981445,43.650001525878906,41.55500030517578,41.77899932861328,41.65459442138672,398379000,0.0,0.0
2023-10-26,41.85300064086914,42.25600051879883,39.880001068115234,40.32600021362305,40.2059211730957,541001000,0.0,0.0
2023-10-27,41.130001068115234,41.20600128173828,40.01499938964844,40.5,40.379398345947266,416784000,0.0,0.0
2023-10-30,41.08700180053711,41.76599884033203,40.48099899291992,41.1609992980957,41.0384407043457,388028000,0.0,0.0
2023-10-31,40.45000076293945,40.87900161743164,39.22999954223633,40.779998779296875,40.6585693359375,517969000,0.0,0.0
2023-11-01,40.88399887084961,42.38100051879883,40.86899948120117,42.32500076293945,42.198970794677734,437593000,0.0,0.0
2023-11-02,43.327999114990234,43.88399887084961,42.89400100708008,43.50600051879883,43.37644958496094,409172000,0.0,0.0
2023-11-03,44.02000045776367,45.308998107910156,43.722999572753906,45.005001068115234,44.87098693847656,424610000,0.0,0.0
2023-11-06,45.28499984741211,45.935001373291016,44.89899826049805,45.750999450683594,45.614768981933594,400733000,0.0,0.0
2023-11-07,45.71900177001953,46.21799850463867,45.15800094604492,45.95500183105469,45.81816864013672,343165000,0.0,0.0
2023-11-08,46.099998474121094,46.867000579833984,45.96799850463867,46.57400131225586,46.4353141784668,346719000,0.0,0.0
2023-11-09,47.46699905395508,48.22999954223633,46.75,46.95000076293945,46.81019973754883,540496000,0.0,0.0
2023-11-10,47.5,48.47200012207031,47.28300094604492,48.334999084472656,48.19106674194336,421245000,0.0,0.0
2023-11-13,48.31999969482422,49.11600112915039,48.0989990234375,48.619998931884766,48.475215911865234,384136000,0.0,0.0
2023-11-14,49.68000030517578,49.83399963378906,49.040000915527344,49.65599822998047,49.508140563964844,416954000,0.0,0.0
2023-11-15,49.935001373291016,49.959999084472656,48.20000076293945,48.88800048828125,48.7424201965332,475497000,0.0,0.0
2023-11-16,48.67900085449219,49.525001525878906,48.33000183105469,49.47999954223633,49.33266830444336,339756000,0.0,0.0
2023-11-17,49.52399826049805,49.71699905395508,49.00699996948242,49.29800033569336,49.15121078491211,325205000,0.0,0.0
2023-11-20,49.3120002746582,50.54800033569336,49.180999755859375,50.409000396728516,50.25890350341797,414120000,0.0,0.0
2023-11-21,50.125999450683594,50.516998291015625,49.22200012207031,49.944000244140625,49.79528045654297,565747000,0.0,0.0
2023-11-22,49.85200119018555,50.334999084472656,47.689998626708984,48.715999603271484,48.57093048095703,899420000,0.0,0.0
2023-11-24,48.470001220703125,48.92100143432617,47.744998931884766,47.7760009765625,47.63373947143555,294645000,0.0,0.0
2023-11-27,47.79999923706055,48.529998779296875,47.652000427246094,48.242000579833984,48.098350524902344,395662000,0.0,0.0
2023-11-28,48.236000061035156,48.323001861572266,47.472999572753906,47.82099914550781,47.6786003112793,401491000,0.0,0.0
2023-11-29,48.37900161743164,48.762001037597656,47.86000061035156,48.13999938964844,47.996646881103516,382005000,0.0,0.0
2023-11-30,48.02399826049805,48.11000061035156,46.422000885009766,46.77000045776367,46.63072967529297,526247000,0.0,0.0
2023-12-01,46.525001525878906,47.20000076293945,46.1870002746582,46.76499938964844,46.6257438659668,369317000,0.0,0.0
2023-12-04,46.07699966430664,46.07699966430664,45.0099983215332,45.5099983215332,45.37448501586914,437543000,0.0,0.0
2023-12-05,45.465999603271484,46.599998474121094,45.270999908447266,46.566001892089844,46.431427001953125,371718000,0.004,0.0
2023-12-06,47.21500015258789,47.387001037597656,45.4119987487793,45.50299835205078,45.371490478515625,380590000,0.0,0.0
2023-12-07,45.70000076293945,46.62900161743164,45.604000091552734,46.59600067138672,46.461334228515625,350823000,0.0,0.0
2023-12-08,46.595001220703125,47.74100112915039,46.54999923706055,47.50600051879883,47.36870574951172,359224000,0.0,0.0
2023-12-11,47.49100112915039,47.53099822998047,45.83000183105469,46.62699890136719,46.492244720458984,509728000,0.0,0.0
2023-12-12,46.04600143432617,47.66600036621094,46.04600143432617,47.65700149536133,47.5192756652832,372387000,0.0,0.0
2023-12-13,47.62900161743164,48.59400177001953,47.608001708984375,48.0880012512207,47.949031829833984,447792000,0.0,0.0
2023-12-14,48.38999938964844,48.66999816894531,47.422000885009766,48.349998474121094,48.21026611328125,391232000,0.0,0.0
2023-12-15,48.194000244140625,49.40399932861328,48.119998931884766,48.88999938964844,48.74869918823242,479948000,0.0,0.0
2023-12-18,49.400001525878906,50.43299865722656,49.150001525878906,50.07699966430664,49.93227767944336,412587000,0.0,0.0
2023-12-19,49.42399978637695,49.70000076293945,48.89500045776367,49.604000091552734,49.460636138916016,464444000,0.0,0.0
2023-12-20,49.654998779296875,49.999000549316406,48.097999572753906,48.111000061035156,47.971954345703125,397894000,0.0,0.0
2023-12-21,48.81100082397461,49.095001220703125,48.41899871826172,48.9900016784668,48.848419189453125,300425000,0.0,0.0
2023-12-22,49.19499969482422,49.382999420166016,48.46699905395508,48.83000183105469,48.68887710571289,252507000,0.0,0.0
2023-12-26,48.96799850463867,49.599998474121094,48.959999084472656,49.27899932861328,49.13657760620117,244200000,0.0,0.0
2023-12-27,49.51100158691406,49.68000030517578,49.084999084472656,49.41699981689453,49.27418899536133,233648000,0.0,0.0
2023-12-28,49.643001556396484,49.88399887084961,49.4119987487793,49.52199935913086,49.37887954711914,246587000,0.0,0.0
2023-12-29,49.8129997253418,49.99700164794922,48.750999450683594,49.52199935913086,49.37887954711914,389293000,0.0,0.0
2024-01-02,49.24399948120117,49.29499816894531,47.595001220703125,48.167999267578125,48.02878952026367,411254000,0.0,0.0
2024-01-03,47.48500061035156,48.183998107910156,47.31999969482422,47.569000244140625,47.431522369384766,320896000,0.0,0.0
2024-01-04,47.766998291015625,48.5,47.507999420166016,47.99800109863281,47.859291076660156,306535000,0.0,0.0
2024-01-05,48.46200180053711,49.547000885009766,48.305999755859375,49.09700012207031,48.955101013183594,415039000,0.0,0.0
2024-01-08,49.512001037597656,52.275001525878906,49.479000091552734,52.25299835205078,52.101985931396484,642510000,0.0,0.0
2024-01-09,52.4010009765625,54.32500076293945,51.689998626708984,53.13999938964844,52.986427307128906,773100000,0.0,0.0
2024-01-10,53.61600112915039,54.599998474121094,53.48899841308594,54.349998474121094,54.19293212890625,533796000,0.0,0.0
2024-01-11,54.999000549316406,55.34600067138672,53.560001373291016,54.821998596191406,54.66355895996094,596759000,0.0,0.0
2024-01-12,54.619998931884766,54.970001220703125,54.33000183105469,54.709999084472656,54.5518798828125,352994000,0.0,0.0
2024-01-16,55.018001556396484,56.834999084472656,54.900001525878906,56.38199996948242,56.21905517578125,449580000,0.0,0.0
2024-01-17,56.34700012207031,56.47100067138672,54.7400016784668,56.053001403808594,55.89100646972656,474394000,0.0,0.0
2024-01-18,57.2599983215332,57.599998474121094,56.106998443603516,57.106998443603516,56.94195556640625,491650000,0.0,0.0
2024-01-19,57.98899841308594,59.5,57.224998474121094,59.49100112915039,59.31906509399414,543501000,0.0,0.0
2024-01-22,60.04899978637695,60.33100128173828,59.06999969482422,59.65399932861328,59.481597900390625,452955000,0.0,0.0
2024-01-23,59.56999969482422,59.90999984741211,58.584999084472656,59.87300109863281,59.69996643066406,294654000,0.0,0.0
2024-01-24,60.30400085449219,62.8489990234375,59.9379997253418,61.36199951171875,61.184661865234375,560271000,0.0,0.0
2024-01-25,62.349998474121094,62.71900177001953,60.849998474121094,61.617000579833984,61.43892288208008,482777000,0.0,0.0
2024-01-26,60.959999084472656,61.78300094604492,60.573001861572266,61.03099822998047,60.85462188720703,390309000,0.0,0.0
2024-01-29,61.231998443603516,62.48899841308594,60.90700149536133,62.46500015258789,62.28446960449219,348733000,0.0,0.0
2024-01-30,62.900001525878906,63.49300003051758,62.2599983215332,62.77399826049805,62.59257507324219,410735000,0.0,0.0
2024-01-31,61.439998626708984,62.26900100708008,60.70000076293945,61.527000427246094,61.349185943603516,453795000,0.0,0.0
2024-02-01,62.099998474121094,63.191001892089844,61.650001525878906,63.027000427246094,62.8448486328125,369146000,0.0,0.0
2024-02-02,63.9739990234375,66.5999984741211,63.689998626708984,66.16000366210938,65.96879577636719,476578000,0.0,0.0
2024-02-05,68.2249984741211,69.49700164794922,67.20500183105469,69.33200073242188,69.13163757324219,680078000,0.0,0.0
2024-02-06,69.62999725341797,69.75399780273438,66.30000305175781,68.2229995727539,68.02583312988281,683111000,0.0,0.0
2024-02-07,68.31900024414062,70.22000122070312,67.5999984741211,70.0989990234375,69.89640045166016,495575000,0.0,0.0
2024-02-08,70.0739974975586,70.79399871826172,69.45500183105469,69.64099884033203,69.4397201538086,414422000,0.0,0.0
2024-02-09,70.53299713134766,72.18499755859375,70.21199798583984,72.13300323486328,71.92454528808594,436637000,0.0,0.0
2024-02-12,72.5999984741211,74.61100006103516,71.25,72.24800109863281,72.03919982910156,613710000,0.0,0.0
2024-02-13,70.4000015258789,73.44999694824219,69.62000274658203,72.12799835205078,71.91954040527344,602580000,0.0,0.0
2024-02-14,73.2020034790039,74.23600006103516,71.93800354003906,73.9000015258789,73.68643188476562,504917000,0.0,0.0
2024-02-15,73.86900329589844,73.9749984741211,72.4000015258789,72.65799713134766,72.4480209350586,420122000,0.0,0.0
2024-02-16,74.0999984741211,74.4020004272461,72.5009994506836,72.61299896240234,72.40312194824219,495327000,0.0,0.0
2024-02-20,71.9469985961914,71.95600128173828,67.73400115966797,69.4520034790039,69.25128173828125,704833000,0.0,0.0
2024-02-21,68.00599670410156,68.88800048828125,66.24800109863281,67.47200012207031,67.27700805664062,673755000,0.0,0.0
2024-02-22,75.0250015258789,78.57499694824219,74.22000122070312,78.53800201416016,78.31101989746094,865100000,0.0,0.0
2024-02-23,80.79000091552734,82.39399719238281,77.56999969482422,78.81700134277344,78.5892105102539,829388000,0.0,0.0
2024-02-26,79.69999694824219,80.64600372314453,78.50499725341797,79.09200286865234,78.8634262084961,503973000,0.0,0.0
2024-02-27,79.38099670410156,79.4800033569336,77.16200256347656,78.70099639892578,78.47354125976562,391705000,0.0,0.0
2024-02-28,77.62000274658203,78.93299865722656,77.125,77.66300201416016,77.43855285644531,393110000,0.0,0.0
2024-02-29,79.09400177001953,79.98999786376953,78.3499984741211,79.11199951171875,78.88335418701172,507289000,0.0,0.0
2024-03-01,80.0,82.30000305175781,79.43499755859375,82.27899932861328,82.04120635986328,479135000,0.0,0.0
2024-03-04,84.12999725341797,87.69499969482422,83.71900177001953,85.23699951171875,84.99064636230469,615616000,0.0,0.0
2024-03-05,85.2699966430664,86.09700012207031,83.41699981689453,85.96399688720703,85.7195816040039,520639000,0.004,0.0
2024-03-06,88.02200317382812,89.7239990234375,87.02999877929688,88.69999694824219,88.44779968261719,582520000,0.0,0.0
2024-03-07,90.15799713134766,92.76699829101562,89.60199737548828,92.66899871826172,92.40550994873047,608119000,0.0,0.0
2024-03-08,95.13800048828125,97.4000015258789,86.50599670410156,87.52799987792969,87.2791519165039,1142269000,0.0,0.0
2024-03-11,86.42900085449219,88.7969970703125,84.16600036621094,85.77400207519531,85.53013610839844,678364000,0.0,0.0
2024-03-12,88.04900360107422,91.95999908447266,86.1500015258789,91.91300201416016,91.65167236328125,668075000,0.0,0.0
2024-03-13,91.05500030517578,91.50399780273438,88.43499755859375,90.88800048828125,90.62957763671875,635713000,0.0,0.0
2024-03-14,89.5770034790039,90.64600372314453,86.5999984741211,87.94400024414062,87.69396209716797,602318000,0.0,0.0
2024-03-15,86.93000030517578,89.5459976196289,86.25700378417969,87.83699798583984,87.58724975585938,642086000,0.0,0.0
2024-03-18,90.38800048828125,92.40499877929688,87.08499908447266,88.45500183105469,88.2034912109375,668976000,0.0,0.0
2024-03-19,86.69999694824219,90.54399871826172,85.01000213623047,89.39800262451172,89.14382934570312,672171000,0.0,0.0
2024-03-20,89.7969970703125,90.41000366210938,88.2229995727539,90.37200164794922,90.11505126953125,479063000,0.0,0.0
2024-03-21,92.30000305175781,92.64800262451172,90.40499877929688,91.43499755859375,91.17501831054688,480372000,0.0,0.0
2024-03-22,91.14099884033203,94.77799987792969,90.83399963378906,94.28900146484375,94.02091217041016,586719000,0.0,0.0
2024-03-25,93.94100189208984,96.76599884033203,93.51000213623047,95.00199890136719,94.73188018798828,552136000,0.0,0.0
2024-03-26,95.85099792480469,96.375,92.50199890136719,92.56099700927734,92.29782104492188,513648000,0.0,0.0
2024-03-27,93.11199951171875,93.23999786376953,89.12300109863281,90.25,89.99340057373047,586067000,0.0,0.0
2024-03-28,90.0,91.30000305175781,89.19300079345703,90.35600280761719,90.0990982055664,435212000,0.0,0.0
2024-04-01,90.29900360107422,92.2249984741211,89.2040023803711,90.36299896240234,90.10607147216797,452441000,0.0,0.0
2024-04-02,88.447998046875,90.09400177001953,87.62000274658203,89.4520034790039,89.19766235351562,433064000,0.0,0.0
2024-04-03,88.48400115966797,90.3740005493164,88.4000015258789,88.96399688720703,88.7110595703125,370067000,0.0,0.0
2024-04-04,90.40599822998047,90.63400268554688,85.87999725341797,85.90499877929688,85.66073608398438,434965000,0.0,0.0
2024-04-05,86.86599731445312,88.48100280761719,85.9260025024414,88.00800323486328,87.75776672363281,399678000,0.0,0.0
2024-04-08,88.69999694824219,88.83000183105469,86.73200225830078,87.13300323486328,86.88524627685547,283220000,0.0,0.0
2024-04-09,87.44200134277344,87.63500213623047,83.02200317382812,85.35399627685547,85.1113052368164,501700000,0.0,0.0
2024-04-10,83.9260025024414,87.4000015258789,83.70899963378906,87.03900146484375,86.79151916503906,431929000,0.0,0.0
2024-04-11,87.41999816894531,90.73899841308594,86.9260025024414,90.61599731445312,90.35833740234375,431637000,0.0,0.0
2024-04-12,89.6989974975586,90.17500305175781,87.52999877929688,88.18599700927734,87.93526458740234,426805000,0.0,0.0
2024-04-15,89.0979995727539,90.61299896240234,85.92900085449219,86.0009994506836,85.7564697265625,443077000,0.0,0.0
2024-04-16,86.43299865722656,88.11799621582031,86.06400299072266,87.41500091552734,87.16645812988281,370453000,0.0,0.0
2024-04-17,88.33999633789062,88.7750015258789,83.94999694824219,84.03500366210938,83.79606628417969,495400000,0.0,0.0
2024-04-18,84.97000122070312,86.19000244140625,82.4020004272461,84.6709976196289,84.43024444580078,447260000,0.0,0.0
2024-04-19,83.1500015258789,84.3239974975586,75.60600280761719,76.19999694824219,75.98334503173828,875198000,0.0,0.0
2024-04-22,78.10399627685547,80.072998046875,76.4000015258789,79.51799774169922,79.29190063476562,596341000,0.0,0.0
2024-04-23,80.76899719238281,82.76899719238281,80.26399993896484,82.4229965209961,82.18865203857422,438559000,0.0,0.0
2024-04-24,83.94999694824219,84.08200073242188,79.18299865722656,79.677001953125,79.45045471191406,512208000,0.0,0.0
2024-04-25,78.86799621582031,83.322998046875,78.2229995727539,82.63200378417969,82.39704895019531,424641000,0.0,0.0
2024-04-26,83.81800079345703,88.33100128173828,83.38700103759766,87.73500061035156,87.48554229736328,551011000,0.0,0.0
2024-04-29,87.59500122070312,87.99199676513672,85.26599884033203,87.75700378417969,87.50748443603516,388971000,0.0,0.0
2024-04-30,87.23999786376953,88.81900024414062,86.30000305175781,86.4020004272461,86.15633392333984,363709000,0.0,0.0
2024-05-01,85.0770034790039,86.0,81.25499725341797,83.04100036621094,82.80488586425781,559863000,0.0,0.0
2024-05-02,84.4489974975586,86.23699951171875,83.19999694824219,85.81700134277344,85.572998046875,377898000,0.0,0.0
2024-05-03,87.78900146484375,89.28099822998047,87.04000091552734,88.78900146484375,88.53654479980469,398341000,0.0,0.0
2024-05-06,89.38999938964844,92.22000122070312,89.05500030517578,92.13999938964844,91.87802124023438,376203000,0.0,0.0
2024-05-07,91.0979995727539,91.78099822998047,89.01100158691406,90.55400085449219,90.29652404785156,437342000,0.0,0.0
2024-05-08,89.48300170898438,91.19400024414062,89.41999816894531,90.41200256347656,90.15494537353516,325721000,0.0,0.0
2024-05-09,90.52899932861328,91.0719985961914,88.23100280761719,88.74700164794922,88.49467468261719,378013000,0.0,0.0
2024-05-10,90.30500030517578,91.4010009765625,89.22699737548828,89.87799835205078,89.62244415283203,335325000,0.0,0.0
2024-05-13,90.47799682617188,90.99800109863281,88.52899932861328,90.39900207519531,90.14198303222656,289680000,0.0,0.0
2024-05-14,89.5989990234375,91.6510009765625,88.93399810791016,91.35600280761719,91.09625244140625,296507000,0.0,0.0
2024-05-15,92.47200012207031,94.86199951171875,91.5989990234375,94.62999725341797,94.36094665527344,417735000,0.0,0.0
2024-05-16,94.91000366210938,95.81900024414062,94.10299682617188,94.35900115966797,94.09071350097656,323952000,0.0,0.0
2024-05-17,94.36900329589844,94.73999786376953,91.80599975585938,92.47899627685547,92.21604919433594,359691000,0.0,0.0
2024-05-20,93.75,95.19999694824219,93.44000244140625,94.77999877929688,94.51052856445312,318764000,0.0,0.0
2024-05-21,93.5989990234375,95.4000015258789,93.18000030517578,95.38600158691406,95.11479187011719,328946000,0.0,0.0
2024-05-22,95.45899963378906,96.0199966430664,93.2490005493164,94.94999694824219,94.68002319335938,548648000,0.0,0.0
2024-05-23,102.02799987792969,106.31999969482422,101.5199966430664,103.79900360107422,103.5038833618164,835065000,0.0,0.0
2024-05-24,104.4489974975586,106.4749984741211,103.0,106.46900177001953,106.1662826538086,429494000,0.0,0.0
2024-05-28,110.24400329589844,114.93900299072266,109.88300323486328,113.9010009765625,113.5771484375,652728000,0.0,0.0
2024-05-29,113.05000305175781,115.49199676513672,110.9010009765625,114.82499694824219,114.4985122680664,557442000,0.0,0.0
2024-05-30,114.6500015258789,115.81900024414062,109.66300201416016,110.5,110.18580627441406,484553000,0.0,0.0
2024-05-31,112.5199966430664,112.71700286865234,106.94000244140625,109.63300323486328,109.32128143310547,613263000,0.0,0.0
2024-06-03,113.62100219726562,115.0,112.00299835205078,115.0,114.67302703857422,438392000,0.0,0.0
2024-06-04,115.71600341796875,116.5999984741211,114.04499816894531,116.43699645996094,116.10594940185547,403324000,0.0,0.0
2024-06-05,118.37100219726562,122.4489974975586,117.46800231933594,122.44000244140625,122.09187316894531,528402000,0.0,0.0
2024-06-06,124.0479965209961,125.58699798583984,118.31999969482422,120.99800109863281,120.65396118164062,664696000,0.0,0.0
2024-06-07,119.7699966430664,121.69200134277344,118.02200317382812,120.88800048828125,120.5442886352539,412386000,0.0,0.0
2024-06-10,120.37000274658203,123.0999984741211,117.01000213623047,121.79000091552734,121.44371795654297,313434100,0.0,10.0
2024-06-11,121.7699966430664,122.87000274658203,118.73999786376953,120.91000366210938,120.57613372802734,222551200,0.01,0.0
2024-06-12,123.05999755859375,126.87999725341797,122.56999969482422,125.19999694824219,124.8542709350586,299595000,0.0,0.0
2024-06-13,129.38999938964844,129.8000030517578,127.16000366210938,129.61000061035156,129.25210571289062,260704500,0.0,0.0
2024-06-14,129.9600067138672,132.83999633789062,128.32000732421875,131.8800048828125,131.51585388183594,309320400,0.0,0.0
2024-06-17,132.99000549316406,133.72999572753906,129.5800018310547,130.97999572753906,130.6183319091797,288504400,0.0,0.0
2024-06-18,131.13999938964844,136.3300018310547,130.69000244140625,135.5800018310547,135.2056121826172,294335100,0.0,0.0
2024-06-20,139.8000030517578,140.75999450683594,129.52000427246094,130.77999877929688,130.41888427734375,517768400,0.0,0.0
2024-06-21,127.12000274658203,130.6300048828125,124.30000305175781,126.56999969482422,126.22050476074219,649445800,0.0,0.0
2024-06-24,123.23999786376953,124.45999908447266,118.04000091552734,118.11000061035156,117.7838363647461,476060900,0.0,0.0
2024-06-25,121.19999694824219,126.5,119.31999969482422,126.08999633789062,125.74180603027344,414192600,0.0,0.0
2024-06-26,126.12999725341797,128.1199951171875,122.5999984741211,126.4000015258789,126.05097961425781,362975900,0.0,0.0
2024-06-27,124.0999984741211,126.41000366210938,122.91999816894531,123.98999786376953,123.64762115478516,252571700,0.0,0.0
2024-06-28,124.58000183105469,127.70999908447266,122.75,123.54000091552734,123.19886016845703,315516700,0.0,0.0
2024-07-01,123.47000122070312,124.83999633789062,118.83000183105469,124.30000305175781,123.95677185058594,284885500,0.0,0.0
2024-07-02,121.12999725341797,123.41000366210938,121.02999877929688,122.66999816894531,122.33125305175781,218374000,0.0,0.0
2024-07-03,121.66000366210938,128.27999877929688,121.36000061035156,128.27999877929688,127.9257583618164,215749000,0.0,0.0
2024-07-05,127.37999725341797,128.85000610351562,125.68000030517578,125.83000183105469,125.48253631591797,214176700,0.0,0.0
2024-07-08,127.48999786376953,130.77000427246094,127.04000091552734,128.1999969482422,127.84598541259766,237677300,0.0,0.0
2024-07-09,130.35000610351562,133.82000732421875,128.64999389648438,131.3800048828125,131.01722717285156,285366600,0.0,0.0
2024-07-10,134.02999877929688,135.10000610351562,132.4199981689453,134.91000366210938,134.5374755859375,248978600,0.0,0.0
2024-07-11,135.75,136.14999389648438,127.05000305175781,127.4000015258789,127.0482177734375,374782700,0.0,0.0
2024-07-12,128.25999450683594,131.9199981689453,127.22000122070312,129.24000549316406,128.88311767578125,252680500,0.0,0.0
2024-07-15,130.55999755859375,131.38999938964844,127.18000030517578,128.44000244140625,128.08534240722656,208326200,0.0,0.0
2024-07-16,128.44000244140625,129.0399932861328,124.58000183105469,126.36000061035156,126.01107025146484,214769500,0.0,0.0
2024-07-17,121.3499984741211,121.8499984741211,116.72000122070312,117.98999786376953,117.66417694091797,390086200,0.0,0.0
2024-07-18,121.8499984741211,122.4000015258789,116.55999755859375,121.08999633789062,120.75563049316406,320979500,0.0,0.0
2024-07-19,120.3499984741211,121.5999984741211,117.37000274658203,117.93000030517578,117.60436248779297,217223800,0.0,0.0
2024-07-22,120.3499984741211,124.06999969482422,119.86000061035156,123.54000091552734,123.19886016845703,258068900,0.0,0.0
2024-07-23,122.77999877929688,124.69000244140625,122.0999984741211,122.58999633789062,122.25148010253906,173911000,0.0,0.0
2024-07-24,119.16999816894531,119.94999694824219,113.44000244140625,114.25,113.93451690673828,327776900,0.0,0.0
2024-07-25,113.04000091552734,116.62999725341797,106.30000305175781,112.27999877929688,111.9699478149414,460067000,0.0,0.0
2024-07-26,116.19000244140625,116.19999694824219,111.58000183105469,113.05999755859375,112.74778747558594,293399100,0.0,0.0
2024-07-29,113.69000244140625,116.27999877929688,111.30000305175781,111.58999633789062,111.2818603515625,248152100,0.0,0.0
2024-07-30,111.5199966430664,111.98999786376953,102.54000091552734,103.7300033569336,103.44355773925781,486833300,0.0,0.0
2024-07-31,112.9000015258789,118.33999633789062,110.87999725341797,117.0199966430664,116.69684600830078,473174200,0.0,0.0
2024-08-01,117.52999877929688,120.16000366210938,106.80999755859375,109.20999908447266,108.9084243774414,523462300,0.0,0.0
2024-08-02,103.76000213623047,108.72000122070312,101.37000274658203,107.2699966430664,106.9737777709961,482027500,0.0,0.0
2024-08-05,92.05999755859375,103.41000366210938,90.69000244140625,100.44999694824219,100.17261505126953,552842400,0.0,0.0
2024-08-06,103.83999633789062,107.70999908447266,100.55000305175781,104.25,103.96212768554688,409012100,0.0,0.0
2024-08-07,107.80999755859375,108.80000305175781,98.69000244140625,98.91000366210938,98.63687133789062,411440400,0.0,0.0
2024-08-08,102.0,105.5,97.5199966430664,104.97000122070312,104.68013000488281,391910000,0.0,0.0
2024-08-09,105.63999938964844,106.5999984741211,103.43000030517578,104.75,104.46075439453125,290844200,0.0,0.0
2024-08-12,106.31999969482422,111.06999969482422,106.26000213623047,109.0199966430664,108.71896362304688,325559900,0.0,0.0
2024-08-13,112.44000244140625,116.2300033569336,111.58000183105469,116.13999938964844,115.81929779052734,312646700,0.0,0.0
2024-08-14,118.52999877929688,118.5999984741211,114.06999969482422,118.08000183105469,117.75395202636719,339246400,0.0,0.0
2024-08-15,118.76000213623047,123.23999786376953,117.47000122070312,122.86000061035156,122.520751953125,318086700,0.0,0.0
2024-08-16,121.94000244140625,125.0,121.18000030517578,124.58000183105469,124.23597717285156,302589900,0.0,0.0
2024-08-19,124.27999877929688,130.0,123.41999816894531,130.0,129.6410369873047,318333600,0.0,0.0
2024-08-20,128.39999389648438,129.8800048828125,125.88999938964844,127.25,126.89862060546875,300087400,0.0,0.0
2024-08-21,127.31999969482422,129.35000610351562,126.66000366210938,128.5,128.14515686035156,257883600,0.0,0.0
2024-08-22,130.02000427246094,130.75,123.0999984741211,123.73999786376953,123.39830780029297,376189100,0.0,0.0
2024-08-23,125.86000061035156,129.60000610351562,125.22000122070312,129.3699951171875,129.0127410888672,323230300,0.0,0.0
2024-08-26,129.57000732421875,131.25999450683594,124.37000274658203,126.45999908447266,126.11077880859375,331964700,0.0,0.0
2024-08-27,125.05000305175781,129.1999969482422,123.87999725341797,128.3000030517578,127.94572448730469,303134600,0.0,0.0
2024-08-28,128.1199951171875,128.3300018310547,122.63999938964844,125.61000061035156,125.26314544677734,448101100,0.0,0.0
2024-08-29,121.36000061035156,124.43000030517578,116.70999908447266,117.58999633789062,117.2652816772461,453023300,0.0,0.0
2024-08-30,119.52999877929688,121.75,117.22000122070312,119.37000274658203,119.0403823852539,333751600,0.0,0.0
2024-09-03,116.01000213623047,116.20999908447266,107.29000091552734,108.0,107.70176696777344,477155100,0.0,0.0
2024-09-04,105.41000366210938,113.2699966430664,104.12000274658203,106.20999908447266,105.91671752929688,372470300,0.0,0.0
2024-09-05,104.98999786376953,109.6500015258789,104.76000213623047,107.20999908447266,106.9139633178711,306850700,0.0,0.0
2024-09-06,108.04000091552734,108.1500015258789,100.94999694824219,102.83000183105469,102.5460433959961,413638100,0.0,0.0
2024-09-09,104.87999725341797,106.55000305175781,103.69000244140625,106.47000122070312,106.17599487304688,273912000,0.0,0.0
2024-09-10,107.80999755859375,109.4000015258789,104.94999694824219,108.0999984741211,107.8014907836914,268283700,0.0,0.0
2024-09-11,109.38999938964844,117.19000244140625,107.41999816894531,116.91000366210938,116.58716583251953,441422400,0.0,0.0
2024-09-12,116.83999633789062,120.79000091552734,115.37999725341797,119.13999938964844,118.8211669921875,366052700,0.01,0.0
2024-09-13,119.08000183105469,119.95999908447266,117.5999984741211,119.0999984741211,118.7812728881836,238358300,0.0,0.0
2024-09-16,116.79000091552734,118.18000030517578,114.36000061035156,116.77999877929688,116.46747589111328,248772300,0.0,0.0
2024-09-17,118.16999816894531,118.80000305175781,114.83000183105469,115.58999633789062,115.28067779541016,231925900,0.0,0.0
2024-09-18,115.88999938964844,117.69999694824219,113.22000122070312,113.37000274658203,113.06661224365234,310318900,0.0,0.0
2024-09-19,117.3499984741211,119.66000366210938,117.25,117.87000274658203,117.55457305908203,293506400,0.0,0.0
2024-09-20,117.05999755859375,118.62000274658203,115.38999938964844,116.0,115.6895751953125,382462400,0.0,0.0
2024-09-23,116.55000305175781,116.98999786376953,114.86000061035156,116.26000213623047,115.94889068603516,206228500,0.0,0.0
2024-09-24,116.5199966430664,121.80000305175781,115.37999725341797,120.87000274658203,120.54654693603516,354966800,0.0,0.0
2024-09-25,122.0199966430664,124.94000244140625,121.61000061035156,123.51000213623047,123.17948150634766,284692900,0.0,0.0
2024-09-26,126.80000305175781,127.66999816894531,121.80000305175781,124.04000091552734,123.70806121826172,302582900,0.0,0.0
2024-09-27,123.97000122070312,124.02999877929688,119.26000213623047,121.4000015258789,121.07513427734375,271009200,0.0,0.0
2024-09-30,118.30999755859375,121.5,118.1500015258789,121.44000244140625,121.11502075195312,226553700,0.0,0.0
2024-10-01,121.7699966430664,122.44000244140625,115.79000091552734,117.0,116.6868896484375,302094500,0.0,0.0
2024-10-02,116.44000244140625,119.37999725341797,115.13999938964844,118.8499984741211,118.53195190429688,221845900,0.0,0.0
2024-10-03,120.91999816894531,124.36000061035156,120.33999633789062,122.8499984741211,122.52125549316406,277118000,0.0,0.0
2024-10-04,124.94000244140625,125.04000091552734,121.83000183105469,124.91999816894531,124.58570861816406,243678100,0.0,0.0
2024-10-07,124.98999786376953,130.63999938964844,124.94999694824219,127.72000122070312,127.37821960449219,346250200,0.0,0.0
2024-10-08,130.25999450683594,133.47999572753906,129.4199981689453,132.88999938964844,132.53436279296875,285722500,0.0,0.0
2024-10-09,134.11000061035156,134.52000427246094,131.3800048828125,132.64999389648438,132.29501342773438,246191600,0.0,0.0
2024-10-10,131.91000366210938,135.0,131.0,134.80999755859375,134.44924926757812,242311300,0.0,0.0
2024-10-11,134.00999450683594,135.77999877929688,133.66000366210938,134.8000030517578,134.43927001953125,170209500,0.0,0.0
2024-10-14,136.47000122070312,139.60000610351562,136.3000030517578,138.07000732421875,137.70054626464844,232347700,0.0,0.0
2024-10-15,137.8699951171875,138.57000732421875,128.74000549316406,131.60000610351562,131.24783325195312,377831000,0.0,0.0
2024-10-16,133.97999572753906,136.6199951171875,131.5800018310547,135.72000122070312,135.35678100585938,264879700,0.0,0.0
2024-10-17,139.33999633789062,140.88999938964844,136.8699951171875,136.92999267578125,136.56358337402344,306435900,0.0,0.0
2024-10-18,138.6699981689453,138.89999389648438,137.27999877929688,138.0,137.63070678710938,176090200,0.0,0.0
2024-10-21,138.1300048828125,143.7100067138672,138.0,143.7100067138672,143.325439453125,264554500,0.0,0.0
2024-10-22,142.91000366210938,144.4199981689453,141.77999877929688,143.58999633789062,143.20574951171875,226311600,0.0,0.0
2024-10-23,142.02999877929688,142.42999267578125,137.4600067138672,139.55999755859375,139.1865234375,285930000,0.0,0.0
2024-10-24,140.82000732421875,141.35000610351562,138.4600067138672,140.41000366210938,140.03424072265625,172354900,0.0,0.0
2024-10-25,140.92999267578125,144.1300048828125,140.8000030517578,141.5399932861328,141.16122436523438,205122100,0.0,0.0
2024-10-28,143.0,143.13999938964844,140.0500030517578,140.52000427246094,140.1439666748047,173586700,0.0,0.0
2024-10-29,140.2899932861328,142.25999450683594,138.89999389648438,141.25,140.8719940185547,157593600,0.0,0.0
2024-10-30,139.5399932861328,140.3300018310547,136.80999755859375,139.33999633789062,138.9671173095703,179418100,0.0,0.0
2024-10-31,137.60000610351562,137.61000061035156,132.11000061035156,132.75999450683594,132.40472412109375,270039600,0.0,0.0
2024-11-01,134.6999969482422,137.30999755859375,134.57000732421875,135.39999389648438,135.0376739501953,207127800,0.0,0.0
2024-11-04,137.2100067138672,138.9600067138672,135.57000732421875,136.0500030517578,135.68592834472656,187528200,0.0,0.0
2024-11-05,137.4499969482422,140.3699951171875,137.3300018310547,139.91000366210938,139.5355987548828,160537400,0.0,0.0
2024-11-06,142.9600067138672,146.49000549316406,141.9600067138672,145.61000061035156,145.22035217285156,242043900,0.0,0.0
2024-11-07,146.38999938964844,148.92999267578125,146.1699981689453,148.8800048828125,148.48159790039062,207323300,0.0,0.0
2024-11-08,148.77000427246094,149.77000427246094,146.25999450683594,147.6300048828125,147.2349090576172,175665800,0.0,0.0
2024-11-11,148.67999267578125,148.85000610351562,143.57000732421875,145.25999450683594,144.8712615966797,182325600,0.0,0.0
2024-11-12,146.77999877929688,149.64999389648438,146.00999450683594,148.2899932861328,147.89312744140625,198634700,0.0,0.0
2024-11-13,149.07000732421875,149.3300018310547,145.89999389648438,146.27000427246094,145.87857055664062,191903300,0.0,0.0
2024-11-14,147.63999938964844,149.0,145.5500030517578,146.75999450683594,146.3672637939453,194463300,0.0,0.0
2024-11-15,144.8699951171875,145.24000549316406,140.0800018310547,141.97999572753906,141.6000518798828,250132900,0.0,0.0
2024-11-18,139.5,141.5500030517578,137.14999389648438,140.14999389648438,139.77491760253906,221205300,0.0,0.0
2024-11-19,141.32000732421875,147.1300048828125,140.99000549316406,147.00999450683594,146.61659240722656,227834900,0.0,0.0
2024-11-20,147.41000366210938,147.55999755859375,142.72999572753906,145.88999938964844,145.4995880126953,309871700,0.0,0.0
2024-11-21,149.35000610351562,152.88999938964844,140.6999969482422,146.6699981689453,146.2775115966797,400946600,0.0,0.0
2024-11-22,145.92999267578125,147.16000366210938,141.10000610351562,141.9499969482422,141.57012939453125,236406200,0.0,0.0
2024-11-25,141.99000549316406,142.0500030517578,135.82000732421875,136.02000427246094,135.656005859375,344941900,0.0,0.0
2024-11-26,137.6999969482422,139.3000030517578,135.6699981689453,136.9199981689453,136.55361938476562,190287700,0.0,0.0
2024-11-27,135.00999450683594,137.22000122070312,131.8000030517578,135.33999633789062,134.97779846191406,226370900,0.0,0.0
2024-11-29,136.77999877929688,139.35000610351562,136.0500030517578,138.25,137.88003540039062,141863200,0.0,0.0
2024-12-02,138.8300018310547,140.4499969482422,137.82000732421875,138.6300048828125,138.259033203125,171682800,0.0,0.0
2024-12-03,138.25999450683594,140.5399932861328,137.9499969482422,140.25999450683594,139.88465881347656,164414000,0.0,0.0
2024-12-04,142.0,145.7899932861328,140.2899932861328,145.13999938964844,144.7516326904297,231224300,0.0,0.0
2024-12-05,145.11000061035156,146.5399932861328,143.9499969482422,145.05999755859375,144.68179321289062,172621200,0.01,0.0
2024-12-06,144.60000610351562,145.6999969482422,141.30999755859375,142.44000244140625,142.06861877441406,188505600,0.0,0.0
2024-12-09,138.97000122070312,139.9499969482422,137.1300048828125,138.80999755859375,138.4480743408203,189308600,0.0,0.0
2024-12-10,139.00999450683594,141.82000732421875,133.7899932861328,135.07000732421875,134.7178192138672,210020900,0.0,0.0
2024-12-11,137.36000061035156,140.1699981689453,135.2100067138672,139.30999755859375,138.94676208496094,184905200,0.0,0.0
2024-12-12,137.0800018310547,138.44000244140625,135.8000030517578,137.33999633789062,136.9818878173828,159211400,0.0,0.0
2024-12-13,138.94000244140625,139.60000610351562,132.5399932861328,134.25,133.89996337890625,231514900,0.0,0.0
2024-12-16,134.17999267578125,134.39999389648438,130.4199981689453,132.0,131.6558074951172,237951100,0.0,0.0
2024-12-17,129.08999633789062,131.58999633789062,126.86000061035156,130.38999938964844,130.05003356933594,259410300,0.0,0.0
2024-12-18,133.86000061035156,136.6999969482422,128.27999877929688,128.91000366210938,128.5738983154297,277444500,0.0,0.0
2024-12-19,131.75999450683594,134.02999877929688,129.5500030517578,130.67999267578125,130.33924865722656,209719200,0.0,0.0
2024-12-20,129.80999755859375,135.27999877929688,128.22000122070312,134.6999969482422,134.34877014160156,306528600,0.0,0.0
2024-12-23,136.27999877929688,139.7899932861328,135.1199951171875,139.6699981689453,139.30581665039062,176053500,0.0,0.0
2024-12-24,140.0,141.89999389648438,138.64999389648438,140.22000122070312,139.85440063476562,105157000,0.0,0.0
2024-12-26,139.6999969482422,140.85000610351562,137.72999572753906,139.92999267578125,139.56515502929688,116205600,0.0,0.0
2024-12-27,138.5500030517578,139.02000427246094,134.7100067138672,137.00999450683594,136.6527557373047,170582600,0.0,0.0
2024-12-30,134.8300018310547,140.27000427246094,134.02000427246094,137.49000549316406,137.13150024414062,167734700,0.0,0.0
2024-12-31,138.02999877929688,138.07000732421875,133.8300018310547,134.2899932861328,133.93984985351562,155659200,0.0,0.0
2025-01-02,136.0,138.8800048828125,134.6300048828125,138.30999755859375,137.94937133789062,198247200,0.0,0.0
2025-01-03,140.00999450683594,144.89999389648438,139.72999572753906,144.47000122070312,144.09332275390625,229322500,0.0,0.0
2025-01-06,148.58999633789062,152.16000366210938,147.82000732421875,149.42999267578125,149.04039001464844,265377400,0.0,0.0
2025-01-07,153.02999877929688,153.1300048828125,140.00999450683594,140.13999938964844,139.7745819091797,351782200,0.0,0.0
2025-01-08,142.5800018310547,143.9499969482422,137.55999755859375,140.11000061035156,139.74468994140625,227349900,0.0,0.0
2025-01-10,137.4499969482422,139.9199981689453,134.22000122070312,135.91000366210938,135.55564880371094,207602500,0.0,0.0
2025-01-13,129.99000549316406,133.49000549316406,129.50999450683594,133.22999572753906,132.88262939453125,204808900,0.0,0.0
2025-01-14,136.0500030517578,136.3800048828125,130.0500030517578,131.75999450683594,131.4164276123047,195590500,0.0,0.0
2025-01-15,133.64999389648438,136.4499969482422,131.2899932861328,136.24000549316406,135.88479614257812,185217300,0.0,0.0
2025-01-16,138.63999938964844,138.75,133.49000549316406,133.57000732421875,133.2217254638672,209235600,0.0,0.0
2025-01-17,136.69000244140625,138.5,135.4600067138672,137.7100067138672,137.3509521484375,201188800,0.0,0.0
2025-01-21,139.16000366210938,141.8300018310547,137.08999633789062,140.8300018310547,140.4628143310547,197749000,0.0,0.0
2025-01-22,144.66000366210938,147.7899932861328,143.6699981689453,147.07000732421875,146.6865692138672,237651400,0.0,0.0
2025-01-23,145.0500030517578,147.22999572753906,143.72000122070312,147.22000122070312,146.83615112304688,155915500,0.0,0.0
2025-01-24,148.3699951171875,148.97000122070312,141.8800048828125,142.6199951171875,142.24813842773438,234657600,0.0,0.0
2025-01-27,124.80000305175781,128.39999389648438,116.69999694824219,118.41999816894531,118.1112289428711,818830900,0.0,0.0
2025-01-28,121.80999755859375,129.0,116.25,128.99000549316406,128.6536865234375,579666400,0.0,0.0
2025-01-29,126.5,126.88999938964844,120.05000305175781,123.69999694824219,123.37747192382812,467120600,0.0,0.0
2025-01-30,123.0999984741211,125.0,118.0999984741211,124.6500015258789,124.32500457763672,392925500,0.0,0.0
2025-01-31,123.77999877929688,127.8499984741211,119.19000244140625,120.06999969482422,119.7569351196289,388161100,0.0,0.0
2025-02-03,114.75,118.56999969482422,113.01000213623047,116.66000366210938,116.35584259033203,371235700,0.0,0.0
2025-02-04,116.95999908447266,121.19999694824219,116.69999694824219,118.6500015258789,118.34063720703125,256550000,0.0,0.0
2025-02-05,121.76000213623047,125.0,120.76000213623047,124.83000183105469,124.50452423095703,262230800,0.0,0.0
2025-02-06,127.41999816894531,128.77000427246094,125.20999908447266,128.67999267578125,128.34446716308594,251483600,0.0,0.0
2025-02-07,129.22000122070312,130.3699951171875,125.0,129.83999633789062,129.50144958496094,228186300,0.0,0.0
2025-02-10,130.08999633789062,135.0,129.9600067138672,133.57000732421875,133.2217254638672,216989100,0.0,0.0
2025-02-11,132.5800018310547,134.47999572753906,131.02000427246094,132.8000030517578,132.45375061035156,178902400,0.0,0.0
2025-02-12,130.02000427246094,132.24000549316406,129.0800018310547,131.13999938964844,130.79808044433594,160278600,0.0,0.0
2025-02-13,131.55999755859375,136.5,131.1699981689453,135.2899932861328,134.93722534179688,197430000,0.0,0.0
2025-02-14,136.47999572753906,139.25,135.5,138.85000610351562,138.48797607421875,195479600,0.0,0.0
2025-02-18,141.27000427246094,143.44000244140625,137.92999267578125,139.39999389648438,139.0365447998047,219176600,0.0,0.0
2025-02-19,139.50999450683594,141.36000061035156,137.22000122070312,139.22999572753906,138.86697387695312,167536000,0.0,0.0
2025-02-20,140.02999877929688,140.66000366210938,136.7899932861328,140.11000061035156,139.74468994140625,143903600,0.0,0.0
2025-02-21,140.0399932861328,141.4600067138672,134.02999877929688,134.42999267578125,134.07948303222656,228217600,0.0,0.0
2025-02-24,136.55999755859375,138.58999633789062,130.0800018310547,130.27999877929688,129.94032287597656,251381100,0.0,0.0
2025-02-25,129.97999572753906,130.1999969482422,124.44000244140625,126.62999725341797,126.29983520507812,271428700,0.0,0.0
2025-02-26,129.99000549316406,133.72999572753906,128.49000549316406,131.27999877929688,130.93772888183594,322553800,0.0,0.0
2025-02-27,135.0,135.00999450683594,120.01000213623047,120.1500015258789,119.83673095703125,443175800,0.0,0.0
2025-02-28,118.0199966430664,125.08999633789062,116.4000015258789,124.91999816894531,124.59429168701172,389091100,0.0,0.0
2025-03-03,123.51000213623047,123.69999694824219,112.27999877929688,114.05999755859375,113.76260375976562,411381400,0.0,0.0
2025-03-04,110.6500015258789,119.30999755859375,110.11000061035156,115.98999786376953,115.68757629394531,398163300,0.0,0.0
2025-03-05,117.58000183105469,118.27999877929688,114.51000213623047,117.30000305175781,116.99415588378906,284337900,0.0,0.0
2025-03-06,113.52999877929688,115.3499984741211,110.22000122070312,110.56999969482422,110.2817153930664,321181900,0.0,0.0
2025-03-07,111.25,113.4800033569336,107.55999755859375,112.69000244140625,112.39617919921875,341755500,0.0,0.0
2025-03-10,109.9000015258789,111.8499984741211,105.45999908447266,106.9800033569336,106.70105743408203,366487400,0.0,0.0
2025-03-11,106.98999786376953,112.23999786376953,104.7699966430664,108.76000213623047,108.47642517089844,354865700,0.0,0.0
2025-03-12,114.12000274658203,116.76000213623047,112.87999725341797,115.73999786376953,115.4488525390625,323857500,0.01,0.0
2025-03-13,117.02999877929688,117.76000213623047,113.79000091552734,115.58000183105469,115.28924560546875,299033100,0.0,0.0
2025-03-14,118.61000061035156,121.87999725341797,118.1500015258789,121.66999816894531,121.36392211914062,277593500,0.0,0.0
2025-03-17,122.73999786376953,122.88999938964844,118.02999877929688,119.52999877929688,119.22930908203125,255501500,0.0,0.0
2025-03-18,118.0,119.0199966430664,114.54000091552734,115.43000030517578,115.13961791992188,299686900,0.0,0.0
2025-03-19,117.2699966430664,120.44999694824219,115.68000030517578,117.5199966430664,117.22434997558594,273426200,0.0,0.0
2025-03-20,116.55000305175781,120.19999694824219,116.47000122070312,118.52999877929688,118.23181915283203,248829700,0.0,0.0
2025-03-21,116.94000244140625,117.98999786376953,115.41999816894531,117.69999694824219,117.4039077758789,266498500,0.0,0.0
2025-03-24,119.87999725341797,122.22000122070312,119.33999633789062,121.41000366210938,121.10458374023438,228452500,0.0,0.0
2025-03-25,120.55000305175781,121.29000091552734,118.91999816894531,120.69000244140625,120.38639831542969,167447200,0.0,0.0
2025-03-26,118.7300033569336,118.83999633789062,112.70999908447266,113.76000213623047,113.47383117675781,293463300,0.0,0.0
2025-03-27,111.3499984741211,114.44999694824219,110.66000366210938,111.43000030517578,111.14967346191406,236902100,0.0,0.0
2025-03-28,111.48999786376953,112.87000274658203,109.06999969482422,109.66999816894531,109.39411163330078,229872500,0.0,0.0
2025-03-31,105.12999725341797,110.95999908447266,103.6500015258789,108.37999725341797,108.10736083984375,299212700,0.0,0.0
2025-04-01,108.5199966430664,110.19999694824219,106.47000122070312,110.1500015258789,109.87291717529297,222614000,0.0,0.0
2025-04-02,107.29000091552734,111.9800033569336,106.79000091552734,110.41999816894531,110.14222717285156,220601200,0.0,0.0
2025-04-03,103.51000213623047,105.62999725341797,101.5999984741211,101.80000305175781,101.5439224243164,338769400,0.0,0.0
2025-04-04,98.91000366210938,100.12999725341797,92.11000061035156,94.30999755859375,94.07275390625,532273800,0.0,0.0
2025-04-07,87.45999908447266,101.75,86.62000274658203,97.63999938964844,97.39437103271484,611041300,0.0,0.0
2025-04-08,103.80999755859375,105.8499984741211,94.45999908447266,96.30000305175781,96.05775451660156,476243400,0.0,0.0
2025-04-09,98.88999938964844,115.0999984741211,97.52999877929688,114.33000183105469,114.04238891601562,612918300,0.0,0.0
2025-04-10,109.37000274658203,110.86000061035156,99.1500015258789,107.56999969482422,107.29939270019531,437812400,0.0,0.0
2025-04-11,108.5,111.55000305175781,107.4800033569336,110.93000030517578,110.65094757080078,313417300,0.0,0.0
2025-04-14,114.11000061035156,114.29000091552734,109.06999969482422,110.70999908447266,110.4314956665039,264705000,0.0,0.0
2025-04-15,110.97000122070312,113.62000274658203,110.5,112.19999694824219,111.9177474975586,228966900,0.0,0.0
2025-04-16,104.55000305175781,106.79000091552734,100.44999694824219,104.48999786376953,104.2271499633789,397016900,0.0,0.0
2025-04-17,104.44999694824219,104.47000122070312,100.05000305175781,101.48999786376953,101.23469543457031,292517500,0.0,0.0
2025-04-21,98.7699966430664,99.44000244140625,95.04000091552734,96.91000366210938,96.66622161865234,288501100,0.0,0.0
2025-04-22,98.77999877929688,99.80999755859375,97.27999877929688,98.88999938964844,98.6412353515625,241004800,0.0,0.0
2025-04-23,104.5199966430664,104.80000305175781,102.0199966430664,102.70999908447266,102.45162200927734,247526000,0.0,0.0
2025-04-24,103.4800033569336,106.54000091552734,103.11000061035156,106.43000030517578,106.1622543334961,220815000,0.0,0.0
2025-04-25,106.8499984741211,111.91999816894531,105.7300033569336,111.01000213623047,110.73075103759766,251064700,0.0,0.0
2025-04-28,109.69000244140625,110.37000274658203,106.0199966430664,108.7300033569336,108.45647430419922,207708500,0.0,0.0
2025-04-29,107.66999816894531,110.19999694824219,107.44000244140625,109.0199966430664,108.7457504272461,170444300,0.0,0.0
2025-04-30,104.47000122070312,108.91999816894531,104.08000183105469,108.91999816894531,108.64599609375,235044600,0.0,0.0
2025-05-01,113.08000183105469,114.94000244140625,111.30000305175781,111.61000061035156,111.32923126220703,236121500,0.0,0.0
2025-05-02,114.18000030517578,115.4000015258789,113.37000274658203,114.5,114.21196746826172,190194800,0.0,0.0
2025-05-05,112.91000366210938,114.66999816894531,112.66000366210938,113.81999969482422,113.53368377685547,133163200,0.0,0.0
2025-05-06,111.4800033569336,114.73999786376953,110.81999969482422,113.54000091552734,113.25439453125,158525600,0.0,0.0
2025-05-07,113.05000305175781,117.68000030517578,112.27999877929688,117.05999755859375,116.76553344726562,206758800,0.0,0.0
2025-05-08,118.25,118.68000030517578,115.8499984741211,117.37000274658203,117.07474517822266,198428100,0.0,0.0
2025-05-09,117.3499984741211,118.2300033569336,115.20999908447266,116.6500015258789,116.35655975341797,132972200,0.0,0.0
2025-05-12,121.97000122070312,123.0,120.27999877929688,123.0,122.69058990478516,225023300,0.0,0.0
2025-05-13,124.9800033569336,131.22000122070312,124.47000122070312,129.92999267578125,129.60313415527344,330430100,0.0,0.0
2025-05-14,133.1999969482422,135.44000244140625,131.67999267578125,135.33999633789062,134.99952697753906,281180800,0.0,0.0
2025-05-15,134.2899932861328,136.3000030517578,132.66000366210938,134.8300018310547,134.49081420898438,226632600,0.0,0.0
2025-05-16,136.22000122070312,136.35000610351562,133.4600067138672,135.39999389648438,135.05938720703125,226542500,0.0,0.0
2025-05-19,132.38999938964844,135.8699951171875,132.38999938964844,135.57000732421875,135.2289581298828,193154600,0.0,0.0
2025-05-20,134.2899932861328,134.5800018310547,132.6199951171875,134.3800048828125,134.04197692871094,161514200,0.0,0.0
2025-05-21,133.05999755859375,137.39999389648438,130.58999633789062,131.8000030517578,131.46844482421875,270608700,0.0,0.0
2025-05-22,132.22999572753906,134.25,131.5500030517578,132.8300018310547,132.495849609375,187344000,0.0,0.0
2025-05-23,130.0,132.67999267578125,129.16000366210938,131.2899932861328,130.959716796875,198821300,0.0,0.0
2025-05-27,134.14999389648438,135.66000366210938,133.30999755859375,135.5,135.1591339111328,192953600,0.0,0.0
2025-05-28,136.02999877929688,137.25,134.7899932861328,134.80999755859375,134.4708709716797,304021100,0.0,0.0
2025-05-29,142.25,143.49000549316406,137.91000366210938,139.19000244140625,138.83987426757812,369241900,0.0,0.0
2025-05-30,138.72000122070312,139.6199951171875,132.9199981689453,135.1300048828125,134.79006958007812,333170900,0.0,0.0
2025-06-02,135.49000549316406,138.1199951171875,135.39999389648438,137.3800048828125,137.03440856933594,197663100,0.0,0.0
2025-06-03,138.77999877929688,142.0,137.9499969482422,141.22000122070312,140.86474609375,225578800,0.0,0.0
2025-06-04,142.19000244140625,142.38999938964844,139.5399932861328,141.9199981689453,141.56297302246094,167120800,0.0,0.0
2025-06-05,142.1699981689453,144.0,138.8300018310547,139.99000549316406,139.6378631591797,231397900,0.0,0.0
2025-06-06,142.50999450683594,143.27000427246094,141.50999450683594,141.72000122070312,141.36349487304688,153986200,0.0,0.0
2025-06-09,143.19000244140625,145.0,141.94000244140625,142.6300048828125,142.2711944580078,185114500,0.0,0.0
2025-06-10,142.69000244140625,144.2899932861328,141.52999877929688,143.9600067138672,143.59786987304688,155881900,0.0,0.0
2025-06-11,144.61000061035156,144.99000549316406,141.8699951171875,142.8300018310547,142.4805908203125,167694000,0.01,0.0
2025-06-12,141.97000122070312,145.0,141.85000610351562,145.0,144.64527893066406,162365000,0.0,0.0
2025-06-13,142.47999572753906,143.5800018310547,140.85000610351562,141.97000122070312,141.62269592285156,180820600,0.0,0.0
2025-06-16,143.35000610351562,146.17999267578125,143.1999969482422,144.69000244140625,144.33602905273438,183133700,0.0,0.0
2025-06-17,144.49000549316406,145.22000122070312,143.77999877929688,144.1199951171875,143.76742553710938,139108000,0.0,0.0
2025-06-18,144.00999450683594,145.64999389648438,143.1199951171875,145.47999572753906,145.12408447265625,161494100,0.0,0.0
2025-06-20,145.4499969482422,146.1999969482422,142.64999389648438,143.85000610351562,143.49807739257812,242956200,0.0,0.0
2025-06-23,142.5,144.77999877929688,142.02999877929688,144.1699981689453,143.8173065185547,154308900,0.0,0.0
2025-06-24,145.55999755859375,147.9600067138672,145.5,147.89999389648438,147.53817749023438,187566100,0.0,0.0
2025-06-25,149.27000427246094,154.4499969482422,149.25999450683594,154.30999755859375,153.93251037597656,269146500,0.0,0.0
2025-06-26,155.97999572753906,156.72000122070312,154.0,155.02000427246094,154.6407470703125,198145700,0.0,0.0
2025-06-27,156.0399932861328,158.7100067138672,155.25999450683594,157.75,157.3640899658203,263234500,0.0,0.0
2025-06-30,158.39999389648438,158.66000366210938,155.9600067138672,157.99000549316406,157.603515625,194580300,0.0,0.0
2025-07-01,156.2899932861328,157.1999969482422,151.49000549316406,153.3000030517578,152.9250030517578,213143600,0.0,0.0
2025-07-02,152.97999572753906,157.60000610351562,152.97000122070312,157.25,156.8653106689453,171224100,0.0,0.0
2025-07-03,158.3699951171875,160.97999572753906,157.77000427246094,159.33999633789062,158.9501953125,143716100,0.0,0.0
2025-07-07,158.1999969482422,159.30999755859375,157.33999633789062,158.24000549316406,157.8529052734375,140139000,0.0,0.0
2025-07-08,159.3300018310547,160.22000122070312,158.38999938964844,160.0,159.60858154296875,138133000,0.0,0.0
2025-07-09,161.22000122070312,164.4199981689453,161.16000366210938,162.8800048828125,162.48155212402344,183656400,0.0,0.0
2025-07-10,164.32000732421875,164.5,161.61000061035156,164.10000610351562,163.6985626220703,167704100,0.0,0.0
2025-07-11,163.72000122070312,167.88999938964844,163.47000122070312,164.9199981689453,164.51654052734375,193633300,0.0,0.0
2025-07-14,165.3699951171875,165.49000549316406,162.02000427246094,164.07000732421875,163.6686248779297,136975800,0.0,0.0
2025-07-15,171.19000244140625,172.39999389648438,169.1999969482422,170.6999969482422,170.2823944091797,230627400,0.0,0.0
2025-07-16,171.05999755859375,171.75,168.89999389648438,171.3699951171875,170.95077514648438,158831500,0.0,0.0
2025-07-17,172.02000427246094,174.16000366210938,170.8300018310547,173.0,172.57679748535156,160841100,0.0,0.0
2025-07-18,173.63999938964844,174.25,171.25999450683594,172.41000366210938,171.9882354736328,146456400,0.0,0.0
2025-07-21,172.75,173.3800048828125,171.0,171.3800048828125,170.96075439453125,123126100,0.0,0.0
2025-07-22,171.33999633789062,171.38999938964844,164.5800018310547,167.02999877929688,166.62139892578125,193114300,0.0,0.0
2025-07-23,169.52999877929688,171.25999450683594,167.97000122070312,170.77999877929688,170.36221313476562,154082200,0.0,0.0
2025-07-24,172.44000244140625,173.8300018310547,171.3000030517578,173.74000549316406,173.31497192382812,128984600,0.0,0.0
2025-07-25,173.61000061035156,174.72000122070312,172.9600067138672,173.5,173.0755615234375,122316800,0.0,0.0
2025-07-28,174.02000427246094,177.0,173.97000122070312,176.75,176.317626953125,140023500,0.0,0.0
2025-07-29,177.9600067138672,179.3800048828125,175.02000427246094,175.50999450683594,175.08062744140625,154077500,0.0,0.0
2025-07-30,176.50999450683594,179.88999938964844,176.0399932861328,179.27000427246094,178.83145141601562,174312200,0.0,0.0
2025-07-31,182.89999389648438,183.3000030517578,175.92999267578125,177.8699951171875,177.43487548828125,221685400,0.0,0.0
2025-08-01,174.08999633789062,176.5399932861328,170.88999938964844,173.72000122070312,173.29501342773438,204529000,0.0,0.0
2025-08-04,175.16000366210938,180.1999969482422,174.52000427246094,180.0,179.55966186523438,148174600,0.0,0.0
2025-08-05,179.6199951171875,180.25999450683594,175.89999389648438,178.25999450683594,177.82391357421875,156407600,0.0,0.0
2025-08-06,176.3300018310547,179.89999389648438,176.25,179.4199981689453,178.98106384277344,137192300,0.0,0.0
2025-08-07,181.57000732421875,183.8800048828125,178.8000030517578,180.77000427246094,180.32777404785156,151878400,0.0,0.0
2025-08-08,181.5500030517578,183.3000030517578,180.39999389648438,182.6999969482422,182.2530517578125,123396700,0.0,0.0
2025-08-11,182.0500030517578,183.83999633789062,180.25,182.05999755859375,181.6146240234375,138323200,0.0,0.0
2025-08-12,182.9600067138672,184.47999572753906,179.4600067138672,183.16000366210938,182.71194458007812,145485700,0.0,0.0
2025-08-13,182.6199951171875,183.97000122070312,179.35000610351562,181.58999633789062,181.14578247070312,179871700,0.0,0.0
2025-08-14,179.75,183.02000427246094,179.4600067138672,182.02000427246094,181.57472229003906,129554000,0.0,0.0
2025-08-15,181.8800048828125,181.89999389648438,178.0399932861328,180.4499969482422,180.008544921875,156602200,0.0,0.0
2025-08-18,180.60000610351562,182.94000244140625,180.58999633789062,182.00999450683594,181.56472778320312,132008000,0.0,0.0
2025-08-19,182.42999267578125,182.5,175.49000549316406,175.63999938964844,175.2103271484375,185229200,0.0,0.0
2025-08-20,175.1699981689453,176.0,168.8000030517578,175.39999389648438,174.9709014892578,215142700,0.0,0.0
2025-08-21,174.85000610351562,176.89999389648438,173.80999755859375,174.97999572753906,174.55194091796875,140040900,0.0,0.0
2025-08-22,172.61000061035156,178.58999633789062,171.1999969482422,177.99000549316406,177.55458068847656,172789400,0.0,0.0
2025-08-25,178.35000610351562,181.91000366210938,176.57000732421875,179.80999755859375,179.37013244628906,163012800,0.0,0.0
2025-08-26,180.05999755859375,182.38999938964844,178.80999755859375,181.77000427246094,181.32533264160156,168688200,0.0,0.0
2025-08-27,181.97999572753906,182.49000549316406,179.10000610351562,181.60000610351562,181.15574645996094,235518900,0.0,0.0
2025-08-28,180.82000732421875,184.47000122070312,176.41000366210938,180.1699981689453,179.72923278808594,281787800,0.0,0.0
2025-08-29,178.11000061035156,178.14999389648438,173.14999389648438,174.17999267578125,173.75390625,243257900,0.0,0.0
2025-09-02,170.0,172.3800048828125,167.22000122070312,170.77999877929688,170.36221313476562,231164900,0.0,0.0
2025-09-03,171.05999755859375,172.41000366210938,168.8800048828125,170.6199951171875,170.20260620117188,164424900,0.0,0.0
2025-09-04,170.57000732421875,171.86000061035156,169.41000366210938,171.66000366210938,171.24008178710938,141670100,0.0,0.0
2025-09-05,168.02999877929688,169.02999877929688,164.07000732421875,167.02000427246094,166.61141967773438,224441400,0.0,0.0
2025-09-08,167.5500030517578,170.9600067138672,167.35000610351562,168.30999755859375,167.89825439453125,163769100,0.0,0.0
2025-09-09,169.08999633789062,170.97999572753906,166.74000549316406,170.75999450683594,170.34226989746094,157548400,0.0,0.0
2025-09-10,176.63999938964844,179.2899932861328,175.47000122070312,177.3300018310547,176.8961944580078,226852000,0.0,0.0
2025-09-11,179.67999267578125,180.27999877929688,176.47999572753906,177.1699981689453,176.74655151367188,151159300,0.01,0.0
2025-09-12,177.77000427246094,178.60000610351562,176.4499969482422,177.82000732421875,177.39500427246094,124911000,0.0,0.0
2025-09-15,175.6699981689453,178.85000610351562,174.50999450683594,177.75,177.32516479492188,147061600,0.0,0.0
2025-09-16,177.0,177.5,174.3800048828125,174.8800048828125,174.4620361328125,140737800,0.0,0.0
2025-09-17,172.63999938964844,173.1999969482422,168.41000366210938,170.2899932861328,169.8829803466797,211843800,0.0,0.0
2025-09-18,173.97999572753906,177.10000610351562,172.9600067138672,176.24000549316406,175.8187713623047,191763300,0.0,0.0
2025-09-19,175.77000427246094,178.0800018310547,175.17999267578125,176.6699981689453,176.24774169921875,237182100,0.0,0.0
2025-09-22,175.3000030517578,184.5500030517578,174.7100067138672,183.61000061035156,183.17115783691406,269637000,0.0,0.0
2025-09-23,181.97000122070312,182.4199981689453,176.2100067138672,178.42999267578125,178.0035400390625,192559600,0.0,0.0
2025-09-24,179.77000427246094,179.77999877929688,175.39999389648438,176.97000122070312,176.54702758789062,143564100,0.0,0.0
2025-09-25,174.47999572753906,180.25999450683594,173.1300048828125,177.69000244140625,177.2653045654297,191586700,0.0,0.0
2025-09-26,178.1699981689453,179.77000427246094,174.92999267578125,178.19000244140625,177.7641143798828,148573700,0.0,0.0
2025-09-29,180.42999267578125,184.0,180.32000732421875,181.85000610351562,181.41539001464844,193063500,0.0,0.0
2025-09-30,182.0800018310547,187.35000610351562,181.47999572753906,186.5800018310547,186.13406372070312,236981000,0.0,0.0
2025-10-01,185.24000549316406,188.13999938964844,183.89999389648438,187.24000549316406,186.79248046875,173844900,0.0,0.0
2025-10-02,189.60000610351562,191.0500030517578,188.05999755859375,188.88999938964844,188.4385528564453,136805800,0.0,0.0
2025-10-03,189.19000244140625,190.36000061035156,185.3800048828125,187.6199951171875,187.17156982421875,137596900,0.0,0.0
2025-10-06,185.5,187.22999572753906,183.3300018310547,185.5399932861328,185.09652709960938,157678100,0.0,0.0
2025-10-07,186.22999572753906,189.05999755859375,184.0,185.0399932861328,184.5977325439453,140088000,0.0,0.0
2025-10-08,186.57000732421875,189.60000610351562,186.5399932861328,189.11000061035156,188.65802001953125,130168900,0.0,0.0
2025-10-09,192.22999572753906,195.3000030517578,191.05999755859375,192.57000732421875,192.1097412109375,182997200,0.0,0.0
2025-10-10,193.50999450683594,195.6199951171875,182.0500030517578,183.16000366210938,182.7222442626953,268774400,0.0,0.0
2025-10-13,187.97000122070312,190.11000061035156,185.9600067138672,188.32000732421875,187.86990356445312,153482800,0.0,0.0
2025-10-14,184.77000427246094,184.8000030517578,179.6999969482422,180.02999877929688,179.59971618652344,205641400,0.0,0.0
2025-10-15,184.8000030517578,184.8699951171875,177.2899932861328,179.8300018310547,179.40020751953125,214450500,0.0,0.0
2025-10-16,182.22999572753906,183.27999877929688,179.77000427246094,181.80999755859375,181.37547302246094,179723300,0.0,0.0
2025-10-17,180.17999267578125,184.10000610351562,179.75,183.22000122070312,182.7821044921875,173135200,0.0,0.0
2025-10-20,183.1300048828125,185.1999969482422,181.72999572753906,182.63999938964844,182.2034912109375,128544700,0.0,0.0
2025-10-21,182.7899932861328,182.7899932861328,179.8000030517578,181.16000366210938,180.72702026367188,124240200,0.0,0.0
2025-10-22,181.13999938964844,183.44000244140625,176.75999450683594,180.27999877929688,179.84912109375,162249600,0.0,0.0
2025-10-23,180.4199981689453,183.02999877929688,179.7899932861328,182.16000366210938,181.724609375,111363700,0.0,0.0
2025-10-24,183.83999633789062,187.47000122070312,183.5,186.25999450683594,185.81480407714844,131296700,0.0,0.0
2025-10-27,189.99000549316406,192.0,188.42999267578125,191.49000549316406,191.0323028564453,153452700,0.0,0.0
2025-10-28,193.0500030517578,203.14999389648438,191.91000366210938,201.02999877929688,200.54954528808594,297986200,0.0,0.0
2025-10-29,207.97999572753906,212.19000244140625,204.77999877929688,207.0399932861328,206.54515075683594,308829600,0.0,0.0
2025-10-30,205.14999389648438,206.16000366210938,201.41000366210938,202.88999938964844,202.4050750732422,178864400,0.0,0.0
2025-10-31,206.4499969482422,207.97000122070312,202.07000732421875,202.49000549316406,202.0060272216797,179802200,0.0,0.0
2025-11-03,208.0800018310547,211.33999633789062,205.55999755859375,206.8800048828125,206.3855438232422,180267300,0.0,0.0
2025-11-04,203.0,203.97000122070312,197.92999267578125,198.69000244140625,198.21511840820312,188919300,0.0,0.0
2025-11-05,198.77000427246094,202.9199981689453,194.64999389648438,195.2100067138672,194.74343872070312,171350300,0.0,0.0
2025-11-06,196.4199981689453,197.6199951171875,186.3800048828125,188.0800018310547,187.63047790527344,223029800,0.0,0.0
2025-11-07,184.89999389648438,188.32000732421875,178.91000366210938,188.14999389648438,187.70030212402344,264942300,0.0,0.0
2025-11-10,195.11000061035156,199.94000244140625,193.7899932861328,199.0500030517578,198.5742645263672,198897100,0.0,0.0
2025-11-11,195.16000366210938,195.4199981689453,191.3000030517578,193.16000366210938,192.6983184814453,176483300,0.0,0.0
2025-11-12,195.72000122070312,195.88999938964844,191.1300048828125,193.8000030517578,193.3367919921875,154935300,0.0,0.0
2025-11-13,191.0500030517578,191.44000244140625,183.85000610351562,186.86000061035156,186.41339111328125,207423100,0.0,0.0
2025-11-14,182.86000061035156,191.00999450683594,180.5800018310547,190.1699981689453,189.71546936035156,186591900,0.0,0.0
2025-11-17,185.97000122070312,189.0,184.32000732421875,186.60000610351562,186.15402221679688,173628900,0.0,0.0
2025-11-18,183.3800048828125,184.8000030517578,179.64999389648438,181.36000061035156,180.92652893066406,213598900,0.0,0.0
2025-11-19,184.7899932861328,187.86000061035156,182.8300018310547,186.52000427246094,186.07420349121094,247246400,0.0,0.0
2025-11-20,195.9499969482422,196.0,179.85000610351562,180.63999938964844,180.208251953125,343504800,0.0,0.0
2025-11-21,181.24000549316406,184.55999755859375,172.92999267578125,178.8800048828125,178.45245361328125,346926200,0.0,0.0
2025-11-24,179.49000549316406,183.5,176.47999572753906,182.5500030517578,182.1136932373047,256618300,0.0,0.0
2025-11-25,174.91000366210938,178.16000366210938,169.5500030517578,177.82000732421875,177.39500427246094,320600300,0.0,0.0
2025-11-26,181.6300048828125,182.91000366210938,178.24000549316406,180.25999450683594,179.8291473388672,183852000,0.0,0.0
2025-11-28,179.00999450683594,179.2899932861328,176.5,177.0,176.57696533203125,121332800,0.0,0.0
2025-12-01,174.75999450683594,180.3000030517578,173.67999267578125,179.9199981689453,179.48997497558594,188131000,0.0,0.0
2025-12-02,181.75999450683594,185.66000366210938,180.0,181.4600067138672,181.02630615234375,182632200,0.0,0.0
2025-12-03,181.0800018310547,182.4499969482422,179.11000061035156,179.58999633789062,179.1607666015625,165138000,0.0,0.0
2025-12-04,181.6199951171875,184.52000427246094,179.9600067138672,183.3800048828125,182.95188903808594,167364900,0.01,0.0
2025-12-05,183.88999938964844,184.66000366210938,180.91000366210938,182.41000366210938,181.98414611816406,143971100,0.0,0.0
2025-12-08,182.63999938964844,188.0,182.39999389648438,185.5500030517578,185.1168212890625,204378100,0.0,0.0
2025-12-09,185.55999755859375,185.72000122070312,183.32000732421875,184.97000122070312,184.53817749023438,144719700,0.0,0.0
2025-12-10,184.97000122070312,185.47999572753906,182.0399932861328,183.77999877929688,183.35096740722656,162785400,0.0,0.0
2025-12-11,180.27999877929688,181.32000732421875,176.6199951171875,180.92999267578125,180.50759887695312,182136600,0.0,0.0
2025-12-12,181.11000061035156,182.82000732421875,174.6199951171875,175.02000427246094,174.61141967773438,204274900,0.0,0.0
2025-12-15,177.94000244140625,178.4199981689453,175.02999877929688,176.2899932861328,175.87843322753906,164775600,0.0,0.0
2025-12-16,176.25999450683594,178.49000549316406,174.89999389648438,177.72000122070312,177.3050994873047,148588100,0.0,0.0
2025-12-17,176.10000610351562,176.1300048828125,170.30999755859375,170.94000244140625,170.54092407226562,222775500,0.0,0.0
2025-12-18,174.52999877929688,176.14999389648438,171.82000732421875,174.13999938964844,173.73345947265625,176096000,0.0,0.0
2025-12-19,176.6699981689453,181.4499969482422,176.33999633789062,180.99000549316406,180.56748962402344,324925900,0.0,0.0
2025-12-22,183.9199981689453,184.16000366210938,182.35000610351562,183.69000244140625,183.26116943359375,129064400,0.0,0.0
2025-12-23,182.97000122070312,189.3300018310547,182.89999389648438,189.2100067138672,188.76829528808594,174873600,0.0,0.0
2025-12-24,187.94000244140625,188.91000366210938,186.58999633789062,188.61000061035156,188.169677734375,65528500,0.0,0.0
2025-12-26,189.9199981689453,192.69000244140625,188.0,190.52999877929688,190.085205078125,139740300,0.0,0.0
2025-12-29,187.7100067138672,188.75999450683594,185.91000366210938,188.22000122070312,187.7805938720703,120006100,0.0,0.0
2025-12-30,188.24000549316406,188.99000549316406,186.92999267578125,187.5399932861328,187.1021728515625,97687300,0.0,0.0
2025-12-31,189.57000732421875,190.55999755859375,186.49000549316406,186.5,186.06460571289062,120100500,0.0,0.0
2026-01-02,189.83999633789062,192.92999267578125,188.25999450683594,188.85000610351562,188.4091339111328,148240500,0.0,0.0
2026-01-05,191.75999450683594,193.6300048828125,186.14999389648438,188.1199951171875,187.68081665039062,183529700,0.0,0.0
2026-01-06,190.52000427246094,192.1699981689453,186.82000732421875,187.24000549316406,186.80288696289062,176862600,0.0,0.0
2026-01-07,188.57000732421875,191.3699951171875,186.55999755859375,189.11000061035156,188.66851806640625,153543200,0.0,0.0
2026-01-08,189.11000061035156,189.5500030517578,183.7100067138672,185.0399932861328,184.60801696777344,172457000,0.0,0.0
2026-01-09,185.0800018310547,186.33999633789062,183.6699981689453,184.86000061035156,184.42843627929688,131327500,0.0,0.0
2026-01-12,183.22000122070312,187.1199951171875,183.02000427246094,184.94000244140625,184.5082550048828,137968500,0.0,0.0
2026-01-13,185.0,188.11000061035156,183.39999389648438,185.80999755859375,185.37620544433594,160128900,0.0,0.0
2026-01-14,184.32000732421875,184.4600067138672,180.8000030517578,183.13999938964844,182.71246337890625,159586100,0.0,0.0
2026-01-15,186.5,189.6999969482422,186.3300018310547,187.0500030517578,186.6133270263672,206188600,0.0,0.0
2026-01-16,189.0800018310547,190.44000244140625,186.0800018310547,186.22999572753906,185.7952423095703,187967200,0.0,0.0
2026-01-20,181.89999389648438,182.3800048828125,177.61000061035156,178.07000732421875,177.65431213378906,223345300,0.0,0.0
2026-01-21,179.0500030517578,185.3800048828125,178.39999389648438,183.32000732421875,182.89202880859375,200381000,0.0,0.0
2026-01-22,184.75,186.1699981689453,183.92999267578125,184.83999633789062,184.40847778320312,139636600,0.0,0.0
2026-01-23,187.5,189.60000610351562,186.82000732421875,187.6699981689453,187.23187255859375,142748100,0.0,0.0
2026-01-26,187.16000366210938,189.1199951171875,185.99000549316406,186.47000122070312,186.03468322753906,124799600,0.0,0.0
2026-01-27,187.24000549316406,190.0,185.6999969482422,188.52000427246094,188.07989501953125,143711600,0.0,0.0
2026-01-28,191.27000427246094,192.35000610351562,189.83999633789062,191.52000427246094,191.0728759765625,148552700,0.0,0.0
2026-01-29,191.33999633789062,193.47999572753906,186.05999755859375,192.50999450683594,192.06057739257812,171764400,0.0,0.0
2026-01-30,191.2100067138672,194.49000549316406,189.47000122070312,191.1300048828125,190.68380737304688,179489500,0.0,0.0
2026-02-02,187.1999969482422,190.3000030517578,184.8800048828125,185.61000061035156,185.1766815185547,165794100,0.0,0.0
2026-02-03,186.24000549316406,186.27000427246094,176.22999572753906,180.33999633789062,179.91897583007812,204019600,0.0,0.0
2026-02-04,179.4600067138672,179.5800018310547,171.91000366210938,174.19000244140625,173.78335571289062,207014100,0.0,0.0
2026-02-05,174.92999267578125,176.82000732421875,171.02999877929688,171.8800048828125,171.47874450683594,206312900,0.0,0.0
2026-02-06,176.69000244140625,187.0,174.60000610351562,185.41000366210938,184.9771728515625,231346200,0.0,0.0
2026-02-09,184.25999450683594,193.66000366210938,183.9499969482422,190.0399932861328,189.59632873535156,196387400,0.0,0.0
2026-02-10,191.3800048828125,192.47999572753906,188.1199951171875,188.5399932861328,188.099853515625,136764800,0.0,0.0
2026-02-11,192.4499969482422,193.25999450683594,188.77000427246094,190.0500030517578,189.6063232421875,144192700,0.0,0.0
2026-02-12,193.02999877929688,193.61000061035156,186.50999450683594,186.94000244140625,186.5035858154297,189932500,0.0,0.0
2026-02-13,187.47999572753906,187.5,181.58999633789062,182.80999755859375,182.3832244873047,161888000,0.0,0.0
2026-02-17,181.75,187.14999389648438,179.17999267578125,184.97000122070312,184.53817749023438,162276900,0.0,0.0
2026-02-18,188.75,190.3699951171875,186.75999450683594,187.97999572753906,187.5411376953125,164749100,0.0,0.0
2026-02-19,187.05999755859375,188.42999267578125,185.66000366210938,187.89999389648438,187.46133422851562,126554500,0.0,0.0
2026-02-20,186.57000732421875,190.3300018310547,185.94000244140625,189.82000732421875,189.37686157226562,178422300,0.0,0.0
2026-02-23,191.39999389648438,193.9499969482422,189.5800018310547,191.5500030517578,191.10281372070312,171584800,0.0,0.0
2026-02-24,191.49000549316406,193.77000427246094,187.39999389648438,192.85000610351562,192.39979553222656,175123600,0.0,0.0
2026-02-25,194.4499969482422,197.6300048828125,193.7899932861328,195.55999755859375,195.10345458984375,250637100,0.0,0.0
2026-02-26,194.27000427246094,194.2899932861328,184.32000732421875,184.88999938964844,184.4583740234375,360807900,0.0,0.0
2026-02-27,181.25,182.58999633789062,176.3800048828125,177.19000244140625,176.77635192871094,311636500,0.0,0.0
2026-03-02,175.00999450683594,183.4600067138672,174.63999938964844,182.47999572753906,182.05398559570312,209095300,0.0,0.0
2026-03-03,178.49000549316406,180.89999389648438,176.9199981689453,180.0500030517578,179.62966918945312,178099400,0.0,0.0
2026-03-04,180.44000244140625,184.6999969482422,180.05999755859375,183.0399932861328,182.6126708984375,177731200,0.0,0.0
2026-03-05,181.1699981689453,184.05999755859375,177.8800048828125,183.33999633789062,182.91197204589844,198779700,0.0,0.0
2026-03-06,179.83999633789062,182.75999450683594,176.82000732421875,177.82000732421875,177.40489196777344,189021900,0.0,0.0
2026-03-09,176.8300018310547,182.91000366210938,175.55999755859375,182.64999389648438,182.2235870361328,177213600,0.0,0.0
2026-03-10,182.39999389648438,186.44000244140625,182.00999450683594,184.77000427246094,184.33863830566406,179118500,0.0,0.0
2026-03-11,185.91000366210938,187.6199951171875,184.4499969482422,186.02999877929688,185.60574340820312,145280400,0.01,0.0
2026-03-12,184.0500030517578,184.94000244140625,181.75,183.13999938964844,182.72235107421875,155762700,0.0,0.0
2026-03-13,184.9199981689453,186.08999633789062,179.94000244140625,180.25,179.83892822265625,160988400,0.0,0.0
2026-03-16,182.97000122070312,188.8800048828125,181.41000366210938,183.22000122070312,182.8021697998047,217307400,0.0,0.0
2026-03-17,185.05999755859375,185.39999389648438,181.67999267578125,181.92999267578125,181.5150909423828,182497800,0.0,0.0
2026-03-18,182.47999572753906,183.3800048828125,180.3300018310547,180.39999389648438,179.98858642578125,156683100,0.0,0.0
2026-03-19,178.00999450683594,179.97999572753906,175.7899932861328,178.55999755859375,178.1527862548828,170968500,0.0,0.0
2026-03-20,178.0,178.25999450683594,171.72000122070312,172.6999969482422,172.30613708496094,241323500,0.0,0.0
2026-03-23,177.25999450683594,178.3699951171875,174.75999450683594,175.63999938964844,175.23944091796875,182836300,0.0,0.0
2026-03-24,174.8300018310547,176.22000122070312,173.97999572753906,175.1999969482422,174.80044555664062,147667800,0.0,0.0
2026-03-25,177.10000610351562,181.22000122070312,176.85000610351562,178.67999267578125,178.2725067138672,162602100,0.0,0.0
2026-03-26,176.07000732421875,176.50999450683594,171.13999938964844,171.24000549316406,170.8494873046875,186152200,0.0,0.0
2026-03-27,170.0,170.97000122070312,167.00999450683594,167.52000427246094,167.13795471191406,196212700,0.0,0.0
2026-03-30,168.77999877929688,169.4499969482422,164.27000427246094,165.1699981689453,164.79331970214844,185627000,0.0,0.0
2026-03-31,166.97000122070312,174.6199951171875,166.9600067138672,174.39999389648438,174.0022735595703,226181300,0.0,0.0
2026-04-01,176.0,177.3699951171875,174.75,175.75,175.3491973876953,168132000,0.0,0.0
2026-04-02,172.17999267578125,177.49000549316406,171.3699951171875,177.38999938964844,176.98544311523438,143143200,0.0,0.0
2026-04-06,177.16000366210938,177.7899932861328,175.75999450683594,177.63999938964844,177.23487854003906,107564300,0.0,0.0
2026-04-07,175.72999572753906,178.22999572753906,173.66000366210938,178.10000610351562,177.69383239746094,132534900,0.0,0.0
2026-04-08,184.5,185.25999450683594,180.3000030517578,182.0800018310547,181.66476440429688,147732700,0.0,0.0
2026-04-09,181.83999633789062,184.0800018310547,180.6199951171875,183.91000366210938,183.49058532714844,116428500,0.0,0.0
2026-04-10,184.30999755859375,190.0,184.3000030517578,188.6300048828125,188.1998291015625,160459500,0.0,0.0
2026-04-13,186.02999877929688,189.66000366210938,185.74000549316406,189.30999755859375,188.87826538085938,133648200,0.0,0.0
2026-04-14,190.83999633789062,196.50999450683594,190.77000427246094,196.50999450683594,196.0618438720703,161307000,0.0,0.0
2026-04-15,196.5399932861328,200.39999389648438,195.74000549316406,198.8699951171875,198.41647338867188,185338400,0.0,0.0
2026-04-16,197.42999267578125,199.85000610351562,195.80999755859375,198.35000610351562,197.8976593017578,134012900,0.0,0.0
2026-04-17,199.89999389648438,201.6999969482422,199.27000427246094,201.67999267578125,201.2200469970703,160324400,0.0,0.0
2026-04-20,199.97999572753906,202.1699981689453,197.83999633789062,202.05999755859375,201.59918212890625,119381400,0.0,0.0
2026-04-21,202.1300048828125,202.75,199.0,199.8800048828125,199.42417907714844,107945300,0.0,0.0
2026-04-22,200.99000549316406,202.5,199.0,202.5,202.03819274902344,107501000,0.0,0.0
2026-04-23,202.4600067138672,203.8300018310547,197.22000122070312,199.63999938964844,199.18470764160156,113561800,0.0,0.0
2026-04-24,199.9600067138672,210.9499969482422,199.80999755859375,208.27000427246094,207.79502868652344,214134400,0.0,0.0
2026-04-27,209.64999389648438,216.8300018310547,207.3800048828125,216.61000061035156,216.1160125732422,187172400,0.0,0.0
2026-04-28,209.49000549316406,214.72999572753906,208.1999969482422,213.1699981689453,212.68385314941406,180275400,0.0,0.0
2026-04-29,212.6999969482422,212.72000122070312,207.5800018310547,209.25,208.77279663085938,123711800,0.0,0.0
2026-04-30,209.92999267578125,210.3000030517578,198.6999969482422,199.57000732421875,199.11488342285156,225239200,0.0,0.0
2026-05-01,201.27999877929688,203.0,197.1199951171875,198.4499969482422,197.99742126464844,128647000,0.0,0.0
2026-05-04,199.5,201.72999572753906,194.74000549316406,198.47999572753906,198.02734375,125368100,0.0,0.0
2026-05-05,199.3000030517578,200.24000549316406,196.02999877929688,196.5,196.05186462402344,113406600,0.0,0.0
2026-05-06,199.88999938964844,208.27000427246094,198.61000061035156,207.8300018310547,207.3560333251953,188362800,0.0,0.0
2026-05-07,208.33999633789062,214.1999969482422,206.5,211.5,211.01766967773438,168307900,0.0,0.0
2026-05-08,213.02999877929688,217.8000030517578,212.88999938964844,215.1999969482422,214.709228515625,136421400,0.0,0.0
2026-05-11,214.0399932861328,222.3000030517578,213.88999938964844,219.44000244140625,218.93955993652344,160685800,0.0,0.0
2026-05-12,218.5500030517578,223.75,214.9199981689453,220.77999877929688,220.27650451660156,159176600,0.0,0.0
2026-05-13,224.92999267578125,227.83999633789062,221.57000732421875,225.8300018310547,225.3149871826172,150405400,0.0,0.0
2026-05-14,229.85000610351562,236.5399932861328,229.3000030517578,235.74000549316406,235.202392578125,180782900,0.0,0.0
2026-05-15,229.75999450683594,231.5,224.24000549316406,225.32000732421875,224.80616760253906,180977600,0.0,0.0
2026-05-18,229.8699951171875,230.0,218.3699951171875,222.32000732421875,221.81300354003906,146280900,0.0,0.0
2026-05-19,219.6199951171875,224.47999572753906,217.91000366210938,220.61000061035156,220.1068878173828,140948200,0.0,0.0
2026-05-20,223.17999267578125,226.1300048828125,220.5,223.47000122070312,222.9603729248047,184201600,0.0,0.0
2026-05-21,222.2899932861328,227.39999389648438,217.92999267578125,219.50999450683594,219.0093994140625,203381800,0.0,0.0
2026-05-22,220.89999389648438,221.00999450683594,214.8000030517578,215.3300018310547,214.83892822265625,169275700,0.0,0.0
2026-05-26,216.5399932861328,218.17999267578125,212.0,214.86000061035156,214.37001037597656,187202600,0.0,0.0
2026-05-27,214.1199951171875,214.14999389648438,208.77999877929688,212.60000610351562,212.1151580810547,167601200,0.0,0.0
2026-05-28,211.27999877929688,215.52000427246094,211.22000122070312,214.25,213.76138305664062,143996000,0.0,0.0
2026-05-29,214.5800018310547,217.86000061035156,211.1300048828125,211.13999938964844,210.6584930419922,289410600,0.0,0.0
2026-06-01,215.72999572753906,224.8699951171875,215.6999969482422,224.36000061035156,223.8483428955078,212850700,0.0,0.0
2026-06-02,227.17999267578125,232.27999877929688,221.35000610351562,222.82000732421875,222.3118438720703,193362900,0.0,0.0
2026-06-03,221.72000122070312,222.82000732421875,214.50999450683594,214.75,214.26025390625,160907000,0.0,0.0
2026-06-04,213.91000366210938,221.60000610351562,210.97000122070312,218.66000366210938,218.4156036376953,169022200,0.25,0.0
2026-06-05,214.52999877929688,214.8699951171875,204.3300018310547,205.10000610351562,204.87075805664062,219655500,0.0,0.0
2026-06-08,210.17999267578125,210.47000122070312,206.0,208.63999938964844,208.40679931640625,138372800,0.0,0.0
2026-06-09,210.6199951171875,211.39999389648438,199.33999633789062,208.19000244140625,207.95730590820312,180962500,0.0,0.0
2026-06-10,204.42999267578125,207.22000122070312,199.9199981689453,200.4199981689453,200.19598388671875,161746600,0.0,0.0
2026-06-11,201.49000549316406,205.66000366210938,199.5399932861328,204.8699951171875,204.64100646972656,158643200,0.0,0.0
2026-06-12,204.86000061035156,207.07000732421875,203.44000244140625,205.19000244140625,204.96066284179688,112001800,0.0,0.0
2026-06-15,208.9199981689453,212.7100067138672,208.33999633789062,212.4499969482422,212.21253967285156,149936700,0.0,0.0
2026-06-16,211.17999267578125,211.49000549316406,207.2899932861328,207.41000366210938,207.1781768798828,125694100,0.0,0.0
2026-06-17,208.52999877929688,209.2100067138672,203.0800018310547,204.64999389648438,204.42124938964844,128363500,0.0,0.0
2026-06-18,207.3300018310547,211.38999938964844,206.5,210.69000244140625,210.4545135498047,241272000,0.0,0.0
2026-06-22,211.44000244140625,213.99000549316406,207.72000122070312,208.64999389648438,208.41677856445312,122041400,0.0,0.0
2026-06-23,202.1699981689453,203.77000427246094,200.0,200.0399932861328,199.81640625,153496200,0.0,0.0
2026-06-24,200.1199951171875,201.6699981689453,196.5800018310547,199.0,198.77757263183594,151810700,0.0,0.0
2026-06-25,200.0800018310547,200.8000030517578,192.1300048828125,195.74000549316406,195.52122497558594,149550000,0.0,0.0
2026-06-26,193.1199951171875,195.5500030517578,191.22000122070312,192.52999877929688,192.31480407714844,179304100,0.0,0.0
2026-06-29,193.85000610351562,196.17999267578125,189.8000030517578,194.97000122070312,194.7520751953125,148835700,0.0,0.0
2026-06-30,197.24000549316406,200.6300048828125,195.11000061035156,200.08999633789062,199.86634826660156,166476700,0.0,0.0
2026-07-01,196.1999969482422,199.85000610351562,193.4499969482422,197.5800018310547,197.35916137695312,146147600,0.0,0.0
2026-07-02,197.13999938964844,200.05999755859375,192.35000610351562,194.8300018310547,194.61224365234375,142068700,0.0,0.0
2026-07-06,194.4199981689453,197.5500030517578,193.99000549316406,195.5500030517578,195.33143615722656,108999000,0.0,0.0
2026-07-07,192.3699951171875,198.41000366210938,191.13999938964844,196.92999267578125,196.7098846435547,124154600,0.0,0.0
2026-07-08,195.17999267578125,205.16000366210938,195.05999755859375,204.1199951171875,203.891845703125,147419100,0.0,0.0
2026-07-09,204.4600067138672,204.58999633789062,198.9600067138672,202.77999877929688,202.5533447265625,132037400,0.0,0.0
2026-07-10,202.0,211.0,201.9199981689453,210.9600067138672,210.72421264648438,148421000,0.0,0.0
2026-07-13,208.5399932861328,210.57000732421875,203.0,203.52999877929688,203.30250549316406,121411000,0.0,0.0
2026-07-14,208.1999969482422,212.5500030517578,203.8000030517578,211.8000030517578,211.5632781982422,124379600,0.0,0.0
2026-07-15,211.9600067138672,213.80999755859375,206.0399932861328,212.5,212.26248168945312,124797200,0.0,0.0
2026-07-16,210.1699981689453,211.0800018310547,205.85000610351562,207.39999389648438,207.16818237304688,122986100,0.0,0.0
2026-07-17,202.63999938964844,206.64999389648438,197.97000122070312,202.80999755859375,202.58331298828125,144281900,0.0,0.0
2026-07-20,205.8699951171875,207.74000549316406,202.27999877929688,203.27999877929688,203.05279541015625,88701500,0.0,0.0
2026-07-21,207.5399932861328,208.64999389648438,204.00999450683594,207.2899932861328,207.0583038330078,108685600,0.0,0.0
2026-07-22,205.80999755859375,214.38999938964844,204.9499969482422,212.05999755859375,211.82298278808594,137645600,0.0,0.0
2026-07-23,209.4600067138672,210.8699951171875,205.9600067138672,208.75999450683594,208.5266571044922,110505300,0.0,0.0
2026-07-24,207.4499969482422,211.91000366210938,204.80999755859375,206.83999633789062,206.6088104248047,114836800,0.0,0.0
2026-07-27,208.1999969482422,208.75,195.44000244140625,196.50999450683594,196.2903594970703,154353700,0.0,0.0
2026-07-28,195.0,198.6999969482422,192.74000549316406,197.00999450683594,196.789794921875,134111500,0.0,0.0
2026-07-29,195.85000610351562,197.07000732421875,190.00999450683594,190.00999450683594,189.79762268066406,147680800,0.0,0.0
2026-07-30,193.4499969482422,197.25,191.52000427246094,195.0399932861328,194.82199096679688,129010200,0.0,0.0
2026-07-31,198.44000244140625,202.0,194.9499969482422,200.75,200.52561950683594,139961200,0.0,0.0
2026-08-03,197.69000244140625,208.74000549316406,196.85000610351562,206.63999938964844,206.40904235839844,128406900,0.0,0.0
2026-08-04,211.3000030517578,213.05999755859375,209.0500030517578,211.94000244140625,211.70310974121094,134922000,0.0,0.0
2026-08-05,216.86000061035156,222.22000122070312,216.39999389648438,219.22000122070312,218.9749755859375,158187400,0.0,0.0
2026-08-06,221.52999877929688,223.6300048828125,217.0,218.99000549316406,218.7452392578125,113940600,0.0,0.0
2026-08-07,221.5399932861328,224.75999450683594,220.66000366210938,223.9600067138672,223.70968627929688,105669400,0.0,0.0
2026-08-10,223.39999389648438,224.13999938964844,216.77000427246094,217.5500030517578,217.3068389892578,115846600,0.0,0.0
2026-08-11,222.1699981689453,222.1999969482422,216.1999969482422,217.5,217.25689697265625,101273100,0.0,0.0
2026-08-12,221.0399932861328,225.10000610351562,220.1999969482422,224.08999633789062,223.8395233154297,108783600,0.0,0.0
2026-08-13,225.05999755859375,227.22999572753906,223.7100067138672,225.3000030517578,225.04818725585938,98867200,0.0,0.0
2026-08-14,226.77000427246094,227.49000549316406,224.5,225.16000366210938,224.90834045410156,75680900,0.0,0.0
2026-08-17,225.97999572753906,227.9199981689453,224.86000061035156,225.00999450683594,224.7584991455078,93678700,0.0,0.0
2026-08-18,220.4499969482422,221.63999938964844,218.69000244140625,219.74000549316406,219.49440002441406,103128200,0.0,0.0
2026-08-19,221.6699981689453,222.8699951171875,216.75999450683594,217.55999755859375,217.31683349609375,96797300,0.0,0.0
2026-08-20,218.36000061035156,219.86000061035156,215.66000366210938,216.85000610351562,216.60763549804688,92457000,0.0,0.0
2026-08-21,218.4199981689453,218.74000549316406,214.5,214.72000122070312,214.48001098632812,98869300,0.0,0.0
2026-08-24,215.52999877929688,215.58999633789062,207.25,208.47999572753906,208.24697875976562,135187300,0.0,0.0
2026-08-25,211.02999877929688,214.72999572753906,210.11000061035156,213.0500030517578,212.81187438964844,122309000,0.0,0.0
2026-08-26,212.63999938964844,213.60000610351562,209.22999572753906,209.66000366210938,209.4256591796875,179900000,0.0,0.0
2026-08-27,222.86000061035156,230.47000122070312,220.89999389648438,227.97999572753906,227.7251739501953,298909800,0.0,0.0
2026-08-28,227.36000061035156,229.25999450683594,216.80999755859375,217.5500030517578,217.3068389892578,195116400,0.0,0.0
2026-08-31,218.8699951171875,221.3000030517578,216.2100067138672,220.77999877929688,220.53323364257812,124702700,0.0,0.0
2026-09-01,216.75,220.41000366210938,215.10000610351562,217.44000244140625,217.1969757080078,109756200,0.0,0.0
2026-09-02,218.7899932861328,227.9499969482422,218.47999572753906,224.41000366210938,224.1591796875,157104700,0.0,0.0
2026-09-03,226.02000427246094,230.39999389648438,224.75,228.4499969482422,228.1946563720703,134681600,0.0,0.0
2026-09-04,231.08999633789062,234.75999450683594,229.6300048828125,230.36000061035156,230.10252380371094,135352400,0.0,0.0
2026-09-08,233.11000061035156,233.7100067138672,224.85000610351562,225.72999572753906,225.47769165039062,122965600,0.0,0.0
2026-09-09,225.27999877929688,226.17999267578125,223.4600067138672,223.6699981689453,223.4199981689453,82955500,0.0,0.0
2026-09-10,220.52999877929688,220.99000549316406,217.1999969482422,218.36000061035156,218.36000061035156,105768000,0.25,0.0
2026-09-11,221.24000549316406,222.0,218.14999389648438,218.2899932861328,218.2899932861328,89060100,0.0,0.0
2026-09-14,211.24000549316406,212.77000427246094,208.92999267578125,210.9600067138672,210.9600067138672,132267200,0.0,0.0
2026-09-15,213.3800048828125,213.94000244140625,211.16000366210938,212.1699981689453,212.1699981689453,88059700,0.0,0.0
2026-09-16,214.13999938964844,216.75999450683594,212.5,213.89999389648438,213.89999389648438,96563600,0.0,0.0
2026-09-17,218.3800048828125,219.91000366210938,217.14999389648438,219.33999633789062,219.33999633789062,94191300,0.0,0.0
2026-09-18,219.35000610351562,222.72999572753906,218.02999877929688,222.27000427246094,222.27000427246094,189683500,0.0,0.0
